BKCLASS,CB,CERT,CITY,EDEPDOM,EDEPFOR,EFFDATE,EFREPP,EINTEXP,ELNATR,EOTHINT,ESTYMD,FDICDBS,FDICSUPV,FED,FLDOFF,ID,INSAGNT1,INSDATE,MUTUAL,NAMEFULL,NAMEHCR,NIM,OCCDIST,OFFDOM,OFFOA,PARCERT,REGAGNT,REPDTE,RSSDHCR,SPECGRP,STALP,SUBCHAPS,TRUST,ZIP
NM,1.0,10004,MARKESAN,3540.0,0.0,2023-03-22,40.0,3864.0,146.0,284.0,1910-01-20,9,9,7,MADISON,10004_20250930,DIF,1934-01-01,0,ERGO BANK,FS BANCSHARES INC,7005.0,3,6,0,0,FDIC,2025-09-30,1249691.0,2,WI,0,0,53946
NM,1.0,10011,MONROE,5000.0,0.0,2022-08-31,324.0,6641.0,300.0,1317.0,1915-01-01,9,9,7,MADISON,10011_20250930,DIF,1934-01-01,0,WOODFORD STATE BANK,WOODFORD BANCSHARES INC,12318.0,3,6,0,0,FDIC,2025-09-30,2961347.0,4,WI,1,0,53566
NM,1.0,10012,ALMOND,1975.0,0.0,2022-08-31,0.0,2179.0,15.0,204.0,1901-01-01,9,9,7,APPLETON,10012_20250930,DIF,1934-01-01,0,THE PORTAGE COUNTY BANK,PORTAGE COUNTY BANCSHARES INC,5674.0,3,4,0,0,FDIC,2025-09-30,1141133.0,4,WI,1,0,54909
NM,1.0,10015,NEW AUBURN,4371.0,0.0,2022-08-31,0.0,4616.0,180.0,245.0,1907-08-28,9,9,9,EAU CLAIRE,10015_20250930,DIF,1934-01-01,0,SECURITY BANK,SECURITY BANK SHARES INC,6376.0,3,4,0,0,FDIC,2025-09-30,1128497.0,4,WI,0,0,54757
N,1.0,10044,FOND DU LAC,34852.0,0.0,2022-08-31,444.0,35592.0,4400.0,296.0,1933-12-20,9,9,7,APPLETON,10044_20250930,DIF,1934-01-01,0,NATIONAL EXCHANGE BANK AND TRUST,NEB CORP,76871.0,3,34,0,0,OCC,2025-09-30,1202052.0,4,WI,0,1,54935
NM,1.0,10055,WAYCROSS,2813.0,0.0,2022-08-31,0.0,2813.0,150.0,0.0,1907-06-19,5,5,6,ALBANY GA,10055_20250930,DIF,1934-01-01,0,FIRST SOUTHERN BANK,FSBH CORP,10377.0,5,7,0,0,FDIC,2025-09-30,5685653.0,4,GA,0,0,31501
NM,1.0,10057,SPARTA,660.0,0.0,2022-08-31,0.0,660.0,0.0,0.0,1904-09-01,5,5,6,ATLANTA,10057_20250930,DIF,1934-01-01,0,BANK OF HANCOCK COUNTY,Unknown,2053.0,5,1,0,0,FDIC,2025-09-30,0.0,7,GA,0,0,31087
SM,1.0,1005,MOUNT PLEASANT,23218.0,0.0,2022-10-09,1096.0,24494.0,-997.0,180.0,1903-07-01,9,9,7,DETROIT,1005_20250930,DIF,1934-01-01,0,ISABELLA BANK,ISABELLA BANK CORP,46353.0,3,31,0,0,FED,2025-09-30,1401118.0,4,MI,0,1,48858
NM,1.0,10072,CAMILLA,1580.0,0.0,2022-08-31,1.0,1913.0,100.0,332.0,1913-05-24,5,5,6,ALBANY GA,10072_20250930,DIF,1934-01-01,0,PLANTERS AND CITIZENS BANK,P&C BANK SHARES INC,3727.0,5,1,0,0,FDIC,2025-09-30,1081529.0,2,GA,0,0,31730
NM,1.0,10074,IRWINTON,531.0,0.0,2022-07-19,0.0,531.0,48.0,0.0,1907-07-16,5,5,6,ATLANTA,10074_20250930,DIF,1934-01-01,0,APEX BANKING COMPANY OF GEORGIA,Unknown,2176.0,5,2,0,0,FDIC,2025-09-30,0.0,8,GA,0,0,31042
NM,1.0,10075,COLFAX,329.0,0.0,2022-08-31,2.0,331.0,0.0,0.0,1892-06-01,9,9,7,CHAMPAIGN,10075_20250930,DIF,1934-01-01,0,PEOPLES STATE BANK OF COLFAX,PEOPLES FINANCIAL CORP,1249.0,3,1,0,0,FDIC,2025-09-30,2128896.0,2,IL,0,0,61728
NM,1.0,10077,EMDEN,158.0,0.0,2022-08-31,0.0,158.0,11.0,0.0,1891-05-25,9,9,7,SPRINGFIELD IL,10077_20250930,DIF,1934-01-01,0,FARMERS STATE BANK OF EMDEN,Unknown,961.0,3,1,0,0,FDIC,2025-09-30,0.0,2,IL,0,1,62635
SM,1.0,1008,BROOKLYN,1443.0,0.0,2022-08-31,0.0,1593.0,-1083.0,150.0,1907-10-01,9,9,7,DETROIT,1008_20250930,DIF,1934-01-01,0,BANK MICHIGAN,BANK MICHIGAN FINANCIAL CORP,4540.0,3,3,0,0,FED,2025-09-30,5620971.0,4,MI,0,0,49230
NM,1.0,10101,NAPOLEON,6172.0,0.0,2022-08-31,0.0,6172.0,554.0,0.0,1903-12-09,9,9,7,INDIANAPOLIS,10101_20250930,DIF,1934-01-01,0,THE NAPOLEON STATE BANK,NAPOLEON BCORP,14963.0,3,7,0,0,FDIC,2025-09-30,1210525.0,2,IN,0,1,47034
NM,1.0,10111,CASCADE,6898.0,0.0,2024-06-30,65.0,7285.0,380.0,322.0,1903-02-28,11,11,7,CEDAR RAPIDS,10111_20250930,DIF,1934-01-01,0,OHNWARD BANK & TRUST,OHNWARD BANCSHARES INC,12177.0,4,6,0,0,FDIC,2025-09-30,1200311.0,2,IA,0,1,52033
NM,1.0,10118,PELLA,4042.0,0.0,2024-06-30,0.0,4330.0,225.0,288.0,1911-07-14,11,11,7,DES MOINES,10118_20250930,DIF,1934-01-01,0,LEIGHTON STATE BANK,LEIGHTON INVESTMENT CO,6471.0,4,4,0,0,FDIC,2025-09-30,1137172.0,2,IA,1,0,50219
NM,1.0,10120,LOWDEN,290.0,0.0,2024-06-30,0.0,290.0,0.0,0.0,1913-10-01,11,11,7,CEDAR RAPIDS,10120_20250930,DIF,1934-01-01,0,AMERICAN TRUST AND SAVINGS BANK,LOWDEN BANCSHARES INC,462.0,4,1,0,0,FDIC,2025-09-30,1140846.0,2,IA,0,1,52255
NM,1.0,10121,DURANT,1744.0,0.0,2024-06-30,0.0,1744.0,0.0,0.0,1905-01-01,11,11,7,CEDAR RAPIDS,10121_20250930,DIF,1934-01-01,0,LIBERTY TRUST & SAVINGS BANK,LIBERTY BCORP,4257.0,4,3,0,0,FDIC,2025-09-30,1204784.0,2,IA,0,1,52747
NM,1.0,10122,TRAER,2275.0,0.0,2024-06-30,8.0,2283.0,40.0,0.0,1915-01-01,11,11,7,DES MOINES,10122_20250930,DIF,1934-01-01,0,FARMERS SAVINGS BANK & TRUST,TALEN INC,4751.0,4,2,0,0,FDIC,2025-09-30,1202333.0,2,IA,1,1,50675
NM,1.0,10125,ANAMOSA,1701.0,0.0,2024-06-30,8.0,1709.0,10.0,0.0,1906-11-08,11,9,7,CEDAR RAPIDS,10125_20250930,DIF,1934-01-01,0,CITIZENS SAVINGS BANK,FIRST CMTY BANCSHARES CORP,3187.0,4,2,0,0,FDIC,2025-09-30,1990096.0,2,IA,1,1,52205
NM,1.0,10127,BLOOMFIELD,3441.0,0.0,2024-06-30,0.0,3527.0,-51.0,86.0,1900-01-01,11,11,7,DES MOINES,10127_20250930,DIF,1934-01-01,0,SUCCESS BANK,GARRETT BANCSHARES LTD,7491.0,4,3,0,0,FDIC,2025-09-30,1205044.0,2,IA,1,1,52537
NM,1.0,10132,AMES,1442.0,0.0,2024-06-30,15.0,1825.0,0.0,368.0,1902-01-01,11,11,7,DES MOINES,10132_20250930,DIF,1934-01-01,0,EXCHANGE STATE BANK,MID AMERICA BANKS INC,3739.0,4,3,0,0,FDIC,2025-09-30,1247905.0,2,IA,1,1,50010
NM,1.0,10137,GRAYSON,1647.0,0.0,2022-08-31,0.0,1647.0,187.0,0.0,1891-01-01,9,9,4,LEXINGTON,10137_20250930,DIF,1934-01-01,0,THE COMMERCIAL BANK OF GRAYSON,COMMERCIAL GRAYSON BANCSHARES,6642.0,3,3,0,0,FDIC,2025-09-30,1071810.0,4,KY,0,0,41143
NM,1.0,10145,MUNFORDVILLE,47.0,0.0,2023-11-06,0.0,47.0,1.0,0.0,1890-02-20,9,9,8,LOUISVILLE,10145_20250930,DIF,1934-01-01,0,HART COUNTY BANK AND TRUST COMPANY,HART BANCSHARES INC,777.0,3,1,0,0,FDIC,2025-09-30,1118836.0,4,KY,0,1,42765
SM,0.0,1014,SPARTA,39842.0,0.0,2025-03-15,0.0,46221.0,14013.0,6379.0,1898-01-01,9,9,7,DETROIT,1014_20250930,DIF,1934-01-01,0,CHOICEONE BANK,CHOICEONE FINL SERVICES INC,102342.0,3,51,0,0,FED,2025-09-30,1139297.0,4,MI,0,0,49345
NM,1.0,10157,SHELBY,2594.0,0.0,2022-10-09,37.0,2805.0,265.0,174.0,1910-03-02,9,9,7,DETROIT,10157_20250930,DIF,1934-01-01,0,THE SHELBY STATE BANK,SHELBY FINANCIAL CORP,9143.0,3,10,0,0,FDIC,2025-09-30,1493001.0,4,MI,0,0,49455
NM,1.0,10159,BAYPORT,4878.0,0.0,2022-08-31,9.0,4961.0,304.0,74.0,1914-01-01,11,11,9,MINNEAPOLIS,10159_20250930,DIF,1934-01-01,0,FIRST STATE BANK AND TRUST,UNIVERSAL FINL SERVICES INC,11040.0,3,4,0,0,FDIC,2025-09-30,2387152.0,4,MN,1,1,55003
N,1.0,10160,HOLDINGFORD,1976.0,0.0,2024-08-30,0.0,2087.0,59.0,111.0,1910-10-10,11,11,9,MINNEAPOLIS,10160_20250930,DIF,1934-01-01,0,VERSABANK USA NATIONAL ASSOCIATION,GBH INC,6856.0,3,1,0,0,OCC,2025-09-30,5809673.0,4,MN,0,0,56340
NM,1.0,10162,LE ROY,825.0,0.0,2024-06-30,9.0,880.0,10.0,46.0,1893-06-01,11,11,9,MINNEAPOLIS,10162_20250930,DIF,1934-01-04,0,FIRST STATE BANK MINNESOTA,FIRST LEROY BCORP INC,2989.0,3,2,0,0,FDIC,2025-09-30,1128899.0,2,MN,1,0,55951
NM,1.0,10163,MARINE ON ST. CR,2293.0,0.0,2022-08-31,0.0,2293.0,135.0,0.0,1919-05-12,11,11,9,MINNEAPOLIS,10163_20250930,DIF,1934-01-01,0,SECURITY STATE BANK OF MARINE,MARINE BANCSHARES INC,7059.0,3,4,0,0,FDIC,2025-09-30,2734028.0,4,MN,1,0,55047
NM,1.0,10165,PIERZ,3596.0,0.0,2022-08-31,0.0,3635.0,-100.0,39.0,1908-01-01,11,11,9,MINNEAPOLIS,10165_20250930,DIF,1934-01-01,0,FARMERS AND MERCHANTS STATE BANK OF PIERZ,FARMERS&MERCHANTS AGENCY INC,10316.0,3,3,0,0,FDIC,2025-09-30,1123791.0,2,MN,1,0,56364
NM,1.0,10167,ROSEAU,3335.0,0.0,2024-06-30,1.0,3376.0,307.0,40.0,1905-05-03,11,11,9,FARGO,10167_20250930,DIF,1934-01-01,0,CITIZENS STATE BANK OF ROSEAU,ROSEAU REALTY CO INC,6554.0,3,1,0,0,FDIC,2025-09-30,2613589.0,8,MN,1,0,56751
NM,1.0,10168,CANNON FALLS,4164.0,0.0,2024-06-30,4.0,4168.0,45.0,0.0,1915-06-21,11,11,9,MINNEAPOLIS,10168_20250930,DIF,1934-01-01,0,FIRST FARMERS & MERCHANTS BANK,215 HOLDING CO,12879.0,3,7,0,0,FDIC,2025-09-30,1247576.0,2,MN,0,0,55009
NM,1.0,10169,BECKER,3498.0,0.0,2013-01-25,0.0,4259.0,360.0,761.0,1920-09-07,11,11,9,MINNEAPOLIS,10169_20250930,DIF,1934-01-01,0,SHERBURNE STATE BANK,SAINT JOSEPH BANCSHARES ACQUISITIONS,9937.0,3,3,0,0,FDIC,2025-09-30,3348011.0,4,MN,0,0,55308
NM,1.0,10174,UNDERWOOD,1510.0,0.0,2024-06-30,9.0,1547.0,30.0,28.0,1915-12-01,11,11,9,FARGO,10174_20250930,DIF,1934-01-01,0,FARMERS STATE BANK OF UNDERWOOD,UNDERWOOD BANCSHARES INC,3607.0,3,4,0,0,FDIC,2025-09-30,1128385.0,4,MN,1,0,56586
NM,1.0,10175,HIBBING,1038.0,0.0,2022-08-31,17.0,1059.0,397.0,4.0,1911-02-11,11,11,9,MINNEAPOLIS,10175_20250930,DIF,1934-01-01,0,SECURITY STATE BANK OF HIBBING,SECURITY FINL SERVICES INC,4375.0,3,1,0,0,FDIC,2025-09-30,1128817.0,4,MN,0,0,55746
NM,1.0,10178,HOLLANDALE,583.0,0.0,2024-06-30,0.0,583.0,0.0,0.0,1926-08-02,11,11,9,MINNEAPOLIS,10178_20250930,DIF,1934-01-01,0,PRODUCE STATE BANK,Unknown,3491.0,3,4,0,0,FDIC,2025-09-30,0.0,2,MN,1,0,56045
NM,1.0,10185,ELYSIAN,850.0,0.0,2022-08-31,0.0,850.0,45.0,0.0,1907-09-24,11,11,9,MANKATO,10185_20250930,DIF,1934-01-01,0,ELYSIAN BANK,ELYSIAN INC,2530.0,3,1,0,0,FDIC,2025-09-30,1128947.0,4,MN,1,0,56028
NM,1.0,10187,GONVICK,815.0,0.0,2024-06-30,0.0,815.0,0.0,0.0,1928-05-12,11,11,9,FARGO,10187_20250930,DIF,1934-01-01,0,THE NORTHERN STATE BANK OF GONVICK,Unknown,1072.0,3,1,0,0,FDIC,2025-09-30,0.0,2,MN,1,0,56644
NM,1.0,10191,PRINSBURG,3619.0,0.0,2022-08-31,0.0,3619.0,296.0,0.0,1916-10-14,11,11,9,MANKATO,10191_20250930,DIF,1934-01-01,0,PRINSBANK,PSB FINANCIAL SHARES INC,7247.0,3,2,0,0,FDIC,2025-09-30,1495797.0,4,MN,1,0,56281
NM,1.0,10194,PINE RIVER,1754.0,0.0,2024-06-30,0.0,1754.0,45.0,0.0,1918-01-22,11,11,9,FARGO,10194_20250930,DIF,1934-01-01,0,PINE RIVER STATE BANK,NORBANC GROUP INC,4466.0,3,5,0,0,FDIC,2025-09-30,1128424.0,8,MN,1,0,56474
NM,1.0,10197,CYRUS,1504.0,0.0,2024-06-30,0.0,1575.0,135.0,71.0,1901-10-07,11,11,9,FARGO,10197_20250930,DIF,1934-01-01,0,HOMETOWN COMMUNITY BANK,CYRUS BANCSHARES INC,2320.0,3,4,0,0,FDIC,2025-09-30,2752125.0,4,MN,1,0,56323
NM,1.0,10200,JEFFERS,307.0,0.0,2022-08-31,0.0,307.0,15.0,0.0,1900-06-27,11,11,9,MANKATO,10200_20250930,DIF,1934-01-01,0,STATE BANK OF JEFFERS,Unknown,1225.0,3,1,0,0,FDIC,2025-09-30,0.0,2,MN,0,0,56145
NM,1.0,10202,LOWRY,1319.0,0.0,2024-06-30,0.0,1519.0,226.0,200.0,1899-10-04,11,11,9,FARGO,10202_20250930,DIF,1934-01-01,0,LOWRY STATE BANK,FINANCIAL SERVICES LOWRY INC,2584.0,3,1,0,0,FDIC,2025-09-30,1127016.0,4,MN,1,0,56349
NM,1.0,10212,GENEVA,3631.0,0.0,2024-06-30,0.0,4862.0,0.0,1231.0,1915-01-01,11,11,9,MINNEAPOLIS,10212_20250930,DIF,1934-01-01,0,COMMERCE BANK,COMMERCE BANCSHARES INC,4846.0,3,2,0,0,FDIC,2025-09-30,2452630.0,4,MN,1,0,56035
NM,1.0,10214,VERMILLION,12783.0,0.0,2022-08-31,0.0,12783.0,0.0,0.0,1918-08-10,11,11,9,MINNEAPOLIS,10214_20250930,DIF,1934-01-01,0,VERMILLION STATE BANK,VERMILLION BANCSHARES INC,21623.0,3,6,0,0,FDIC,2025-09-30,1128581.0,8,MN,1,0,55085
NM,1.0,10218,HUTCHINSON,2174.0,0.0,2022-08-31,8.0,3048.0,70.0,866.0,1886-01-01,11,11,9,MANKATO,10218_20250930,DIF,1934-01-01,0,CITIZENS BANK & TRUST CO.,CITIZENS BANCSHARES HUTCHINSON,6754.0,3,3,0,0,FDIC,2025-09-30,1121966.0,8,MN,1,1,55350
N,1.0,1022,PLATTEVILLE,3464.0,0.0,2022-08-31,31.0,4162.0,57.0,667.0,1905-10-28,9,9,7,MADISON,1022_20250930,DIF,1934-01-01,0,"CLARE BANK, NATIONAL ASSOCIATION",MONTFORT BCORP INC,4845.0,3,8,0,0,OCC,2025-09-30,1205325.0,2,WI,1,1,53818
NM,1.0,10236,MAYVILLE,1889.0,0.0,2024-06-30,13.0,2136.0,107.0,234.0,1881-10-27,11,11,9,FARGO,10236_20250930,DIF,1934-01-01,0,THE GOOSE RIVER BANK,GOOSE RIVER HOLDING CO,4990.0,3,3,0,0,FDIC,2025-09-30,1123803.0,2,ND,1,0,58257
NM,1.0,10243,GOLVA,729.0,0.0,2024-06-30,0.0,729.0,0.0,0.0,1914-06-01,11,11,9,FARGO,10243_20250930,DIF,1934-04-01,0,FIRST STATE BANK OF GOLVA,Unknown,3384.0,3,3,0,0,FDIC,2025-09-30,0.0,2,ND,1,0,58632
NM,0.0,10248,WATFORD CITY,72382.0,0.0,2024-06-30,1.0,75733.0,6050.0,3350.0,1910-05-01,11,11,9,FARGO,10248_20250930,DIF,1934-01-01,0,FIRST INTERNATIONAL BANK & TRUST,WATFORD CITY BANCSHARES INC,161186.0,3,28,0,0,FDIC,2025-09-30,1135048.0,4,ND,1,1,58854
NM,1.0,10250,VELVA,2410.0,0.0,2024-06-30,1.0,2635.0,0.0,224.0,1915-01-01,11,11,9,FARGO,10250_20250930,DIF,1934-01-01,0,PEOPLES STATE BANK OF VELVA,BEALL BANCSHARES INC,4710.0,3,2,0,0,FDIC,2025-09-30,4412151.0,2,ND,1,0,58790
NM,1.0,10253,BEULAH,367.0,0.0,2024-06-30,0.0,367.0,-9.0,0.0,1915-01-01,11,11,9,FARGO,10253_20250930,DIF,1934-01-01,0,FIRST SECURITY BANK - WEST,BEULAH BCORP INC,1966.0,3,2,0,0,FDIC,2025-09-30,1919976.0,4,ND,1,0,58523
NM,1.0,10255,OLD FORT,10371.0,0.0,2021-08-29,0.0,10371.0,210.0,0.0,1916-01-16,9,9,4,COLUMBUS,10255_20250930,DIF,1934-01-01,0,THE OLD FORT BANKING COMPANY,OLD FT BK EMPLOYEE STK OWNERSHIP&401-K PLAN,15512.0,3,11,0,0,FDIC,2025-09-30,4902465.0,4,OH,1,0,44861
NM,1.0,10266,BEVERLY,3721.0,0.0,2022-08-31,29.0,4041.0,350.0,291.0,1863-01-01,9,9,4,COLUMBUS,10266_20250930,DIF,1934-01-01,0,THE CITIZENS BANK COMPANY,MUSKINGUM VALLEY BANCSHARES,7898.0,3,5,0,0,FDIC,2025-09-30,1071856.0,4,OH,0,0,45715
SM,1.0,1027,BLYTHEVILLE,10129.0,0.0,2025-01-01,0.0,10243.0,1958.0,114.0,1908-03-16,13,13,8,LITTLE ROCK,1027_20250930,DIF,1934-01-01,0,FARMERS BANK AND TRUST COMPANY,FARMERS BCORP INC,15912.0,5,9,0,0,FED,2025-09-30,1247615.0,2,AR,1,1,72315
NM,1.0,10280,CALDWELL,943.0,0.0,2022-08-31,0.0,943.0,315.0,0.0,1912-01-20,9,9,4,COLUMBUS,10280_20250930,DIF,1934-01-01,0,THE FARMERS AND MERCHANTS BANK,FARMMERC INC,4190.0,3,1,0,0,FDIC,2025-09-30,1249909.0,8,OH,0,0,43724
SM,1.0,1028,FORDYCE,3737.0,0.0,2022-08-31,0.0,3931.0,0.0,194.0,1931-01-06,13,13,8,LITTLE ROCK,1028_20250930,DIF,1934-01-01,0,FBT BANK & MORTGAGE,FBT BANCSHARES INC,7365.0,5,5,0,0,FED,2025-09-30,1099092.0,4,AR,1,1,71742
NM,1.0,10307,CHATTANOOGA,23987.0,0.0,2025-08-22,0.0,23987.0,3445.0,0.0,1904-05-03,13,13,6,KNOXVILLE,10307_20250930,DIF,1934-01-01,0,BUILTWELL BANK,BUILTWELL BCORP INC,78006.0,5,36,0,0,FDIC,2025-09-30,1081716.0,4,TN,0,1,37402
SM,1.0,10308,PIPERTON,19097.0,0.0,2022-08-31,0.0,20381.0,1440.0,1284.0,1905-04-26,13,13,8,NASHVILLE,10308_20250930,DIF,1934-01-01,0,THE BANK OF FAYETTE COUNTY,MOSCOW BANCSHARES INC,29449.0,5,15,0,0,FED,2025-09-30,1099896.0,4,TN,0,0,38017
SM,1.0,10315,HALLS,1637.0,0.0,2021-11-16,0.0,1637.0,0.0,0.0,1899-10-13,13,13,8,NASHVILLE,10315_20250930,DIF,1934-01-01,0,BANK OF HALLS,SECURITY BCORP OF TN INC,3168.0,5,2,0,0,FED,2025-09-30,1135374.0,2,TN,0,1,38040
NM,1.0,10317,RUTLEDGE,1314.0,0.0,2022-08-31,0.0,1330.0,45.0,16.0,1919-11-01,13,13,6,KNOXVILLE,10317_20250930,DIF,1934-01-01,0,CITIZENS BANK AND TRUST COMPANY OF GRAINGER COUNTY,CITIZENS OF GRAINGER CNTY CORP,6477.0,5,5,0,0,FDIC,2025-09-30,1085992.0,8,TN,0,0,37861
NM,1.0,10319,NASHVILLE,3832.0,0.0,2022-08-31,0.0,3832.0,100.0,0.0,1904-01-04,13,13,6,NASHVILLE,10319_20250930,DIF,1934-01-01,0,CITIZENS SAVINGS BANK AND TRUST COMPANY,CSB&T BCORP INC,4412.0,5,2,0,0,FDIC,2025-09-30,3602227.0,4,TN,0,1,37208
NM,1.0,10327,LULING,384.0,0.0,2022-08-31,37.0,421.0,81.0,0.0,1914-01-02,13,13,11,AUSTIN,10327_20250930,DIF,1934-01-01,0,CITIZENS STATE BANK OF LULING,SPECTOR HOLDINGS MGNT L L C,2757.0,5,2,0,0,FDIC,2025-09-30,3037557.0,4,TX,0,0,78648
NM,1.0,10330,PALMER,172.0,0.0,2022-08-31,0.0,172.0,225.0,0.0,1930-03-01,13,13,11,DALLAS,10330_20250930,DIF,1934-01-01,0,COMMERCIAL STATE BANK,PALMER BANCSHARES INC,4278.0,5,3,0,0,FDIC,2025-09-30,2251132.0,7,TX,1,0,75152
NM,1.0,10344,SCHERTZ,17102.0,0.0,2022-08-31,0.0,17245.0,1200.0,143.0,1913-08-13,13,13,11,AUSTIN,10344_20250930,DIF,1934-01-01,0,SCHERTZ BANK & TRUST,SCHERTZ BANCSHARES CORP,22123.0,5,6,0,0,FDIC,2025-09-30,1105443.0,4,TX,0,1,78154
NM,1.0,10345,SHEPHERD,1404.0,0.0,2022-08-31,20.0,1640.0,443.0,216.0,1921-09-21,13,13,11,HOUSTON,10345_20250930,DIF,1934-01-01,0,PEOPLES STATE BANK,ODOM AMTEX HOLDINGS TRUST THE,4940.0,5,3,0,0,FDIC,2025-09-30,5679326.0,4,TX,0,0,77371
SM,1.0,10352,CROWELL,421.0,0.0,2017-01-31,0.0,421.0,35.0,0.0,1931-12-28,13,13,11,LUBBOCK,10352_20250930,DIF,1934-01-01,0,CROWELL STATE BANK,CROWELL BANCSHARES INC,1934.0,5,1,0,0,FED,2025-09-30,1894998.0,2,TX,1,0,79227
NM,0.0,10363,WEST POINT,29273.0,0.0,2022-08-31,236.0,31022.0,8000.0,1513.0,1927-02-01,5,5,5,RICHMOND,10363_20250930,DIF,1934-01-01,0,CITIZENS AND FARMERS BANK,C&F FINANCIAL CORP,81469.0,1,31,0,0,FDIC,2025-09-30,2183493.0,4,VA,0,1,23181
NM,1.0,10374,BIRNAMWOOD,941.0,0.0,2022-08-31,0.0,941.0,1.0,0.0,1900-01-01,9,9,7,APPLETON,10374_20250930,DIF,1934-01-01,0,BANNER BANKS,BANNER BCORP LTD,2940.0,3,4,0,0,FDIC,2025-09-30,1207691.0,2,WI,1,0,54414
NM,1.0,10378,NEW GLARUS,9316.0,0.0,2024-05-31,123.0,12064.0,610.0,2625.0,1893-10-30,9,9,7,MADISON,10378_20250930,DIF,1934-01-01,0,THE BANK OF NEW GLARUS,BANCORP OF NEW GLARUS INC,21719.0,3,8,0,0,FDIC,2025-09-30,2339544.0,4,WI,0,0,53574
NM,1.0,10380,OOSTBURG,5266.0,0.0,2022-08-31,1.0,5267.0,-80.0,0.0,1908-03-01,9,9,7,MILWAUKEE,10380_20250930,DIF,1934-01-01,0,OOSTBURG STATE BANK,OOSTBURG BCORP INC,10234.0,3,4,0,0,FDIC,2025-09-30,2128944.0,4,WI,0,0,53070
NM,1.0,10382,MARINETTE,1529.0,0.0,2022-08-31,0.0,1904.0,250.0,375.0,1902-12-02,9,9,7,APPLETON,10382_20250930,DIF,1934-01-02,0,FARMERS & MERCHANTS BANK & TRUST,F&M BANKSHARES INC,4635.0,3,3,0,0,FDIC,2025-09-30,1204300.0,4,WI,0,1,54143
SM,1.0,10383,LA CROSSE,6497.0,0.0,2022-08-31,61.0,7259.0,91.0,701.0,1858-07-26,9,9,9,MADISON,10383_20250930,DIF,1934-01-01,0,STATE BANK FINANCIAL,FIRST BCORP INC,10349.0,3,5,0,0,FED,2025-09-30,1842935.0,4,WI,1,0,54601
NM,1.0,10384,WAUMANDEE,4309.0,0.0,2022-08-31,24.0,4854.0,415.0,521.0,1914-01-01,9,9,9,EAU CLAIRE,10384_20250930,DIF,1934-01-01,0,WAUMANDEE STATE BANK,WAUMANDEE BANCSHARES LTD,9591.0,3,8,0,0,FDIC,2025-09-30,2892067.0,4,WI,0,0,54622
NM,1.0,10407,BRUSH,1205.0,0.0,2022-08-31,0.0,1274.0,0.0,69.0,1915-10-09,13,13,10,DENVER,10407_20250930,DIF,1934-01-01,0,THE FARMERS STATE BANK OF BRUSH,FIRST PIONEER BANK CORP,2686.0,4,3,0,0,FDIC,2025-09-30,1062528.0,2,CO,0,1,80723
SM,1.0,1040,EFFINGHAM,97124.0,0.0,2024-09-30,29.0,110620.0,48224.0,13467.0,1881-01-01,9,9,8,MOUNT VERNON,1040_20250930,DIF,1934-01-01,0,MIDLAND STATES BANK,MIDLAND STATES BCORP INC,185152.0,3,60,0,0,FED,2025-09-30,1491351.0,4,IL,0,1,62401
NM,1.0,10434,GRAYMONT,4379.0,0.0,2022-08-31,0.0,4379.0,0.0,0.0,1913-01-01,9,9,7,CHAMPAIGN,10434_20250930,DIF,1934-01-01,0,STATE BANK OF GRAYMONT,GRAYMONT BCORP INC,5583.0,3,5,0,0,FDIC,2025-09-30,1718209.0,2,IL,0,1,61743
NM,1.0,10437,OLMSTED,819.0,0.0,2022-08-31,0.0,819.0,9.0,0.0,1921-11-07,9,9,8,MOUNT VERNON,10437_20250930,DIF,1934-01-01,0,FIRST STATE BANK OF OLMSTED,FSBO HOLDINGS INC,1925.0,3,3,0,0,FDIC,2025-09-30,2705091.0,8,IL,0,0,62970
NM,1.0,10438,RARITAN,3795.0,0.0,2022-08-31,8.0,3803.0,262.0,0.0,1920-01-01,9,9,7,PRINCETON,10438_20250930,DIF,1934-01-01,0,RARITAN STATE BANK,RARITAN STATE BCORP INC,5705.0,3,3,0,0,FDIC,2025-09-30,2267982.0,2,IL,0,0,61471
NM,1.0,10446,PAXTON,1373.0,0.0,2022-08-31,0.0,1373.0,100.0,0.0,1920-06-14,9,9,7,CHAMPAIGN,10446_20250930,DIF,1934-01-01,0,"FREDERICK COMMUNITY BANK, THE",AGRICULTURAL BANKING CORP,5818.0,3,4,0,0,FDIC,2025-09-30,1247624.0,2,IL,1,0,60957
NM,1.0,10458,MOUNT STERLING,1678.0,0.0,2023-12-27,0.0,1678.0,90.0,0.0,1914-06-01,9,9,8,PRINCETON,10458_20250930,DIF,1934-01-01,0,FARMERS STATE BANK & TRUST CO.,MOUNT STERLING BCORP INC,3480.0,3,2,0,0,FDIC,2025-09-30,2735931.0,4,IL,0,1,62353
NM,0.0,10460,QUINCY,1589.0,0.0,2022-08-31,0.0,1625.0,220.0,36.0,1910-01-01,9,11,8,SPRINGFIELD IL,10460_20250930,DIF,1934-01-01,0,TOWN & COUNTRY BANK MIDWEST,R DEAN PHILLIPS BK TR DATED 11-19-2004,8484.0,3,5,0,0,FDIC,2025-09-30,5558681.0,4,IL,1,1,62301
NM,1.0,10463,MIDDLETOWN,250.0,0.0,2022-08-31,0.0,275.0,272.0,25.0,1917-06-05,9,9,7,SPRINGFIELD IL,10463_20250930,DIF,1934-01-01,0,MIDDLETOWN STATE BANK,LONGVIEW CAPITAL CORP,836.0,3,3,0,0,FDIC,2025-09-30,1204618.0,8,IL,0,0,62666
NM,1.0,10464,ONARGA,483.0,0.0,2022-08-31,0.0,483.0,668.0,0.0,1918-01-01,9,9,7,CHAMPAIGN,10464_20250930,DIF,1934-01-01,0,FEDERATED BANK,LONGVIEW CAPITAL CORP,2579.0,3,5,0,0,FDIC,2025-09-30,1204618.0,2,IL,0,1,60955
NM,1.0,10467,GIFFORD,1005.0,0.0,2022-08-31,0.0,1005.0,-225.0,0.0,1885-01-01,9,9,7,CHAMPAIGN,10467_20250930,DIF,1934-01-01,0,THE GIFFORD STATE BANK,GIFFORD BCORP EMPLOYEE STK OWNERSHIP PLAN,6635.0,3,4,0,0,FDIC,2025-09-30,1916920.0,2,IL,1,1,61847
NM,1.0,10469,HUTSONVILLE,661.0,0.0,2021-08-29,0.0,661.0,0.0,0.0,1920-12-20,9,9,8,MOUNT VERNON,10469_20250930,DIF,1934-01-01,0,FARMERS & MERCHANTS BANK OF HUTSONVILLE,HUTSONVILLE BANC CORP,1273.0,3,1,0,0,FDIC,2025-09-30,1096390.0,8,IL,1,0,62433
SM,1.0,10471,CAMP GROVE,1147.0,0.0,2021-08-29,1.0,1401.0,0.0,253.0,1902-01-01,9,9,7,PRINCETON,10471_20250930,DIF,1934-01-01,0,CAMP GROVE STATE BANK,KATZ BCORP LLC,1164.0,3,1,0,0,FED,2025-09-30,5454279.0,2,IL,0,0,61424
NM,1.0,10473,LEWISTOWN,2039.0,0.0,2025-08-05,0.0,2105.0,118.0,66.0,1902-09-11,9,9,7,SPRINGFIELD IL,10473_20250930,DIF,1934-01-01,0,IPAVA STATE BANK,ISB BANCSHARES INC,5575.0,3,7,0,0,FDIC,2025-09-30,2067771.0,2,IL,1,1,61542
NM,1.0,10474,LENA,5576.0,0.0,2023-01-20,2.0,5592.0,735.0,14.0,1880-01-01,9,9,7,PRINCETON,10474_20250930,DIF,1934-01-01,0,CITIZENS STATE BANK,FIRST LENA CORP,11099.0,3,5,0,0,FDIC,2025-09-30,1208148.0,2,IL,1,1,61048
NM,1.0,1047,LITCHFIELD,7620.0,0.0,2024-05-24,184.0,8114.0,237.0,310.0,1902-09-01,9,9,8,SPRINGFIELD IL,1047_20250930,DIF,1934-01-01,0,BANK & TRUST COMPANY,LBT BANCSHARES INC,15355.0,3,11,0,0,FDIC,2025-09-30,1099195.0,4,IL,0,1,62056
NM,1.0,10492,IOWA CITY,1233.0,0.0,2024-06-30,12.0,1358.0,0.0,113.0,1901-09-25,11,11,7,CEDAR RAPIDS,10492_20250930,DIF,1934-01-01,0,FARMERS AND MERCHANTS SAVINGS BANK,COUNTRY BCORP,2837.0,4,4,0,0,FDIC,2025-09-30,1203910.0,4,IA,0,1,52246
NM,1.0,10494,MOUNT VERNON,2619.0,0.0,2024-06-30,0.0,2945.0,60.0,326.0,1884-01-01,11,11,7,CEDAR RAPIDS,10494_20250930,DIF,1934-01-01,0,MOUNT VERNON BANK AND TRUST COMPANY,MOUNT VERNON BCORP,3679.0,4,1,0,0,FDIC,2025-09-30,1140912.0,8,IA,0,1,52314
NM,1.0,10497,SAC CITY,3245.0,0.0,2024-06-30,2.0,3296.0,27.0,49.0,1926-03-29,11,11,7,SIOUX CITY,10497_20250930,DIF,1934-01-01,0,IOWA STATE BANK,SAC CITY LTD,4770.0,4,3,0,0,FDIC,2025-09-30,1203488.0,2,IA,1,1,50583
N,1.0,1049,STEELEVILLE,2353.0,0.0,2022-08-31,286.0,2701.0,29.0,62.0,1902-11-01,9,9,8,MOUNT VERNON,1049_20250930,DIF,1934-01-01,0,FIRST NATIONAL BANK OF STEELEVILLE,STEELEVILLE BANCSHARES INC,6801.0,3,3,0,0,OCC,2025-09-30,1099627.0,8,IL,1,0,62288
NM,1.0,10500,WEVER,1715.0,0.0,2024-06-30,0.0,1980.0,0.0,265.0,1908-10-09,11,11,7,CEDAR RAPIDS,10500_20250930,DIF,1934-01-01,0,FARMERS SAVINGS BANK,FSB BCORP,2680.0,4,3,0,0,FDIC,2025-09-30,1889846.0,2,IA,1,1,52658
SM,1.0,10503,NESS CITY,1026.0,0.0,2022-08-31,0.0,1026.0,12.0,0.0,1916-01-01,11,11,10,HAYS,10503_20250930,DIF,1934-01-01,0,THE FIRST STATE BANK,BEUTLER INC,1649.0,4,1,0,0,FED,2025-09-30,1059591.0,2,KS,1,0,67560
NM,1.0,10505,OTTAWA,2128.0,0.0,2022-08-31,28.0,2156.0,73.0,0.0,1917-11-20,11,11,10,KANSAS CITY,10505_20250930,DIF,1934-01-01,0,THE KANSAS STATE BANK,Unknown,4316.0,4,3,0,0,FDIC,2025-09-30,0.0,8,KS,1,1,66067
NM,1.0,10520,MOREHEAD,841.0,0.0,2022-08-31,380.0,1221.0,180.0,0.0,1928-09-28,9,9,4,LEXINGTON,10520_20250930,DIF,1934-01-01,0,THE CITIZENS BANK,CITIZENS BCORP MOREHEAD INC,7404.0,3,5,0,0,FDIC,2025-09-30,1071865.0,8,KY,1,0,40351
NM,1.0,10523,CROWLEY,2167.0,0.0,2022-08-31,9.0,2176.0,0.0,0.0,1926-01-01,13,13,6,BATON ROUGE,10523_20250930,DIF,1934-01-01,0,BANK OF COMMERCE & TRUST CO.,Unknown,5724.0,5,5,0,0,FDIC,2025-09-30,0.0,2,LA,0,1,70526
NM,1.0,10528,NATCHITOCHES,822.0,0.0,2022-08-31,0.0,822.0,0.0,0.0,1892-09-28,13,13,11,SHREVEPORT,10528_20250930,DIF,1934-01-01,0,"EXCHANGE BANK AND TRUST COMPANY, NATCHITOCHES, LOUISIANA",EXCHANGE BANCSHARES INC,6120.0,5,4,0,0,FDIC,2025-09-30,1106525.0,5,LA,1,0,71457
NM,1.0,10531,WINNSBORO,5958.0,0.0,2022-08-31,0.0,5958.0,270.0,0.0,1918-01-01,13,13,11,SHREVEPORT,10531_20250930,DIF,1934-01-01,0,CITIZENS PROGRESSIVE BANK,CALDWELL HOLDING CO,8252.0,5,6,0,0,FDIC,2025-09-30,1108985.0,2,LA,1,0,71295
NM,1.0,10532,JONESVILLE,3639.0,0.0,2022-08-31,0.0,3639.0,475.0,0.0,1907-10-05,13,13,11,SHREVEPORT,10532_20250930,DIF,1934-01-01,0,CLB THE COMMUNITY BANK,CATAHOULA HOLDING CO,10544.0,5,7,0,0,FDIC,2025-09-30,1109722.0,4,LA,1,0,71343
NM,1.0,10533,WINNSBORO,6318.0,0.0,2022-08-31,0.0,6415.0,349.0,97.0,1902-09-02,13,13,11,SHREVEPORT,10533_20250930,DIF,1934-01-01,0,WINNSBORO STATE BANK & TRUST COMPANY,WINNSBORO BANCSHARES INC,11252.0,5,5,0,0,FDIC,2025-09-30,1107081.0,2,LA,1,0,71295
NM,1.0,10561,HARTLAND,2678.0,0.0,2024-06-30,0.0,2926.0,201.0,248.0,1912-02-19,11,11,9,MINNEAPOLIS,10561_20250930,DIF,1934-01-01,0,ARCADIAN BANK,MINNESOTA CMTY BANCSHARES INC,6784.0,3,3,0,0,FDIC,2025-09-30,4523440.0,2,MN,1,0,56042
NM,1.0,10567,NEW LONDON,254.0,0.0,2022-08-31,0.0,254.0,85.0,0.0,1890-05-05,11,11,9,MANKATO,10567_20250930,DIF,1934-01-01,0,UNITED MINNESOTA BANK,CARLSON BANKSHARES INC,1720.0,3,1,0,0,FDIC,2025-09-30,1128451.0,8,MN,0,0,56273
NM,1.0,10571,ALPHA,665.0,0.0,2022-08-31,0.0,687.0,25.0,22.0,1911-08-01,11,11,9,MANKATO,10571_20250930,DIF,1934-01-01,0,FARMERS AND MERCHANTS STATE BANK OF ALPHA,Unknown,1155.0,3,1,0,0,FDIC,2025-09-30,0.0,2,MN,0,0,56111
NM,1.0,10576,HARMONY,1233.0,0.0,2024-06-30,836.0,2092.0,174.0,23.0,1893-03-15,11,11,9,MINNEAPOLIS,10576_20250930,DIF,1934-01-01,0,FIRST SOUTHEAST BANK,FIRST SOUTHEASTERN BANC GROUP,3890.0,3,3,0,0,FDIC,2025-09-30,1137510.0,2,MN,1,0,55939
SM,1.0,1058,LEMAY,43705.0,0.0,2022-08-31,345.0,44975.0,4318.0,925.0,1906-03-01,11,11,8,ST. LOUIS,1058_20250930,DIF,1934-01-01,0,MIDWEST BANKCENTRE,STUPP BROS INC,72440.0,4,18,0,0,FED,2025-09-30,1094556.0,4,MO,0,1,63125
NM,1.0,10594,MEADVILLE,3447.0,0.0,2022-08-31,0.0,3491.0,123.0,44.0,1912-01-12,13,13,6,JACKSON MS,10594_20250930,DIF,1934-01-01,0,BANK OF FRANKLIN,FRANKLIN BANCSHARES INC,8202.0,5,5,0,0,FDIC,2025-09-30,3674215.0,4,MS,0,1,39653
NM,1.0,10595,BUTLER,3054.0,0.0,2022-08-31,0.0,3054.0,75.0,0.0,1932-01-01,11,11,10,KANSAS CITY,10595_20250930,DIF,1934-01-01,0,COMMUNITY FIRST BANK,COMMUNITY FIRST BANCSHARES INC,8444.0,4,4,0,0,FDIC,2025-09-30,2587411.0,2,MO,1,0,64730
NM,1.0,10597,ORRICK,2538.0,0.0,2024-10-04,0.0,2538.0,45826.0,0.0,1902-07-02,11,11,10,KANSAS CITY,10597_20250930,DIF,1934-01-01,0,TBO BANK,NORTHEAST KS BANCSHARES INC,154041.0,4,1,0,0,FDIC,2025-09-30,2562650.0,6,MO,0,0,64077
SM,1.0,105,CAVE CITY,2599.0,0.0,2022-08-31,0.0,2852.0,9.0,253.0,1906-07-01,13,13,8,LITTLE ROCK,105_20250930,DIF,1934-01-01,0,BANK OF CAVE CITY,SHARP BANCSHARES INC,5511.0,5,5,0,0,FED,2025-09-30,1099663.0,2,AR,1,1,72521
NM,1.0,10608,MINERAL POINT,8169.0,0.0,2022-08-31,0.0,8178.0,1088.0,9.0,1901-01-01,11,11,8,ST. LOUIS,10608_20250930,DIF,1934-01-01,0,UNICO BANK,WASHCO BANCSHARES INC,15177.0,4,15,0,0,FDIC,2025-09-30,1119525.0,4,MO,1,0,63660
NM,1.0,1060,MARSHALL,21685.0,0.0,2024-06-30,0.0,21685.0,530.0,0.0,1874-02-12,11,11,10,COLUMBIA MO,1060_20250930,DIF,1934-01-01,0,WOOD & HUSTON BANK,WOOD&HUSTON BCORP INC,30819.0,4,12,0,0,FDIC,2025-09-30,1058558.0,4,MO,1,1,65340
NM,1.0,10618,BETHANY,14861.0,0.0,2022-10-07,25.0,22399.0,2000.0,7513.0,1919-09-19,11,11,10,KANSAS CITY,10618_20250930,DIF,1934-01-01,0,BTC BANK,BETHANY BANKSHARES INC,43883.0,4,24,0,0,FDIC,2025-09-30,1905009.0,2,MO,0,1,64424
NM,1.0,10619,JEFFERSON CITY,19880.0,0.0,2024-06-30,2.0,21502.0,-176.0,1620.0,1911-01-01,11,11,8,COLUMBIA MO,10619_20250930,DIF,1934-01-01,0,HAWTHORN BANK,HAWTHORN BANCSHARES INC,50791.0,4,19,0,0,FDIC,2025-09-30,2038409.0,4,MO,0,1,65101
NM,1.0,10623,CONCORDIA,1504.0,0.0,2022-08-31,0.0,1504.0,96.0,0.0,1884-07-28,11,11,10,KANSAS CITY,10623_20250930,DIF,1934-01-01,0,STATE BANK OF MISSOURI,C S BANCSHARES INC,3661.0,4,4,0,0,FDIC,2025-09-30,1138786.0,8,MO,0,0,64020
NM,1.0,10626,NEW CAMBRIA,84.0,0.0,2024-06-30,0.0,84.0,0.0,0.0,1933-03-18,11,11,8,COLUMBIA MO,10626_20250930,DIF,1934-01-01,0,BANK OF NEW CAMBRIA,Unknown,930.0,4,2,0,0,FDIC,2025-09-30,0.0,2,MO,0,0,63558
NM,1.0,10628,ROTHVILLE,850.0,0.0,2024-06-30,0.0,979.0,34.0,129.0,1904-01-08,11,11,10,COLUMBIA MO,10628_20250930,DIF,1934-01-01,0,PREFERRED BANK,BOR BCORP,3293.0,4,5,0,0,FDIC,2025-09-30,3468209.0,2,MO,1,0,64676
NM,0.0,10634,LINCOLN,117463.0,0.0,2024-06-30,1086.0,123155.0,3743.0,4606.0,1880-01-01,11,11,10,OMAHA,10634_20250930,DIF,1934-01-01,0,PINNACLE BANK,PINNACLE BCORP INC,176190.0,4,72,0,0,FDIC,2025-09-30,1053272.0,4,NE,0,1,68508
NM,1.0,10635,STEINAUER,195.0,0.0,2024-06-30,0.0,195.0,0.0,0.0,1888-06-28,11,11,10,OMAHA,10635_20250930,DIF,1934-01-01,0,THE BANK OF STEINAUER,STEINAUER BCORP,684.0,4,1,0,0,FDIC,2025-09-30,2847665.0,2,NE,0,1,68441
NM,1.0,10637,CAMBRIDGE,2065.0,0.0,2024-06-30,0.0,2185.0,640.0,120.0,1907-06-15,11,11,10,GRAND ISLAND,10637_20250930,DIF,1934-01-01,0,FIRST CENTRAL BANK,CENTRAL BANCSHARES INC,4273.0,4,3,0,0,FDIC,2025-09-30,1050495.0,2,NE,0,0,69022
NM,1.0,10639,GOTHENBURG,5284.0,0.0,2024-06-30,0.0,5719.0,555.0,435.0,1902-05-01,11,11,10,GRAND ISLAND,10639_20250930,DIF,1934-01-01,0,FLATWATER BANK,WILLIAMS FINANCIAL CORP,8370.0,4,3,0,0,FDIC,2025-09-30,1053311.0,2,NE,1,1,69138
NM,1.0,10641,EAGLE,7666.0,0.0,2025-05-23,0.0,7945.0,239.0,279.0,1884-09-01,11,11,10,OMAHA,10641_20250930,DIF,1934-01-01,0,RIVERSTONE BANK,TRI VALLEY BANCSHARES INC,16030.0,4,9,0,0,FDIC,2025-09-30,3952940.0,4,NE,1,0,68347
NM,1.0,10643,OMAHA,16616.0,0.0,2024-06-30,24.0,17495.0,1324.0,855.0,1915-02-05,11,11,10,OMAHA,10643_20250930,DIF,1934-01-01,0,DUNDEE BANK,DUNDEE BANCO INC,20937.0,4,4,0,0,FDIC,2025-09-30,2332620.0,4,NE,1,0,68132
SM,1.0,10647,ELMWOOD,634.0,0.0,2024-06-30,3.0,746.0,50.0,109.0,1889-07-13,11,11,10,OMAHA,10647_20250930,DIF,1934-01-01,0,AMERICAN EXCHANGE BANK,AMERICAN EXCHANGE CO,2201.0,4,2,0,0,FED,2025-09-30,1061950.0,2,NE,1,0,68349
SM,1.0,10663,ANDOVER,4275.0,0.0,2022-08-31,0.0,4363.0,0.0,88.0,1884-11-01,9,9,4,COLUMBUS,10663_20250930,DIF,1934-01-01,0,THE ANDOVER BANK,ANDOVER BCORP INC,12141.0,3,10,0,0,FED,2025-09-30,1071913.0,5,OH,0,0,44003
SM,1.0,10667,BIXBY,24272.0,0.0,2022-08-31,0.0,27090.0,1650.0,2818.0,1924-01-26,13,13,10,OKLAHOMA CITY,10667_20250930,DIF,1934-01-01,0,MABREY BANK,MABREY BCORP INC,50356.0,5,16,0,0,FED,2025-09-30,2052777.0,4,OK,0,1,74008
NM,1.0,10672,SKIATOOK,1281.0,0.0,2022-08-31,0.0,1281.0,420.0,0.0,1930-06-01,13,13,10,OKLAHOMA CITY,10672_20250930,DIF,1934-01-01,0,THE EXCHANGE BANK,SKIATOOK BANCSHARES INC,4197.0,5,3,0,0,FDIC,2025-09-30,1133129.0,7,OK,0,0,74070
NM,1.0,10674,HYDRO,3037.0,0.0,2022-08-31,0.0,3037.0,32.0,0.0,1903-10-01,13,13,10,OKLAHOMA CITY,10674_20250930,DIF,1934-01-01,0,BANK OF HYDRO,HYDRO BANCSHARES INC,6545.0,5,4,0,0,FDIC,2025-09-30,1057168.0,4,OK,1,0,73048
NM,1.0,10677,JONESTOWN,9905.0,0.0,2022-08-31,0.0,12114.0,2283.0,2209.0,1873-01-01,2,2,3,HARRISBURG,10677_20250930,DIF,1934-01-01,0,"JONESTOWN BANK AND TRUST COMPANY, OF JONESTOWN, PENNSYLVANIA",JBT BCORP INC,26713.0,1,14,0,0,FDIC,2025-09-30,5557983.0,4,PA,0,1,17038
NM,1.0,10685,MIFFLINBURG,8729.0,0.0,2025-08-01,52.0,9860.0,4390.0,1079.0,1872-01-01,2,2,3,HARRISBURG,10685_20250930,DIF,1934-01-01,0,CENTRAL PENN BANK & TRUST,STEELE BCORP INC,19552.0,1,15,0,0,FDIC,2025-09-30,1137042.0,4,PA,0,1,17844
SM,1.0,1068,DES PERES,16191.0,0.0,2022-08-31,0.0,16191.0,660.0,0.0,1906-01-01,11,11,8,ST. LOUIS,1068_20250930,DIF,1934-01-01,0,CASS COMMERCIAL BANK,CASS INFORMATION SYSTEMS INC,39940.0,4,3,0,0,FED,2025-09-30,1098648.0,4,MO,0,1,63131
SM,1.0,10704,ABILENE,334.0,0.0,2024-08-08,-6.0,328.0,0.0,0.0,1903-06-03,13,13,11,DALLAS,10704_20250930,DIF,1934-01-01,0,AVANA BANK,ABILENE HOLDCO INC,1043.0,5,3,0,0,FED,2025-09-30,5530605.0,7,TX,0,0,79602
NM,1.0,10709,YOAKUM,4208.0,0.0,2022-08-31,0.0,4208.0,235.0,0.0,1931-01-01,13,13,11,AUSTIN,10709_20250930,DIF,1934-01-01,0,CROSSROADS BANK,FIRST ST BANCSHARES YOAKUM INC,9975.0,5,4,0,0,FDIC,2025-09-30,1107812.0,8,TX,1,1,77995
NM,1.0,10719,HALLETTSVILLE,6243.0,0.0,2022-08-31,0.0,6243.0,0.0,0.0,1929-01-18,13,13,11,AUSTIN,10719_20250930,DIF,1934-01-01,0,PEOPLES STATE BANK OF HALLETTSVILLE,BOZKA INVESTMENTS LTD,5597.0,5,1,0,0,FDIC,2025-09-30,3584293.0,2,TX,0,0,77964
SM,1.0,1073,ST. LOUIS,7201.0,0.0,2022-08-31,9.0,9738.0,-851.0,2528.0,1923-01-01,11,11,8,ST. LOUIS,1073_20250930,DIF,1934-01-01,0,LINDELL BANK & TRUST COMPANY,FIRST ILLINOIS BCORP INC,27545.0,4,15,0,0,FED,2025-09-30,1095889.0,4,MO,1,1,63139
NM,1.0,10741,INDEPENDENCE,810.0,0.0,2022-08-31,30.0,840.0,0.0,0.0,1897-01-01,9,9,9,EAU CLAIRE,10741_20250930,DIF,1934-01-01,0,INDEPENDENCE STATE BANK,NORTHERN FINANCIAL CORP,2720.0,3,3,0,0,FDIC,2025-09-30,1121724.0,2,WI,0,0,54747
SM,1.0,10788,OGLESBY,1802.0,0.0,2022-08-31,55.0,2386.0,72.0,529.0,1914-02-14,9,9,7,PRINCETON,10788_20250930,DIF,1934-01-01,0,ILLINI STATE BANK,ISB BCORP INC,3160.0,3,3,0,0,FED,2025-09-30,4361361.0,2,IL,1,0,61348
NM,1.0,10791,WINSLOW,3357.0,0.0,2022-08-31,0.0,4797.0,0.0,1440.0,1915-10-15,9,9,7,PRINCETON,10791_20250930,DIF,1934-01-01,0,COMMUNITY BANK,STATELINE CMTY BANCSHARES INC,5946.0,3,4,0,0,FDIC,2025-09-30,1975468.0,2,IL,1,0,61089
NM,1.0,10799,CAMPBELL HILL,1362.0,0.0,2022-08-31,0.0,1387.0,24.0,25.0,1921-01-01,9,9,8,MOUNT VERNON,10799_20250930,DIF,1934-01-01,0,FIRST STATE BANK OF CAMPBELL HILL,CAMPBELL HILL BANCSHARES INC,4543.0,3,3,0,0,FDIC,2025-09-30,1427387.0,8,IL,0,0,62916
NM,1.0,107,CLARENDON,440.0,0.0,2022-08-31,1.0,441.0,10.0,0.0,1890-01-01,13,13,8,LITTLE ROCK,107_20250930,DIF,1934-01-01,0,THE MERCHANTS & PLANTERS BANK,CLARENDON HOLDING CO,1210.0,5,1,0,0,FDIC,2025-09-30,1099252.0,2,AR,0,0,72029
NM,1.0,10803,DEWEY,258.0,0.0,2022-08-31,0.0,258.0,4.0,0.0,1902-01-01,9,9,7,CHAMPAIGN,10803_20250930,DIF,1934-01-01,0,DEWEY BANK,ARTHUR R MURRAY INC,995.0,3,1,0,0,FDIC,2025-09-30,1201390.0,2,IL,1,0,61840
SM,1.0,10804,DU QUOIN,1510.0,0.0,2022-08-31,0.0,1618.0,22.0,108.0,1915-04-17,9,9,8,MOUNT VERNON,10804_20250930,DIF,1934-01-01,0,DU QUOIN STATE BANK,PERRY COUNTY BCORP INC,3257.0,3,5,0,0,FED,2025-09-30,1099748.0,7,IL,1,0,62832
NM,1.0,10809,VAN ORIN,382.0,0.0,2022-08-31,0.0,382.0,35.0,0.0,1919-12-26,9,9,7,PRINCETON,10809_20250930,DIF,1934-01-01,0,FIRST STATE BANK OF VAN ORIN,VAN ORIN BCORP INC,827.0,3,2,0,0,FDIC,2025-09-30,2795140.0,2,IL,1,0,61374
NM,1.0,10816,GRAND CHAIN,172.0,0.0,2022-08-31,0.0,172.0,-55.0,0.0,1902-01-01,9,9,8,MOUNT VERNON,10816_20250930,DIF,1934-01-01,0,GRAND RIVERS COMMUNITY BANK,MAIN STREET BANCSHARES INC,526.0,3,2,0,0,FDIC,2025-09-30,4625595.0,4,IL,0,0,62941
NM,1.0,10820,INDUSTRY,977.0,0.0,2022-08-31,0.0,977.0,0.0,0.0,1901-03-25,9,9,7,SPRINGFIELD IL,10820_20250930,DIF,1934-01-01,0,STATE BANK OF INDUSTRY,Unknown,1448.0,3,1,0,0,FDIC,2025-09-30,0.0,2,IL,1,0,61440
NM,1.0,10821,LOUISVILLE,983.0,0.0,2022-08-31,9.0,992.0,33.0,0.0,1905-09-13,9,9,8,MOUNT VERNON,10821_20250930,DIF,1934-01-01,0,CLAY COUNTY STATE BANK,CLAY CNTY STATE BANCSHARES INC,2498.0,3,1,0,0,FDIC,2025-09-30,3390159.0,2,IL,1,1,62858
NM,1.0,10829,VIRGINIA,4307.0,0.0,2024-10-11,39.0,4346.0,475.0,0.0,1870-01-01,9,9,7,SPRINGFIELD IL,10829_20250930,DIF,1934-01-01,0,"PETEFISH, SKILES & CO.",PETEFISH SKILES BANCSHARES INC,14318.0,3,7,0,0,FDIC,2025-09-30,2728652.0,2,IL,1,1,62691
SM,1.0,10831,WATSEKA,3025.0,0.0,2022-08-31,0.0,3025.0,-173.0,0.0,1909-06-28,9,9,7,CHAMPAIGN,10831_20250930,DIF,1934-01-01,0,"THE FIRST TRUST AND SAVINGS BANK OF WATSEKA, ILLINOIS",FIRST TRUST HOLDINGS INC THE,8169.0,3,2,0,0,FED,2025-09-30,2251776.0,2,IL,0,1,60970
NM,1.0,10840,CAMPUS,95.0,0.0,2022-08-31,0.0,95.0,-5.0,0.0,1899-01-01,9,9,7,CHAMPAIGN,10840_20250930,DIF,1934-01-01,0,CAMPUS STATE BANK,Unknown,935.0,3,1,0,0,FDIC,2025-09-30,0.0,2,IL,0,0,60920
NM,1.0,10843,CHATSWORTH,470.0,0.0,2022-08-31,0.0,470.0,-84.0,0.0,1903-12-07,9,9,7,CHAMPAIGN,10843_20250930,DIF,1934-01-01,0,CITIZENS BANK OF CHATSWORTH,CBC FINANCIAL INC,969.0,3,2,0,0,FDIC,2025-09-30,5164626.0,4,IL,0,1,60921
N,1.0,10844,CHESTER,3054.0,0.0,2022-08-31,0.0,3445.0,225.0,391.0,1905-01-01,9,9,8,MOUNT VERNON,10844_20250930,DIF,1934-01-01,0,BUENA VISTA NATIONAL BANK,BUENA VISTA BCORP INC,8804.0,3,8,0,0,OCC,2025-09-30,1399578.0,4,IL,0,1,62233
NM,1.0,10845,CLAY CITY,3232.0,0.0,2025-03-21,0.0,3232.0,76.0,0.0,1892-07-05,9,9,8,MOUNT VERNON,10845_20250930,DIF,1934-01-01,0,THE CLAY CITY BANKING CO.,CLAY CITY BANK SHARES INC,5728.0,3,4,0,0,FDIC,2025-09-30,2576415.0,8,IL,0,0,62824
NM,1.0,10849,AVON,3101.0,0.0,2022-08-31,0.0,3119.0,0.0,18.0,1913-01-01,9,9,7,SPRINGFIELD IL,10849_20250930,DIF,1934-01-01,0,TOMPKINS STATE BANK,TOMPKINS BCORP INC,7187.0,3,4,0,0,FDIC,2025-09-30,1491388.0,2,IL,1,0,61415
NM,1.0,10853,ASHLAND,2313.0,0.0,2022-08-31,11.0,3062.0,565.0,738.0,1933-06-12,9,9,7,SPRINGFIELD IL,10853_20250930,DIF,1934-01-01,0,WEST CENTRAL BANK,WEST CENTRAL BANCSHARES INC,6794.0,3,6,0,0,FDIC,2025-09-30,1129944.0,4,IL,1,1,62612
NM,1.0,10855,BEMENT,1477.0,0.0,2022-08-31,3.0,1675.0,460.0,195.0,1914-01-17,9,9,7,CHAMPAIGN,10855_20250930,DIF,1934-01-01,0,STATE BANK OF BEMENT,BEMENT BANCSHARES INC,4941.0,3,4,0,0,FDIC,2025-09-30,1205923.0,2,IL,0,1,61813
NM,1.0,10858,ONEIDA,834.0,0.0,2022-08-31,0.0,834.0,8.0,0.0,1917-02-17,9,9,7,PRINCETON,10858_20250930,DIF,1934-01-01,0,ANDERSON STATE BANK,ANDERSON BCORP INC,2225.0,3,1,0,0,FDIC,2025-09-30,1210114.0,2,IL,1,0,61467
NM,1.0,10860,PINCKNEYVILLE,1425.0,0.0,2025-01-01,0.0,1425.0,0.0,0.0,1874-11-01,9,9,8,MOUNT VERNON,10860_20250930,DIF,1934-01-01,0,MURPHY-WALL STATE BANK AND TRUST COMPANY,MURPHY-WALL BCORP INC,6051.0,3,6,0,0,FDIC,2025-09-30,2232748.0,4,IL,0,0,62274
SM,1.0,1086,VERSAILLES,2495.0,0.0,2024-06-30,0.0,3848.0,8.0,1353.0,1882-01-01,11,11,10,COLUMBIA MO,1086_20250930,DIF,1934-01-01,0,THE BANK OF VERSAILLES,BOV HOLDING CO,9019.0,4,5,0,0,FED,2025-09-30,3643837.0,5,MO,0,0,65084
NM,1.0,10871,BEECHER CITY,1575.0,0.0,2022-08-31,0.0,1575.0,200.0,0.0,1910-01-01,9,9,8,MOUNT VERNON,10871_20250930,DIF,1934-01-01,0,FIRST STATE BANK OF BEECHER CITY,TRI-COUNTY BANCSHARES INC,3628.0,3,1,0,0,FDIC,2025-09-30,3122837.0,8,IL,1,0,62414
NM,1.0,10872,CHESTERFIELD,308.0,0.0,2022-08-31,0.0,308.0,0.0,0.0,1898-09-21,9,9,8,SPRINGFIELD IL,10872_20250930,DIF,1934-01-01,0,CHESTERFIELD STATE BANK,Unknown,558.0,3,1,0,0,FDIC,2025-09-30,0.0,2,IL,1,0,62630
NM,1.0,10878,WATERMAN,3132.0,0.0,2023-04-02,0.0,3132.0,170.0,0.0,1908-08-25,9,9,7,PRINCETON,10878_20250930,DIF,1934-01-01,0,WATERMAN BANK,WATERMAN ACQUISITION GROUP LLC,5221.0,3,3,0,0,FDIC,2025-09-30,5341249.0,4,IL,0,0,60556
NM,1.0,10883,GRIGGSVILLE,1582.0,0.0,2025-05-16,1.0,1606.0,126.0,23.0,1893-08-03,9,9,8,SPRINGFIELD IL,10883_20250930,DIF,1934-01-01,0,EAGLE VALLEY BANK,GRIGGSVILLE BANCSHARES INC,3344.0,3,5,0,0,FDIC,2025-09-30,2156835.0,2,IL,1,1,62340
NM,1.0,10886,ELDORADO,5619.0,0.0,2022-08-31,1.0,5633.0,769.0,13.0,1906-01-01,9,9,8,MOUNT VERNON,10886_20250930,DIF,1934-01-01,0,LEGENCE BANK,FIRST ELDORADO BANCSHARES INC,22979.0,3,12,0,0,FDIC,2025-09-30,1491481.0,2,IL,1,0,62930
NM,1.0,10903,STATE CENTER,12949.0,0.0,2024-06-30,0.0,13926.0,0.0,977.0,1902-01-01,11,11,7,DES MOINES,10903_20250930,DIF,1934-01-01,0,CENTRAL STATE BANK,STATE CENTER FINANCIAL INC,7857.0,4,3,0,0,FDIC,2025-09-30,1203769.0,4,IA,1,1,50247
NM,1.0,10906,BALDWIN CITY,1313.0,0.0,2022-08-31,4.0,1343.0,0.0,26.0,1892-08-29,11,11,10,KANSAS CITY,10906_20250930,DIF,1934-01-01,0,THE BALDWIN STATE BANK,Unknown,2298.0,4,2,0,0,FDIC,2025-09-30,0.0,8,KS,1,0,66006
NM,1.0,10907,BELOIT,5285.0,0.0,2022-08-31,0.0,5735.0,-259.0,450.0,1922-01-23,11,11,10,HAYS,10907_20250930,DIF,1934-01-02,0,GUARANTY STATE BANK AND TRUST COMPANY,GUARANTY INC,8416.0,4,9,0,0,FDIC,2025-09-30,1064009.0,2,KS,0,1,67420
NM,1.0,1090,ESCANABA,4518.0,0.0,2022-08-31,0.0,4834.0,90.0,316.0,1902-01-01,9,9,9,APPLETON,1090_20250930,DIF,1934-01-01,0,UPPER PENINSULA STATE BANK,S B E CORP,9968.0,3,5,0,0,FDIC,2025-09-30,1129159.0,4,MI,0,0,49829
NM,1.0,10918,ULYSSES,3714.0,0.0,2022-08-31,0.0,4064.0,127.0,350.0,1906-01-01,11,11,10,HAYS,10918_20250930,DIF,1934-01-01,0,GRANT COUNTY BANK,RESOURCE ONE INC,7689.0,4,2,0,0,FDIC,2025-09-30,2012566.0,2,KS,1,1,67880
NM,1.0,10919,BERN,1467.0,0.0,2022-08-31,0.0,1467.0,0.0,0.0,1889-05-04,11,11,10,KANSAS CITY,10919_20250930,DIF,1934-01-01,0,THE STATE BANK OF BERN,BERN BANCSHARES INC,3041.0,4,2,0,0,FDIC,2025-09-30,1065190.0,2,KS,0,0,66408
SM,1.0,10920,DODGE CITY,916.0,0.0,2022-08-31,0.0,916.0,-103.0,0.0,1933-01-02,11,11,10,HAYS,10920_20250930,DIF,1934-01-01,0,THE FIDELITY STATE BANK AND TRUST COMPANY,FIDELITY BANC DODGE CTY KS,5221.0,4,3,0,0,FED,2025-09-30,1060234.0,2,KS,0,1,67801
NM,1.0,10928,IRON RIVER,1179.0,0.0,2022-08-31,7.0,1307.0,0.0,121.0,1932-01-01,9,9,9,APPLETON,10928_20250930,DIF,1934-01-01,0,THE MINERS STATE BANK,MSB BANKSHARES INC,3737.0,3,6,0,0,FDIC,2025-09-30,2962344.0,4,MI,0,0,49935
NM,1.0,1092,GLADSTONE,2248.0,0.0,2022-08-31,0.0,2368.0,100.0,120.0,1912-07-01,9,9,9,APPLETON,1092_20250930,DIF,1934-01-01,0,BAYBANK,BAYBANK CORP,5229.0,3,3,0,0,FDIC,2025-09-30,2533070.0,4,MI,0,0,49837
NM,1.0,10956,SANDSTONE,4026.0,0.0,2022-08-31,2.0,5092.0,75.0,1064.0,1908-01-01,11,11,9,MINNEAPOLIS,10956_20250930,DIF,1934-01-01,0,NORTHVIEW BANK,FINLAYSON BANCSHARES INC,14872.0,3,12,0,0,FDIC,2025-09-30,1126037.0,4,MN,1,0,55072
NM,1.0,10958,MOUNTAIN LAKE,13159.0,0.0,2022-08-31,61.0,14614.0,925.0,1394.0,1919-07-21,11,11,9,MANKATO,10958_20250930,DIF,1934-01-01,0,UNITED PRAIRIE BANK,FARMERS STATE CORP,23231.0,3,10,0,0,FDIC,2025-09-30,1123885.0,2,MN,1,0,56159
SM,1.0,1095,SAULT SAINTE MAR,3717.0,0.0,2022-10-09,0.0,3717.0,717.0,0.0,1902-12-02,9,9,9,DETROIT,1095_20250930,DIF,1934-01-01,0,CENTRAL SAVINGS BANK,CENTRAL BANK CORP,15143.0,3,9,0,0,FED,2025-09-30,1246805.0,4,MI,0,0,49783
NM,1.0,10960,JANESVILLE,1042.0,0.0,2022-08-31,0.0,1135.0,5.0,93.0,1898-01-01,11,11,9,MANKATO,10960_20250930,DIF,1934-01-01,0,JANESVILLE STATE BANK,JANESVILLE HOLDING CO,2165.0,3,1,0,0,FDIC,2025-09-30,1124284.0,2,MN,1,0,56048
SM,1.0,10962,GRAND RAPIDS,898.0,0.0,2024-06-30,0.0,926.0,2951.0,28.0,1914-06-15,11,11,9,FARGO,10962_20250930,DIF,1934-01-01,0,GRAND RAPIDS STATE BANK,WILCOX BANCSHARES INC,8816.0,3,2,0,0,FED,2025-09-30,1125245.0,4,MN,1,0,55744
NM,1.0,10965,NEW LONDON,575.0,0.0,2020-01-10,1.0,616.0,83.0,40.0,1915-01-12,11,11,9,MANKATO,10965_20250930,DIF,1934-01-01,0,LAKE REGION BANK,KANDI BANCSHARES INC,4553.0,3,3,0,0,FDIC,2025-09-30,1125647.0,4,MN,1,0,56273
N,1.0,10967,PRESTON,1839.0,0.0,2022-08-31,11.0,2211.0,138.0,361.0,1911-03-11,11,11,9,MINNEAPOLIS,10967_20250930,DIF,1934-01-01,0,"F & M COMMUNITY BANK, NATIONAL ASSOCIATION",F&M FINANCIAL SERVICES INC,4992.0,3,3,0,0,OCC,2025-09-30,1122178.0,2,MN,1,0,55965
NM,1.0,10969,RANDALL,685.0,0.0,2022-08-31,0.0,685.0,125.0,0.0,1908-04-08,11,11,9,MINNEAPOLIS,10969_20250930,DIF,1934-01-01,0,RANDALL STATE BANK,SECURITY ST AGENCY AITKIN INC,2518.0,3,2,0,0,FDIC,2025-09-30,1125441.0,4,MN,0,0,56475
NM,1.0,10971,KARLSTAD,2362.0,0.0,2024-06-30,4.0,2543.0,10.0,177.0,1925-06-05,11,11,9,FARGO,10971_20250930,DIF,1934-01-01,0,PRIME SECURITY BANK,NORTH STATE BANCSHARES INC,3701.0,3,3,0,0,FDIC,2025-09-30,2130303.0,4,MN,1,0,56732
NM,1.0,10973,LAKE CITY,10809.0,0.0,2024-06-30,0.0,11091.0,-160.0,282.0,1867-01-01,11,11,9,MINNEAPOLIS,10973_20250930,DIF,1934-01-01,0,ALLIANCE BANK,ALLIANCE FINL SERVICES INC,18197.0,3,6,0,0,FDIC,2025-09-30,1127146.0,4,MN,0,0,55041
N,1.0,10976,LITCHFIELD,1727.0,0.0,2022-08-31,0.0,1727.0,145.0,0.0,1891-01-01,11,11,9,MANKATO,10976_20250930,DIF,1934-01-01,0,CENTER NATIONAL BANK,CNB FINANCIAL CORP,6712.0,3,3,0,0,OCC,2025-09-30,1246494.0,4,MN,1,0,55355
NM,1.0,10980,CALEDONIA,3589.0,0.0,2024-06-30,0.0,3785.0,144.0,196.0,1909-01-02,11,11,9,MINNEAPOLIS,10980_20250930,DIF,1934-01-01,0,ESB BANK,EITZEN INDEPENDENTS INC,4628.0,3,3,0,0,FDIC,2025-09-30,1127687.0,2,MN,1,0,55921
NM,1.0,10982,OKLEE,675.0,0.0,2024-06-30,0.0,675.0,18.0,0.0,1934-01-01,11,11,9,FARGO,10982_20250930,DIF,1934-01-01,0,SECURITY STATE BANK OF OKLEE,Unknown,1007.0,3,1,0,0,FDIC,2025-09-30,0.0,2,MN,1,0,56742
NM,1.0,10984,ALBERT LEA,1608.0,0.0,2024-06-30,195.0,1803.0,881.0,0.0,1906-01-01,11,11,9,MINNEAPOLIS,10984_20250930,DIF,1934-01-01,0,SECURITY BANK MINNESOTA,LAKE BK SHARES EMPLOYEE STK OWNERSHIP PLAN,4862.0,3,3,0,0,FDIC,2025-09-30,2728438.0,4,MN,1,0,56007
N,0.0,10988,SAINT CLOUD,66959.0,0.0,2022-08-31,233.0,69619.0,18189.0,2427.0,1912-05-28,11,11,9,MINNEAPOLIS,10988_20250930,DIF,1934-01-01,0,STEARNS BANK NATIONAL ASSOCIATION,STEARNS FINL SERVICES EMPLOYEE STK OWNERSHIP PLAN,151677.0,3,7,0,0,OCC,2025-09-30,2295837.0,4,MN,1,1,56301
NM,1.0,10989,ANNANDALE,1987.0,0.0,2024-06-30,319.0,2306.0,90.0,0.0,1893-08-15,11,11,9,MINNEAPOLIS,10989_20250930,DIF,1934-01-01,0,LAKE CENTRAL BANK,LAKE CENTRAL FINANCIAL INC,8023.0,3,3,0,0,FDIC,2025-09-30,4035943.0,4,MN,1,0,55302
SM,1.0,1098,CHATFIELD,970.0,0.0,2022-08-31,0.0,970.0,0.0,0.0,1856-11-25,11,11,9,MINNEAPOLIS,1098_20250930,DIF,1934-01-01,0,ROOT RIVER STATE BANK,JOHNSON BANCSHARES INC,1234.0,3,1,0,0,FED,2025-09-30,1126484.0,2,MN,0,0,55923
NM,1.0,10991,BIGFORK,1568.0,0.0,2024-06-30,0.0,1605.0,182.0,37.0,1912-08-12,11,11,9,FARGO,10991_20250930,DIF,1934-01-01,0,FIRST STATE BANK OF BIGFORK,BIGFORK BANCSHARES INC,2868.0,3,2,0,0,FDIC,2025-09-30,1990087.0,8,MN,0,0,56628
NM,1.0,10993,BROOTEN,1038.0,0.0,2022-08-31,7.0,1301.0,0.0,256.0,1894-02-22,11,11,9,MINNEAPOLIS,10993_20250930,DIF,1934-01-01,0,BONANZA VALLEY STATE BANK,Unknown,1630.0,3,1,0,0,FDIC,2025-09-30,0.0,2,MN,1,0,56316
NM,1.0,10998,WASECA,9185.0,0.0,2023-10-26,215.0,10165.0,279.0,765.0,1878-01-01,11,11,9,MANKATO,10998_20250930,DIF,1934-01-01,0,FM BANK,INDEPENDENT BANCSHARES INC,14555.0,3,6,0,0,FDIC,2025-09-30,2466235.0,2,MN,1,0,56093
NM,1.0,109,HORATIO,6594.0,0.0,2022-08-31,0.0,6594.0,1539.0,0.0,1905-05-05,13,13,8,LITTLE ROCK,109_20250930,DIF,1934-01-01,0,HORATIO STATE BANK,PIONEER BANCSHARES HORATIO ARK,8361.0,5,3,0,0,FDIC,2025-09-30,1139091.0,8,AR,0,0,71842
NM,1.0,11002,OSCEOLA,3086.0,0.0,2022-09-12,0.0,3086.0,225.0,0.0,1896-05-01,11,11,10,SPRINGFIELD MO,11002_20250930,DIF,1934-01-01,0,ST. CLAIR COUNTY STATE BANK,MARGARET PARKER PLATTER CHARITABLE TR,6503.0,4,4,0,0,FDIC,2025-09-30,5013694.0,2,MO,0,1,64776
NM,1.0,11003,BOLIVAR,1285.0,0.0,2025-06-01,0.0,1348.0,1332.0,63.0,1910-11-24,11,13,8,SPRINGFIELD MO,11003_20250930,DIF,1934-01-01,0,GRAND MISSOURI BANK,STARK BANCSHARES INC,2371.0,4,4,0,0,FDIC,2025-09-30,5210372.0,4,MO,0,0,65613
SM,1.0,1100,PLAINVIEW,5665.0,0.0,2024-06-30,0.0,6018.0,315.0,353.0,1925-06-29,11,11,9,MINNEAPOLIS,1100_20250930,DIF,1934-01-01,0,PEOPLES STATE BANK OF PLAINVIEW,WRZ BANKSHARES INC,9438.0,3,6,0,0,FED,2025-09-30,1427640.0,8,MN,1,0,55964
NM,1.0,11013,SHELBY,1622.0,0.0,2022-08-31,0.0,1622.0,-13.0,0.0,1910-01-01,14,14,9,BILLINGS,11013_20250930,DIF,1934-01-01,0,THE FIRST STATE BANK OF SHELBY,PRAIRIE BANCSHARES CORP,2405.0,4,1,0,0,FDIC,2025-09-30,1126493.0,2,MT,0,1,59474
SM,1.0,11035,BEDMINSTER,120334.0,0.0,2025-01-01,0.0,120890.0,15847.0,556.0,1921-09-21,2,2,2,JAMESBURG,11035_20250930,DIF,1934-01-01,0,PEAPACK PRIVATE BANK & TRUST,PEAPACK-GLADSTONE FINL CORP,147651.0,1,19,0,0,FED,2025-09-30,2651590.0,4,NJ,0,1,07921
SM,0.0,1105,BILLINGS,227312.0,0.0,2024-08-16,3475.0,257521.0,19714.0,26734.0,1916-10-09,14,14,9,BILLINGS,1105_20250930,DIF,1934-01-01,0,FIRST INTERSTATE BANK,FIRST INTRST BANCSYSTEM,634965.0,4,302,0,0,FED,2025-09-30,1123670.0,4,MT,0,1,59101
NM,0.0,11063,RALEIGH,2698000.0,0.0,2023-03-26,2000.0,3700000.0,460000.0,1000000.0,1898-01-01,5,5,5,RALEIGH,11063_20250930,DIF,1934-01-01,0,FIRST-CITIZENS BANK & TRUST COMPANY,FIRST CITIZENS BANCSHARES INC,5144000.0,1,519,0,0,FDIC,2025-09-30,1075612.0,4,NC,0,1,27601
NM,0.0,110,LITTLE ROCK,789380.0,0.0,2022-08-31,2656.0,813996.0,121945.0,21960.0,1903-03-03,13,13,8,LITTLE ROCK,110_20250930,DIF,1934-01-01,0,BANK OZK,Unknown,1185114.0,5,263,0,0,FDIC,2025-09-30,0.0,4,AR,0,1,72223
NM,1.0,11112,SOMERSET,25576.0,0.0,2022-08-31,177.0,33870.0,3287.0,8117.0,1889-01-01,2,2,4,WEXFORD,11112_20250930,DIF,1934-01-01,0,SOMERSET TRUST COMPANY,SOMERSET TRUST HOLDING CO,65262.0,1,46,0,0,FDIC,2025-09-30,2914857.0,4,PA,0,1,15501
NM,1.0,11113,SMETHPORT,4670.0,0.0,2022-08-31,0.0,4714.0,315.0,44.0,1863-12-31,2,2,3,WEXFORD,11113_20250930,DIF,1934-01-01,0,HAMLIN BANK AND TRUST COMPANY,Unknown,11140.0,1,10,0,0,FDIC,2025-09-30,0.0,5,PA,0,1,16749
NM,0.0,11124,INDIANA,117274.0,0.0,2022-08-31,15.0,123639.0,1726.0,6350.0,1902-05-21,2,2,4,WEXFORD,11124_20250930,DIF,1934-01-01,0,S&T BANK,S&T BCORP INC,261635.0,1,76,0,0,FDIC,2025-09-30,1071397.0,4,PA,0,1,15701
NM,1.0,11133,CANTON,976.0,0.0,2024-06-30,2.0,1139.0,10.0,161.0,1901-10-01,11,11,9,SIOUX FALLS,11133_20250930,DIF,1934-01-01,0,FARMERS STATE BANK OF CANTON,LINCOLN HOLDING CO,1453.0,4,1,0,0,FDIC,2025-09-30,1496244.0,2,SD,0,0,57013
NM,1.0,11159,CORPUS CHRISTI,3900.0,0.0,2022-08-31,2.0,5823.0,0.0,1921.0,1912-08-12,13,13,11,HOUSTON,11159_20250930,DIF,1934-01-01,0,TEXAS CHAMPION BANK,MESQUITE FINL SERVICES INC,13686.0,5,10,0,0,FDIC,2025-09-30,2314260.0,4,TX,0,0,78413
NM,1.0,11175,ABERNATHY,971.0,0.0,2022-08-31,27.0,1774.0,61.0,776.0,1909-01-01,13,13,11,LUBBOCK,11175_20250930,DIF,1934-01-01,0,THE FIRST STATE BANK,TURNER BANCSHARES INC,5549.0,5,3,0,0,FDIC,2025-09-30,4665322.0,2,TX,0,1,79311
SI,1.0,11178,PECOS,18552.0,0.0,2024-05-31,0.0,18560.0,-4889.0,8.0,1924-03-01,13,13,11,LUBBOCK,11178_20250930,DIF,1934-01-01,0,"TRANSPECOS BANKS, SSB",TRANSPECOS FINANCIAL CORP,18224.0,5,4,0,0,FDIC,2025-09-30,2649588.0,4,TX,1,1,79772
NM,1.0,1117,SIOUX FALLS,31063.0,0.0,2024-06-30,26.0,31594.0,1395.0,505.0,1892-01-01,11,11,9,SIOUX FALLS,1117_20250930,DIF,1934-01-01,0,AMERICAN BANK & TRUST,LEACKCO BANK HOLDING CO INC,51762.0,4,20,0,0,FDIC,2025-09-30,1131406.0,2,SD,0,1,57108
NM,1.0,11181,BROWNSBORO,1385.0,0.0,2022-08-31,22.0,1407.0,23.0,0.0,1917-02-17,13,13,11,DALLAS,11181_20250930,DIF,1934-01-01,0,FIRST STATE BANK OF BROWNSBORO,BROWNSBORO BANCSHARES INC,3216.0,5,3,0,0,FDIC,2025-09-30,3306561.0,8,TX,1,0,75756
SM,1.0,1118,ARLINGTON,2101.0,0.0,2024-06-30,0.0,2108.0,0.0,7.0,1901-08-28,11,11,9,SIOUX FALLS,1118_20250930,DIF,1934-01-01,0,"CITIZENS STATE BANK, OF ARLINGTON",Unknown,2702.0,4,3,0,0,FED,2025-09-30,0.0,2,SD,1,0,57212
NM,1.0,11225,MILTON,1912.0,0.0,2022-08-31,0.0,1990.0,48.0,78.0,1911-01-01,9,9,7,MADISON,11225_20250930,DIF,1934-01-01,0,FIRST COMMUNITY BANK,FIRST CMTY BANCSHARES CORP,3985.0,3,1,0,0,FDIC,2025-09-30,1990096.0,4,WI,1,0,53563
NM,1.0,11228,WHITEWATER,6002.0,0.0,2022-08-31,13.0,7269.0,0.0,1254.0,1863-10-25,9,9,7,MILWAUKEE,11228_20250930,DIF,1934-01-01,0,FIRST CITIZENS STATE BANK,WHITEWATER BCORP INC,11981.0,3,8,0,0,FDIC,2025-09-30,1203536.0,4,WI,0,1,53190
NM,1.0,1122,BURKE,7479.0,0.0,2024-06-30,0.0,7479.0,145.0,0.0,1905-01-01,11,11,9,SIOUX FALLS,1122_20250930,DIF,1934-01-01,0,FIRST FIDELITY BANK,FIDELITY CORP,18710.0,4,11,0,0,FDIC,2025-09-30,1121788.0,2,SD,1,0,57523
NM,1.0,11232,MILTON,2427.0,0.0,2022-08-31,1.0,2626.0,140.0,198.0,1884-03-25,9,9,7,MADISON,11232_20250930,DIF,1934-01-01,0,BANK OF MILTON,MILTON BANCSHARES INC,6408.0,3,2,0,0,FDIC,2025-09-30,2342722.0,4,WI,0,0,53563
NM,1.0,11235,BONDUEL,1800.0,0.0,2022-08-31,0.0,1800.0,58.0,0.0,1906-09-21,9,9,7,APPLETON,11235_20250930,DIF,1934-01-01,0,BONDUEL STATE BANK,BONDUEL BCORP INC,2705.0,3,1,0,0,FDIC,2025-09-30,1839252.0,4,WI,0,0,54107
NM,1.0,11236,HORICON,19487.0,0.0,2023-09-16,0.0,19551.0,2985.0,64.0,1896-09-07,9,9,7,MILWAUKEE,11236_20250930,DIF,1934-01-01,0,HORICON BANK,SWORD FINANCIAL CORP,44173.0,3,19,0,0,FDIC,2025-09-30,1202883.0,4,WI,1,1,53032
SM,0.0,11241,CONWAY,263236.0,0.0,2022-08-31,3105.0,283160.0,6506.0,16819.0,1903-01-01,13,13,8,LITTLE ROCK,11241_20250930,DIF,1934-01-01,0,CENTENNIAL BANK,HOME BANCSHARES INC,674661.0,5,234,0,0,FED,2025-09-30,1491409.0,4,AR,0,1,72032
NM,1.0,11242,MCGEHEE,2452.0,0.0,2025-08-18,6.0,2509.0,350.0,51.0,1933-12-06,13,13,8,LITTLE ROCK,11242_20250930,DIF,1934-01-01,0,PRODUCERS BANK & TRUST,MCGEHEE BK EMPLOYEE STK OWNERSHIP PLAN,5591.0,5,4,0,0,FDIC,2025-09-30,3487965.0,2,AR,1,1,71654
SM,1.0,11243,SALEM,4186.0,0.0,2024-08-31,0.0,4186.0,410.0,0.0,1908-12-09,13,13,8,LITTLE ROCK,11243_20250930,DIF,1934-01-01,0,BANK OF SALEM,SMITH ASSOCIATED BANKING CORP,8168.0,5,5,0,0,FED,2025-09-30,1098004.0,8,AR,1,0,72576
N,1.0,11252,CALICO ROCK,1822.0,0.0,2022-08-31,0.0,1822.0,800.0,0.0,1914-05-01,13,13,8,LITTLE ROCK,11252_20250930,DIF,1934-01-01,0,THE FIRST NATIONAL BANK OF IZARD COUNTY,WYATT BANCSHARES INC,7286.0,5,5,0,0,OCC,2025-09-30,1246618.0,8,AR,0,0,72519
SM,1.0,11259,GUNNISON,1431.0,0.0,2022-08-31,0.0,1679.0,75.0,248.0,1910-12-23,13,13,10,DENVER,11259_20250930,DIF,1934-01-01,0,THE GUNNISON BANK AND TRUST COMPANY,LINDOE INC,8542.0,4,2,0,0,FED,2025-09-30,1052387.0,4,CO,0,1,81230
SM,1.0,1125,FREEMAN,2366.0,0.0,2024-06-30,7.0,2635.0,0.0,262.0,1899-08-08,11,11,9,SIOUX FALLS,1125_20250930,DIF,1934-01-01,0,MERCHANTS STATE BANK,H&W HOLDING CO,6484.0,4,4,0,0,FED,2025-09-30,1363908.0,2,SD,1,0,57029
NM,1.0,11261,MCCLAVE,1548.0,0.0,2006-03-31,0.0,1623.0,150.0,75.0,1920-03-09,13,13,10,DENVER,11261_20250930,DIF,1934-01-01,0,MCCLAVE STATE BANK,Unknown,2619.0,4,2,0,0,FDIC,2025-09-30,0.0,2,CO,0,0,81057
NM,1.0,11295,SWAINSBORO,4197.0,0.0,2022-08-31,0.0,4197.0,405.0,0.0,1900-01-01,5,5,6,ALBANY GA,11295_20250930,DIF,1934-01-01,0,THE CITIZENS BANK OF SWAINSBORO,SWAINSBORO BANKSHARES INC,14393.0,5,5,0,0,FDIC,2025-09-30,1976607.0,4,GA,0,0,30401
NM,1.0,11299,ALTO PASS,3604.0,0.0,2022-08-31,0.0,3606.0,317.0,2.0,1910-01-01,9,9,8,MOUNT VERNON,11299_20250930,DIF,1934-01-01,0,"FARMERS STATE BANK OF ALTO PASS, ILL.",FARMERS STATE HOLDING CORP,14107.0,3,5,0,0,FDIC,2025-09-30,2321398.0,4,IL,1,0,62905
SM,1.0,11302,SAINT PETER,141.0,0.0,2022-08-31,0.0,141.0,0.0,0.0,1908-04-25,9,9,8,MOUNT VERNON,11302_20250930,DIF,1934-01-01,0,FIRST STATE BANK OF ST. PETER,ST PETER BANCSHARES INC,796.0,3,1,0,0,FED,2025-09-30,2294634.0,2,IL,0,0,62880
NM,1.0,11306,LA GRANGE,4673.0,0.0,2022-08-31,0.0,4673.0,0.0,0.0,1908-08-17,9,9,7,CHICAGO,11306_20250930,DIF,1934-01-01,0,FNBC BANK & TRUST,F N B C OF LA GRANGE INC,11587.0,3,3,0,0,FDIC,2025-09-30,1201532.0,4,IL,0,1,60525
NM,1.0,11307,PITTSFIELD,3273.0,0.0,2022-08-31,0.0,3273.0,205.0,0.0,1889-01-26,9,9,8,SPRINGFIELD IL,11307_20250930,DIF,1934-01-01,0,FARMERS STATE BANK,PIKE BCORP INC,10306.0,3,6,0,0,FDIC,2025-09-30,1118966.0,2,IL,1,1,62363
NM,1.0,11310,HERRIN,3748.0,0.0,2022-08-31,0.0,3748.0,0.0,0.0,1904-04-12,9,9,8,MOUNT VERNON,11310_20250930,DIF,1934-01-01,0,THE BANK OF HERRIN,FGH BCORP INC,8310.0,3,5,0,0,FDIC,2025-09-30,2527024.0,4,IL,1,1,62948
SM,1.0,11317,SALEM,1614.0,0.0,2022-08-31,1.0,2529.0,408.0,914.0,1910-12-10,9,9,8,MOUNT VERNON,11317_20250930,DIF,1934-01-01,0,THE IUKA STATE BANK,IUKA BANCSHARES INC,4880.0,3,4,0,0,FED,2025-09-30,3217180.0,4,IL,0,0,62881
NM,1.0,11319,MOUNT PULASKI,2725.0,0.0,2025-03-10,34.0,2997.0,789.0,238.0,1872-01-01,9,9,7,SPRINGFIELD IL,11319_20250930,DIF,1934-01-01,0,LONGVIEW COMMUNITY BANK,LONGVIEW CAPITAL CORP,6536.0,3,5,0,0,FDIC,2025-09-30,1204618.0,2,IL,0,0,62548
NM,1.0,11324,BUSHNELL,327.0,0.0,2022-08-31,0.0,327.0,0.0,0.0,1914-01-01,9,9,7,SPRINGFIELD IL,11324_20250930,DIF,1934-01-01,0,FARMERS AND MERCHANTS STATE BANK OF BUSHNELL,PRAIRIELAND BCORP INC,2277.0,3,2,0,0,FDIC,2025-09-30,1206368.0,2,IL,0,1,61422
NM,1.0,11343,ASHTON,771.0,0.0,2024-06-30,2.0,846.0,0.0,73.0,1884-03-01,11,11,7,SIOUX CITY,11343_20250930,DIF,1934-01-01,0,ASHTON STATE BANK,ASHTON BANCSHARES INC,1232.0,4,1,0,0,FDIC,2025-09-30,1250419.0,2,IA,1,1,51232
NM,1.0,11347,GRINNELL,4876.0,0.0,2024-06-30,621.0,8707.0,992.0,3210.0,1925-10-25,11,11,7,DES MOINES,11347_20250930,DIF,1934-01-01,0,GRINNELL STATE BANK,GRINNELL BANCSHARES INC,11830.0,4,4,0,0,FDIC,2025-09-30,1208157.0,4,IA,0,1,50112
NM,1.0,11352,SANBORN,1072.0,0.0,2024-06-30,0.0,1372.0,25.0,300.0,1899-02-01,11,11,7,SIOUX CITY,11352_20250930,DIF,1934-01-01,0,SANBORN SAVINGS BANK,SAN BCORP,1986.0,4,1,0,0,FDIC,2025-09-30,1202922.0,2,IA,1,1,51248
NM,1.0,11355,BEDFORD,1039.0,0.0,2022-08-31,4.0,1191.0,81.0,148.0,1891-11-02,9,9,8,LOUISVILLE,11355_20250930,DIF,1934-01-01,0,BEDFORD LOAN & DEPOSIT BANK,MEADE BCORP INC,3100.0,3,3,0,0,FDIC,2025-09-30,1100309.0,6,KY,0,0,40006
NM,1.0,11358,SOMERSET,2811.0,0.0,2022-08-31,0.0,2811.0,210.0,0.0,1909-08-13,9,9,4,LEXINGTON,11358_20250930,DIF,1934-01-01,0,"CUMBERLAND SECURITY BANK, INC.",FIRST COMMERCE BCORP INC,16885.0,3,4,0,0,FDIC,2025-09-30,2909170.0,4,KY,1,1,42501
NM,1.0,11407,HASTINGS,5989.0,0.0,2022-10-09,0.0,6046.0,711.0,57.0,1886-01-01,9,9,7,DETROIT,11407_20250930,DIF,1934-01-01,0,HIGHPOINT COMMUNITY BANK,HCB FINANCIAL CORP,15064.0,3,7,0,0,FDIC,2025-09-30,1136287.0,4,MI,0,1,49058
NM,1.0,11409,HAWLEY,1653.0,0.0,2024-06-30,0.0,1654.0,0.0,1.0,1892-08-01,11,11,9,FARGO,11409_20250930,DIF,1934-01-01,0,VALLEY PREMIER BANK,VALLEY PREMIER BK EMPLOYEE STK OWNERSHIP PLAN&TR,3558.0,3,2,0,0,FDIC,2025-09-30,2161437.0,8,MN,1,0,56549
NM,1.0,11411,RUSHFORD,1362.0,0.0,2024-06-30,0.0,1362.0,0.0,0.0,1867-03-07,11,11,9,MINNEAPOLIS,11411_20250930,DIF,1934-01-01,0,RUSHFORD STATE BANK (INCORPORATED),RUSHFORD STATE BCORP INC,2638.0,3,2,0,0,FDIC,2025-09-30,1132195.0,2,MN,1,0,55971
NM,1.0,11415,KIMBALL,2770.0,0.0,2022-08-31,0.0,2770.0,353.0,0.0,1901-08-08,11,11,9,MINNEAPOLIS,11415_20250930,DIF,1934-01-01,0,HARVEST BANK,CATTAIL BANCSHARES INC,5841.0,3,4,0,0,FDIC,2025-09-30,1133549.0,2,MN,1,0,55353
SM,1.0,11417,WELCOME,398.0,0.0,2022-08-31,2.0,413.0,0.0,13.0,1913-01-01,11,11,9,MANKATO,11417_20250930,DIF,1934-01-01,0,WELCOME STATE BANK,WELCOME BANCSHARES INC,1461.0,3,1,0,0,FED,2025-09-30,1126073.0,2,MN,1,0,56181
SM,1.0,1141,LA JUNTA,3043.0,0.0,2023-08-01,0.0,3394.0,112.0,351.0,1907-01-01,13,11,10,DENVER,1141_20250930,DIF,1934-01-01,0,THE COLORADO BANK AND TRUST COMPANY OF LA JUNTA,GRINNELL BANCSHARES INC,9326.0,4,2,0,0,FED,2025-09-30,1208157.0,4,CO,0,1,81050
NM,1.0,11431,YAZOO CITY,3621.0,0.0,2022-08-31,0.0,3621.0,180.0,0.0,1876-04-15,13,13,6,JACKSON MS,11431_20250930,DIF,1934-01-01,0,BANK OF YAZOO CITY,YAZOO CAPITAL CORP,6127.0,5,5,0,0,FDIC,2025-09-30,1083402.0,8,MS,0,1,39194
NM,1.0,11445,GREENVILLE,3155.0,0.0,2022-08-31,0.0,3155.0,0.0,0.0,1901-01-03,13,13,8,JACKSON MS,11445_20250930,DIF,1934-01-01,0,THE JEFFERSON BANK,SOUTHEAST ARKANSAS BANK CORP,6489.0,5,3,0,0,FDIC,2025-09-30,1137033.0,2,MS,0,0,38703
NM,1.0,11446,HOLLY SPRINGS,4732.0,0.0,2022-08-31,1.0,5049.0,0.0,316.0,1899-03-15,13,13,8,JACKSON MS,11446_20250930,DIF,1934-01-01,0,UNITY BANK OF MISSISSIPPI,UNITY CAPITAL CORP,5173.0,5,8,0,0,FDIC,2025-09-30,1100028.0,4,MS,0,1,38635
NM,1.0,11448,LUCEDALE,6746.0,0.0,2022-08-31,0.0,6757.0,240.0,11.0,1903-06-01,13,13,6,JACKSON MS,11448_20250930,DIF,1934-01-01,0,CENTURY BANK,BANCORP OF LUCEDALE INC,15716.0,5,9,0,0,FDIC,2025-09-30,2468275.0,4,MS,0,0,39452
NM,1.0,11459,JEFFERSON CITY,11200.0,0.0,2024-06-30,0.0,11746.0,319.0,546.0,1914-04-12,11,11,8,COLUMBIA MO,11459_20250930,DIF,1934-01-01,0,MID AMERICA BANK,FRIENDSHIP BANCSHARES INC,33990.0,4,11,0,0,FDIC,2025-09-30,1978151.0,4,MO,1,0,65101
NM,1.0,11462,MAYSVILLE,1476.0,0.0,2022-08-31,4.0,1613.0,130.0,133.0,1920-03-12,11,11,10,KANSAS CITY,11462_20250930,DIF,1934-01-01,0,INDEPENDENT FARMERS BANK,FARMERS BANCSHARES INC,4463.0,4,3,0,0,FDIC,2025-09-30,1416925.0,2,MO,0,0,64469
SM,1.0,11463,COLE CAMP,2894.0,0.0,2024-06-30,0.0,2894.0,0.0,0.0,1929-03-29,11,11,10,COLUMBIA MO,11463_20250930,DIF,1934-01-01,0,THE CITIZENS-FARMERS BANK OF COLE CAMP,Unknown,5417.0,4,2,0,0,FED,2025-09-30,0.0,8,MO,0,0,65325
NM,1.0,11465,GLASGOW,697.0,0.0,2024-06-30,11.0,901.0,0.0,193.0,1921-01-01,11,11,10,COLUMBIA MO,11465_20250930,DIF,1934-01-01,0,TRI-COUNTY TRUST COMPANY,BANCSHARES OF GLASGOW INC,1841.0,4,1,0,0,FDIC,2025-09-30,1064979.0,2,MO,1,1,65254
NM,1.0,11466,MANSFIELD,1690.0,0.0,2022-08-31,0.0,1823.0,64.0,133.0,1892-03-03,11,11,8,SPRINGFIELD MO,11466_20250930,DIF,1934-01-01,0,HOMEPRIDE BANK,BANC 60 INC,3698.0,4,5,0,0,FDIC,2025-09-30,1095870.0,5,MO,1,0,65704
NM,1.0,11475,HEBRON,954.0,0.0,2024-06-30,0.0,1224.0,77.0,270.0,1874-07-01,11,11,10,GRAND ISLAND,11475_20250930,DIF,1934-01-01,0,THAYER COUNTY BANK,THAYER AGENCY INC,2065.0,4,2,0,0,FDIC,2025-09-30,1058932.0,8,NE,0,1,68370
SM,1.0,11477,AUBURN,3073.0,0.0,2024-06-30,0.0,3105.0,0.0,32.0,1905-01-01,11,11,10,OMAHA,11477_20250930,DIF,1934-01-01,0,AUBURN STATE BANK,Unknown,4830.0,4,1,0,0,FED,2025-09-30,0.0,2,NE,0,0,68305
SM,1.0,1147,PRATT,6905.0,0.0,2022-08-31,0.0,7086.0,900.0,181.0,1887-05-20,11,11,10,WICHITA,1147_20250930,DIF,1934-01-01,0,THE PEOPLES BANK,PEOPLES BANKSHARES LTD THE,12854.0,4,5,0,0,FED,2025-09-30,1056657.0,2,KS,1,1,67124
NM,1.0,11482,COZAD,4565.0,0.0,2024-06-30,0.0,5106.0,298.0,541.0,1905-01-01,11,11,10,GRAND ISLAND,11482_20250930,DIF,1934-01-01,0,HOMESTEAD BANK,C S B CO,14289.0,4,11,0,0,FDIC,2025-09-30,1055696.0,2,NE,0,1,69130
NM,1.0,11491,CLOVIS,6932.0,0.0,2022-08-31,365.0,7898.0,0.0,601.0,1916-01-01,13,13,11,ALBUQUERQUE,11491_20250930,DIF,1934-01-01,0,THE CITIZENS BANK OF CLOVIS,CBC INC,11696.0,4,5,0,0,FDIC,2025-09-30,1106628.0,4,NM,1,1,88101
NM,1.0,11492,RATON,17674.0,0.0,2022-08-31,67.0,18248.0,3987.0,507.0,1918-04-09,13,13,10,ALBUQUERQUE,11492_20250930,DIF,1934-01-01,0,INBANK,INBANKSHARES CORP,37337.0,4,20,0,0,FDIC,2025-09-30,5199776.0,4,NM,0,1,87740
N,1.0,11501,SCOTIA,3938.0,0.0,2022-08-31,0.0,3938.0,1002.0,0.0,1923-01-01,2,2,2,SYRACUSE,11501_20250930,DIF,1934-01-01,0,FIRST NATIONAL BANK OF SCOTIA,GLENVILLE BANK HOLDING CO INC,20465.0,1,10,0,0,OCC,2025-09-30,3471889.0,8,NY,0,0,12302
NM,0.0,11507,FUQUAY VARINA,29475.0,0.0,2022-08-31,0.0,29475.0,2890.0,0.0,1909-01-01,5,5,5,RALEIGH,11507_20250930,DIF,1934-01-01,0,THE FIDELITY BANK,FIDELITY BANCSHARES N C INC,119018.0,1,53,0,0,FDIC,2025-09-30,1249002.0,4,NC,0,1,27526
NM,1.0,11519,NEW SALEM,2512.0,0.0,2024-06-30,169.0,2798.0,460.0,117.0,1925-01-01,11,11,9,FARGO,11519_20250930,DIF,1934-01-01,0,SECURITY FIRST BANK OF NORTH DAKOTA,OLIVER BCORP INC,9416.0,3,5,0,0,FDIC,2025-09-30,1127409.0,2,ND,1,1,58563
SM,1.0,11521,OKLAHOMA CITY,3759.0,0.0,2023-03-31,0.0,3759.0,-11.0,0.0,1903-01-01,13,13,10,OKLAHOMA CITY,11521_20250930,DIF,1934-01-01,0,CHICKASAW COMMUNITY BANK,CHICKASAW BANC HOLDING CO,12035.0,5,2,0,0,FED,2025-09-30,3045721.0,4,OK,0,0,73142
N,1.0,11522,LAWTON,18771.0,0.0,2022-08-31,1.0,18819.0,361.0,47.0,1902-01-01,13,13,10,OKLAHOMA CITY,11522_20250930,DIF,1934-01-01,0,LIBERTY NATIONAL BANK,B O E BANCSHARES INC,36714.0,5,9,0,0,OCC,2025-09-30,1065172.0,4,OK,1,0,73501
SM,1.0,11526,KREMLIN,4177.0,0.0,2024-02-12,2.0,4244.0,1000.0,65.0,1900-05-01,13,13,10,OKLAHOMA CITY,11526_20250930,DIF,1934-01-01,0,COWBOY BANK,COWBOY BANCSHARES LLC,11172.0,5,5,0,0,FED,2025-09-30,5422531.0,2,OK,1,0,73753
NM,1.0,11527,POND CREEK,579.0,0.0,2022-08-31,10.0,589.0,0.0,0.0,1893-09-16,13,13,10,OKLAHOMA CITY,11527_20250930,DIF,1934-01-01,0,"THE FIRST STATE BANK OF POND CREEK, OKLAHOMA",Unknown,2187.0,5,2,0,0,FDIC,2025-09-30,0.0,2,OK,1,0,73766
NM,1.0,11539,EHRHARDT,5008.0,0.0,2022-08-31,0.0,5008.0,675.0,0.0,1920-01-01,5,5,5,COLUMBIA SC,11539_20250930,DIF,1934-01-01,0,ENTERPRISE BANK OF SOUTH CAROLINA,VARN FINANCIAL CORP,12507.0,1,12,0,0,FDIC,2025-09-30,5975952.0,4,SC,0,0,29081
NM,1.0,11557,BURNET,2176.0,0.0,2022-08-31,2.0,2178.0,80.0,0.0,1908-10-24,13,13,11,AUSTIN,11557_20250930,DIF,1934-01-01,0,FIRST STATE BANK OF BURNET,Unknown,8101.0,5,4,0,0,FDIC,2025-09-30,0.0,4,TX,1,0,78611
NM,1.0,11559,CARTHAGE,6077.0,0.0,2022-08-31,28.0,7280.0,25.0,1175.0,1902-02-27,13,13,11,DALLAS,11559_20250930,DIF,1934-01-01,0,FIRST STATE BANK AND TRUST COMPANY,MURPHY-PAYNE INVESTMENTS LTD,8680.0,5,1,0,0,FDIC,2025-09-30,2904960.0,5,TX,0,1,75633
NM,1.0,11569,SULPHUR SPRINGS,14645.0,0.0,2022-08-31,1430.0,16075.0,5155.0,0.0,1927-06-16,13,13,11,DALLAS,11569_20250930,DIF,1934-01-01,0,ALLIANCE BANK,ALLIANCE BANCSHARES INC,30330.0,5,17,0,0,FDIC,2025-09-30,2127068.0,4,TX,1,1,75482
NM,1.0,11570,HOUSTON,6332.0,0.0,2024-05-01,0.0,6332.0,878.0,0.0,1907-01-01,13,13,11,HOUSTON,11570_20250930,DIF,1934-01-01,0,GLOBAL ONE BANK,GLOBAL ONE BANCSHARES INC,7494.0,5,2,0,0,FDIC,2025-09-30,5756889.0,4,TX,0,0,77055
SM,0.0,11578,ALEXANDRIA,92596.0,0.0,2024-12-31,0.0,104684.0,1387.0,12088.0,1852-01-01,5,5,5,RICHMOND,11578_20250930,DIF,1934-01-01,0,BURKE & HERBERT BANK & TRUST COMPANY,BURKE&HERBERT FINL SERVICES,228944.0,1,80,0,0,FED,2025-09-30,5756704.0,4,VA,0,1,22314
NM,1.0,11580,CARSON,642.0,0.0,2022-08-31,0.0,2228.0,20.0,1586.0,1911-08-10,5,5,5,RICHMOND,11580_20250930,DIF,1934-01-01,0,THE BANK OF SOUTHSIDE VIRGINIA,BANK OF SOUTHSIDE VA CORP THE,19804.0,1,15,0,0,FDIC,2025-09-30,1076105.0,8,VA,0,0,23830
NM,1.0,11582,PENNINGTON GAP,4836.0,0.0,2022-08-31,1.0,4905.0,130.0,68.0,1932-08-22,5,5,5,RICHMOND,11582_20250930,DIF,1934-01-01,0,LEE BANK AND TRUST COMPANY,LEE BANKSHARES INC,5793.0,1,3,0,0,FDIC,2025-09-30,5686799.0,4,VA,0,0,24277
SM,1.0,11595,BOSCOBEL,5542.0,0.0,2022-08-31,68.0,6158.0,377.0,548.0,1871-01-01,9,9,7,MADISON,11595_20250930,DIF,1934-01-01,0,COMMUNITY FIRST BANK,BOSCOBEL BCORP INC,15864.0,3,10,0,0,FED,2025-09-30,1492291.0,2,WI,1,0,53805
NM,1.0,11601,LAONA,3751.0,0.0,2022-08-31,0.0,3751.0,0.0,0.0,1914-01-01,9,9,9,APPLETON,11601_20250930,DIF,1934-01-01,0,LAONA STATE BANK,NORTHERN WI BK HOLDING CO INC,5271.0,3,7,0,0,FDIC,2025-09-30,1128189.0,8,WI,0,0,54541
NM,1.0,11608,LITTLE CHUTE,7195.0,0.0,2022-08-31,0.0,8127.0,186.0,932.0,1906-12-06,9,9,7,APPLETON,11608_20250930,DIF,1934-01-01,0,BLC COMMUNITY BANK,INDEPENDENT BCORP LTD,8933.0,3,1,0,0,FDIC,2025-09-30,2511313.0,4,WI,1,0,54140
NM,1.0,11623,MADISON,11098.0,0.0,2025-08-22,0.0,11530.0,1058.0,432.0,1883-10-22,9,9,7,MILWAUKEE,11623_20250930,DIF,1934-01-01,0,THE GREENWOOD'S STATE BANK,GREENWOODS FINANCIAL GROUP INC,18781.0,3,10,0,0,FDIC,2025-09-30,3618536.0,4,WI,0,0,53717
SM,1.0,1163,WAHOO,795.0,0.0,2024-06-30,40.0,1206.0,2.0,371.0,1932-01-02,11,11,10,OMAHA,1163_20250930,DIF,1934-01-01,0,WAHOO STATE BANK,HOHL FINANCIAL INC,2640.0,4,2,0,0,FED,2025-09-30,2566247.0,5,NE,1,0,68066
NM,1.0,1164,FARMINGTON,3891.0,0.0,2022-08-31,491.0,4938.0,250.0,556.0,1905-01-01,13,13,10,ALBUQUERQUE,1164_20250930,DIF,1934-01-01,0,THE CITIZENS BANK,CITIZENS BK EMPLOYEE STK OWNERSHIP&RETIREMENT SVG PLAN,21131.0,4,6,0,0,FDIC,2025-09-30,2749031.0,5,NM,1,0,87401
NM,1.0,1165,OKARCHE,836.0,0.0,2022-08-31,0.0,836.0,90.0,0.0,1892-10-28,13,13,10,OKLAHOMA CITY,1165_20250930,DIF,1934-01-01,0,THE FIRST BANK OF OKARCHE,Unknown,3746.0,5,1,0,0,FDIC,2025-09-30,0.0,2,OK,1,0,73762
NM,0.0,11666,BURLEY,38209.0,0.0,2024-08-16,3143.0,45204.0,1100.0,3852.0,1904-08-29,14,14,12,SALT LAKE CITY,11666_20250930,DIF,1934-01-01,0,D. L. EVANS BANK,D L EVANS BCORP,78389.0,4,40,0,0,FDIC,2025-09-30,2242523.0,4,ID,0,0,83318
NM,1.0,11667,PIPER CITY,1660.0,0.0,2022-08-31,0.0,1782.0,0.0,122.0,1913-07-25,9,9,7,CHAMPAIGN,11667_20250930,DIF,1934-01-01,0,VERMILION VALLEY BANK,PIPER BANKSHARES INC,4069.0,3,5,0,0,FDIC,2025-09-30,1398991.0,2,IL,1,1,60959
NM,1.0,11669,FORREST,4925.0,0.0,2022-08-31,0.0,5795.0,225.0,870.0,1914-01-01,9,9,7,CHAMPAIGN,11669_20250930,DIF,1934-01-01,0,FIRST STATE BANK OF FORREST,FORREST BANCSHARES INC,7330.0,3,6,0,0,FDIC,2025-09-30,1207981.0,4,IL,1,1,61741
NM,1.0,11670,GENESEO,14287.0,0.0,2022-08-31,0.0,19005.0,1750.0,4718.0,1907-02-01,9,9,7,PRINCETON,11670_20250930,DIF,1934-01-01,0,CENTRAL BANK ILLINOIS,CENTRAL BANC INC,35530.0,3,12,0,0,FDIC,2025-09-30,1492273.0,2,IL,0,1,61254
NM,1.0,11674,NEW BERLIN,2806.0,0.0,2022-08-31,1.0,3035.0,20.0,228.0,1877-08-29,9,9,7,SPRINGFIELD IL,11674_20250930,DIF,1934-01-01,0,WARREN-BOYNTON STATE BANK,WB BCORP INC,6575.0,3,4,0,0,FDIC,2025-09-30,1207459.0,4,IL,1,1,62670
SM,1.0,1167,MOUNTAIN VIEW,4247.0,0.0,2022-08-31,35.0,4282.0,160.0,0.0,1919-09-16,14,14,10,SALT LAKE CITY,1167_20250930,DIF,1934-01-01,0,UINTA BANK,UCSB FINANCIAL CORP,2181.0,4,3,0,0,FED,2025-09-30,3272554.0,4,WY,0,0,82939
SM,1.0,11680,ALPHA,1150.0,0.0,2022-08-31,0.0,1150.0,135.0,0.0,1910-12-01,9,9,7,PRINCETON,11680_20250930,DIF,1934-01-01,0,FARMERS STATE BANK OF WESTERN ILLINOIS,ALPHA BANCO INC,4079.0,3,6,0,0,FED,2025-09-30,1205192.0,2,IL,1,0,61413
NM,1.0,11681,ANCHOR,724.0,0.0,2022-08-31,0.0,729.0,35.0,5.0,1920-12-27,9,9,7,CHAMPAIGN,11681_20250930,DIF,1934-01-01,0,ANCHOR STATE BANK,ANCHOR BCORP INC,1524.0,3,1,0,0,FDIC,2025-09-30,1205222.0,2,IL,0,1,61720
NM,1.0,11682,ANNA,1134.0,0.0,2022-08-31,0.0,1134.0,38.0,0.0,1930-09-18,9,9,8,MOUNT VERNON,11682_20250930,DIF,1934-01-01,0,ANNA STATE BANK,ASB MANAGEMENT CORP,1863.0,3,1,0,0,FDIC,2025-09-30,2861616.0,7,IL,0,1,62906
NM,1.0,11686,CHERRY,1306.0,0.0,2022-08-31,0.0,1714.0,85.0,408.0,1906-05-06,9,9,7,PRINCETON,11686_20250930,DIF,1934-01-01,0,STATE BANK OF CHERRY,CHERRY BCORP INC,3639.0,3,1,0,0,FDIC,2025-09-30,1246403.0,2,IL,1,0,61317
NM,1.0,11699,GOODFIELD,3173.0,0.0,2022-08-31,77.0,3280.0,213.0,30.0,1920-12-14,9,9,7,PRINCETON,11699_20250930,DIF,1934-01-01,0,GOODFIELD STATE BANK,GOODFIELD FINANCIAL CORP,6887.0,3,5,0,0,FDIC,2025-09-30,3154333.0,4,IL,1,0,61742
SM,1.0,1169,SUNDANCE,3346.0,0.0,2022-08-31,0.0,3641.0,0.0,295.0,1895-01-01,14,14,10,BILLINGS,1169_20250930,DIF,1934-01-01,0,SUNDANCE STATE BANK,SUNDANCE BANKSHARES INC,7202.0,4,1,0,0,FED,2025-09-30,2629946.0,2,WY,0,0,82729
SM,1.0,11702,SHELBYVILLE,3154.0,0.0,2022-08-31,85.0,3294.0,103.0,55.0,1895-05-11,9,9,7,CHAMPAIGN,11702_20250930,DIF,1934-01-01,0,SHELBY COUNTY STATE BANK,SHELBY COUNTY BCORP INC,9246.0,3,6,0,0,FED,2025-09-30,1138058.0,2,IL,1,1,62565
NM,1.0,11706,SHERRARD,495.0,0.0,2022-08-31,0.0,495.0,0.0,0.0,1910-01-01,9,9,7,SPRINGFIELD IL,11706_20250930,DIF,1934-01-01,0,1ST COMMUNITY BANK,ILLINOIS HOLDING CO,2157.0,3,2,0,0,FDIC,2025-09-30,1204083.0,2,IL,1,0,61281
SM,1.0,11708,TEUTOPOLIS,3080.0,0.0,2022-08-31,0.0,3080.0,0.0,0.0,1905-01-01,9,9,8,MOUNT VERNON,11708_20250930,DIF,1934-01-01,0,TEUTOPOLIS STATE BANK,TEUTOPOLIS HOLDING CO,8626.0,3,3,0,0,FED,2025-09-30,1928615.0,8,IL,0,0,62467
NM,1.0,11711,RANTOUL,3182.0,0.0,2022-08-31,25.0,3310.0,225.0,103.0,1920-11-25,9,9,7,CHAMPAIGN,11711_20250930,DIF,1934-01-01,0,BANK OF RANTOUL,BANCORP OF RANTOUL INC,6167.0,3,2,0,0,FDIC,2025-09-30,1138526.0,2,IL,1,1,61866
NM,1.0,11715,YATES CITY,981.0,0.0,2022-08-31,0.0,981.0,170.0,0.0,1871-01-01,9,9,7,PRINCETON,11715_20250930,DIF,1934-01-01,0,BANK OF YATES CITY,FIRST BCORP INC,2280.0,3,2,0,0,FDIC,2025-09-30,1142297.0,2,IL,1,0,61572
SM,1.0,11716,HARTSBURG,56.0,0.0,2022-08-31,9.0,65.0,0.0,0.0,1901-03-13,9,9,7,SPRINGFIELD IL,11716_20250930,DIF,1934-01-01,0,HARTSBURG STATE BANK,Unknown,366.0,3,1,0,0,FED,2025-09-30,0.0,2,IL,0,0,62643
NM,1.0,11719,LIBERTY,1680.0,0.0,2025-06-26,0.0,1680.0,18.0,0.0,1903-06-23,9,9,8,SPRINGFIELD IL,11719_20250930,DIF,1934-01-01,0,LIBERTY BANK,LIBERTY BCORP INC,5872.0,3,6,0,0,FDIC,2025-09-30,1100297.0,2,IL,0,0,62347
NM,1.0,11722,NEWTON,8459.0,0.0,2022-08-31,462.0,10035.0,450.0,1114.0,1875-01-01,9,9,8,MOUNT VERNON,11722_20250930,DIF,1934-01-01,0,"THE PEOPLES STATE BANK OF NEWTON, ILLINOIS",PEOPLES BCORP INC,16646.0,3,9,0,0,FDIC,2025-09-30,5580712.0,2,IL,0,1,62448
NM,1.0,11729,CHAMPAIGN,14596.0,0.0,2023-05-31,524.0,16027.0,-38.0,907.0,1921-01-01,9,9,7,CHAMPAIGN,11729_20250930,DIF,1934-01-01,0,CIBM BANK,CIB MARINE BANCSHARES INC,16867.0,3,9,0,0,FDIC,2025-09-30,1139532.0,4,IL,0,1,61821
NM,1.0,11731,FAIRVIEW,326.0,0.0,2022-08-31,0.0,326.0,37.0,0.0,1915-07-01,9,9,7,SPRINGFIELD IL,11731_20250930,DIF,1934-01-01,0,FAIRVIEW STATE BANKING COMPANY,FSB HOLDINGS INC,1305.0,3,1,0,0,FDIC,2025-09-30,5399576.0,2,IL,0,0,61432
NM,1.0,11732,FARMINGTON,3171.0,0.0,2022-08-31,0.0,3171.0,135.0,0.0,1903-01-01,9,9,7,SPRINGFIELD IL,11732_20250930,DIF,1934-01-01,0,BANK OF FARMINGTON,FARMINGTON BCORP INC,5442.0,3,5,0,0,FDIC,2025-09-30,1491717.0,2,IL,0,0,61531
NM,1.0,11734,FLANAGAN,3516.0,0.0,2022-08-31,8.0,3851.0,180.0,327.0,1913-01-01,9,9,7,CHAMPAIGN,11734_20250930,DIF,1934-01-01,0,FLANAGAN STATE BANK,HOMETOWN FINANCIAL GROUP INC,6896.0,3,15,0,0,FDIC,2025-09-30,2494153.0,2,IL,1,1,61740
NM,1.0,11739,ORION,6188.0,0.0,2022-08-31,79.0,7508.0,350.0,1241.0,1890-05-21,9,9,7,PRINCETON,11739_20250930,DIF,1934-01-01,0,BANKORION,ORION BCORP INC,15103.0,3,9,0,0,FDIC,2025-09-30,1210048.0,4,IL,0,0,61273
NM,1.0,11741,FORRESTON,5377.0,0.0,2022-08-31,2.0,7152.0,0.0,1773.0,1887-01-01,9,9,7,PRINCETON,11741_20250930,DIF,1934-01-01,0,SOLUTIONS BANK,HIGH POINT FINL SERVICES INC,10171.0,3,6,0,0,FDIC,2025-09-30,1916948.0,2,IL,1,0,61030
NM,1.0,11746,IROQUOIS,1625.0,0.0,2022-08-31,28.0,1653.0,68.0,0.0,1919-01-01,9,9,7,CHAMPAIGN,11746_20250930,DIF,1934-01-01,0,IROQUOIS FARMERS STATE BANK,S&H HOLDINGS INC,4043.0,3,6,0,0,FDIC,2025-09-30,1205062.0,2,IL,1,0,60945
NM,1.0,11747,JACKSONVILLE,1141.0,0.0,2023-04-02,0.0,1141.0,16.0,0.0,1910-01-01,9,9,8,SPRINGFIELD IL,11747_20250930,DIF,1934-01-01,0,THE FARMERS STATE BANK AND TRUST COMPANY,FARMERS HOLDING CO,5179.0,3,2,0,0,FDIC,2025-09-30,1099793.0,8,IL,0,1,62650
NM,1.0,11750,KAMPSVILLE,982.0,0.0,2021-08-29,0.0,982.0,0.0,0.0,1908-12-01,9,9,8,SPRINGFIELD IL,11750_20250930,DIF,1934-01-01,0,BANK OF KAMPSVILLE,KAMPSVILLE BANCSHARES INC,2429.0,3,4,0,0,FDIC,2025-09-30,3210369.0,7,IL,0,0,62053
NM,1.0,11759,WYOMING,1515.0,0.0,2024-06-30,1.0,1606.0,67.0,90.0,1913-01-01,11,11,7,CEDAR RAPIDS,11759_20250930,DIF,1934-01-01,0,CITIZENS STATE BANK,C S B HOLDING CORP,3409.0,4,4,0,0,FDIC,2025-09-30,1210301.0,2,IA,1,1,52362
SM,1.0,11763,AMES,12910.0,0.0,2024-06-30,2.0,14445.0,455.0,1533.0,1884-06-01,11,11,7,DES MOINES,11763_20250930,DIF,1934-01-01,0,VISIONBANK OF IOWA,VISIONBANKSHARES INC,22581.0,4,13,0,0,FED,2025-09-30,4442596.0,4,IA,1,0,50010
NM,1.0,11764,SIBLEY,1005.0,0.0,2024-06-30,28.0,1033.0,0.0,0.0,1894-01-01,11,11,7,SIOUX CITY,11764_20250930,DIF,1934-01-01,0,SIBLEY STATE BANK,CYPRESS CORP,2634.0,4,1,0,0,FDIC,2025-09-30,1199808.0,2,IA,0,1,51249
NM,1.0,11767,ELKADER,5677.0,0.0,2024-06-30,25.0,6151.0,75.0,449.0,1903-01-01,11,11,7,CEDAR RAPIDS,11767_20250930,DIF,1934-01-01,0,FREEDOMBANK,FREEDOMBANK SHARES EMPLOYEE STK OWNERSHIP PLAN,9535.0,4,4,0,0,FDIC,2025-09-30,2208033.0,2,IA,1,1,52043
NM,1.0,11771,CARROLL,21468.0,0.0,2024-06-30,113.0,25419.0,1317.0,3838.0,1870-01-01,11,11,7,DES MOINES,11771_20250930,DIF,1934-01-01,0,AVAILA BANK,CARROLL COUNTY BANCSHARES INC,31806.0,4,15,0,0,FDIC,2025-09-30,1203451.0,2,IA,0,1,51401
NM,1.0,11777,PARSONS,3089.0,0.0,2022-08-31,0.0,3089.0,-3.0,0.0,1874-05-30,11,11,10,SPRINGFIELD MO,11777_20250930,DIF,1934-01-01,0,COMMERCIAL BANK,Unknown,8755.0,4,8,0,0,FDIC,2025-09-30,0.0,8,KS,1,1,67357
SM,1.0,11778,ELLSWORTH,3052.0,0.0,2022-08-31,0.0,4163.0,80.0,1111.0,1900-05-31,11,11,10,HAYS,11778_20250930,DIF,1934-01-01,0,"CITIZENS STATE BANK AND TRUST CO., ELLSWORTH, KANSAS",CSB BANCSHARES AMENDED ESOP,5505.0,4,6,0,0,FED,2025-09-30,2855679.0,2,KS,1,1,67439
NM,1.0,11782,ABBEVILLE,2007.0,0.0,2022-08-31,0.0,2030.0,27.0,23.0,1894-03-14,13,13,6,BATON ROUGE,11782_20250930,DIF,1934-01-01,0,BANK OF ABBEVILLE & TRUST COMPANY,BOA FINANCIAL CORP,5611.0,5,3,0,0,FDIC,2025-09-30,5587485.0,4,LA,1,1,70510
NM,1.0,11785,COLUMBIA,5476.0,0.0,2022-08-31,0.0,5589.0,95.0,113.0,1902-01-01,13,13,11,SHREVEPORT,11785_20250930,DIF,1934-01-01,0,CALDWELL BANK & TRUST COMPANY,CALDWELL HOLDING CO,9175.0,5,5,0,0,FDIC,2025-09-30,1108985.0,2,LA,1,1,71418
NM,1.0,11788,SUNSET,2177.0,0.0,2023-03-09,0.0,2180.0,235.0,3.0,1906-01-01,13,13,6,BATON ROUGE,11788_20250930,DIF,1934-01-01,0,BANK OF SUNSET AND TRUST COMPANY,SUNSET BCORP INC,6513.0,5,4,0,0,FDIC,2025-09-30,2376727.0,4,LA,0,1,70584
NM,1.0,11792,WINNSBORO,2689.0,0.0,2022-08-31,0.0,2689.0,15.0,0.0,1908-01-01,13,13,11,SHREVEPORT,11792_20250930,DIF,1934-01-01,0,FRANKLIN STATE BANK & TRUST COMPANY,FRANKLIN BCORP INC,7259.0,5,4,0,0,FDIC,2025-09-30,1109731.0,2,LA,1,1,71295
NM,1.0,11807,GRAND RAPIDS,10567.0,0.0,2022-10-09,0.0,12684.0,833.0,2117.0,1903-01-01,9,9,7,DETROIT,11807_20250930,DIF,1934-01-02,0,UNITED BANK OF MICHIGAN,UNITED BANK FINANCIAL CORP,25726.0,3,13,0,0,FDIC,2025-09-30,1207392.0,4,MI,0,0,49546
SM,1.0,11810,EAST TAWAS,2468.0,0.0,2022-08-31,116.0,2607.0,555.0,23.0,1927-06-14,9,9,7,DETROIT,11810_20250930,DIF,1934-01-01,0,HURON COMMUNITY BANK,HURON CMTY FINL SERVICES INC,8308.0,3,8,0,0,FED,2025-09-30,1416608.0,4,MI,0,0,48730
SM,0.0,11813,TUPELO,715921.0,0.0,2025-07-01,4881.0,774481.0,83000.0,53679.0,1876-03-01,13,13,8,JACKSON MS,11813_20250930,DIF,1934-01-01,0,CADENCE BANK,Unknown,1165018.0,5,416,0,0,FED,2025-09-30,0.0,4,MS,0,1,38804
SM,1.0,11817,RICHTON,220.0,0.0,2025-02-03,0.0,220.0,0.0,0.0,1931-01-01,13,13,6,JACKSON MS,11817_20250930,DIF,1934-01-01,0,RICHTON BANK & TRUST COMPANY,CENTON BCORP INC,1417.0,5,2,0,0,FED,2025-09-30,2782609.0,8,MS,1,0,39476
NM,1.0,11821,HARDIN,7101.0,0.0,2022-08-31,0.0,7560.0,4300.0,459.0,1919-01-01,14,14,9,BILLINGS,11821_20250930,DIF,1934-01-01,0,LITTLE HORN STATE BANK,BITTERROOT HOLDING CO,10532.0,4,3,0,0,FDIC,2025-09-30,1128880.0,4,MT,0,0,59034
NM,1.0,11823,MANHATTAN,2583.0,0.0,2022-08-31,0.0,2925.0,135.0,342.0,1905-10-05,14,14,9,BILLINGS,11823_20250930,DIF,1934-01-01,0,MANHATTAN BANK,MSB FINANCIAL INC,7205.0,4,4,0,0,FDIC,2025-09-30,2851318.0,8,MT,1,0,59741
SM,1.0,1184,DEL RIO,3678.0,0.0,2023-01-13,0.0,3678.0,226.0,0.0,1910-01-01,13,13,11,AUSTIN,1184_20250930,DIF,1934-01-01,0,"THE BANK AND TRUST, S.S.B.",WESTEX BCORP INC,17047.0,5,9,0,0,FED,2025-09-30,1105014.0,8,TX,1,0,78840
SM,1.0,11860,KILLBUCK,7862.0,0.0,2022-08-31,0.0,10213.0,269.0,2351.0,1900-01-01,9,9,4,COLUMBUS,11860_20250930,DIF,1934-01-01,0,THE KILLBUCK SAVINGS BANK COMPANY,KILLBUCK BANCSHARES INC,20479.0,3,13,0,0,FED,2025-09-30,2010759.0,4,OH,0,0,44637
NM,1.0,11862,BEAVER,2284.0,0.0,2022-08-31,0.0,2449.0,45.0,165.0,1902-01-01,13,13,10,OKLAHOMA CITY,11862_20250930,DIF,1934-01-01,0,THE BANK OF BEAVER CITY,BEAVER BCORP INC,4520.0,5,2,0,0,FDIC,2025-09-30,1066263.0,2,OK,1,0,73932
NM,1.0,11868,DUNMORE,35082.0,0.0,2022-08-31,0.0,35380.0,1000.0,298.0,1903-05-11,2,2,3,PHILADELPHIA,11868_20250930,DIF,1934-01-01,0,THE FIDELITY DEPOSIT AND DISCOUNT BANK,FIDELITY D&D BCORP INC,54402.0,1,23,0,0,FDIC,2025-09-30,2858773.0,4,PA,0,1,18512
NM,1.0,11891,CLARENDON,531.0,0.0,2017-01-31,0.0,531.0,22.0,0.0,1906-01-01,13,13,11,LUBBOCK,11891_20250930,DIF,1934-01-01,0,THE DONLEY COUNTY STATE BANK,DONLEY COUNTY BANCSHARES INC,913.0,5,1,0,0,FDIC,2025-09-30,2126669.0,2,TX,1,0,79226
NM,1.0,11903,BOERNE,1864.0,0.0,2022-08-31,1.0,1865.0,2026.0,0.0,1931-10-23,13,13,11,AUSTIN,11903_20250930,DIF,1934-01-01,0,TEXAS HERITAGE BANK,LIBERTY CAPITAL BANCSHARES INC,7697.0,5,4,0,0,FDIC,2025-09-30,3810956.0,4,TX,1,0,78006
NM,1.0,11904,BEN WHEELER,1586.0,0.0,2022-08-31,2.0,1588.0,1.0,0.0,1911-02-17,13,13,11,DALLAS,11904_20250930,DIF,1934-01-01,0,"FIRST STATE BANK OF BEN WHEELER, TEXAS",Unknown,3975.0,5,4,0,0,FDIC,2025-09-30,0.0,5,TX,1,0,75754
NM,1.0,11905,CORRIGAN,2365.0,0.0,2022-08-31,0.0,2365.0,330.0,0.0,1919-01-01,13,13,11,HOUSTON,11905_20250930,DIF,1934-01-01,0,CITIZENS STATE BANK,CITIZENS STATE FINANCIAL CORP,5538.0,5,2,0,0,FDIC,2025-09-30,1105818.0,8,TX,1,1,75939
NM,1.0,11907,FARWELL,5971.0,0.0,2022-08-31,0.0,5996.0,430.0,25.0,1925-01-01,13,13,11,LUBBOCK,11907_20250930,DIF,1934-01-01,0,SECURITY STATE BANK,Unknown,9258.0,5,1,0,0,FDIC,2025-09-30,0.0,2,TX,1,1,79325
NM,1.0,11916,BUCKHOLTS,1083.0,0.0,2022-08-31,0.0,1083.0,0.0,0.0,1907-01-01,13,13,11,AUSTIN,11916_20250930,DIF,1934-01-01,0,THE BUCKHOLTS STATE BANK,Unknown,4223.0,5,3,0,0,FDIC,2025-09-30,0.0,4,TX,1,0,76518
NM,1.0,11922,ORANGE,5696.0,0.0,2020-04-30,0.0,5696.0,933.0,0.0,1914-08-12,13,13,11,HOUSTON,11922_20250930,DIF,1934-01-01,0,FIRST STATE BANK OF TEXAS,COUNTY BANCSHARES INC,11101.0,5,6,0,0,FDIC,2025-09-30,4935502.0,4,TX,1,0,77630
NM,1.0,11932,CRANFILLS GAP,1251.0,0.0,2022-08-31,0.0,1401.0,4.0,150.0,1910-01-01,13,13,11,DALLAS,11932_20250930,DIF,1934-01-01,0,FIRST SECURITY STATE BANK,BOSQUE BANCSHARES INC,4101.0,5,4,0,0,FDIC,2025-09-30,1135057.0,5,TX,1,0,76637
NM,1.0,11934,DALLAS,13566.0,0.0,2022-08-31,0.0,13566.0,317.0,0.0,1911-08-01,13,13,11,DALLAS,11934_20250930,DIF,1934-01-01,0,DOMINION BANK,DOMINION BANCSHARES INC,15418.0,5,3,0,0,FDIC,2025-09-30,5307638.0,4,TX,0,0,75252
NM,1.0,11935,GEORGETOWN,7961.0,0.0,2024-11-16,0.0,7961.0,242.0,0.0,1898-01-01,13,13,11,AUSTIN,11935_20250930,DIF,1934-01-01,0,FIRST TEXAS BANK,FIRST TEXAS BCORP INC,30605.0,5,11,0,0,FDIC,2025-09-30,1100813.0,4,TX,0,0,78626
NM,1.0,11952,WALTON,8037.0,0.0,2024-01-02,0.0,8037.0,359.0,0.0,1908-09-24,5,5,5,SCOTT DEPOT,11952_20250930,DIF,1934-01-01,0,"THE POCA VALLEY BANK, INC.",POCA VALLEY BANKSHARES INC THE,16533.0,1,8,0,0,FDIC,2025-09-30,2152734.0,4,WV,0,0,25286
NM,1.0,11953,PETERSBURG,4331.0,0.0,2024-01-02,0.0,4832.0,646.0,501.0,1902-08-06,5,5,5,SCOTT DEPOT,11953_20250930,DIF,1934-01-01,0,THE GRANT COUNTY BANK,HIGHLANDS BANKSHARES INC,10857.0,1,7,0,0,FDIC,2025-09-30,1131750.0,4,WV,0,1,26847
NM,1.0,11971,BAR HARBOR,47441.0,0.0,2025-07-31,9.0,53277.0,5080.0,5827.0,1887-09-15,2,2,1,CONCORD,11971_20250930,DIF,1934-01-01,0,BAR HARBOR BANK & TRUST,BAR HARBOR BANKSHARES,98548.0,1,63,0,0,FDIC,2025-09-30,1115385.0,4,ME,0,1,04609
NM,1.0,1198,LLANO,1861.0,0.0,2022-08-31,0.0,1861.0,100.0,0.0,1923-03-16,13,13,11,AUSTIN,1198_20250930,DIF,1934-01-01,0,ARROWHEAD BANK,ARROWHEAD CO,9745.0,5,5,0,0,FDIC,2025-09-30,1237447.0,8,TX,0,1,78643
SI,0.0,12010,JERSEY CITY,295772.0,0.0,2024-05-16,1887.0,359327.0,4794.0,61668.0,1839-02-28,2,2,2,JAMESBURG,12010_20250930,DIF,1934-01-01,0,PROVIDENT BANK,PROVIDENT FINL SERVICES INC,588517.0,1,145,0,0,FDIC,2025-09-30,3133637.0,4,NJ,0,1,07302
SI,1.0,12013,ELIZABETH,37673.0,0.0,2022-08-31,5840.0,43513.0,151.0,0.0,1883-10-01,2,2,2,JAMESBURG,12013_20250930,DIF,1934-01-01,1,UNION COUNTY SAVINGS BANK,Unknown,-5325.0,1,4,0,0,FDIC,2025-09-30,0.0,9,NJ,0,0,07208
NM,1.0,12079,HAHIRA,2293.0,0.0,2022-08-31,0.0,2293.0,277.0,0.0,1927-02-21,5,5,6,ALBANY GA,12079_20250930,DIF,1934-01-01,0,CITIZENS COMMUNITY BANK,CCB BANCSHARES INC,6221.0,5,4,0,0,FDIC,2025-09-30,1084696.0,4,GA,1,0,31632
NM,1.0,12086,SAINTE MARIE,146.0,0.0,2021-08-29,0.0,146.0,0.0,0.0,1900-01-01,9,9,8,MOUNT VERNON,12086_20250930,DIF,1934-01-01,0,SAINTE MARIE STATE BANK,Unknown,453.0,3,2,0,0,FDIC,2025-09-30,0.0,2,IL,0,0,62459
NM,1.0,12087,SPRING VALLEY,2077.0,0.0,2022-08-31,0.0,2243.0,97.0,166.0,1905-11-01,9,9,7,PRINCETON,12087_20250930,DIF,1934-01-01,0,SPRING VALLEY CITY BANK,SPRING VALLEY BCORP INC,4334.0,3,2,0,0,FDIC,2025-09-30,1139596.0,4,IL,0,0,61362
N,0.0,1208,MOUNT PLEASANT,38347.0,0.0,2022-08-31,624.0,39178.0,-300.0,207.0,1913-01-17,13,13,11,DALLAS,1208_20250930,DIF,1934-01-01,0,"GUARANTY BANK & TRUST, N.A.",GUARANTY BANCSHARES INC,84511.0,5,34,0,0,OCC,2025-09-30,1862036.0,4,TX,0,1,75455
SM,1.0,12098,DONGOLA,287.0,0.0,2022-08-31,0.0,303.0,0.0,16.0,1906-05-01,9,9,8,MOUNT VERNON,12098_20250930,DIF,1934-01-01,0,THE FIRST STATE BANK OF DONGOLA,TRI-COUNTY HOLDINGS INC,937.0,3,2,0,0,FED,2025-09-30,3584006.0,8,IL,1,0,62926
N,1.0,1209,NACOGDOCHES,18597.0,0.0,2022-08-31,0.0,18597.0,1450.0,0.0,1901-10-14,13,13,11,HOUSTON,1209_20250930,DIF,1934-01-01,0,"COMMERCIAL BANK OF TEXAS, NATIONAL ASSOCIATION",NACOGDOCHES COML BANCSHARES,43723.0,5,23,0,0,OCC,2025-09-30,1107595.0,4,TX,0,1,75961
NM,1.0,12107,ELMWOOD,736.0,0.0,2022-08-31,41.0,909.0,0.0,132.0,1864-12-06,9,9,7,PRINCETON,12107_20250930,DIF,1934-01-01,0,FARMERS STATE BANK,ELMWOOD BANCSHARES INC,1387.0,3,1,0,0,FDIC,2025-09-30,1209819.0,2,IL,1,0,61529
SM,0.0,1210,DALLAS,49319.0,0.0,2025-02-28,0.0,49800.0,11127.0,481.0,1912-01-25,13,13,11,DALLAS,1210_20250930,DIF,1934-01-01,0,VISTA BANK,VISTA BANCSHARES INC,69784.0,5,17,0,0,FED,2025-09-30,1135897.0,4,TX,0,1,75225
NM,1.0,12113,BREESE,5812.0,0.0,2021-08-29,0.0,7124.0,91.0,1312.0,1906-02-06,9,9,8,MOUNT VERNON,12113_20250930,DIF,1934-01-01,0,GERMANTOWN TRUST & SAVINGS BANK,GERMANTOWN BANC CORP,10898.0,3,4,0,0,FDIC,2025-09-30,1098741.0,2,IL,1,1,62230
NM,1.0,12121,BUCKLEY,275.0,0.0,2022-08-31,1.0,276.0,193.0,0.0,1920-11-19,9,9,7,CHAMPAIGN,12121_20250930,DIF,1934-01-01,0,BUCKLEY STATE BANK,BUCKLEY BCORP INC,1749.0,3,1,0,0,FDIC,2025-09-30,1492992.0,2,IL,0,0,60918
NM,1.0,12126,SIGOURNEY,2744.0,0.0,2024-06-30,0.0,2999.0,464.0,255.0,1884-01-01,11,11,7,CEDAR RAPIDS,12126_20250930,DIF,1934-01-01,0,COUNTY BANK,FOUNTAIN VIEW BCORP INC,8116.0,4,5,0,0,FDIC,2025-09-30,2745613.0,2,IA,1,1,52591
NM,1.0,12128,SPILLVILLE,2439.0,0.0,2024-06-30,7.0,2620.0,0.0,174.0,1908-01-01,11,11,7,CEDAR RAPIDS,12128_20250930,DIF,1934-01-01,0,CITIZENS SAVINGS BANK,Unknown,1982.0,4,3,0,0,FDIC,2025-09-30,0.0,2,IA,0,1,52168
NM,1.0,12135,LYNDON,962.0,0.0,2022-08-31,1.0,1310.0,0.0,347.0,1901-08-01,11,11,10,KANSAS CITY,12135_20250930,DIF,1934-01-01,0,THE LYNDON STATE BANK,CMJR INVESTMENTS INC,3321.0,4,3,0,0,FDIC,2025-09-30,1416617.0,2,KS,1,0,66451
NM,1.0,12136,WILSON,1132.0,0.0,2022-08-31,0.0,1330.0,23.0,198.0,1886-07-16,11,11,10,HAYS,12136_20250930,DIF,1934-01-01,0,THE WILSON STATE BANK,WILSON BANCSHARES INC,3216.0,4,4,0,0,FDIC,2025-09-30,2356251.0,2,KS,1,0,67490
NM,1.0,12139,SPEARVILLE,676.0,0.0,2022-08-31,0.0,889.0,20.0,213.0,1902-01-01,11,11,10,HAYS,12139_20250930,DIF,1934-01-01,0,FORD COUNTY STATE BANK,Unknown,1245.0,4,1,0,0,FDIC,2025-09-30,0.0,2,KS,0,0,67876
SI,1.0,1213,HOUSTON,37005.0,0.0,2024-10-29,0.0,49690.0,1213.0,12685.0,1906-12-06,13,13,11,HOUSTON,1213_20250930,DIF,1934-01-01,0,"CORNERSTONE CAPITAL BANK, SSB",CORNERSTONE CAPITAL BCORP INC,33949.0,5,7,0,0,FDIC,2025-09-30,6013468.0,9,TX,0,0,77027
NM,1.0,12149,IRVINGTON,4273.0,0.0,2022-08-31,19.0,4522.0,20.0,230.0,1903-01-01,9,9,8,LOUISVILLE,12149_20250930,DIF,1934-01-01,0,FIRST STATE BANK,FIRST BRECKINRIDGE BANCSHARES,10950.0,3,3,0,0,FDIC,2025-09-30,1119404.0,4,KY,0,0,40146
NM,1.0,12162,ELKTON,1779.0,0.0,2022-08-31,116.0,1895.0,60.0,0.0,1866-01-01,9,9,8,MOUNT VERNON,12162_20250930,DIF,1934-01-01,0,ELKTON BANK & TRUST COMPANY,ELKTON BCORP INC,4772.0,3,4,0,0,FDIC,2025-09-30,1099841.0,8,KY,0,1,42220
NM,1.0,12163,MILTON,4065.0,0.0,2022-08-31,4.0,4990.0,0.0,921.0,1902-01-01,9,9,8,LOUISVILLE,12163_20250930,DIF,1934-01-01,0,THE FARMERS BANK OF MILTON,FARMERS FINANCIAL CORP,6293.0,3,5,0,0,FDIC,2025-09-30,3017700.0,8,KY,0,0,40045
NM,1.0,12166,RADCLIFF,11082.0,0.0,2022-08-31,6.0,12910.0,152.0,1822.0,1914-07-01,9,9,8,LOUISVILLE,12166_20250930,DIF,1934-01-01,0,WEST POINT BANK,FIRST BRECKINRIDGE BANCSHARES,10916.0,3,5,0,0,FDIC,2025-09-30,1119404.0,4,KY,0,0,40160
NM,1.0,1218,SPEARMAN,3455.0,0.0,2022-08-31,1.0,3457.0,245.0,1.0,1917-01-01,13,13,11,LUBBOCK,1218_20250930,DIF,1934-01-01,0,FIRST STATE BANK,FIRST STATE BANKSHARES INC,5651.0,5,2,0,0,FDIC,2025-09-30,1417137.0,2,TX,1,1,79081
SM,1.0,1219,WELLINGTON,8401.0,0.0,2022-08-31,0.0,8401.0,360.0,0.0,1906-01-01,13,13,11,LUBBOCK,1219_20250930,DIF,1934-01-01,0,WELLINGTON STATE BANK,WSB BANCSHARES INC,14599.0,5,14,0,0,FED,2025-09-30,2007218.0,2,TX,1,0,79095
NM,1.0,12201,CLEVELAND,3152.0,0.0,2022-08-31,0.0,3285.0,90.0,133.0,1908-02-08,13,13,8,JACKSON MS,12201_20250930,DIF,1934-01-01,0,THE CLEVELAND STATE BANK,CLEVELAND STATE BCORP INC,7994.0,5,4,0,0,FDIC,2025-09-30,1913684.0,4,MS,0,1,38732
NM,1.0,12203,PASCAGOULA,1936.0,0.0,2024-04-10,0.0,5745.0,721.0,3809.0,1932-01-11,13,13,6,JACKSON MS,12203_20250930,DIF,1934-01-01,0,MERCHANTS & MARINE BANK,MERCHANTS&MARINE BCORP INC,28089.0,5,18,0,0,FDIC,2025-09-30,3696093.0,4,MS,0,1,39567
NM,1.0,12204,PHILADELPHIA,13661.0,0.0,2022-08-31,7034.0,20695.0,1679.0,0.0,1908-01-01,13,13,6,JACKSON MS,12204_20250930,DIF,1934-01-01,0,"THE CITIZENS BANK OF PHILADELPHIA, MISSISSIPPI",CITIZENS HOLDING CO,32570.0,5,26,0,0,FDIC,2025-09-30,1083475.0,4,MS,0,1,39350
SM,1.0,12207,WINONA,1582.0,0.0,2023-08-01,0.0,1582.0,0.0,0.0,1885-06-15,13,13,8,JACKSON MS,12207_20250930,DIF,1934-01-01,0,BANK OF WINONA,BANCORP OF WINONA INC,3089.0,5,1,0,0,FED,2025-09-30,3229503.0,7,MS,1,1,38967
SM,1.0,12208,BELGRADE,8224.0,0.0,2008-12-31,0.0,8224.0,270.0,0.0,1906-06-19,11,11,8,ST. LOUIS,12208_20250930,DIF,1934-01-01,0,BELGRADE STATE BANK,TURNER BANCSHARES INC,14708.0,4,6,0,0,FED,2025-09-30,1136988.0,4,MO,0,0,63622
NM,1.0,12214,LEWISTOWN,4533.0,0.0,2022-08-31,0.0,4533.0,175.0,0.0,1928-09-08,11,11,8,ST. LOUIS,12214_20250930,DIF,1934-01-01,0,UNITED STATE BANK,RIVER VALLEY BANCSHARES INC,8578.0,4,6,0,0,FDIC,2025-09-30,1096091.0,2,MO,1,0,63452
NM,1.0,12219,ST. CHARLES,5737.0,0.0,2022-08-31,2.0,7485.0,0.0,1746.0,1867-05-10,11,11,8,ST. LOUIS,12219_20250930,DIF,1934-01-01,0,"FIRST STATE BANK OF ST. CHARLES, MISSOURI",FIRST STATE BANCSHARES INC,14306.0,4,9,0,0,FDIC,2025-09-30,1416550.0,5,MO,0,0,63301
NM,1.0,12220,BRUNSWICK,1066.0,0.0,2024-06-30,0.0,1085.0,27.0,19.0,1877-04-02,11,11,10,COLUMBIA MO,12220_20250930,DIF,1934-01-01,0,COUNTY BANK,CHARITON COUNTY BANCSHARES INC,4032.0,4,2,0,0,FDIC,2025-09-30,1067877.0,8,MO,1,0,65236
SM,1.0,12223,FULTON,4674.0,0.0,2024-06-30,677.0,5840.0,360.0,489.0,1857-01-01,11,11,8,COLUMBIA MO,12223_20250930,DIF,1934-01-01,0,THE CALLAWAY BANK,CALLAWAY SECURITY BANKS INC,14271.0,4,6,0,0,FED,2025-09-30,1097098.0,4,MO,0,1,65251
NM,1.0,12225,WRIGHT CITY,442.0,0.0,2022-08-31,0.0,442.0,-94.0,0.0,1910-12-10,11,11,8,ST. LOUIS,12225_20250930,DIF,1934-01-01,0,FMB BANK,FARMERS&MERCHANTS BANCSHARES,1077.0,4,1,0,0,FDIC,2025-09-30,1099225.0,7,MO,0,0,63390
SM,1.0,12226,ALTENBURG,1313.0,0.0,2022-08-31,0.0,1679.0,189.0,366.0,1910-01-01,11,11,8,ST. LOUIS,12226_20250930,DIF,1934-01-01,0,PEOPLES BANK OF ALTENBURG,LINCOLN COUNTY BCORP INC,2978.0,4,2,0,0,FED,2025-09-30,1097173.0,2,MO,1,0,63732
SM,0.0,12229,ST. LOUIS,93648.0,0.0,2024-05-07,0.0,96342.0,6411.0,2694.0,1906-07-30,11,11,8,ST. LOUIS,12229_20250930,DIF,1934-01-01,0,FIRST BANK,FB CORP,132088.0,4,76,0,0,FED,2025-09-30,1118797.0,4,MO,0,1,63141
NM,1.0,12230,CUBA,2875.0,0.0,2022-08-31,0.0,2875.0,60.0,0.0,1901-06-22,11,11,8,ST. LOUIS,12230_20250930,DIF,1934-01-01,0,PEOPLES BANK,PEOPLES BCORP INC,6757.0,4,5,0,0,FDIC,2025-09-30,2618427.0,8,MO,1,0,65453
NM,1.0,12232,MONTICELLO,2028.0,0.0,2022-08-31,0.0,2100.0,13.0,72.0,1928-02-27,11,11,8,ST. LOUIS,12232_20250930,DIF,1934-01-01,0,BANK OF MONTICELLO,MONTICELLO BANCSHARES INC,4448.0,4,3,0,0,FDIC,2025-09-30,3112472.0,2,MO,1,0,63457
NM,1.0,12241,BLAIR,6343.0,0.0,2024-06-30,41.0,6545.0,404.0,161.0,1915-07-01,11,11,10,OMAHA,12241_20250930,DIF,1934-01-01,0,WASHINGTON COUNTY BANK,BLAIR HOLDINGS INC,18103.0,4,4,0,0,FDIC,2025-09-30,4771960.0,2,NE,0,0,68008
NM,1.0,12244,FARNAM,1595.0,0.0,2024-06-30,1.0,3323.0,-41.0,1727.0,1904-07-26,11,11,10,GRAND ISLAND,12244_20250930,DIF,1934-01-01,0,FIRST STATE BANK,NEBRASKA BANKSHARES INC,3759.0,4,5,0,0,FDIC,2025-09-30,1054765.0,2,NE,1,0,69029
NM,1.0,12246,NELSON,839.0,0.0,2024-06-30,0.0,839.0,93.0,0.0,1894-04-01,11,11,10,GRAND ISLAND,12246_20250930,DIF,1934-01-01,0,COMMERCIAL BANK,C L C ENTERPRISES INC,1729.0,4,1,0,0,FDIC,2025-09-30,1053142.0,2,NE,0,0,68961
SM,1.0,12248,VALLEY,3764.0,0.0,2024-06-30,114.0,4019.0,220.0,141.0,1934-01-01,11,11,10,OMAHA,12248_20250930,DIF,1934-01-01,0,FIRST NEBRASKA BANK,VALLEY BANK SHARES INC,10326.0,4,15,0,0,FED,2025-09-30,1057430.0,2,NE,1,0,68064
NM,1.0,12258,ALBUQUERQUE,1783.0,0.0,2022-08-31,1.0,1784.0,-1271.0,0.0,1890-12-01,13,13,10,ALBUQUERQUE,12258_20250930,DIF,1934-01-01,0,SOUTHWEST CAPITAL BANK,LAS VEGAS BCORP INC,14991.0,4,6,0,0,FDIC,2025-09-30,1060168.0,4,NM,1,0,87104
SM,1.0,12259,HOBBS,6491.0,0.0,2022-08-31,26.0,6520.0,1353.0,3.0,1928-01-01,13,13,11,ALBUQUERQUE,12259_20250930,DIF,1934-01-01,0,LEA COUNTY STATE BANK,LEA COUNTY BANCSHARES INC,19846.0,4,3,0,0,FED,2025-09-30,2148586.0,7,NM,1,1,88240
SM,1.0,1225,LONG BEACH,82976.0,0.0,2023-11-18,24870.0,118628.0,-600.0,10782.0,1907-11-20,14,14,12,LOS ANGELES,1225_20250930,DIF,1934-01-01,0,FARMERS AND MERCHANTS BANK OF LONG BEACH,PALOMAR ENTERPRISES LLC,200321.0,4,27,0,0,FED,2025-09-30,3649950.0,4,CA,0,1,90802
NM,1.0,12266,DURHAM,4341.0,0.0,2022-08-31,0.0,4342.0,574.0,1.0,1908-03-01,5,5,5,RALEIGH,12266_20250930,DIF,1934-01-01,0,MECHANICS & FARMERS BANK,M&F BCORP INC,14755.0,1,8,0,0,FDIC,2025-09-30,2807810.0,4,NC,0,1,27701
SM,1.0,12283,ANADARKO,1560.0,0.0,2022-08-31,0.0,1560.0,30.0,0.0,1909-02-05,13,13,10,OKLAHOMA CITY,12283_20250930,DIF,1934-01-01,0,FIRST STATE BANK,Unknown,2254.0,5,2,0,0,FED,2025-09-30,0.0,7,OK,1,0,73005
NM,1.0,12284,DUKE,226.0,0.0,2006-03-31,0.0,226.0,0.0,0.0,1910-05-02,13,13,10,OKLAHOMA CITY,12284_20250930,DIF,1934-01-01,0,FARMERS & MERCHANTS BANK,Unknown,505.0,5,1,0,0,FDIC,2025-09-30,0.0,2,OK,1,0,73532
NM,1.0,12285,ALTUS,9976.0,0.0,2022-08-31,0.0,11803.0,468.0,1827.0,1910-01-01,13,13,10,OKLAHOMA CITY,12285_20250930,DIF,1934-01-01,0,CATTLEMENS BANK,REEVES BANCSHARES INC,15407.0,5,7,0,0,FDIC,2025-09-30,1057216.0,2,OK,0,0,73521
NM,1.0,12293,HOSMER,209.0,0.0,2024-06-30,8.0,217.0,-86.0,0.0,1919-10-18,11,11,9,SIOUX FALLS,12293_20250930,DIF,1934-01-01,0,FARMERS STATE BANK,H2H BANCSHARES INC,742.0,4,1,0,0,FDIC,2025-09-30,3068636.0,2,SD,1,0,57448
NM,1.0,12298,MAYPEARL,1351.0,0.0,2022-08-31,0.0,1414.0,2.0,63.0,1930-01-01,13,13,11,DALLAS,12298_20250930,DIF,1934-01-01,0,THE COWBOY BANK OF TEXAS,MAYPEARL BANCSHARES INC,3958.0,5,1,0,0,FDIC,2025-09-30,2591267.0,4,TX,1,0,76064
SI,1.0,12299,MOULTON,15768.0,0.0,2022-08-31,0.0,17942.0,275.0,2174.0,1920-11-06,13,13,11,AUSTIN,12299_20250930,DIF,1934-01-01,0,"SOUTHSTAR BANK, S.S.B.",SOUTHERN BANCSHARES INC,41459.0,5,16,0,0,FDIC,2025-09-30,1107184.0,4,TX,0,0,77975
SM,1.0,12303,WOODVILLE,4962.0,0.0,2023-01-13,0.0,5084.0,440.0,122.0,1920-05-08,13,13,11,HOUSTON,12303_20250930,DIF,1934-01-01,0,CITIZENS STATE BANK,GRAHAMJB6 CO,11644.0,5,6,0,0,FED,2025-09-30,5589836.0,4,TX,0,1,75979
NM,1.0,12305,COLUMBUS,1843.0,0.0,2025-01-01,0.0,1843.0,0.0,0.0,1919-08-19,13,13,11,AUSTIN,12305_20250930,DIF,1934-01-01,0,COLUMBUS STATE BANK,CENTRAL TX BANKSHARE HOLDINGS,5212.0,5,3,0,0,FDIC,2025-09-30,2100119.0,2,TX,0,0,78934
NM,1.0,12315,COLUMBUS,1084.0,0.0,2022-08-31,23.0,1107.0,4.0,0.0,1913-03-01,13,13,11,AUSTIN,12315_20250930,DIF,1934-01-01,0,THE FIRST STATE BANK,COLUMBUS BCORP INC,3152.0,5,1,0,0,FDIC,2025-09-30,1898008.0,2,TX,1,0,78934
NM,1.0,12322,HAYWARD,8023.0,0.0,2022-08-31,390.0,9528.0,225.0,1115.0,1917-01-01,9,9,9,EAU CLAIRE,12322_20250930,DIF,1934-01-01,0,CHIPPEWA VALLEY BANK,CHIPPEWA VALLEY AGENCY LTD,22155.0,3,13,0,0,FDIC,2025-09-30,1122963.0,8,WI,1,0,54843
NM,1.0,12325,CASHTON,1861.0,0.0,2022-08-31,0.0,2084.0,92.0,223.0,1899-03-15,9,9,7,MADISON,12325_20250930,DIF,1934-01-01,0,BANK OF CASHTON,EAGLE BANCSHARES INC,3076.0,3,1,0,0,FDIC,2025-09-30,3045815.0,2,WI,1,0,54619
NM,1.0,12327,MAUSTON,5123.0,0.0,2022-08-31,28.0,5151.0,0.0,0.0,1932-09-12,9,9,7,MADISON,12327_20250930,DIF,1934-01-01,0,BANK OF MAUSTON,MAUSTON BCORP INC,10298.0,3,6,0,0,FDIC,2025-09-30,1205857.0,4,WI,1,0,53948
NM,1.0,12331,CHILTON,6024.0,0.0,2022-08-31,0.0,6507.0,0.0,483.0,1891-04-19,9,9,7,APPLETON,12331_20250930,DIF,1934-01-01,0,STATE BANK OF CHILTON,CALUMET BCORP INC,15284.0,3,5,0,0,FDIC,2025-09-30,1133820.0,4,WI,1,1,53014
NM,1.0,12349,CAMERON,2410.0,0.0,2022-08-31,1.0,2594.0,132.0,183.0,1903-01-01,9,9,9,EAU CLAIRE,12349_20250930,DIF,1934-01-01,0,COMMUNITY BANK OF CAMERON,CAMERON BCORP INC,6609.0,3,3,0,0,FDIC,2025-09-30,1516405.0,8,WI,1,0,54822
NM,1.0,12354,HUSTISFORD,686.0,0.0,2022-08-31,1.0,1079.0,0.0,392.0,1902-01-06,9,9,7,MILWAUKEE,12354_20250930,DIF,1934-01-01,0,HUSTISFORD STATE BANK,HUSTISFORD COMMUNITY BCORP INC,1618.0,3,1,0,0,FDIC,2025-09-30,2999854.0,8,WI,0,0,53034
N,1.0,12365,ALLENDALE,5145.0,0.0,2023-05-12,0.0,5539.0,670.0,394.0,1906-01-01,9,9,8,MOUNT VERNON,12365_20250930,DIF,1934-01-01,0,THE FIRST NATIONAL BANK OF ALLENDALE,ALLENDALE BCORP INC,9658.0,3,3,0,0,OCC,2025-09-30,2227409.0,2,IL,0,0,62410
SM,0.0,12368,BIRMINGHAM,1348000.0,0.0,2023-03-15,2000.0,1527000.0,355000.0,177000.0,1928-01-01,5,16,6,SHELBY,12368_20250930,DIF,1934-01-01,0,REGIONS BANK,REGIONS FINANCIAL CORP,3766000.0,5,1260,0,0,FED,2025-09-30,3242838.0,4,AL,0,1,35203
NM,1.0,12372,FOWLER,2247.0,0.0,2022-08-31,0.0,2458.0,366.0,211.0,1899-01-01,13,13,10,DENVER,12372_20250930,DIF,1934-01-01,0,FOWLER STATE BANK,Unknown,3516.0,4,1,0,0,FDIC,2025-09-30,0.0,2,CO,0,0,81039
NM,1.0,1237,MALAD CITY,2443.0,0.0,2022-08-31,0.0,2744.0,70.0,301.0,1892-12-01,14,14,12,SALT LAKE CITY,1237_20250930,DIF,1934-01-01,0,IRELAND BANK,IRELAND BCORP LTD,10184.0,4,12,0,0,FDIC,2025-09-30,1248845.0,2,ID,0,1,83252
NM,1.0,12383,CARROLLTON,64965.0,0.0,2022-08-31,1.0,65181.0,2187.0,215.0,1877-01-01,9,9,8,SPRINGFIELD IL,12383_20250930,DIF,1934-01-01,0,CARROLLTON BANK,CBX CORP,82424.0,3,13,0,0,FDIC,2025-09-30,1860863.0,4,IL,0,1,62016
NM,1.0,12384,JERSEYVILLE,2067.0,0.0,2022-08-31,4.0,2071.0,118.0,0.0,1903-01-28,9,9,8,SPRINGFIELD IL,12384_20250930,DIF,1934-01-01,0,JERSEY STATE BANK,JSB BCORP INC,3805.0,3,2,0,0,FDIC,2025-09-30,1141692.0,2,IL,0,1,62052
NM,1.0,12386,TOULON,4018.0,0.0,2022-08-31,281.0,4319.0,0.0,20.0,1903-06-20,9,9,7,PRINCETON,12386_20250930,DIF,1934-01-01,0,STATE BANK OF TOULON,STARK COUNTY BCORP INC,7346.0,3,3,0,0,FDIC,2025-09-30,1245769.0,2,IL,1,0,61483
NM,1.0,12388,WILLIAMSVILLE,533.0,0.0,2022-08-31,0.0,533.0,49.0,0.0,1890-01-01,9,9,7,SPRINGFIELD IL,12388_20250930,DIF,1934-01-01,0,WILLIAMSVILLE STATE BANK & TRUST,WSB FINANCIAL LTD,2077.0,3,3,0,0,FDIC,2025-09-30,1248872.0,7,IL,0,1,62693
NM,1.0,12402,LANARK,1572.0,0.0,2022-08-31,0.0,1662.0,0.0,90.0,1878-04-06,9,9,7,PRINCETON,12402_20250930,DIF,1934-01-01,0,EXCHANGE STATE BANK,LANARK BANCSHARES INC,2384.0,3,1,0,0,FDIC,2025-09-30,1204430.0,2,IL,1,0,61046
NM,1.0,12410,LA SALLE,2132.0,0.0,2022-08-31,136.0,2381.0,79.0,113.0,1894-08-21,9,9,7,PRINCETON,12410_20250930,DIF,1934-01-01,0,LA SALLE STATE BANK,LSBANCORP INC,3452.0,3,3,0,0,FDIC,2025-09-30,1926228.0,4,IL,1,1,61301
NM,1.0,12417,RANDOLPH,975.0,0.0,2024-06-30,0.0,975.0,843.0,0.0,1917-01-01,11,11,7,OMAHA,12417_20250930,DIF,1934-01-01,0,TRI-VALLEY BANK,Unknown,2092.0,4,4,0,0,FDIC,2025-09-30,0.0,2,IA,0,1,51649
NM,1.0,12422,WELLINGTON,403.0,0.0,2022-08-31,0.0,403.0,8.0,0.0,1897-06-15,11,11,10,WICHITA,12422_20250930,DIF,1934-01-01,0,THE SECURITY STATE BANK,SSB HOLDINGS INC,1374.0,4,1,0,0,FDIC,2025-09-30,3044630.0,2,KS,1,0,67152
NM,1.0,12425,ENTERPRISE,366.0,0.0,2022-08-31,0.0,391.0,0.0,25.0,1894-06-02,11,11,10,HAYS,12425_20250930,DIF,1934-01-01,0,THE DICKINSON COUNTY BANK,Unknown,637.0,4,1,0,0,FDIC,2025-09-30,0.0,8,KS,1,0,67441
NM,1.0,12432,BAXTER SPRINGS,30.0,0.0,2022-08-31,0.0,65.0,3.0,35.0,1905-01-01,11,11,10,SPRINGFIELD MO,12432_20250930,DIF,1934-01-01,0,THE BAXTER STATE BANK,BAXTER BANCSHARES INC,851.0,4,1,0,0,FDIC,2025-09-30,2366652.0,8,KS,1,0,66713
NM,0.0,12437,TUPELO,306892.0,0.0,2025-04-01,57.0,314975.0,96523.0,8026.0,1904-02-27,13,13,8,JACKSON MS,12437_20250930,DIF,1934-01-01,0,RENASANT BANK,RENASANT CORP,600282.0,5,277,0,0,FDIC,2025-09-30,1098844.0,4,MS,0,1,38804
NM,0.0,12441,GULFPORT,356373.0,0.0,2025-05-02,6858.0,372120.0,38037.0,8889.0,1899-10-09,13,13,6,JACKSON MS,12441_20250930,DIF,1934-01-01,0,HANCOCK WHITNEY BANK,HANCOCK WHITNEY CORP,834803.0,5,183,0,0,FDIC,2025-09-30,1086533.0,4,MS,0,1,39501
NM,1.0,12444,COLD SPRING,636.0,0.0,2022-08-31,0.0,636.0,75.0,0.0,1908-01-01,11,11,9,MINNEAPOLIS,12444_20250930,DIF,1934-01-01,0,STATE BANK OF COLD SPRING,LINDELL BANCSHARES INC,2005.0,3,1,0,0,FDIC,2025-09-30,1128200.0,8,MN,1,0,56320
NM,0.0,12457,EDINA,895.0,0.0,2024-06-30,0.0,895.0,40.0,0.0,1914-09-10,11,11,8,COLUMBIA MO,12457_20250930,DIF,1934-01-01,0,THE CITIZENS BANK OF EDINA,R DEAN PHILLIPS BK TR DATED 11-19-2004,3820.0,4,1,0,0,FDIC,2025-09-30,5558681.0,2,MO,0,0,63537
NM,1.0,12484,JENKS,23316.0,0.0,2022-08-31,1.0,24620.0,300.0,1303.0,1923-01-01,13,13,10,OKLAHOMA CITY,12484_20250930,DIF,1934-01-01,0,FIRST OKLAHOMA BANK,FIRST OKLAHOMA HOLDINGS INC,29316.0,5,3,0,0,FDIC,2025-09-30,3957589.0,4,OK,0,0,74037
SM,1.0,12485,PERKINS,3881.0,0.0,2022-08-31,0.0,4244.0,516.0,363.0,1898-01-08,13,13,10,OKLAHOMA CITY,12485_20250930,DIF,1934-01-01,0,THE PAYNE COUNTY BANK,EMPLOYEE STK OWNERSHIP PLAN EMP PAYNE CNTY BK,8248.0,5,2,0,0,FED,2025-09-30,2168977.0,8,OK,1,0,74059
N,1.0,12493,OMAHA,3669.0,0.0,2024-06-30,0.0,3669.0,200.0,0.0,1914-08-01,11,11,10,OMAHA,12493_20250930,DIF,1934-01-01,0,PREMIER BANK NATIONAL ASSOCIATION,PREMIER BANCSHARES INC,11070.0,4,5,0,0,OCC,2025-09-30,4458113.0,4,NE,0,0,68118
NM,1.0,12511,MONDOVI,2558.0,0.0,2022-10-18,5.0,2983.0,0.0,420.0,1900-01-01,9,9,9,EAU CLAIRE,12511_20250930,DIF,1934-01-01,0,ALLIANCE BANK,GEBSCO INC,6528.0,3,4,0,0,FDIC,2025-09-30,1126082.0,2,WI,1,0,54755
NM,1.0,12512,ROSHOLT,499.0,0.0,2022-08-31,15.0,722.0,4.0,208.0,1904-01-01,9,9,7,APPLETON,12512_20250930,DIF,1934-01-01,0,COMMUNITY FIRST BANK,ROSHOLT BCORP INC,2872.0,3,3,0,0,FDIC,2025-09-30,1210422.0,4,WI,1,0,54473
NM,1.0,12513,MARSHFIELD,2331.0,0.0,2022-08-31,76.0,3124.0,135.0,717.0,1908-06-13,9,9,7,EAU CLAIRE,12513_20250930,DIF,1934-01-01,0,PARTNERS BANK OF WISCONSIN,STRATFORD BANCSHARES INC,6610.0,3,3,0,0,FDIC,2025-09-30,1138713.0,4,WI,0,0,54449
NM,1.0,12514,IXONIA,10054.0,0.0,2021-08-29,1.0,16133.0,1430.0,6078.0,1918-01-01,9,9,7,MILWAUKEE,12514_20250930,DIF,1934-01-01,0,IXONIA BANK,IXONIA BANCSHARES INC,48690.0,3,7,0,0,FDIC,2025-09-30,1247295.0,4,WI,0,0,53036
NM,1.0,12517,OCONOMOWOC,55706.0,0.0,2022-08-31,0.0,61208.0,1225.0,5502.0,1859-09-01,9,9,7,MILWAUKEE,12517_20250930,DIF,1934-01-01,0,BANK FIVE NINE,OCONOMOWOC BANCSHARES INC,55055.0,3,19,0,0,FDIC,2025-09-30,2320618.0,4,WI,0,0,53066
NM,1.0,12531,MAGNOLIA,1719.0,0.0,2022-08-31,1.0,2388.0,319.0,668.0,1910-01-01,13,13,8,LITTLE ROCK,12531_20250930,DIF,1934-01-01,0,THE PEOPLES BANK,GOLDEN OAKS BANCSHARES INC,7619.0,5,4,0,0,FDIC,2025-09-30,1098684.0,6,AR,1,0,71753
NM,1.0,12549,HARDIN,935.0,0.0,2022-08-31,0.0,935.0,0.0,0.0,1898-01-01,9,9,8,SPRINGFIELD IL,12549_20250930,DIF,1934-01-01,0,BANK OF CALHOUN COUNTY,BCC BANCSHARES INC,2221.0,3,3,0,0,FDIC,2025-09-30,2753289.0,8,IL,0,0,62047
NM,1.0,12585,HOPETON,140.0,0.0,2025-07-09,0.0,140.0,105.0,0.0,1919-01-01,13,13,10,OKLAHOMA CITY,12585_20250930,DIF,1934-01-01,0,THE HOPETON STATE BANK,ONE AMERICA BCORP INC,311.0,5,1,0,0,FDIC,2025-09-30,5946167.0,2,OK,0,0,73746
NM,1.0,12591,DOUGLAS,17779.0,0.0,2022-08-31,0.0,17779.0,450.0,0.0,1918-01-01,14,14,10,BILLINGS,12591_20250930,DIF,1934-01-01,0,THE CONVERSE COUNTY BANK,CONVERSE COUNTY CAPITAL CORP,16935.0,4,3,0,0,FDIC,2025-09-30,1059975.0,2,WY,1,1,82633
SM,1.0,12592,BASIN,5570.0,0.0,2022-08-31,229.0,5916.0,135.0,117.0,1929-06-01,14,14,10,BILLINGS,12592_20250930,DIF,1934-01-01,0,SECURITY STATE BANK,FINANCIAL SECURITY CORP,8781.0,4,5,0,0,FED,2025-09-30,1060850.0,4,WY,0,1,82410
NM,1.0,12594,PUEBLO,3725.0,0.0,2022-08-31,226.0,4190.0,820.0,239.0,1889-01-01,13,13,10,DENVER,12594_20250930,DIF,1934-01-01,0,THE PUEBLO BANK AND TRUST COMPANY,PUEBLO BCORP,23752.0,4,12,0,0,FDIC,2025-09-30,1022997.0,4,CO,1,1,81003
NM,1.0,12602,COUNCIL GROVE,1909.0,0.0,2022-08-31,146.0,2340.0,100.0,285.0,1882-03-16,11,11,10,HAYS,12602_20250930,DIF,1934-01-01,0,FARMERS AND DROVERS BANK,FARMERS&DROVERS FINANCIAL CORP,5089.0,4,3,0,0,FDIC,2025-09-30,3566749.0,2,KS,0,1,66846
NM,1.0,12608,NATCHITOCHES,2388.0,0.0,2021-11-16,49.0,2437.0,404.0,0.0,1933-01-01,13,13,11,SHREVEPORT,12608_20250930,DIF,1934-01-01,0,CITY BANK & TRUST CO.,CITY BANCSHARES INC,11301.0,5,8,0,0,FDIC,2025-09-30,2625283.0,4,LA,1,0,71457
NM,1.0,12609,PATTERSON,4253.0,0.0,2022-08-31,0.0,4415.0,235.0,162.0,1925-01-01,13,13,6,BATON ROUGE,12609_20250930,DIF,1934-01-01,0,PATTERSON STATE BANK,PATTERSON BANCSHARES INC,6676.0,5,3,0,0,FDIC,2025-09-30,3631469.0,8,LA,0,0,70392
NM,1.0,12611,VILLE PLATTE,16244.0,0.0,2022-08-31,0.0,18101.0,2100.0,1857.0,1933-01-01,13,13,6,BATON ROUGE,12611_20250930,DIF,1934-01-01,0,THE EVANGELINE BANK AND TRUST COMPANY,EVANGELINE BANCSHARES INC,33158.0,5,10,0,0,FDIC,2025-09-30,1133165.0,4,LA,0,1,70586
SM,0.0,12614,CHOUDRANT,152958.0,0.0,2022-10-08,86.0,155613.0,43126.0,2569.0,1912-11-23,13,13,11,SHREVEPORT,12614_20250930,DIF,1934-01-01,0,ORIGIN BANK,ORIGIN BCORP INC,246836.0,5,58,0,0,FED,2025-09-30,1885307.0,4,LA,0,0,71227
NM,1.0,12616,LINN,4471.0,0.0,2024-06-30,0.0,4517.0,675.0,46.0,1913-03-17,11,11,8,COLUMBIA MO,12616_20250930,DIF,1934-01-01,0,LEGENDS BANK,LINN HOLDING CO,21296.0,4,12,0,0,FDIC,2025-09-30,1119271.0,4,MO,0,0,65051
NM,1.0,12627,WASHINGTON,14639.0,0.0,2022-08-31,0.0,17249.0,8310.0,2610.0,1877-10-29,11,11,8,ST. LOUIS,12627_20250930,DIF,1934-01-01,0,BANK OF WASHINGTON,DIAMOND BCORP INC,38545.0,4,7,0,0,FDIC,2025-09-30,2294812.0,4,MO,1,1,63090
SM,0.0,12633,JEFFERSON CITY,140320.0,0.0,2024-06-30,19395.0,192408.0,6292.0,32693.0,1902-02-03,11,11,8,COLUMBIA MO,12633_20250930,DIF,1934-01-01,0,THE CENTRAL TRUST BANK,CENTRAL BANCOMPANY INC,541153.0,4,180,0,0,FED,2025-09-30,1094314.0,4,MO,0,1,65101
NM,1.0,1265,CASHMERE,21648.0,0.0,2022-08-31,0.0,23659.0,2115.0,2011.0,1932-09-24,14,14,12,SEATTLE,1265_20250930,DIF,1934-01-01,0,CASHMERE VALLEY BANK,Unknown,50795.0,4,12,0,0,FDIC,2025-09-30,0.0,9,WA,0,0,98815
NM,1.0,12661,GREENLEAF,1805.0,0.0,2022-08-31,0.0,2007.0,68.0,202.0,1913-01-01,9,9,7,APPLETON,12661_20250930,DIF,1934-01-01,0,GREENLEAF BANK,G W BCORP INC,3176.0,3,2,0,0,FDIC,2025-09-30,1205754.0,4,WI,1,0,54126
NM,1.0,12694,PILOT GROVE,1895.0,0.0,2024-06-30,0.0,1895.0,0.0,0.0,1913-08-26,11,11,10,COLUMBIA MO,12694_20250930,DIF,1934-01-01,0,CITIZENS COMMUNITY BANK,BANCORP II INC,3260.0,4,3,0,0,FDIC,2025-09-30,1398731.0,2,MO,0,0,65276
NM,1.0,12706,WATERLOO,4337.0,0.0,2022-08-31,0.0,4785.0,107.0,448.0,1894-01-04,9,9,8,MOUNT VERNON,12706_20250930,DIF,1934-01-01,0,STATE BANK,SBW BANCSHARES INC,6232.0,3,5,0,0,FDIC,2025-09-30,3939473.0,4,IL,0,0,62298
NM,1.0,12717,MOUNT VERNON,448.0,0.0,2024-06-30,0.0,448.0,775.0,0.0,1903-09-08,11,9,7,CEDAR RAPIDS,12717_20250930,DIF,1934-01-01,0,BRIDGE COMMUNITY BANK,ORION BCORP INC,1533.0,4,3,0,0,FDIC,2025-09-30,1210048.0,8,IA,0,1,52314
NM,1.0,12722,SICILY ISLAND,1385.0,0.0,2022-08-31,1.0,1525.0,0.0,139.0,1918-02-01,13,13,11,SHREVEPORT,12722_20250930,DIF,1934-01-01,0,SICILY ISLAND STATE BANK,Unknown,3155.0,5,2,0,0,FDIC,2025-09-30,0.0,4,LA,1,0,71368
NM,1.0,12745,PRAGUE,596.0,0.0,2024-06-30,0.0,596.0,166.0,0.0,1906-01-01,11,11,10,OMAHA,12745_20250930,DIF,1934-01-01,0,BANK OF PRAGUE,PRAGUE CO,1555.0,4,1,0,0,FDIC,2025-09-30,1050730.0,2,NE,1,0,68050
NM,1.0,12757,VALLIANT,959.0,0.0,2020-08-01,0.0,959.0,0.0,0.0,1911-01-01,13,13,10,OKLAHOMA CITY,12757_20250930,DIF,1934-01-01,0,FIRST STATE BANK,FSB FINANCIAL CORP,4320.0,5,3,0,0,FDIC,2025-09-30,5332827.0,4,OK,1,0,74764
NM,1.0,12758,ALLEN,411.0,0.0,2022-08-31,0.0,411.0,154.0,0.0,1922-09-08,13,13,10,OKLAHOMA CITY,12758_20250930,DIF,1934-01-01,0,"FARMERS STATE BANK, ALLEN, OKLAHOMA",Unknown,2052.0,5,1,0,0,FDIC,2025-09-30,0.0,8,OK,1,0,74825
NM,1.0,12761,EDMOND,9090.0,0.0,2024-11-01,147.0,9622.0,1492.0,385.0,1902-01-01,13,13,10,OKLAHOMA CITY,12761_20250930,DIF,1934-01-01,0,F&M BANK,F&M BANCSHARES INC,22875.0,5,9,0,0,FDIC,2025-09-30,1054550.0,4,OK,1,0,73012
NM,1.0,12769,DIMMITT,33568.0,0.0,2025-02-28,106.0,34520.0,1107.0,846.0,1907-03-07,13,13,11,LUBBOCK,12769_20250930,DIF,1934-01-01,0,FIRST UNITED BANK,PLAINS BCORP INC,62319.0,5,25,0,0,FDIC,2025-09-30,1108163.0,2,TX,1,1,79027
SM,1.0,12788,BARABOO,6602.0,0.0,2022-08-31,0.0,6767.0,0.0,165.0,1857-07-01,9,9,7,MADISON,12788_20250930,DIF,1934-01-01,0,BARABOO STATE BANK,BARABOO BCORP INC THE,13238.0,3,7,0,0,FED,2025-09-30,1209248.0,4,WI,0,1,53913
NM,1.0,12814,PRAIRIE DU CHIEN,8888.0,0.0,2024-02-22,5.0,10215.0,120.0,1322.0,1915-01-22,9,9,7,MADISON,12814_20250930,DIF,1934-01-01,0,PEOPLES STATE BANK,PEOPLES BCORP INC,21730.0,3,19,0,0,FDIC,2025-09-30,1209499.0,2,WI,1,1,53821
N,1.0,12815,CRYSTAL LAKE,7527.0,0.0,2022-08-31,0.0,7588.0,135.0,61.0,1915-01-01,9,9,7,CHICAGO,12815_20250930,DIF,1934-01-01,0,"HOME STATE BANK, NATIONAL ASSOCIATION",HOME STATE BCORP INC,19646.0,3,7,0,0,OCC,2025-09-30,1209181.0,4,IL,1,1,60014
NM,0.0,1281,SPOKANE,87460.0,0.0,2024-03-13,5361.0,111642.0,745.0,18821.0,1902-11-03,14,14,12,SEATTLE,1281_20250930,DIF,1934-01-01,0,WASHINGTON TRUST BANK,W T B FINANCIAL CORP,257688.0,4,45,0,0,FDIC,2025-09-30,1029464.0,4,WA,0,1,99201
NM,1.0,12828,FRANKFORT,13205.0,0.0,2022-08-31,929.0,17672.0,970.0,3538.0,1876-01-01,9,9,7,INDIANAPOLIS,12828_20250930,DIF,1934-01-01,0,"THE FARMERS BANK, FRANKFORT, INDIANA",FARMERS BCORP FRANKFORT IN THE,26358.0,3,11,0,0,FDIC,2025-09-30,1209538.0,4,IN,0,1,46041
SM,1.0,12836,PORTER,1518.0,0.0,2022-08-31,0.0,1518.0,-70.0,0.0,1920-04-01,9,9,7,INDIANAPOLIS,12836_20250930,DIF,1934-01-01,0,FIRST STATE BANK OF PORTER,Unknown,3764.0,3,3,0,0,FED,2025-09-30,0.0,8,IN,0,1,46304
SM,1.0,12839,CONVERSE,53016.0,0.0,2022-08-31,0.0,56464.0,6291.0,3448.0,1932-01-01,9,9,7,INDIANAPOLIS,12839_20250930,DIF,1934-01-01,0,FIRST FARMERS BANK & TRUST CO.,FIRST FARMERS FINANCIAL CORP,88916.0,3,38,0,0,FED,2025-09-30,1249039.0,2,IN,0,1,46919
NM,1.0,12854,WHITING,151496.0,0.0,2022-08-31,1946.0,177450.0,9600.0,24008.0,1895-04-21,9,9,7,INDIANAPOLIS,12854_20250930,DIF,1934-01-01,0,CENTIER BANK,FIRST BANCSHARES INC,246323.0,3,61,0,0,FDIC,2025-09-30,1204560.0,4,IN,0,1,46394
NM,1.0,12855,WATERLOO,27231.0,0.0,2024-06-30,0.0,34325.0,-63.0,7094.0,1903-06-25,11,11,7,CEDAR RAPIDS,12855_20250930,DIF,1934-01-01,0,FARMERS STATE BANK,FSB FINANCIAL SERVICES INC,26934.0,4,8,0,0,FDIC,2025-09-30,1204832.0,4,IA,1,1,50701
NM,1.0,12857,DENVER,3314.0,0.0,2024-06-30,0.0,4464.0,0.0,1150.0,1902-01-01,11,11,7,CEDAR RAPIDS,12857_20250930,DIF,1934-01-01,0,DENVER SAVINGS BANK,PSB CORP,5009.0,4,2,0,0,FDIC,2025-09-30,1210468.0,4,IA,0,1,50622
NM,1.0,12858,SPENCER,12434.0,0.0,2024-06-30,423.0,12871.0,56.0,14.0,1916-04-07,11,11,7,SIOUX CITY,12858_20250930,DIF,1934-01-01,0,FARMERS TRUST AND SAVINGS BANK,EASTER ENTERPRISES INC,11399.0,4,1,0,0,FDIC,2025-09-30,1200777.0,4,IA,1,1,51301
NM,1.0,12865,COURTLAND,552.0,0.0,2022-08-31,3.0,714.0,40.0,159.0,1913-03-13,11,11,10,HAYS,12865_20250930,DIF,1934-01-01,0,SWEDISH-AMERICAN STATE BANK,SWEDISH-AMERICAN BANCSHARES,1617.0,4,1,0,0,FDIC,2025-09-30,2791571.0,2,KS,1,0,66939
NM,1.0,12869,MARION,11765.0,0.0,2022-08-31,33.0,12145.0,675.0,347.0,1899-12-01,9,9,8,MOUNT VERNON,12869_20250930,DIF,1934-01-01,0,FARMERS BANK AND TRUST COMPANY,FARMERS BCORP INC OF MARION KY,19807.0,3,10,0,0,FDIC,2025-09-30,1246962.0,4,KY,1,1,42064
NM,1.0,12874,PATTEN,12037.0,0.0,2024-11-17,0.0,12993.0,157.0,956.0,1918-03-07,2,2,1,CONCORD,12874_20250930,DIF,1934-01-01,0,KATAHDIN TRUST COMPANY,KATAHDIN BANKSHARES CORP,29197.0,1,17,0,0,FDIC,2025-09-30,1140127.0,4,ME,0,0,04765
NM,1.0,12885,CHESTERTOWN,775.0,0.0,2022-08-31,1.0,776.0,-150.0,0.0,1910-10-01,2,2,5,BALTIMORE,12885_20250930,DIF,1934-01-01,0,THE PEOPLES BANK,PEOPLES BCORP INC,8769.0,1,7,0,0,FDIC,2025-09-30,2531049.0,8,MD,0,0,21620
SM,1.0,12893,DECATUR,460.0,0.0,2025-07-30,0.0,460.0,112.0,0.0,1870-01-01,9,9,7,DETROIT,12893_20250930,DIF,1934-01-02,0,FIRST STATE BANK OF MICHIGAN,GTSB FINANCIAL INC,2075.0,3,1,0,0,FED,2025-09-30,5930577.0,8,MI,0,0,49045
NM,1.0,12899,MAYVILLE,445.0,0.0,2022-08-31,0.0,445.0,69.0,0.0,1885-04-15,9,9,7,DETROIT,12899_20250930,DIF,1934-01-01,0,MAYVILLE STATE BANK,MAYVILLE FINANCIAL CORP,2353.0,3,2,0,0,FDIC,2025-09-30,2907251.0,5,MI,0,0,48744
SM,1.0,1291,MAGNOLIA,49045.0,0.0,2022-08-31,60.0,49322.0,4301.0,217.0,1906-01-01,13,13,8,LITTLE ROCK,1291_20250930,DIF,1934-01-01,0,FARMERS BANK & TRUST COMPANY,MAGNOLIA BANKING CORP,80226.0,5,38,0,0,FED,2025-09-30,1135413.0,4,AR,0,1,71753
SM,1.0,12944,MIDDLETOWN,20944.0,0.0,2022-08-31,0.0,22866.0,6191.0,1922.0,1892-05-02,2,2,2,NEW YORK CITY,12944_20250930,DIF,1934-01-01,0,ORANGE BANK & TRUST COMPANY,ORANGE COUNTY BCORP INC,76792.0,1,16,0,0,FED,2025-09-30,3596009.0,4,NY,0,1,10940
SM,1.0,1294,ASH FLAT,11293.0,0.0,2022-02-05,0.0,12601.0,700.0,1308.0,1912-01-01,13,13,8,LITTLE ROCK,1294_20250930,DIF,1934-01-01,0,FNBC BANK,FNBC BCORP INC,24658.0,5,17,0,0,FED,2025-09-30,1099690.0,4,AR,1,0,72513
NM,1.0,12956,COBLESKILL,1216.0,0.0,2022-08-31,0.0,1246.0,40.0,30.0,1893-12-08,2,2,2,SYRACUSE,12956_20250930,DIF,1934-01-01,0,BANK OF RICHMONDVILLE,Unknown,4346.0,1,3,0,0,FDIC,2025-09-30,0.0,8,NY,0,1,12043
NM,1.0,12959,LITTLE VALLEY,2965.0,0.0,2022-08-31,0.0,2968.0,1550.0,3.0,1902-01-01,2,2,2,SYRACUSE,12959_20250930,DIF,1934-01-01,0,CATTARAUGUS COUNTY BANK,C C BCORP INC,10366.0,1,7,0,0,FDIC,2025-09-30,3009714.0,4,NY,0,0,14755
NM,1.0,12969,COLUMBUS GROVE,13225.0,0.0,2022-08-31,1.0,13226.0,392.0,0.0,1904-11-21,9,9,4,COLUMBUS,12969_20250930,DIF,1934-01-01,0,THE UNION BANK COMPANY,UNITED BANCSHARES INC,30187.0,3,15,0,0,FDIC,2025-09-30,1136009.0,4,OH,0,0,45830
NM,1.0,1296,GREENWOOD,2970.0,0.0,2022-08-31,0.0,2970.0,0.0,0.0,1907-08-01,13,13,8,LITTLE ROCK,1296_20250930,DIF,1934-01-01,0,FARMERS BANK,WILKINSON BANKING CORP,7079.0,5,10,0,0,FDIC,2025-09-30,1417511.0,8,AR,0,1,72936
SM,1.0,12978,RICHWOOD,12153.0,0.0,2022-08-31,0.0,13234.0,499.0,1081.0,1867-07-01,9,9,4,COLUMBUS,12978_20250930,DIF,1934-01-01,0,THE RICHWOOD BANKING COMPANY,RICHWOOD BANCSHARES INC,33266.0,3,9,0,0,FED,2025-09-30,1250651.0,4,OH,0,0,43344
SM,1.0,12980,DESHLER,1323.0,0.0,2022-08-31,0.0,1659.0,45.0,336.0,1911-10-11,9,9,4,COLUMBUS,12980_20250930,DIF,1934-01-01,0,THE CORN CITY STATE BANK,Unknown,1794.0,3,1,0,0,FED,2025-09-30,0.0,5,OH,1,0,43516
SM,0.0,12982,SANDUSKY,47621.0,0.0,2023-08-31,0.0,59616.0,2792.0,11995.0,1884-03-01,9,9,4,COLUMBUS,12982_20250930,DIF,1934-01-01,0,CIVISTA BANK,CIVISTA BANCSHARES INC,104187.0,3,40,0,0,FED,2025-09-30,1246533.0,4,OH,0,1,44870
NM,1.0,12985,ELDERTON,6168.0,0.0,2022-08-31,0.0,7157.0,-88.0,989.0,1919-10-01,2,2,4,WEXFORD,12985_20250930,DIF,1934-01-01,0,ELDERTON STATE BANK,KEYSTRONG FINANCIAL INC,10171.0,1,3,0,0,FDIC,2025-09-30,3631012.0,4,PA,0,0,15736
SM,1.0,1299,WEST MEMPHIS,24435.0,0.0,2022-08-31,0.0,30844.0,-64.0,6409.0,1925-06-05,13,13,8,LITTLE ROCK,1299_20250930,DIF,1934-01-01,0,EVOLVE BANK & TRUST,EVOLVE BCORP INC,27702.0,5,10,0,0,FED,2025-09-30,1142411.0,4,AR,0,1,72301
NM,1.0,13000,ENNIS,5224.0,0.0,2022-08-31,856.0,6397.0,670.0,317.0,1933-01-01,13,13,11,DALLAS,13000_20250930,DIF,1934-01-01,0,ENNIS STATE BANK,ENNIS BANCSHARES INC,11685.0,5,5,0,0,FDIC,2025-09-30,1131956.0,4,TX,1,1,75119
NM,1.0,13006,FORT STOCKTON,3490.0,0.0,2022-08-31,15.0,3505.0,20.0,0.0,1928-05-11,13,13,11,LUBBOCK,13006_20250930,DIF,1934-01-01,0,THE PECOS COUNTY STATE BANK,PECOS COUNTY BANCSHARES INC,8514.0,5,5,0,0,FDIC,2025-09-30,1109058.0,4,TX,1,1,79735
SM,0.0,13012,BLUEFIELD,14525.0,0.0,2023-04-22,0.0,14525.0,36.0,0.0,1920-01-07,5,5,5,RICHMOND,13012_20250930,DIF,1934-01-01,0,FIRST COMMUNITY BANK,FIRST COMMUNITY BANKSHARES INC,91712.0,1,60,0,0,FED,2025-09-30,1478017.0,4,VA,0,1,24605
NM,1.0,13018,THOMAS,488.0,0.0,2024-01-02,0.0,488.0,0.0,0.0,1902-06-10,5,5,5,SCOTT DEPOT,13018_20250930,DIF,1934-01-01,0,MINERS & MERCHANTS BANK,Unknown,1180.0,1,3,0,0,FDIC,2025-09-30,0.0,7,WV,0,0,26292
NM,1.0,13020,WHITE HALL,5473.0,0.0,2024-01-02,0.0,5654.0,1045.0,181.0,1932-06-27,5,5,5,SCOTT DEPOT,13020_20250930,DIF,1934-01-01,0,FIRST EXCHANGE BANK,HERITAGE BANCSHARES INC,9001.0,1,7,0,0,FDIC,2025-09-30,2257116.0,4,WV,1,1,26554
NM,1.0,13025,MINERAL POINT,5363.0,0.0,2022-08-31,118.0,5481.0,171.0,0.0,1917-01-01,9,9,7,MADISON,13025_20250930,DIF,1934-01-01,0,FARMERS SAVINGS BANK,SOUTHERN WI BANCSHARES CORP,9452.0,3,5,0,0,FDIC,2025-09-30,1207338.0,4,WI,1,0,53565
NM,1.0,13030,PIGEON FALLS,2368.0,0.0,2022-08-31,0.0,2819.0,247.0,451.0,1920-04-06,9,9,9,EAU CLAIRE,13030_20250930,DIF,1934-01-01,0,OAKWOOD BANK,PF INVESTORS INC,3917.0,3,4,0,0,FDIC,2025-09-30,5280133.0,2,WI,1,0,54760
NM,1.0,13032,VIROQUA,4568.0,0.0,2022-08-31,26.0,5255.0,-2.0,661.0,1912-01-01,9,9,7,MADISON,13032_20250930,DIF,1934-01-01,0,CITIZENS FIRST BANK,FIRSNABANCO INC,8614.0,3,6,0,0,FDIC,2025-09-30,1207561.0,4,WI,1,0,54665
SM,1.0,13033,WAUPACA,2368.0,0.0,2022-08-31,0.0,2368.0,-2.0,0.0,1911-01-11,9,9,7,APPLETON,13033_20250930,DIF,1935-09-17,0,THE FARMERS STATE BANK OF WAUPACA,FARMERS STATE BCORP INC,7300.0,3,3,0,0,FED,2025-09-30,1209284.0,8,WI,0,0,54981
N,1.0,13054,HOLMEN,833.0,0.0,2023-09-02,0.0,833.0,0.0,0.0,1909-01-01,9,9,9,MADISON,13054_20250930,DIF,1934-01-01,0,"PARK BANK, NATIONAL ASSOCIATION",GOLDEN OAK BANCSHARES INC,1728.0,3,3,0,0,OCC,2025-09-30,4281197.0,7,WI,0,0,54636
NM,1.0,13055,MUKWONAGO,12749.0,0.0,2022-08-31,0.0,13144.0,1030.0,395.0,1892-12-12,9,9,7,MILWAUKEE,13055_20250930,DIF,1934-01-01,0,CITIZENS BANK,CITIZENS BANK HOLDING INC,28497.0,3,11,0,0,FDIC,2025-09-30,1207132.0,4,WI,0,0,53149
N,1.0,13058,HAGER CITY,13840.0,0.0,2021-08-29,0.0,16837.0,1625.0,2997.0,1917-01-01,9,9,9,EAU CLAIRE,13058_20250930,DIF,1934-01-01,0,HIAWATHA NATIONAL BANK,LAKE SHORE III CORP,17892.0,3,7,0,0,OCC,2025-09-30,4465559.0,4,WI,0,0,54014
SI,1.0,13063,KENNEBUNK,16386.0,0.0,2024-11-17,0.0,20334.0,1212.0,3948.0,1871-05-01,2,2,1,CONCORD,13063_20250930,DIF,1934-01-01,0,KENNEBUNK SAVINGS BANK,KENNEBUNK SAVINGS BCORP MHC,47174.0,1,17,0,0,FDIC,2025-09-30,5117323.0,4,ME,0,0,04043
SM,1.0,13068,NEOSHO,2095.0,0.0,2022-08-31,30.0,2125.0,51.0,0.0,1884-01-01,11,11,10,SPRINGFIELD MO,13068_20250930,DIF,1934-01-01,0,COMMUNITY BANK AND TRUST,COMMUNITY BANCSHARES EMPLOYEE STK OWNERSHIP PLAN,10447.0,4,13,0,0,FED,2025-09-30,2072793.0,2,MO,1,1,64850
SM,1.0,13071,SALEM,7336.0,0.0,2022-01-03,311.0,7647.0,237.0,0.0,1894-01-01,11,11,8,SPRINGFIELD MO,13071_20250930,DIF,1934-01-01,0,TOWN & COUNTRY BANK,TOWN&COUNTRY BANCSHARES INC,20918.0,4,10,0,0,FED,2025-09-30,1095722.0,8,MO,1,1,65560
SM,1.0,13083,BOONEVILLE,12878.0,0.0,2022-08-31,22.0,13373.0,600.0,473.0,1910-04-18,13,13,8,LITTLE ROCK,13083_20250930,DIF,1934-01-01,0,FIRST WESTERN BANK,FIRST W BANCSHARES EMPLOYEE STK OWNERSHIP TR,19291.0,5,11,0,0,FED,2025-09-30,2628994.0,4,AR,0,1,72927
SM,1.0,13102,WARSAW,114014.0,0.0,2022-08-31,155.0,115835.0,11800.0,1666.0,1872-01-01,9,9,7,INDIANAPOLIS,13102_20250930,DIF,1934-01-01,0,LAKE CITY BANK,LAKELAND FINANCIAL CORP,164839.0,3,57,0,0,FED,2025-09-30,1208906.0,4,IN,0,1,46580
NM,1.0,13107,NEW CASTLE,8950.0,0.0,2022-08-31,6.0,9276.0,755.0,320.0,1873-07-03,9,9,7,INDIANAPOLIS,13107_20250930,DIF,1934-01-01,0,"CITIZENS STATE BANK OF NEW CASTLE, INDIANA",TOWN FINANCIAL CORP,21437.0,3,11,0,0,FDIC,2025-09-30,1200405.0,4,IN,0,1,47362
NM,1.0,13109,SEYMOUR,13735.0,0.0,2022-08-31,163.0,16001.0,1212.0,2103.0,1900-01-01,9,9,8,INDIANAPOLIS,13109_20250930,DIF,1934-01-01,0,JACKSON COUNTY BANK,BANCORP OF SOUTHERN INDIANA,24809.0,3,14,0,0,FDIC,2025-09-30,1098590.0,4,IN,0,1,47274
SM,1.0,13111,BROWNSBURG,2129.0,0.0,2022-08-31,0.0,2138.0,1190.0,9.0,1908-01-01,9,9,7,INDIANAPOLIS,13111_20250930,DIF,1934-01-01,0,HENDRICKS COUNTY BANK AND TRUST COMPANY,MIDSTATE FINANCIAL CORP,6456.0,3,5,0,0,FED,2025-09-30,1207552.0,4,IN,0,1,46112
NM,1.0,13112,SPENCER,4521.0,0.0,2022-08-31,0.0,6169.0,275.0,1648.0,1934-01-01,9,9,7,INDIANAPOLIS,13112_20250930,DIF,1934-01-01,0,OWEN COUNTY STATE BANK,OWEN FINANCIAL CORP,9123.0,3,8,0,0,FDIC,2025-09-30,1207954.0,4,IN,0,1,47460
NM,1.0,13113,BOONVILLE,3257.0,0.0,2022-08-31,0.0,3847.0,709.0,590.0,1895-01-01,9,9,8,INDIANAPOLIS,13113_20250930,DIF,1934-01-01,0,PEOPLES TRUST AND SAVINGS BANK,PEOPLES BANCSHARES CORP,4565.0,3,5,0,0,FDIC,2025-09-30,3199790.0,5,IN,1,1,47601
SM,1.0,13130,FRIENDSHIP,5223.0,0.0,2021-08-29,0.0,6718.0,21.0,1495.0,1912-10-26,9,9,7,INDIANAPOLIS,13130_20250930,DIF,1934-01-01,0,THE FRIENDSHIP STATE BANK,FRIENDSHIP BCORP,11517.0,3,9,0,0,FED,2025-09-30,1401154.0,8,IN,0,1,47021
NM,1.0,13167,CLARKSON,1707.0,0.0,2022-08-31,44.0,1997.0,24.0,246.0,1904-01-01,9,9,8,LOUISVILLE,13167_20250930,DIF,1934-01-01,0,BANK OF CLARKSON,FIRST BRECKINRIDGE BANCSHARES,4696.0,3,2,0,0,FDIC,2025-09-30,1119404.0,4,KY,0,1,42726
SM,1.0,13179,HARBOR SPRINGS,2118.0,0.0,2022-10-09,1.0,2497.0,0.0,378.0,1905-11-01,9,9,7,DETROIT,13179_20250930,DIF,1934-01-01,0,FIRST COMMUNITY BANK,HARBOR SPRINGS FINANCIAL CORP,14403.0,3,10,0,0,FED,2025-09-30,1208102.0,4,MI,1,0,49740
NM,1.0,13195,HAZEN,2894.0,0.0,2024-06-30,0.0,2894.0,165.0,0.0,1908-01-01,11,11,9,FARGO,13195_20250930,DIF,1934-01-01,0,UNION STATE BANK OF HAZEN,HAZEN BCORP INC,5533.0,3,4,0,0,FDIC,2025-09-30,1128590.0,2,ND,1,0,58545
NM,1.0,13196,WESTHOPE,744.0,0.0,2024-06-30,0.0,753.0,0.0,9.0,1906-06-12,11,11,9,FARGO,13196_20250930,DIF,1934-01-01,0,PEOPLES STATE BANK,PEOPLES STATE HOLDING CO,1814.0,3,2,0,0,FDIC,2025-09-30,1123821.0,2,ND,1,0,58793
NM,1.0,13198,FARGO,24979.0,0.0,2024-06-30,0.0,26126.0,1500.0,1147.0,1907-07-15,11,11,9,FARGO,13198_20250930,DIF,1934-01-01,0,CORNERSTONE BANK,CORNERSTONE HOLDING CO INC,47268.0,3,12,0,0,FDIC,2025-09-30,3435283.0,2,ND,0,1,58104
N,0.0,131,STUART,173900.0,0.0,2025-07-11,5892.0,198375.0,22450.0,18583.0,1933-01-01,5,5,6,SOUTH FLORIDA,131_20250930,DIF,1934-01-01,0,SEACOAST NATIONAL BANK,SEACOAST BANKING CORP OF FL,381939.0,5,96,0,0,OCC,2025-09-30,1085013.0,4,FL,0,1,34994
NM,1.0,13209,FORT JENNINGS,2606.0,0.0,2022-08-31,0.0,2606.0,330.0,0.0,1918-01-01,9,9,4,COLUMBUS,13209_20250930,DIF,1934-01-01,0,THE FORT JENNINGS STATE BANK,FJSB BANCSHARES INC,9278.0,3,7,0,0,FDIC,2025-09-30,2524443.0,4,OH,0,0,45844
NM,1.0,13216,CIRCLEVILLE,4925.0,0.0,2022-08-31,2.0,5705.0,44.0,778.0,1912-04-20,9,9,4,COLUMBUS,13216_20250930,DIF,1934-01-01,0,THE SAVINGS BANK,SAVINGS BCORP INC,11126.0,3,6,0,0,FDIC,2025-09-30,2950716.0,4,OH,0,0,43113
NM,1.0,13220,COLDWATER,8167.0,0.0,2022-08-31,0.0,8809.0,883.0,642.0,1905-11-20,9,9,4,COLUMBUS,13220_20250930,DIF,1934-01-01,0,THE PEOPLES BANK CO.,PEOPLES HOLDING CO INC,18416.0,3,7,0,0,FDIC,2025-09-30,2684543.0,8,OH,0,0,45828
NM,1.0,13242,WATERLOO,2753.0,0.0,2022-08-31,4.0,3741.0,0.0,984.0,1897-01-01,9,9,7,MILWAUKEE,13242_20250930,DIF,1934-01-01,0,FARMERS & MERCHANTS STATE BANK,MAUNESHA BANCSHARES INC,5213.0,3,3,0,0,FDIC,2025-09-30,3087039.0,4,WI,0,0,53594
SM,1.0,13249,MANISTIQUE,1397.0,0.0,2022-08-31,129.0,1881.0,68.0,355.0,1917-07-07,9,9,9,APPLETON,13249_20250930,DIF,1934-01-01,0,THE STATE SAVINGS BANK OF MANISTIQUE,SSB INC,3331.0,3,3,0,0,FED,2025-09-30,1137686.0,4,MI,0,0,49854
NM,1.0,13251,CHAMBERS,820.0,0.0,2024-06-30,0.0,820.0,115.0,0.0,1901-11-01,11,11,10,SIOUX CITY,13251_20250930,DIF,1934-01-01,0,CHAMBERS STATE BANK,CHAMBANCO INC,3162.0,4,2,0,0,FDIC,2025-09-30,1056125.0,2,NE,0,0,68725
SM,1.0,13255,PIERCE,18321.0,0.0,2024-06-30,4.0,21661.0,1067.0,3336.0,1882-01-01,11,11,10,SIOUX CITY,13255_20250930,DIF,1934-01-01,0,MIDWEST BANK,MIDWEST BANC HOLDING CO,27707.0,4,11,0,0,FED,2025-09-30,1064652.0,2,NE,0,0,68767
NM,1.0,13264,LUXEMBURG,8920.0,0.0,2022-08-31,47.0,9992.0,533.0,1025.0,1903-10-03,9,9,7,APPLETON,13264_20250930,DIF,1934-01-01,0,BANK OF LUXEMBURG,LUXEMBURG BANCSHARES INC,18338.0,3,9,0,0,FDIC,2025-09-30,1209743.0,4,WI,0,1,54217
SM,1.0,13274,CHELSEA,738.0,0.0,2022-08-31,0.0,738.0,0.0,0.0,1896-03-23,13,13,10,OKLAHOMA CITY,13274_20250930,DIF,1934-01-01,0,BANK OF COMMERCE,COMMERCE BANCSHARES INC,8300.0,5,6,0,0,FED,2025-09-30,2480491.0,4,OK,0,0,74016
SM,1.0,13297,SOLVAY,15614.0,0.0,2022-08-31,0.0,16399.0,-35.0,785.0,1917-03-17,2,2,2,SYRACUSE,13297_20250930,DIF,1934-01-01,0,SOLVAY BANK,SOLVAY BANK CORP,18592.0,1,9,0,0,FED,2025-09-30,1143342.0,9,NY,0,1,13209
NM,1.0,13303,ENGLAND,2930.0,0.0,2022-08-31,3.0,3102.0,-153.0,169.0,1898-08-08,13,13,8,LITTLE ROCK,13303_20250930,DIF,1934-01-01,0,BANK OF ENGLAND,MHBC INVESTMENTS PARTNERSHIP I LLLP,8097.0,5,151,0,0,FDIC,2025-09-30,2795083.0,2,AR,0,0,72046
NM,1.0,13305,NEW WASHINGTON,8073.0,0.0,2022-08-31,1.0,8074.0,463.0,0.0,1908-03-08,9,9,8,INDIANAPOLIS,13305_20250930,DIF,1934-01-01,0,THE NEW WASHINGTON STATE BANK,NEW INDEPENDENT BANCSHARES INC,16141.0,3,10,0,0,FDIC,2025-09-30,2257228.0,4,IN,0,1,47162
NM,0.0,1331,LODI,44393.0,0.0,2022-08-31,0.0,44393.0,2400.0,0.0,1916-05-24,14,14,12,SACRAMENTO,1331_20250930,DIF,1934-01-01,0,FARMERS & MERCHANTS BANK OF CENTRAL CALIFORNIA,FARMERS&MERCHANTS BCORP,162735.0,4,34,0,0,FDIC,2025-09-30,2781910.0,2,CA,0,0,95240
SM,1.0,13339,DEFIANCE,16671.0,0.0,2025-01-18,73.0,17841.0,1109.0,1097.0,1902-03-28,9,9,4,COLUMBUS,13339_20250930,DIF,1934-01-01,0,THE STATE BANK AND TRUST COMPANY,SB FINANCIAL GROUP INC,36705.0,3,28,0,0,FED,2025-09-30,1071454.0,4,OH,0,1,43512
SM,1.0,13341,FREMONT,12461.0,0.0,2022-08-31,908.0,14215.0,0.0,846.0,1888-07-25,9,9,4,COLUMBUS,13341_20250930,DIF,1934-01-01,0,THE CROGHAN COLONIAL BANK,CROGHAN BANCSHARES INC,29480.0,3,19,0,0,FED,2025-09-30,1071726.0,4,OH,0,1,43420
SM,1.0,13366,PERRY,6839.0,0.0,2022-08-31,0.0,7039.0,450.0,200.0,1896-02-20,13,13,10,OKLAHOMA CITY,13366_20250930,DIF,1934-01-01,0,EXCHANGE BANK AND TRUST COMPANY,PERRY BANCSHARES INC,11133.0,5,3,0,0,FED,2025-09-30,1064175.0,4,OK,1,1,73077
NM,1.0,13381,KIRKSVILLE,1976.0,0.0,2024-06-30,0.0,1976.0,0.0,0.0,1933-12-20,11,11,8,COLUMBIA MO,13381_20250930,DIF,1934-01-02,0,NORTHEAST MISSOURI STATE BANK,SCHUYLER COUNTY BANCSHARES INC,2941.0,4,2,0,0,FDIC,2025-09-30,1100055.0,2,MO,1,0,63501
NM,1.0,13382,SPRINGFIELD,1090.0,0.0,2022-08-31,0.0,1204.0,80.0,114.0,1918-01-01,11,11,9,MANKATO,13382_20250930,DIF,1934-01-01,0,FARMERS AND MERCHANTS STATE BANK OF SPRINGFIELD,PIESCO INC,4284.0,3,2,0,0,FDIC,2025-09-30,2780717.0,2,MN,1,0,56087
NM,1.0,13397,UTICA,20372.0,0.0,2022-08-31,0.0,20372.0,0.0,0.0,1927-04-23,2,2,2,SYRACUSE,13397_20250930,DIF,1934-01-01,0,BANK OF UTICA,Unknown,18636.0,1,1,0,0,FDIC,2025-09-30,0.0,9,NY,0,1,13502
NM,1.0,13407,CENTER,3251.0,0.0,2022-08-31,0.0,3252.0,0.0,1.0,1910-07-07,13,13,11,HOUSTON,13407_20250930,DIF,1934-01-01,0,FARMERS STATE BANK,FARMERS BANCSHARES INC,12612.0,5,8,0,0,FDIC,2025-09-30,1109320.0,4,TX,1,1,75935
NM,1.0,13415,ARNETT,938.0,0.0,2022-08-31,0.0,938.0,55.0,0.0,1908-12-28,13,13,10,OKLAHOMA CITY,13415_20250930,DIF,1934-01-01,0,FARMERS AND MERCHANTS BANK,Unknown,1842.0,5,1,0,0,FDIC,2025-09-30,0.0,2,OK,1,0,73832
NM,1.0,13416,BUFFALO,685.0,0.0,2006-03-31,0.0,685.0,12.0,0.0,1930-02-10,13,13,10,OKLAHOMA CITY,13416_20250930,DIF,1934-01-02,0,OKLAHOMA STATE BANK,BUFFALO BANCSHARES INC,2805.0,5,2,0,0,FDIC,2025-09-30,1065864.0,2,OK,1,0,73834
NM,1.0,13421,LINCOLN,155895.0,0.0,2024-06-30,0.0,163298.0,12939.0,7403.0,1917-02-28,11,11,10,OMAHA,13421_20250930,DIF,1934-01-01,0,UNION BANK AND TRUST COMPANY,FARMERS&MERCHANTS INV INC,228182.0,4,37,0,0,FDIC,2025-09-30,1053580.0,4,NE,0,1,68506
SM,1.0,13430,WADENA,2167.0,0.0,2024-06-30,91.0,2258.0,0.0,0.0,1917-01-01,11,11,9,FARGO,13430_20250930,DIF,1934-01-03,0,WADENA STATE BANK,WADENA BANKSHARES INC,6277.0,3,4,0,0,FED,2025-09-30,1123719.0,4,MN,1,0,56482
NM,1.0,13450,FOWLER,467.0,0.0,2022-08-31,0.0,467.0,0.0,0.0,1906-04-13,11,11,10,WICHITA,13450_20250930,DIF,1934-01-01,0,INTEGRITY BANK,FSB BANKSHARES INC,2630.0,4,4,0,0,FDIC,2025-09-30,2006471.0,2,KS,1,0,67844
NM,1.0,13454,ELROY,6779.0,0.0,2022-08-31,0.0,6779.0,445.0,0.0,1932-04-30,9,9,7,MADISON,13454_20250930,DIF,1934-01-01,0,ROYAL BANK,ROYAL BANCSHARES INC,21603.0,3,21,0,0,FDIC,2025-09-30,1491904.0,2,WI,0,0,53929
NM,1.0,13551,LAMONT,2109.0,0.0,2022-08-31,0.0,2219.0,2224.0,110.0,1901-10-01,13,13,10,OKLAHOMA CITY,13551_20250930,DIF,1934-01-01,0,THE STATE EXCHANGE BANK,STATE EXCHANGE BANCSHARES INC,2203.0,5,1,0,0,FDIC,2025-09-30,1062500.0,2,OK,1,0,74643
SM,1.0,13561,FLEETWOOD,2245.0,0.0,2022-08-31,0.0,2407.0,45.0,162.0,1934-01-01,2,2,3,HARRISBURG,13561_20250930,DIF,1934-01-04,0,FLEETWOOD BANK,FLEETWOOD BANK CORP,9019.0,1,7,0,0,FED,2025-09-30,1138768.0,8,PA,0,0,19522
NM,1.0,13565,SUN PRAIRIE,12854.0,0.0,2022-08-31,0.0,13547.0,-38.0,693.0,1903-08-08,9,9,7,MADISON,13565_20250930,DIF,1934-01-06,0,BANK OF SUN PRAIRIE,BOSP BANCSHARES INC,12613.0,3,4,0,0,FDIC,2025-09-30,3808113.0,4,WI,0,1,53590
NM,1.0,13582,NAUVOO,284.0,0.0,2022-08-31,0.0,284.0,193.0,0.0,1893-01-17,9,9,7,SPRINGFIELD IL,13582_20250930,DIF,1934-01-08,0,STATE BANK OF NAUVOO,Unknown,1015.0,3,2,0,0,FDIC,2025-09-30,0.0,8,IL,0,0,62354
NM,1.0,13584,TAMPA,567.0,0.0,2022-08-31,0.0,880.0,0.0,313.0,1901-01-01,11,11,10,WICHITA,13584_20250930,DIF,1934-01-09,0,THE TAMPA STATE BANK,TAMPA STATE BANKSHARES INC,1215.0,4,2,0,0,FDIC,2025-09-30,1055100.0,2,KS,1,0,67483
N,1.0,13599,LOCKHART,4291.0,0.0,2022-08-31,1.0,4292.0,0.0,0.0,1934-01-09,13,13,11,AUSTIN,13599_20250930,DIF,1934-01-09,0,FIRST-LOCKHART NATIONAL BANK,LOCKHART BANKSHARES INC,11159.0,5,4,0,0,OCC,2025-09-30,1995998.0,4,TX,0,0,78644
NM,1.0,13600,WEST,340.0,0.0,2022-08-31,12.0,352.0,25.0,0.0,1893-01-01,13,13,11,DALLAS,13600_20250930,DIF,1934-01-09,0,POINTWEST BANK,WEST BANCSHARES INC,4013.0,5,4,0,0,FDIC,2025-09-30,1105359.0,5,TX,1,0,76691
NM,1.0,13611,MEAD,346.0,0.0,2024-06-30,0.0,346.0,0.0,0.0,1885-09-01,11,11,10,OMAHA,13611_20250930,DIF,1934-01-13,0,BANK OF MEAD,SELKO BANCO INC,791.0,4,2,0,0,FDIC,2025-09-30,1067206.0,2,NE,0,0,68041
NM,1.0,13616,CORYDON,1740.0,0.0,2024-06-30,0.0,1740.0,0.0,0.0,1926-01-01,11,11,7,DES MOINES,13616_20250930,DIF,1934-01-13,0,CORYDON STATE BANK,DENTEL BCORP,2617.0,4,1,0,0,FDIC,2025-09-30,1133615.0,2,IA,1,1,50060
NM,1.0,13622,GOTHENBURG,24619.0,0.0,2024-06-30,0.0,28086.0,3775.0,3467.0,1906-01-01,11,11,10,GRAND ISLAND,13622_20250930,DIF,1934-01-01,0,DAYSPRING BANK,NEBRASKA BANKSHARES INC,19420.0,4,10,0,0,FDIC,2025-09-30,1054765.0,2,NE,0,1,69138
SM,1.0,13632,RUSSELLVILLE,9657.0,0.0,2022-08-31,0.0,9811.0,450.0,154.0,1934-01-12,13,13,8,LITTLE ROCK,13632_20250930,DIF,1934-01-12,0,FIRST STATE BANK,FIRST STATE BANKING CORP,14927.0,5,5,0,0,FED,2025-09-30,1096448.0,4,AR,0,0,72802
NM,1.0,13652,LITTLE FALLS,3938.0,0.0,2025-01-01,0.0,3938.0,0.0,0.0,1927-05-11,11,11,9,MINNEAPOLIS,13652_20250930,DIF,1934-01-01,0,PINE COUNTRY BANK,MIDCOUNTRY ACQUISITION CORP,10531.0,3,5,0,0,FDIC,2025-09-30,5281989.0,2,MN,0,0,56345
NM,1.0,13656,MILFORD,3648.0,0.0,2024-06-30,0.0,4341.0,285.0,693.0,1931-06-10,11,11,7,SIOUX CITY,13656_20250930,DIF,1934-11-01,0,UNITED COMMUNITY BANK,MILFORD BCORP,5459.0,4,5,0,0,FDIC,2025-09-30,1201952.0,2,IA,1,1,51351
NM,1.0,1365,MCPHERSON,19215.0,0.0,2025-04-04,479.0,23719.0,5338.0,4025.0,1898-11-01,11,11,10,WICHITA,1365_20250930,DIF,1934-01-01,0,PEOPLES BANK AND TRUST COMPANY,PBT BANCSHARES INC,34828.0,4,21,0,0,FDIC,2025-09-30,1248658.0,4,KS,0,1,67460
NM,1.0,13662,BLOOMFIELD,2635.0,0.0,2024-06-30,0.0,2641.0,20.0,6.0,1895-01-01,11,11,10,SIOUX CITY,13662_20250930,DIF,1934-01-17,0,"FARMERS AND MERCHANTS STATE BANK, BLOOMFIELD, NEBRASKA",LAURITZEN INVESTMENTS INC,5898.0,4,6,0,0,FDIC,2025-09-30,2911931.0,2,NE,0,0,68718
NM,1.0,13692,BRUNSWICK,3639.0,0.0,2024-06-30,0.0,3639.0,235.0,0.0,1930-01-01,11,11,10,SIOUX CITY,13692_20250930,DIF,1934-01-18,0,BRUNSWICK STATE BANK,BSB BANCSHARES INC,4877.0,4,3,0,0,FDIC,2025-09-30,3612244.0,2,NE,1,0,68720
NM,1.0,13696,BRISTOW,276.0,0.0,2024-06-30,0.0,276.0,0.0,0.0,1924-11-14,11,11,10,SIOUX CITY,13696_20250930,DIF,1934-01-19,0,NEBRASKA STATE BANK,Unknown,713.0,4,1,0,0,FDIC,2025-09-30,0.0,2,NE,0,0,68719
N,1.0,13703,GREENVILLE,4960.0,0.0,2022-08-31,384.0,5399.0,711.0,55.0,1934-01-17,9,9,4,COLUMBUS,13703_20250930,DIF,1934-01-17,0,GREENVILLE NATIONAL BANK,GREENVILLE NATIONAL BCORP,17784.0,3,10,0,0,OCC,2025-09-30,1071566.0,4,OH,0,0,45331
NM,1.0,13712,FAIRFIELD,3708.0,0.0,2024-06-30,0.0,4321.0,1100.0,613.0,1901-09-16,11,11,7,CEDAR RAPIDS,13712_20250930,DIF,1934-01-15,0,THE LIBERTYVILLE SAVINGS BANK,LIBERTYVILLE SB EMPLOYEE STK OWNERSHIP TR,11145.0,4,6,0,0,FDIC,2025-09-30,5904756.0,2,IA,1,1,52556
NM,1.0,13715,SPIRIT LAKE,1160.0,0.0,2024-06-30,0.0,1160.0,10.0,0.0,1928-10-05,11,11,7,SIOUX CITY,13715_20250930,DIF,1934-01-20,0,THE STATE BANK,STATE BANCO LTD,1594.0,4,2,0,0,FDIC,2025-09-30,1245200.0,8,IA,1,1,51360
NM,1.0,13716,MIDDLEFIELD,25645.0,0.0,2022-12-01,1.0,28856.0,-18.0,3210.0,1902-03-15,9,9,4,COLUMBUS,13716_20250930,DIF,1934-01-20,0,THE MIDDLEFIELD BANKING COMPANY,MIDDLEFIELD BANC CORP,51219.0,3,21,0,0,FDIC,2025-09-30,1398740.0,4,OH,0,0,44062
NM,1.0,13729,PRESCOTT,193.0,0.0,2022-08-31,0.0,199.0,0.0,6.0,1904-09-26,11,11,10,KANSAS CITY,13729_20250930,DIF,1934-01-01,0,PRESCOTT STATE BANK,SOUTHEAST KS BANCSHARES INC,362.0,4,1,0,0,FDIC,2025-09-30,2124816.0,2,KS,0,0,66767
NM,1.0,13735,PRIMGHAR,5193.0,0.0,2024-06-30,69.0,5496.0,775.0,234.0,1894-11-15,11,11,7,SIOUX CITY,13735_20250930,DIF,1934-01-29,0,SAVINGS BANK,CAPITAL BANCSHARES INC,6884.0,4,3,0,0,FDIC,2025-09-30,3104794.0,2,IA,1,1,51245
NM,1.0,13736,MAYNARD,1286.0,0.0,2024-06-30,2.0,1526.0,0.0,238.0,1895-01-01,11,11,7,CEDAR RAPIDS,13736_20250930,DIF,1934-01-13,0,MAYNARD SAVINGS BANK,FAYETTE BCORP,1828.0,4,3,0,0,FDIC,2025-09-30,1204355.0,2,IA,1,1,50655
NM,1.0,13737,BURLINGTON,888.0,0.0,2024-06-30,0.0,1268.0,113.0,380.0,1916-01-01,11,11,7,CEDAR RAPIDS,13737_20250930,DIF,1934-01-24,0,FARMERS & MERCHANTS BANK & TRUST,FARMERS&MERCHANTS BANCSHARES,4709.0,4,4,0,0,FDIC,2025-09-30,2178631.0,8,IA,0,1,52601
NM,1.0,1373,NATCHITOCHES,22895.0,0.0,2024-11-15,7.0,23537.0,2575.0,635.0,1903-10-05,13,13,11,SHREVEPORT,1373_20250930,DIF,1934-01-01,0,BOM BANK,GRANT BANCSHARES INC,40001.0,5,26,0,0,FDIC,2025-09-30,3203138.0,4,LA,0,0,71457
N,1.0,13748,OGDENSBURG,4745.0,0.0,2022-08-31,0.0,6766.0,-385.0,2021.0,1922-09-27,2,2,2,SYRACUSE,13748_20250930,DIF,1934-01-24,0,THE UPSTATE NATIONAL BANK,Unknown,3426.0,1,4,0,0,OCC,2025-09-30,0.0,4,NY,0,0,13669
NM,1.0,1374,WHITE CASTLE,968.0,0.0,2022-08-31,4.0,972.0,0.0,0.0,1927-03-01,13,13,6,BATON ROUGE,1374_20250930,DIF,1934-01-01,0,THE BANK OF COMMERCE,COMMERCE BANCSHARES INC,2109.0,5,1,0,0,FDIC,2025-09-30,3135471.0,4,LA,1,0,70788
NM,1.0,13753,BLUE GRASS,3094.0,0.0,2024-06-30,0.0,3265.0,-491.0,171.0,1902-01-01,11,11,7,CEDAR RAPIDS,13753_20250930,DIF,1934-01-01,0,BLUE GRASS SAVINGS BANK,E M F CORP,4452.0,4,2,0,0,FDIC,2025-09-30,1143913.0,8,IA,0,1,52726
NM,1.0,1376,PLAQUEMINE,5521.0,0.0,2022-08-31,0.0,5606.0,871.0,85.0,1916-07-05,13,13,6,BATON ROUGE,1376_20250930,DIF,1934-01-01,0,CITIZENS BANK & TRUST COMPANY,CITIZENS BCORP INC,12565.0,5,7,0,0,FDIC,2025-09-30,1084472.0,4,LA,0,1,70764
NM,1.0,13774,BLAIRSTOWN,453.0,0.0,2024-06-30,0.0,562.0,0.0,109.0,1869-01-01,11,11,7,CEDAR RAPIDS,13774_20250930,DIF,1934-01-29,0,BENTON COUNTY STATE BANK,BLAIRSTOWN BCORP INC,1332.0,4,1,0,0,FDIC,2025-09-30,1491708.0,2,IA,0,1,52209
NM,1.0,13775,MOUNTAIN CITY,2079.0,0.0,2022-08-31,0.0,2079.0,180.0,0.0,1934-01-15,13,13,6,KNOXVILLE,13775_20250930,DIF,1934-01-27,0,FARMERS STATE BANK,FARMERS STATE BANCSHARES INC,5699.0,5,3,0,0,FDIC,2025-09-30,1997862.0,8,TN,0,1,37683
N,1.0,13784,NORWAY,1383.0,0.0,2021-08-29,0.0,1621.0,0.0,238.0,1901-06-12,9,9,9,APPLETON,13784_20250930,DIF,1934-01-29,0,"NORTHERN INTERSTATE BANK, N. A.",NORTHERN INTERSTATE FINL INC,3730.0,3,5,0,0,OCC,2025-09-30,1871588.0,8,MI,0,0,49870
NM,1.0,13788,CONCORDIA,1458.0,0.0,2010-08-12,0.0,1458.0,79.0,0.0,1932-05-01,11,11,10,KANSAS CITY,13788_20250930,DIF,1934-01-01,0,"CONCORDIA BANK OF CONCORDIA, MISSOURI",NORTHERN MO BANCSHARES INC,3920.0,4,4,0,0,FDIC,2025-09-30,1249495.0,4,MO,0,0,64020
NM,1.0,13794,ASHLEY,1198.0,0.0,2024-06-30,1.0,1306.0,0.0,107.0,1911-01-01,11,11,9,FARGO,13794_20250930,DIF,1934-01-01,0,MCINTOSH COUNTY BANK,MCINTOSH CNTY BK HOLDING,3113.0,3,2,0,0,FDIC,2025-09-30,1143678.0,2,ND,1,0,58413
N,1.0,13798,FREDONIA,742.0,0.0,2022-08-31,0.0,742.0,15.0,0.0,1871-09-16,11,11,10,WICHITA,13798_20250930,DIF,1934-01-31,0,FIRST NATIONAL BANK IN FREDONIA,FIRST NATL BANCSHARES FREDONIA,2394.0,4,1,0,0,OCC,2025-09-30,1064081.0,7,KS,1,0,66736
NM,1.0,13801,LAOTTO,3797.0,0.0,2022-08-31,0.0,3797.0,214.0,0.0,1914-10-29,9,9,7,INDIANAPOLIS,13801_20250930,DIF,1934-01-31,0,FARMERS AND MERCHANTS BANK,FM FINCORP,5946.0,3,4,0,0,FDIC,2025-09-30,1135196.0,8,IN,1,1,46763
SM,1.0,13802,WEST ALEXANDRIA,1224.0,0.0,2022-08-31,15.0,1264.0,67.0,25.0,1888-01-01,9,9,4,COLUMBUS,13802_20250930,DIF,1934-02-05,0,THE TWIN VALLEY BANK,Unknown,3813.0,3,5,0,0,FED,2025-09-30,0.0,4,OH,0,0,45381
N,1.0,13809,LAKE CRYSTAL,2894.0,0.0,2022-08-31,0.0,3094.0,0.0,200.0,1934-01-29,11,11,9,MANKATO,13809_20250930,DIF,1934-01-29,0,MINNSTAR BANK NATIONAL ASSOCIATION,LAKE CRYSTAL BCORP INC,4870.0,3,2,0,0,OCC,2025-09-30,1126747.0,4,MN,0,0,56055
NM,1.0,1380,CLINTON,2269.0,0.0,2022-08-31,0.0,2427.0,240.0,158.0,1904-01-20,13,13,6,BATON ROUGE,1380_20250930,DIF,1934-01-01,0,FELICIANA BANK & TRUST COMPANY,FELICIANA BANCSHARES INC,5113.0,5,3,0,0,FDIC,2025-09-30,4211336.0,4,LA,1,0,70722
N,1.0,13813,PINCKNEYVILLE,786.0,0.0,2022-08-31,0.0,801.0,104.0,15.0,1901-01-01,9,9,8,MOUNT VERNON,13813_20250930,DIF,1934-01-30,0,FIRST NATIONAL BANK IN PINCKNEYVILLE,FIRST PERRY BCORP INC,3836.0,3,1,0,0,OCC,2025-09-30,1099579.0,8,IL,0,0,62274
SM,1.0,13816,WEST UNION,1215.0,0.0,2024-06-30,28.0,1444.0,0.0,201.0,1934-01-01,11,11,7,CEDAR RAPIDS,13816_20250930,DIF,1934-01-31,0,BANK 1ST,FNB BANSHARES INC,3804.0,4,3,0,0,FED,2025-09-30,1204092.0,2,IA,1,1,52175
NM,1.0,13819,WAUSA,4921.0,0.0,2024-06-30,0.0,4922.0,225.0,1.0,1925-12-01,11,11,10,SIOUX CITY,13819_20250930,DIF,1934-01-01,0,COMMERCIAL STATE BANK,WAUSA BANSHARES INC,6340.0,4,3,0,0,FDIC,2025-09-30,1051698.0,4,NE,1,0,68786
NM,1.0,13821,WYNNE,8976.0,0.0,2022-11-21,28.0,9701.0,1028.0,697.0,1891-06-04,13,13,8,LITTLE ROCK,13821_20250930,DIF,1934-02-01,0,CROSS BANK,CROSS COUNTY BANCSHARES INC,18288.0,5,10,0,0,FDIC,2025-09-30,1131611.0,2,AR,0,1,72396
NM,1.0,13832,LENOX,193.0,0.0,2022-08-31,0.0,193.0,73.0,0.0,1907-06-25,5,5,6,ALBANY GA,13832_20250930,DIF,1934-02-05,0,THE TRUST BANK,LINDSEY FAMILY TRUST,2237.0,5,3,0,0,FDIC,2025-09-30,6010430.0,8,GA,1,0,31637
SM,1.0,13838,HENDERSON,13234.0,0.0,2023-02-08,3.0,13238.0,666.0,1.0,1934-02-02,9,9,8,MOUNT VERNON,13838_20250930,DIF,1934-02-05,0,FIELD & MAIN BANK,FIELD&MAIN BCORP INC,21352.0,3,6,0,0,FED,2025-09-30,4353049.0,4,KY,0,1,42420
NM,1.0,13843,KENTLAND,4125.0,0.0,2022-08-31,168.0,5335.0,768.0,1042.0,1932-09-19,9,9,7,INDIANAPOLIS,13843_20250930,DIF,1934-02-06,0,KENTLAND BANK,KENBANCORP,11495.0,3,5,0,0,FDIC,2025-09-30,1206050.0,2,IN,0,1,47951
SM,1.0,13868,LINCOLN,16164.0,0.0,2024-06-30,4.0,17665.0,669.0,1497.0,1912-12-12,11,11,10,OMAHA,13868_20250930,DIF,1934-02-10,0,FIRST STATE BANK NEBRASKA,FIRST STATE HOLDING CO,24286.0,4,16,0,0,FED,2025-09-30,1056581.0,2,NE,1,0,68516
NM,0.0,13876,CLEARFIELD,102851.0,0.0,2025-07-24,0.0,106150.0,23048.0,3299.0,1934-01-27,2,2,3,WEXFORD,13876_20250930,DIF,1934-02-09,0,CNB BANK,CNB FINANCIAL CORP,168498.0,1,81,0,0,FDIC,2025-09-30,1118340.0,4,PA,0,1,16830
NM,1.0,13883,MCPHERSON,2161.0,0.0,2022-08-31,1.0,2221.0,147.0,59.0,1909-10-09,11,11,10,WICHITA,13883_20250930,DIF,1934-02-12,0,THE FARMERS STATE BANK,GALVA BANCSHARES INC,3938.0,4,4,0,0,FDIC,2025-09-30,1064689.0,2,KS,1,0,67460
NM,1.0,13887,LAFAYETTE,3908.0,0.0,2022-08-31,4.0,4124.0,255.0,212.0,1934-01-30,5,5,6,MONTGOMERY,13887_20250930,DIF,1934-02-13,0,FARMERS AND MERCHANTS BANK,FARMERS&MERCHANTS BANCSHARES,6336.0,5,3,0,0,FDIC,2025-09-30,1086485.0,8,AL,0,1,36862
NM,1.0,13892,NORTH PLATTE,3916.0,0.0,2024-06-30,0.0,4030.0,112.0,114.0,1902-09-22,11,11,10,GRAND ISLAND,13892_20250930,DIF,1934-02-14,0,SANDHILLS STATE BANK,SANDHILLS FINL SERVICES LLC,9500.0,4,10,0,0,FDIC,2025-09-30,4042222.0,2,NE,1,0,69101
NM,1.0,13897,CAMERON,3593.0,0.0,2022-08-31,0.0,3966.0,86.0,373.0,1934-01-01,11,11,10,KANSAS CITY,13897_20250930,DIF,1934-02-14,0,FARMERS STATE BANK,FSC BANCSHARES INC,10006.0,4,9,0,0,FDIC,2025-09-30,1067000.0,5,MO,0,0,64429
NM,1.0,13902,MEDORA,95.0,0.0,2022-08-31,2.0,103.0,0.0,6.0,1912-09-09,9,9,8,SPRINGFIELD IL,13902_20250930,DIF,1934-02-17,0,FARMERS STATE BANK OF MEDORA,Unknown,415.0,3,1,0,0,FDIC,2025-09-30,0.0,2,IL,0,0,62063
N,1.0,13905,DURANT,1541.0,0.0,2022-08-31,2.0,1543.0,142.0,0.0,1898-07-08,13,13,10,OKLAHOMA CITY,13905_20250930,DIF,1934-01-01,0,FIRST TEXOMA NATIONAL BANK,FNB FINANCIAL SERVICES INC,7476.0,5,5,0,0,OCC,2025-09-30,1141227.0,4,OK,0,0,74701
N,1.0,13919,GEORGE WEST,4449.0,0.0,2022-08-31,0.0,4524.0,808.0,75.0,1934-02-17,13,13,11,AUSTIN,13919_20250930,DIF,1934-02-20,0,"SOUTHTRUST BANK, N.A.",LIVE OAK BANCSHARES CORP,18009.0,5,8,0,0,OCC,2025-09-30,1105685.0,4,TX,1,0,78022
NM,1.0,1391,ARLINGTON,399.0,0.0,2022-08-31,0.0,399.0,-135.0,0.0,1895-06-04,11,11,9,MANKATO,1391_20250930,DIF,1934-01-01,0,ARLINGTON STATE BANK,ARLCO INC,1033.0,3,2,0,0,FDIC,2025-09-30,1123728.0,2,MN,1,0,55307
NM,1.0,13926,CANTON,235.0,0.0,2022-08-31,0.0,235.0,0.0,0.0,1895-05-15,11,11,10,WICHITA,13926_20250930,DIF,1934-02-21,0,"THE STATE BANK OF CANTON, CANTON, KANSAS",Unknown,897.0,4,1,0,0,FDIC,2025-09-30,0.0,2,KS,0,0,67428
NM,1.0,13931,SCHALLER,514.0,0.0,2024-06-30,0.0,514.0,0.0,0.0,1898-01-01,11,11,7,SIOUX CITY,13931_20250930,DIF,1934-02-24,0,STATE BANK OF SCHALLER,CENTURY BANCSHARES INC,793.0,4,1,0,0,FDIC,2025-09-30,2598118.0,2,IA,0,1,51053
NM,1.0,13946,PERRY,2952.0,0.0,2022-08-31,1.0,2953.0,60.0,0.0,1934-02-21,13,13,10,OKLAHOMA CITY,13946_20250930,DIF,1934-02-21,0,FIRST BANK & TRUST COMPANY,FNBT BANCSHARES PERRY OK INC,7725.0,5,4,0,0,FDIC,2025-09-30,1138133.0,2,OK,1,1,73077
NM,1.0,13947,ALAMOSA,2026.0,0.0,2022-08-31,10.0,2036.0,138.0,0.0,1907-03-01,13,13,10,DENVER,13947_20250930,DIF,1934-02-23,0,ALAMOSA STATE BANK,ALAMOSA BCORP LTD,9126.0,4,1,0,0,FDIC,2025-09-30,1061222.0,2,CO,1,0,81101
NM,1.0,13951,MANSFIELD,8663.0,0.0,2022-08-31,39.0,8702.0,30.0,0.0,1901-10-01,13,13,11,SHREVEPORT,13951_20250930,DIF,1934-01-01,0,COMMUNITY BANK OF LOUISIANA,MANSFIELD BANCSHARES INC,16922.0,5,12,0,0,FDIC,2025-09-30,1106365.0,4,LA,1,0,71052
SM,1.0,13953,HULL,14756.0,0.0,2024-06-30,2262.0,20351.0,555.0,3333.0,1879-01-01,11,11,7,SIOUX CITY,13953_20250930,DIF,1934-02-20,0,IOWA STATE BANK,VOGEL BANCSHARES INC,28520.0,4,14,0,0,FED,2025-09-30,1249703.0,2,IA,0,1,51239
NM,1.0,13955,MC KENZIE,1940.0,0.0,2024-05-15,0.0,1940.0,120.0,0.0,1934-02-28,13,13,8,NASHVILLE,13955_20250930,DIF,1934-02-28,0,FOUNDATION BANK,FOUNDATION FINL HOLDINGS INC,9778.0,5,9,0,0,FDIC,2025-09-30,1135280.0,8,TN,0,1,38201
NM,1.0,13959,WEIR,10.0,0.0,2022-08-31,0.0,10.0,69.0,0.0,1892-01-01,11,11,10,SPRINGFIELD MO,13959_20250930,DIF,1934-02-28,0,CBW BANK,CB BANCSHARES CORP,2364.0,4,1,0,0,FDIC,2025-09-30,3914872.0,7,KS,0,0,66781
NM,1.0,13960,HOUSTON,757.0,0.0,2022-08-31,0.0,989.0,145.0,232.0,1889-06-04,11,11,8,SPRINGFIELD MO,13960_20250930,DIF,1934-03-03,0,THE BANK OF HOUSTON,SUMMIT BANCSHARES INC,2507.0,4,2,0,0,FDIC,2025-09-30,5297083.0,4,MO,0,0,65483
SM,1.0,13962,HARTINGTON,1861.0,0.0,2024-06-30,8.0,1954.0,166.0,85.0,1917-01-01,11,11,10,SIOUX CITY,13962_20250930,DIF,1934-02-28,0,BANK OF HARTINGTON,CEDAR BCORP,4214.0,4,2,0,0,FED,2025-09-30,1063301.0,2,NE,1,0,68739
N,1.0,13983,GRANVILLE,861.0,0.0,2022-08-31,3.0,871.0,76.0,7.0,1934-02-27,9,9,7,PRINCETON,13983_20250930,DIF,1934-02-27,0,THE GRANVILLE NATIONAL BANK,GRANVILLE BANCSHARES INC,2483.0,3,2,0,0,OCC,2025-09-30,1206171.0,8,IL,0,1,61326
N,1.0,13986,DENVER,83.0,0.0,2023-09-29,0.0,83.0,0.0,0.0,1905-12-11,13,13,10,DENVER,13986_20250930,DIF,1934-02-27,0,"TRANSACT BANK, NATIONAL ASSOCIATION",Unknown,97.0,4,1,0,0,OCC,2025-09-30,0.0,4,CO,0,0,80202
NM,1.0,13990,PALO,595.0,0.0,2024-06-30,0.0,595.0,0.0,0.0,1908-01-01,11,11,7,CEDAR RAPIDS,13990_20250930,DIF,1934-03-03,0,PALO SAVINGS BANK,BANKERS EQUITY CORP,993.0,4,1,0,0,FDIC,2025-09-30,1201596.0,2,IA,1,1,52324
NM,1.0,13999,SCOTLAND,277.0,0.0,2024-06-30,0.0,277.0,0.0,0.0,1934-03-06,11,11,9,SIOUX FALLS,13999_20250930,DIF,1934-03-06,0,THE FARMERS AND MERCHANTS STATE BANK,SCOTLAND HOLDING CO,1054.0,4,1,0,0,FDIC,2025-09-30,1127856.0,2,SD,0,0,57059
SM,1.0,1399,LONSDALE,37886.0,0.0,2024-06-30,13.0,41281.0,7150.0,3382.0,1901-08-01,11,11,9,MANKATO,1399_20250930,DIF,1934-01-01,0,FRANDSEN BANK & TRUST,FRANDSEN FINANCIAL CORP,95576.0,3,40,0,0,FED,2025-09-30,1128358.0,4,MN,1,1,55046
SM,1.0,14009,CHELSEA,3770.0,0.0,2022-08-31,1.0,3771.0,-77.0,0.0,1897-12-17,9,9,7,DETROIT,14009_20250930,DIF,1934-03-07,0,CHELSEA STATE BANK,CSB BCORP INC,12315.0,3,4,0,0,FED,2025-09-30,3306824.0,4,MI,1,0,48118
NM,1.0,14017,MIDDLETOWN,14024.0,0.0,2023-11-01,0.0,14500.0,1357.0,476.0,1908-01-04,2,2,5,BALTIMORE,14017_20250930,DIF,1934-03-08,0,MIDDLETOWN VALLEY BANK,COMMUNITY HERITAGE FINL INC,27204.0,1,8,0,0,FDIC,2025-09-30,5292707.0,4,MD,0,0,21769
NM,1.0,14024,MOUND CITY,818.0,0.0,2022-08-31,0.0,848.0,0.0,30.0,1893-11-14,11,11,10,KANSAS CITY,14024_20250930,DIF,1934-03-09,0,"FARMERS AND MERCHANTS BANK OF MOUND CITY, KANSAS",CUNNINGHAM AGENCY INC,1605.0,4,1,0,0,FDIC,2025-09-30,1051410.0,8,KS,1,0,66056
NM,1.0,14025,PLATTE CITY,6667.0,0.0,2023-11-30,0.0,6995.0,465.0,328.0,1934-03-07,11,11,10,KANSAS CITY,14025_20250930,DIF,1934-03-09,0,CONNECTIONS BANK,WELLS BANCSHARES INC,15876.0,4,11,0,0,FDIC,2025-09-30,1248779.0,4,MO,0,0,64079
NM,1.0,14026,SCRIBNER,832.0,0.0,2024-06-30,0.0,832.0,35.0,0.0,1917-08-17,11,11,10,OMAHA,14026_20250930,DIF,1934-03-09,0,SCRIBNER BANK,SCRIBNER BANSHARES INC,2880.0,4,1,0,0,FDIC,2025-09-30,1056143.0,2,NE,0,0,68057
NM,0.0,14028,HAMMOND,87358.0,0.0,2025-07-10,258.0,92118.0,79091.0,4502.0,1934-03-12,13,13,6,BATON ROUGE,14028_20250930,DIF,1934-03-12,0,FIRST GUARANTY BANK,SMITH&HOOD HOLDING CO L L C,70042.0,5,31,0,0,FDIC,2025-09-30,4991076.0,4,LA,0,1,70401
NM,1.0,14029,OKLAHOMA CITY,17052.0,0.0,2022-08-31,0.0,17618.0,874.0,566.0,1933-12-12,13,13,10,OKLAHOMA CITY,14029_20250930,DIF,1934-01-01,0,FIRST LIBERTY BANK,FIRST LIBERTY HOLDINGS LLC,23961.0,5,3,0,0,FDIC,2025-09-30,3435845.0,4,OK,0,0,73120
NM,1.0,1402,CLARA CITY,20237.0,0.0,2025-01-10,0.0,21682.0,721.0,1445.0,1902-07-02,11,11,9,FARGO,1402_20250930,DIF,1934-01-01,0,CITIZENS ALLIANCE BANK,FORSTROM BCORP INC,38903.0,3,17,0,0,FDIC,2025-09-30,1128134.0,2,MN,0,0,56222
SM,1.0,14036,WARRENTON,5991.0,0.0,2020-04-04,0.0,5991.0,405.0,0.0,1934-01-01,11,11,8,ST. LOUIS,14036_20250930,DIF,1934-03-10,0,THE MISSOURI BANK,WARREN COUNTY BANCSHARES INC,12181.0,4,7,0,0,FED,2025-09-30,1138393.0,4,MO,1,0,63383
NM,1.0,14056,SAINT CLAIR,4367.0,0.0,2022-08-31,0.0,4508.0,195.0,141.0,1913-05-02,11,11,8,ST. LOUIS,14056_20250930,DIF,1934-03-12,0,FARMERS AND MERCHANTS BANK OF ST. CLAIR,SAINT CLAIR BANCSHARES INC,8882.0,4,4,0,0,FDIC,2025-09-30,2591539.0,4,MO,0,0,63077
NM,1.0,14058,PETERSBURG,7671.0,0.0,2024-06-30,0.0,8050.0,200.0,379.0,1920-12-04,11,11,10,GRAND ISLAND,14058_20250930,DIF,1934-03-13,0,GREAT PLAINS STATE BANK,RAE VALLEY FINANCIALS INC,9154.0,4,5,0,0,FDIC,2025-09-30,2761480.0,2,NE,0,0,68652
NM,1.0,14065,ELBERTON,19707.0,0.0,2022-08-31,12.0,19720.0,1350.0,1.0,1934-03-12,5,5,6,ATLANTA,14065_20250930,DIF,1934-03-14,0,PINNACLE BANK,PINNACLE FINANCIAL CORP,65900.0,5,26,0,0,FDIC,2025-09-30,3145966.0,4,GA,0,0,30635
NM,1.0,14069,SCOTIA,966.0,0.0,2024-06-30,0.0,966.0,150.0,0.0,1934-01-01,11,11,10,GRAND ISLAND,14069_20250930,DIF,1934-04-01,0,STATE BANK OF SCOTIA,Unknown,1234.0,4,1,0,0,FDIC,2025-09-30,0.0,2,NE,0,0,68875
N,1.0,14073,HILLSDALE,15651.0,0.0,2022-08-31,0.0,17410.0,581.0,1759.0,1934-03-19,9,9,7,DETROIT,14073_20250930,DIF,1934-03-19,0,COUNTY NATIONAL BANK,CNB COMMUNITY BCORP INC,35807.0,3,15,0,0,OCC,2025-09-30,3340015.0,4,MI,0,1,49242
SM,1.0,14079,GRUNDY CENTER,7241.0,0.0,2024-06-30,20.0,8438.0,50.0,1177.0,1934-03-16,11,11,7,DES MOINES,14079_20250930,DIF,1934-03-16,0,GNB BANK,GNB BCORP,16804.0,4,11,0,0,FED,2025-09-30,1205950.0,2,IA,1,1,50638
NM,1.0,14083,BISON,1637.0,0.0,2022-08-31,0.0,1839.0,989.0,202.0,1901-01-01,11,11,10,HAYS,14083_20250930,DIF,1934-03-21,0,BISON STATE BANK,BISON BANCSHARES INC,2829.0,4,2,0,0,FDIC,2025-09-30,5806506.0,4,KS,0,0,67520
N,1.0,14095,FALFURRIAS,393.0,0.0,2022-08-31,0.0,393.0,0.0,0.0,1934-01-01,13,13,11,HOUSTON,14095_20250930,DIF,1934-03-21,0,THE FIRST NATIONAL BANK IN FALFURRIAS,Unknown,2485.0,5,1,0,0,OCC,2025-09-30,0.0,7,TX,1,0,78355
NM,1.0,14096,EXETER,765.0,0.0,2024-06-30,3.0,849.0,45.0,81.0,1934-01-01,11,11,10,GRAND ISLAND,14096_20250930,DIF,1934-03-21,0,GENERATIONS BANK,GLAASS FINANCIAL LLC,1509.0,4,1,0,0,FDIC,2025-09-30,4195285.0,2,NE,0,0,68351
NM,1.0,1409,KENSINGTON,6409.0,0.0,2024-06-30,0.0,6870.0,854.0,461.0,1898-01-01,11,11,9,FARGO,1409_20250930,DIF,1934-01-01,0,KENSINGTON BANK,KENSINGTON BCORP INC,12335.0,3,7,0,0,FDIC,2025-09-30,2359917.0,2,MN,0,0,56343
NM,1.0,14113,ELLETTSVILLE,5846.0,0.0,2022-08-31,425.0,6271.0,103.0,0.0,1904-01-01,9,9,7,INDIANAPOLIS,14113_20250930,DIF,1934-03-26,0,THE PEOPLES STATE BANK,ELLETTSVILLE BANCSHARES INC,11271.0,3,15,0,0,FDIC,2025-09-30,1206676.0,4,IN,1,1,47429
SI,1.0,14134,SAINT JOHNSBURY,7599.0,0.0,2022-08-31,0.0,9184.0,525.0,1585.0,1853-02-24,2,2,1,WINDSOR,14134_20250930,DIF,1934-03-31,0,PASSUMPSIC SAVINGS BANK,PASSUMPSIC BCORP,18997.0,1,12,0,0,FDIC,2025-09-30,2337081.0,5,VT,0,1,05819
SI,1.0,14136,WELLS RIVER,1681.0,0.0,2022-08-31,0.0,2069.0,81.0,388.0,1892-01-01,2,2,1,WINDSOR,14136_20250930,DIF,1934-03-31,1,WELLS RIVER SAVINGS BANK,Unknown,6746.0,1,6,0,0,FDIC,2025-09-30,0.0,6,VT,0,0,05081
NM,1.0,1413,DARWIN,1241.0,0.0,2022-08-31,0.0,1241.0,135.0,0.0,1914-01-01,11,11,9,MANKATO,1413_20250930,DIF,1934-01-01,0,PERENNIAL BANK,DARWIN BANCSHARES INC,3065.0,3,4,0,0,FDIC,2025-09-30,1125571.0,8,MN,1,0,55324
SI,1.0,14140,NORTHFIELD,15598.0,0.0,2022-08-31,777.0,18657.0,780.0,2282.0,1867-11-21,2,2,1,WINDSOR,14140_20250930,DIF,1934-03-31,0,NORTHFIELD SAVINGS BANK,NORTHFIELD MHC,28951.0,1,13,0,0,FDIC,2025-09-30,2934305.0,4,VT,0,0,05663
NM,1.0,14158,MORRISVILLE,16087.0,0.0,2022-08-31,63.0,23923.0,769.0,7773.0,1891-01-01,2,2,1,WINDSOR,14158_20250930,DIF,1934-03-31,0,UNION BANK,UNION BANKSHARES INC,32300.0,1,21,0,0,FDIC,2025-09-30,1114940.0,4,VT,0,1,05661
SB,1.0,1415,PARK RAPIDS,1145.0,0.0,2024-06-30,0.0,1246.0,4.0,101.0,1919-09-19,11,11,9,FARGO,1415_20250930,DIF,1989-08-09,0,NORTHWOODS BANK OF MINNESOTA,DORSET BANCSHARES INC,3665.0,3,4,0,0,OCC,2025-09-30,1124097.0,4,MN,1,0,56470
NM,1.0,14168,SAINT ALBANS,2280.0,0.0,2022-08-31,8.0,2288.0,221.0,0.0,1866-11-12,2,2,1,WINDSOR,14168_20250930,DIF,1934-04-02,0,PEOPLES TRUST COMPANY OF ST. ALBANS,Unknown,11313.0,1,5,0,0,FDIC,2025-09-30,0.0,4,VT,0,1,05478
NM,1.0,14178,SILEX,1032.0,0.0,2022-08-31,0.0,1032.0,166.0,0.0,1934-03-24,11,11,8,ST. LOUIS,14178_20250930,DIF,1934-03-30,0,SILEX BANKING COMPANY,SILEX BANCSHARES INC,2268.0,4,1,0,0,FDIC,2025-09-30,1141263.0,2,MO,0,0,63377
N,1.0,1417,HINCKLEY,3235.0,0.0,2022-08-31,0.0,3261.0,-55.0,26.0,1908-10-01,11,11,9,MINNEAPOLIS,1417_20250930,DIF,1934-01-01,0,WOODLANDS NATIONAL BANK,MILLE LACS BCORP INC,6852.0,3,7,0,0,OCC,2025-09-30,2359823.0,4,MN,0,0,55037
NM,1.0,14184,MARION,4660.0,0.0,2022-08-31,0.0,4882.0,2800.0,222.0,1934-03-17,5,5,6,SHELBY,14184_20250930,DIF,1934-04-02,0,MARION COMMUNITY BANK,MARION BANCSHARES INC,8747.0,5,6,0,0,FDIC,2025-09-30,1248023.0,4,AL,1,0,36756
SM,1.0,14185,CARUTHERSVILLE,7261.0,0.0,2022-12-20,108.0,9099.0,2750.0,1730.0,1934-04-02,11,11,8,ST. LOUIS,14185_20250930,DIF,1934-04-02,0,"FIRST STATE BANK AND TRUST COMPANY, INC.",FIRST ST BCORP COMBINED RETIREMENT BENEFIT PLAN,18889.0,4,7,0,0,FED,2025-09-30,4101428.0,2,MO,1,1,63830
NM,1.0,1418,WESTON,2682.0,0.0,2022-08-31,0.0,2747.0,427.0,65.0,1893-03-21,11,11,10,KANSAS CITY,1418_20250930,DIF,1934-01-01,0,BANK OF WESTON,WILSON BANCSHARES INC,6997.0,4,3,0,0,FDIC,2025-09-30,1060104.0,4,MO,0,1,64098
SM,1.0,14195,BUFFALO CENTER,5374.0,0.0,2024-06-30,25.0,5637.0,60.0,238.0,1914-01-01,11,11,7,DES MOINES,14195_20250930,DIF,1934-04-05,0,FARMERS TRUST AND SAVINGS BANK,KOSS-WINN BANCSHARES EMPLOYEE STK OWNERSHIP PLAN WITH 401 K PROVISIONS,8780.0,4,5,0,0,FED,2025-09-30,2630773.0,2,IA,1,1,50424
NM,1.0,14207,REINBECK,32649.0,0.0,2024-06-30,0.0,34767.0,3201.0,2118.0,1902-01-01,11,11,7,CEDAR RAPIDS,14207_20250930,DIF,1934-03-26,0,LINCOLN SAVINGS BANK,LINCOLN BCORP,34363.0,4,16,0,0,FDIC,2025-09-30,1210169.0,4,IA,0,1,50669
SM,1.0,14208,GOWRIE,1510.0,0.0,2024-06-30,43.0,1564.0,135.0,11.0,1914-04-18,11,11,7,DES MOINES,14208_20250930,DIF,1934-04-06,0,SECURITY SAVINGS BANK,SECURITY FINANCIAL INC,5698.0,4,8,0,0,FED,2025-09-30,2339928.0,2,IA,1,0,50543
NM,1.0,14209,MARION,13825.0,0.0,2024-06-30,345.0,14905.0,125.0,735.0,1927-08-27,11,11,7,CEDAR RAPIDS,14209_20250930,DIF,1934-04-09,0,FARMERS STATE BANK,NEIGHBOR INSURANCE AGENCY INC,24232.0,4,9,0,0,FDIC,2025-09-30,1200124.0,4,IA,1,1,52302
SM,1.0,14222,DURAND,12488.0,0.0,2022-08-31,8.0,14739.0,675.0,2243.0,1934-04-06,9,9,9,EAU CLAIRE,14222_20250930,DIF,1934-04-10,0,SECURITY FINANCIAL BANK,SECURITY FINL SERVICES CORP,23910.0,3,8,0,0,FED,2025-09-30,2848804.0,2,WI,1,0,54736
N,1.0,14225,THORNTOWN,2046.0,0.0,2022-08-31,0.0,2046.0,409.0,0.0,1901-05-31,9,9,7,INDIANAPOLIS,14225_20250930,DIF,1934-04-06,0,THE HOME NATIONAL BANK OF THORNTOWN,HOME NATIONAL CORP,4905.0,3,2,0,0,OCC,2025-09-30,1133183.0,5,IN,0,1,46071
NM,1.0,14230,MALVERN,4477.0,0.0,2024-06-30,0.0,4565.0,215.0,88.0,1892-01-01,11,11,7,OMAHA,14230_20250930,DIF,1934-04-10,0,MALVERN BANK,MALVERN BANCSHARES INC,6318.0,4,1,0,0,FDIC,2025-09-30,3070415.0,4,IA,1,1,51551
NM,1.0,14247,HAMPTON,2603.0,0.0,2024-06-30,0.0,2669.0,36.0,66.0,1915-01-01,11,11,7,DES MOINES,14247_20250930,DIF,1934-01-01,0,UNITED BANK AND TRUST COMPANY,J E COONLEY CO,4762.0,4,4,0,0,FDIC,2025-09-30,1209529.0,2,IA,1,1,50441
NM,1.0,14260,WALTERS,255.0,0.0,2022-08-31,0.0,255.0,50.0,0.0,1934-04-14,13,13,10,OKLAHOMA CITY,14260_20250930,DIF,1934-04-14,0,WALTERS BANK AND TRUST COMPANY,Unknown,2175.0,5,1,0,0,FDIC,2025-09-30,0.0,2,OK,1,1,73572
SM,1.0,14264,LINCOLN,13321.0,0.0,2024-06-30,0.0,16180.0,612.0,2859.0,1903-08-24,11,11,10,OMAHA,14264_20250930,DIF,1934-04-18,0,CORNHUSKER BANK,CORNHUSKER GROWTH CORP,22599.0,4,10,0,0,FED,2025-09-30,2022529.0,4,NE,1,0,68510
N,1.0,14266,SUPERIOR,28649.0,0.0,2024-12-13,59.0,31904.0,1685.0,3196.0,1934-02-07,9,9,9,EAU CLAIRE,14266_20250930,DIF,1934-04-23,0,NATIONAL BANK OF COMMERCE,"NATCOM BANCSHARES,INC",62931.0,3,21,0,0,OCC,2025-09-30,2665739.0,4,WI,1,0,54880
NM,1.0,14269,MARYSVILLE,6131.0,0.0,2022-08-31,489.0,6892.0,300.0,272.0,1907-01-10,11,11,10,KANSAS CITY,14269_20250930,DIF,1934-04-19,0,THE CITIZENS STATE BANK,COMMUNITY BANCSHARES MARYSVILLE,10620.0,4,4,0,0,FDIC,2025-09-30,2180223.0,2,KS,1,0,66508
NM,1.0,1426,CHARLESTON,9943.0,0.0,2022-08-31,1.0,12328.0,729.0,2384.0,1930-01-01,11,11,8,ST. LOUIS,1426_20250930,DIF,1934-01-01,0,FOCUS BANK,SECURITY STATE BANCSHARES INC,26437.0,4,11,0,0,FDIC,2025-09-30,1248573.0,4,MO,1,0,63834
NM,1.0,14275,MILLIGAN,3418.0,0.0,2024-06-30,0.0,4033.0,225.0,615.0,1903-06-10,11,11,10,GRAND ISLAND,14275_20250930,DIF,1934-04-24,0,FARMERS AND MERCHANTS BANK,FM GROUP INC,4571.0,4,2,0,0,FDIC,2025-09-30,2230249.0,2,NE,1,0,68406
NM,1.0,14276,GLADSTONE,6523.0,0.0,2022-08-31,0.0,6911.0,444.0,388.0,1916-08-14,9,9,9,APPLETON,14276_20250930,DIF,1934-04-23,0,"FIRST BANK, UPPER MICHIGAN",FIRST BANCSHARES CORP,17493.0,3,9,0,0,FDIC,2025-09-30,1978414.0,4,MI,1,1,49837
NM,1.0,1427,FULTON,1232.0,0.0,2024-06-30,0.0,1459.0,51.0,227.0,1930-01-25,11,11,8,COLUMBIA MO,1427_20250930,DIF,1934-01-01,0,UNITED SECURITY BANK,MID-MO BANCSHARES INC,2442.0,4,3,0,0,FDIC,2025-09-30,1247736.0,8,MO,1,0,65251
SM,1.0,14281,UTICA,844.0,0.0,2024-06-30,0.0,900.0,0.0,56.0,1882-01-01,11,11,10,OMAHA,14281_20250930,DIF,1934-04-16,0,FIRST BANK OF UTICA,FIRST NATIONAL UTICA CO,2453.0,4,4,0,0,FED,2025-09-30,1065109.0,2,NE,0,1,68456
SM,1.0,14291,WAPELLO,2903.0,0.0,2025-08-02,0.0,3007.0,185.0,104.0,1931-02-13,11,11,7,CEDAR RAPIDS,14291_20250930,DIF,1934-04-25,0,BANK,MORNING SUN BANK CORP,4006.0,4,7,0,0,FED,2025-09-30,1205156.0,4,IA,0,0,52653
NM,1.0,14293,ROCK PORT,889.0,0.0,2022-08-31,27.0,916.0,0.0,0.0,1902-03-28,11,11,10,KANSAS CITY,14293_20250930,DIF,1934-04-26,0,CITIZENS BANK & TRUST,Unknown,2493.0,4,2,0,0,FDIC,2025-09-30,0.0,2,MO,1,1,64482
NM,1.0,14311,KENESAW,2454.0,0.0,2024-06-30,0.0,3822.0,0.0,1368.0,1878-01-01,11,11,10,GRAND ISLAND,14311_20250930,DIF,1934-01-01,0,ADAMS COUNTY BANK,FIRST KENESAW CO,4871.0,4,2,0,0,FDIC,2025-09-30,1053870.0,2,NE,1,0,68956
SM,1.0,14312,HASTINGS,7483.0,0.0,2024-06-30,25.0,7608.0,0.0,100.0,1893-01-01,11,11,10,GRAND ISLAND,14312_20250930,DIF,1934-05-02,0,FIVE POINTS BANK OF HASTINGS,HOMETOWN BANC CORP,7223.0,4,2,0,0,FED,2025-09-30,2482196.0,2,NE,0,0,68901
NM,1.0,14316,BENTON,1448.0,0.0,2022-08-31,0.0,1741.0,186.0,293.0,1894-12-05,9,9,7,MADISON,14316_20250930,DIF,1934-05-05,0,THE BENTON STATE BANK,BSB COMMUNITY BCORP INC,3716.0,3,3,0,0,FDIC,2025-09-30,2983246.0,2,WI,1,0,53803
NM,1.0,14327,WAVERLY,4850.0,0.0,2024-06-30,0.0,4913.0,180.0,63.0,1907-02-18,11,11,10,OMAHA,14327_20250930,DIF,1934-05-07,0,HORIZON BANK,Unknown,17987.0,4,5,0,0,FDIC,2025-09-30,0.0,4,NE,0,0,68462
SM,1.0,14331,ANTLERS,6860.0,0.0,2022-08-31,0.0,6937.0,375.0,77.0,1901-01-01,13,13,10,OKLAHOMA CITY,14331_20250930,DIF,1934-05-03,0,FIRSTBANK,FIRST ANTLERS BCORP INC,23407.0,5,10,0,0,FED,2025-09-30,1133370.0,8,OK,0,0,74523
NM,1.0,14333,LATROBE,130.0,0.0,2022-08-31,0.0,1216.0,0.0,1086.0,1934-05-04,2,2,4,WEXFORD,14333_20250930,DIF,1934-05-04,0,COMMERCIAL BANK AND TRUST OF PA,COMMERCIAL NATL FINL CORP,9527.0,1,7,0,0,FDIC,2025-09-30,1823738.0,8,PA,0,1,15650
NM,1.0,14334,UNION,8074.0,0.0,2022-08-31,0.0,9103.0,1080.0,1029.0,1934-03-22,11,11,8,ST. LOUIS,14334_20250930,DIF,1934-05-07,0,UNITED BANK OF UNION,CARDINAL BCORP II INC,16171.0,4,3,0,0,FDIC,2025-09-30,1248368.0,4,MO,1,0,63084
SM,1.0,14344,PHILLIPSBURG,394.0,0.0,2022-08-31,2.0,509.0,-2.0,113.0,1909-01-01,11,11,10,HAYS,14344_20250930,DIF,1934-05-08,0,FARMERS STATE BANK,PHILLIPS HOLDINGS INC,993.0,4,1,0,0,FED,2025-09-30,1989643.0,2,KS,1,0,67661
NM,1.0,14349,SALEM,1727.0,0.0,2022-08-31,0.0,1808.0,0.0,81.0,1883-10-10,11,11,8,SPRINGFIELD MO,14349_20250930,DIF,1934-05-10,0,BANK OF SALEM,JUDSON YOUNG MEMORIAL EDUCATION FOUNDATION,3154.0,4,2,0,0,FDIC,2025-09-30,1094444.0,8,MO,0,0,65560
SM,1.0,1434,RAVENNA,2866.0,0.0,2024-06-30,0.0,2921.0,0.0,55.0,1932-01-01,11,11,10,GRAND ISLAND,1434_20250930,DIF,1934-01-01,0,TOWN & COUNTRY BANK,PLATTE VALLEY CATTLE CO,6627.0,4,4,0,0,FED,2025-09-30,1054859.0,2,NE,0,0,68869
NM,1.0,14352,WASHINGTON,1145.0,0.0,2024-06-30,23.0,1276.0,0.0,108.0,1906-11-01,11,11,7,CEDAR RAPIDS,14352_20250930,DIF,1934-04-18,0,FEDERATION BANK,WASHINGTON BCORP,3828.0,4,4,0,0,FDIC,2025-09-30,2604493.0,2,IA,1,0,52353
N,1.0,14355,UPPER SANDUSKY,2270.0,0.0,2022-08-31,13.0,2390.0,-129.0,107.0,1902-12-01,9,9,4,COLUMBUS,14355_20250930,DIF,1934-05-11,0,THE FIRST CITIZENS NATIONAL BANK OF UPPER SANDUSKY,Unknown,9199.0,3,8,0,0,OCC,2025-09-30,0.0,4,OH,0,0,43351
NM,1.0,1435,KEARNEY,27635.0,0.0,2024-06-30,94.0,33309.0,500.0,5580.0,1917-04-09,11,11,10,GRAND ISLAND,1435_20250930,DIF,1934-01-01,0,EXCHANGE BANK,EXCHANGE CO,32237.0,4,8,0,0,FDIC,2025-09-30,1061893.0,4,NE,1,1,68847
NM,1.0,14382,DUBUQUE,26385.0,0.0,2024-06-30,367.0,27985.0,325.0,1233.0,1910-04-20,11,11,7,CEDAR RAPIDS,14382_20250930,DIF,1934-05-19,0,FIDELITY BANK & TRUST,FIDELITY CO,42406.0,4,30,0,0,FDIC,2025-09-30,1203778.0,2,IA,0,1,52002
NM,1.0,1438,UNADILLA,1264.0,0.0,2024-06-30,0.0,1305.0,86.0,41.0,1892-05-01,11,11,10,OMAHA,1438_20250930,DIF,1934-01-01,0,COUNTRYSIDE BANK,UB INC,2688.0,4,3,0,0,FDIC,2025-09-30,2090779.0,2,NE,0,0,68454
NM,1.0,14392,WILLIAMSBURG,2096.0,0.0,2024-06-30,0.0,2096.0,50.0,0.0,1934-01-01,11,11,7,CEDAR RAPIDS,14392_20250930,DIF,1934-05-01,0,FARMERS TRUST & SAVINGS BANK,FTS FINANCIAL INC,5835.0,4,2,0,0,FDIC,2025-09-30,1208483.0,2,IA,1,1,52361
N,1.0,14399,HASKELL,307.0,0.0,2022-08-31,0.0,307.0,15.0,0.0,1890-11-25,13,13,11,DALLAS,14399_20250930,DIF,1934-01-01,0,HASKELL NATIONAL BANK,HASKELL BANCSHARES INC,1828.0,5,2,0,0,OCC,2025-09-30,1103494.0,2,TX,1,1,79521
NM,1.0,1439,ELKHORN,448.0,0.0,2024-06-30,0.0,448.0,0.0,0.0,1915-03-29,11,11,10,OMAHA,1439_20250930,DIF,1934-01-01,0,AMERICAN INTERSTATE BANK,AMERICAN INTERSTATE BCORP INC,5210.0,4,3,0,0,FDIC,2025-09-30,1210459.0,4,NE,1,0,68022
N,1.0,14400,TIGERTON,257.0,0.0,2022-08-31,0.0,257.0,9.0,0.0,1934-05-19,9,9,7,APPLETON,14400_20250930,DIF,1934-05-25,0,FIRST NATIONAL BANK IN TIGERTON,TIGERTON BCORP INC,858.0,3,2,0,0,OCC,2025-09-30,1204720.0,8,WI,1,0,54486
NM,1.0,14410,NORWALK,12227.0,0.0,2024-06-30,0.0,12649.0,500.0,422.0,1895-01-01,11,11,7,DES MOINES,14410_20250930,DIF,1934-05-25,0,CITY STATE BANK,ALBRECHT FINL SERVICES INC,16690.0,4,9,0,0,FDIC,2025-09-30,2022725.0,4,IA,1,1,50211
SM,1.0,14413,FAIRFIELD,5220.0,0.0,2024-06-30,0.0,5810.0,315.0,590.0,1934-05-19,11,11,7,CEDAR RAPIDS,14413_20250930,DIF,1934-05-25,0,"IOWA STATE BANK AND TRUST COMPANY OF FAIRFIELD, IOWA",IOWA ST FINL SERVICES CORP,6802.0,4,3,0,0,FED,2025-09-30,2858399.0,2,IA,0,1,52556
NM,1.0,14415,BELLEVUE,2301.0,0.0,2024-06-30,0.0,2308.0,0.0,7.0,1934-01-01,11,11,7,CEDAR RAPIDS,14415_20250930,DIF,1934-05-31,0,BELLEVUE STATE BANK,BELLEVUE STB EMPLOYEE STK OWNERSHIP PLAN,4299.0,4,1,0,0,FDIC,2025-09-30,2307310.0,2,IA,1,1,52031
NM,1.0,14420,GOODLAND,2281.0,0.0,2022-08-31,0.0,2745.0,175.0,464.0,1886-01-01,11,11,10,HAYS,14420_20250930,DIF,1934-05-24,0,FNB BANK,FIRST NATL BANCSHARES PROFIT SHARING&EMPLOYEE STK OWNERSHIP PLAN&TR,8069.0,4,5,0,0,FDIC,2025-09-30,2267731.0,2,KS,1,1,67735
N,1.0,14427,DERIDDER,3296.0,0.0,2022-08-31,0.0,3298.0,298.0,2.0,1934-01-01,13,13,6,SHREVEPORT,14427_20250930,DIF,1934-06-02,0,FIRST NATIONAL BANK IN DERIDDER,Unknown,11586.0,5,7,0,0,OCC,2025-09-30,0.0,4,LA,0,0,70634
NM,1.0,14445,COLUMBUS,9376.0,0.0,2025-01-02,0.0,9523.0,1759.0,147.0,1861-09-05,9,9,7,MADISON,14445_20250930,DIF,1934-06-05,0,FARMERS AND MERCHANTS UNION BANK,JEWEL BOX FINL SERVICES INC,19059.0,3,9,0,0,FDIC,2025-09-30,2653071.0,4,WI,0,0,53925
NM,1.0,14488,NEW HAVEN,4870.0,0.0,2022-08-31,4.0,4874.0,106.0,0.0,1934-01-01,11,11,8,ST. LOUIS,14488_20250930,DIF,1934-06-19,0,CITIZENS BANK,CITIZENS FINANCIAL GROUP INC,10199.0,4,4,0,0,FDIC,2025-09-30,1099784.0,4,MO,0,0,63068
SM,1.0,14491,PHENIX,1500.0,0.0,2022-08-31,0.0,1652.0,170.0,152.0,1912-11-12,5,5,5,RICHMOND,14491_20250930,DIF,1934-06-20,0,THE BANK OF CHARLOTTE COUNTY,BCC BANKSHARES INC,6815.0,1,6,0,0,FED,2025-09-30,2835680.0,8,VA,0,0,23959
NM,1.0,14492,PALMYRA,8193.0,0.0,2022-08-31,0.0,9566.0,245.0,1373.0,1934-06-01,11,11,8,ST. LOUIS,14492_20250930,DIF,1934-06-20,0,HOMEBANK,BYRON B WEBB INC,21190.0,4,9,0,0,FDIC,2025-09-30,1094480.0,2,MO,1,0,63461
NM,1.0,14507,BERKELEY SPRINGS,8452.0,0.0,2024-01-02,0.0,9161.0,524.0,709.0,1917-01-01,5,5,5,SCOTT DEPOT,14507_20250930,DIF,1934-06-18,0,"CNB BANK, INC.",CNB FINANCIAL SERVICES INC,16002.0,1,9,0,0,FDIC,2025-09-30,2909200.0,4,WV,0,1,25411
SM,1.0,14513,PIGEON,5021.0,0.0,2024-11-16,0.0,5021.0,100.0,0.0,1895-01-01,9,9,7,DETROIT,14513_20250930,DIF,1934-06-14,0,THUMB BANK AND TRUST,THUMB BCORP EMPLOYEE STK OWNERSHIP PLAN,19992.0,3,14,0,0,FED,2025-09-30,2972530.0,2,MI,0,1,48755
SM,1.0,14521,WEST DES MOINES,29812.0,0.0,2024-06-30,149.0,35372.0,1548.0,5411.0,1923-03-07,11,11,7,DES MOINES,14521_20250930,DIF,1934-06-28,0,BANK IOWA,BANK IOWA CORP,53566.0,4,25,0,0,FED,2025-09-30,1202762.0,2,IA,1,1,50266
NM,1.0,14522,CLARINDA,4412.0,0.0,2024-06-30,0.0,4415.0,0.0,3.0,1866-01-01,11,11,7,OMAHA,14522_20250930,DIF,1934-06-28,0,PCSB BANK,WHITMORE CO INC,6217.0,4,7,0,0,FDIC,2025-09-30,1200049.0,2,IA,1,1,51632
NM,1.0,14523,ANTWERP,1741.0,0.0,2022-08-31,0.0,1755.0,111.0,14.0,1893-01-01,9,9,4,COLUMBUS,14523_20250930,DIF,1934-07-02,0,THE ANTWERP EXCHANGE BANK COMPANY,DIAMOND BANCSHARES INC,3942.0,3,3,0,0,FDIC,2025-09-30,1129896.0,2,OH,0,0,45813
N,0.0,14531,AMARILLO,181918.0,0.0,2022-08-31,2734.0,184688.0,43800.0,36.0,1892-01-01,13,13,11,LUBBOCK,14531_20250930,DIF,1934-01-01,0,AMARILLO NATIONAL BANK,AMARILLO NATIONAL BCORP INC,282082.0,5,35,0,0,OCC,2025-09-30,1107205.0,4,TX,1,1,79101
NM,1.0,14546,FREDERICKTOWN,3739.0,0.0,2022-08-31,0.0,3739.0,1247.0,0.0,1934-01-01,11,11,8,ST. LOUIS,14546_20250930,DIF,1934-07-03,0,NEW ERA BANK,NEW ERA BCORP INC,12269.0,4,8,0,0,FDIC,2025-09-30,1119628.0,4,MO,1,0,63645
NM,1.0,14556,SAINT PAUL,1263.0,0.0,2006-03-31,0.0,1358.0,36.0,95.0,1914-09-26,11,11,10,SPRINGFIELD MO,14556_20250930,DIF,1934-07-06,0,"THE EXCHANGE STATE BANK OF ST. PAUL, KANSAS",SOUTHEAST KS BANCSHARES INC,2723.0,4,3,0,0,FDIC,2025-09-30,2124816.0,2,KS,0,0,66771
NM,1.0,14560,WEST SALEM,1431.0,0.0,2022-08-31,0.0,1675.0,146.0,244.0,1903-08-25,9,9,9,MADISON,14560_20250930,DIF,1934-01-01,0,UNION STATE BANK,Unknown,2710.0,3,2,0,0,FDIC,2025-09-30,0.0,8,WI,0,0,54669
NM,1.0,14561,MEDORA,1229.0,0.0,2021-08-29,11.0,1309.0,0.0,69.0,1933-09-19,9,9,8,INDIANAPOLIS,14561_20250930,DIF,1934-07-09,0,STATE BANK OF MEDORA,Unknown,1886.0,3,1,0,0,FDIC,2025-09-30,0.0,5,IN,0,1,47260
N,1.0,14567,OLNEY,5970.0,0.0,2022-08-31,82.0,6063.0,1072.0,11.0,1934-07-09,9,9,8,MOUNT VERNON,14567_20250930,DIF,1934-07-09,0,FIRST NATIONAL BANK IN OLNEY,SUMMIT BANCSHARES LTD,10647.0,3,6,0,0,OCC,2025-09-30,2267937.0,2,IL,0,1,62450
NM,1.0,14574,ODIN,1748.0,0.0,2022-08-31,0.0,1751.0,60.0,3.0,1904-06-09,11,11,9,MANKATO,14574_20250930,DIF,1934-03-28,0,ODIN STATE BANK,ODIN BANCSHARES INC,1990.0,3,1,0,0,FDIC,2025-09-30,3072594.0,2,MN,1,0,56160
NM,1.0,14578,LAGRANGE,14548.0,0.0,2022-08-31,15.0,14841.0,399.0,278.0,1934-07-16,9,9,7,INDIANAPOLIS,14578_20250930,DIF,1934-07-16,0,FARMERS STATE BANK,FS BCORP,32560.0,3,12,0,0,FDIC,2025-09-30,1245479.0,9,IN,0,1,46761
NM,1.0,14581,CLARKSON,861.0,0.0,2024-06-30,0.0,896.0,0.0,35.0,1934-05-17,11,11,10,OMAHA,14581_20250930,DIF,1934-07-18,0,CLARKSON BANK,CLARKSON BANCSHARES LLC,1723.0,4,1,0,0,FDIC,2025-09-30,5686847.0,2,NE,0,0,68629
N,1.0,14584,TRINIDAD,1517.0,0.0,2022-08-31,1.0,1551.0,95.0,33.0,1875-04-16,13,13,10,DENVER,14584_20250930,DIF,1934-07-13,0,THE FIRST NATIONAL BANK IN TRINIDAD,REPUBLIC TRINIDAD CORP,6424.0,4,5,0,0,OCC,2025-09-30,1054073.0,8,CO,1,0,81082
NM,1.0,14587,ANN ARBOR,13087.0,0.0,2022-08-31,0.0,15927.0,-157.0,2840.0,1908-05-08,9,9,7,DETROIT,14587_20250930,DIF,1934-07-23,0,UNIVERSITY BANK,UNIVERSITY BCORP INC,32137.0,3,2,0,0,FDIC,2025-09-30,1496253.0,5,MI,0,0,48104
SM,1.0,14597,MENA,7514.0,0.0,2024-02-17,0.0,7703.0,702.0,189.0,1934-07-25,13,13,8,LITTLE ROCK,14597_20250930,DIF,1934-07-26,0,UNION BANK,UNION BANKSHARES INC,21199.0,5,11,0,0,FED,2025-09-30,1099805.0,8,AR,1,0,71953
NM,1.0,14604,RUSSELLVILLE,4160.0,0.0,2024-06-30,0.0,4415.0,320.0,255.0,1934-07-19,11,11,8,COLUMBIA MO,14604_20250930,DIF,1934-07-28,0,COMMUNITY POINT BANK,RUSSELLVILLE BCORP INC,5724.0,4,3,0,0,FDIC,2025-09-30,3658028.0,2,MO,1,0,65074
N,1.0,14619,SAVANNAH,2537.0,0.0,2022-08-31,41.0,2578.0,4.0,0.0,1925-01-01,2,2,2,SYRACUSE,14619_20250930,DIF,1934-07-21,0,SAVANNAH BANK NATIONAL ASSOCIATION,Unknown,4101.0,1,5,0,0,OCC,2025-09-30,0.0,8,NY,1,0,13146
NM,1.0,14633,EDGEWOOD,7297.0,0.0,2024-06-30,571.0,9832.0,235.0,1964.0,1910-01-10,11,11,7,CEDAR RAPIDS,14633_20250930,DIF,1934-08-03,0,COMMUNITY SAVINGS BANK,COMMUNITY FINANCIAL CORP,13859.0,4,10,0,0,FDIC,2025-09-30,1131488.0,2,IA,1,1,52042
NM,1.0,14642,HONEA PATH,1757.0,0.0,2022-08-31,0.0,1757.0,27.0,0.0,1934-05-14,5,5,5,COLUMBIA SC,14642_20250930,DIF,1934-08-07,0,THE COMMERCIAL BANK,COMMERCIAL BANK SHARES INC,5434.0,1,8,0,0,FDIC,2025-09-30,1248742.0,7,SC,1,0,29654
N,1.0,14644,MALVERN,10194.0,0.0,2022-08-31,6.0,10306.0,225.0,106.0,1934-01-01,13,13,8,LITTLE ROCK,14644_20250930,DIF,1934-08-07,0,THE MALVERN NATIONAL BANK,MNB BANCSHARES INC,14613.0,5,15,0,0,OCC,2025-09-30,1099980.0,4,AR,1,0,72104
N,1.0,14646,NEWFIELD,6649.0,0.0,2022-08-31,7.0,6731.0,50.0,75.0,1934-01-01,2,2,3,JAMESBURG,14646_20250930,DIF,1934-07-31,0,NEWFIELD NATIONAL BANK,NEWFIELD BCORP INC,19862.0,1,10,0,0,OCC,2025-09-30,1830361.0,4,NJ,0,0,08344
NM,1.0,14649,DUNLAP,1940.0,0.0,2024-06-30,8.0,1950.0,120.0,2.0,1926-02-23,11,11,7,OMAHA,14649_20250930,DIF,1934-08-09,0,COMMUNITY BANK,DUNLAP IOWA HOLDING CO,3480.0,4,7,0,0,FDIC,2025-09-30,1207682.0,2,IA,1,1,51529
NM,1.0,1464,HOLLAND,2076.0,0.0,2022-08-31,0.0,2246.0,231.0,170.0,1893-10-21,2,2,2,SYRACUSE,1464_20250930,DIF,1934-01-01,0,BANK OF HOLLAND,HOLLAND BCORP INC,6528.0,1,3,0,0,FDIC,2025-09-30,2960359.0,6,NY,0,0,14080
NM,1.0,14650,HILLS,41871.0,0.0,2024-06-30,8757.0,63317.0,10983.0,12689.0,1904-01-01,11,11,7,CEDAR RAPIDS,14650_20250930,DIF,1934-08-01,0,HILLS BANK AND TRUST COMPANY,HILLS BCORP,109711.0,4,21,0,0,FDIC,2025-09-30,1245291.0,4,IA,0,1,52235
NM,1.0,14660,PRAIRIE DU SAC,8862.0,0.0,2022-08-31,0.0,8963.0,0.0,101.0,1916-03-22,9,9,7,MADISON,14660_20250930,DIF,1934-01-01,0,BANK OF PRAIRIE DU SAC,PLOETZ INVESTMENTS PARTNERSHIP,14434.0,3,2,0,0,FDIC,2025-09-30,2658496.0,4,WI,0,0,53578
NM,1.0,14662,OLNEY,8578.0,0.0,2022-08-31,2.0,9231.0,361.0,651.0,1912-09-13,9,9,8,MOUNT VERNON,14662_20250930,DIF,1934-08-07,0,TRUSTBANK,RICH LAND BCORP INC,16935.0,3,8,0,0,FDIC,2025-09-30,1098161.0,4,IL,1,1,62450
N,1.0,14674,AMBOY,2977.0,0.0,2022-08-31,36.0,3221.0,0.0,208.0,1934-08-11,9,9,7,PRINCETON,14674_20250930,DIF,1934-08-11,0,THE FIRST NATIONAL BANK IN AMBOY,AMBOY BCORP INC,7153.0,3,5,0,0,OCC,2025-09-30,1491753.0,2,IL,1,1,61310
NM,1.0,14679,WASHINGTON,6940.0,0.0,2022-08-31,11.0,6951.0,2037.0,0.0,1934-08-18,2,2,5,BALTIMORE,14679_20250930,DIF,1934-08-18,0,INDUSTRIAL BANK,IBW FINANCIAL CORP,19589.0,1,9,0,0,FDIC,2025-09-30,2326179.0,4,DC,0,0,20011
SM,1.0,1468,BELLS,3450.0,0.0,2023-07-08,17.0,3467.0,190.0,0.0,1887-04-22,13,13,8,NASHVILLE,1468_20250930,DIF,1934-01-01,0,BANK OF CROCKETT,SECURITY BCORP OF TN INC,7423.0,5,6,0,0,FED,2025-09-30,1135374.0,2,TN,0,1,38006
NM,1.0,14690,CARROLL,3714.0,0.0,2024-06-30,115.0,3829.0,0.0,0.0,1902-02-01,11,11,7,DES MOINES,14690_20250930,DIF,1934-08-22,0,IOWA SAVINGS BANK,COMMUNITY GRAIN CO,6314.0,4,5,0,0,FDIC,2025-09-30,1200478.0,2,IA,1,1,51401
SM,1.0,14692,CLIVE,7816.0,0.0,2024-06-30,0.0,8163.0,300.0,347.0,1917-03-17,11,11,7,DES MOINES,14692_20250930,DIF,1934-08-22,0,PEOPLES BANK,RIGLER INVESTMENT CO,9076.0,4,8,0,0,FED,2025-09-30,1210730.0,2,IA,1,1,50325
NM,1.0,14694,LA PORTE CITY,1070.0,0.0,2024-06-30,5.0,1475.0,120.0,400.0,1906-07-06,11,11,7,CEDAR RAPIDS,14694_20250930,DIF,1934-08-22,0,CEDAR VALLEY BANK & TRUST,D&D BANCSHARES INC,3599.0,4,2,0,0,FDIC,2025-09-30,1363962.0,2,IA,1,1,50651
SM,1.0,14695,MACON,5164.0,0.0,2024-06-30,0.0,5331.0,270.0,167.0,1893-01-01,11,11,8,COLUMBIA MO,14695_20250930,DIF,1934-08-24,0,MA BANK,MACON-ATLANTA BCORP INC,8769.0,4,3,0,0,FED,2025-09-30,1133062.0,2,MO,1,0,63552
NM,1.0,14701,NEW MADRID,1139.0,0.0,2022-08-31,0.0,1147.0,7.0,8.0,1933-01-01,11,11,8,ST. LOUIS,14701_20250930,DIF,1934-08-25,0,BANK OF NEW MADRID,DIXIE BANCSHARES CORP,3489.0,4,3,0,0,FDIC,2025-09-30,1095272.0,2,MO,1,1,63869
NM,1.0,14705,DEWITT,4191.0,0.0,2024-06-30,16.0,4344.0,75.0,137.0,1933-06-15,11,11,7,CEDAR RAPIDS,14705_20250930,DIF,1934-08-27,0,DEWITT BANK & TRUST CO.,DEWITT BCORP INC,6492.0,4,2,0,0,FDIC,2025-09-30,1205576.0,2,IA,1,1,52742
N,1.0,14712,FORT PIERRE,17217.0,0.0,2025-08-01,0.0,17722.0,39225.0,505.0,1934-01-01,11,11,9,SIOUX FALLS,14712_20250930,DIF,1934-08-24,0,FIRST NATIONAL BANK,CAPITOL BCORP INC,98067.0,4,20,0,0,OCC,2025-09-30,1127294.0,4,SD,0,0,57532
NM,1.0,14722,GRAND RAPIDS,3495.0,0.0,2022-10-09,32.0,4703.0,499.0,1176.0,1934-01-01,9,9,7,DETROIT,14722_20250930,DIF,1934-09-04,0,UNION BANK,UNION FINANCIAL CORP,10151.0,3,9,0,0,FDIC,2025-09-30,1250204.0,4,MI,0,0,49546
NM,1.0,14730,LAMAR,4980.0,0.0,2022-08-31,25.0,5005.0,0.0,0.0,1934-08-25,13,11,10,DENVER,14730_20250930,DIF,1934-08-25,0,FRONTIER BANK,WHITCORP FINANCIAL CO,10445.0,4,8,0,0,FDIC,2025-09-30,1051979.0,2,CO,1,1,81052
N,1.0,14731,QUITMAN,1573.0,0.0,2022-08-31,0.0,1573.0,56.0,0.0,1934-08-25,5,5,6,ALBANY GA,14731_20250930,DIF,1934-09-10,0,THE CITIZENS NATIONAL BANK OF QUITMAN,LOWNDES BANCSHARES INC,3971.0,5,1,0,0,OCC,2025-09-30,3839340.0,2,GA,0,0,31643
NM,1.0,14735,CLINTON,8023.0,0.0,2022-08-31,1.0,8071.0,250.0,47.0,1934-01-01,9,9,8,MOUNT VERNON,14735_20250930,DIF,1934-09-10,0,"FIRST COMMUNITY BANK OF THE HEARTLAND, INC.",FIRST TRUST FINANCIAL CORP,12512.0,3,11,0,0,FDIC,2025-09-30,2156451.0,2,KY,1,0,42031
NM,1.0,14744,WILLIAMSTOWN,2463.0,0.0,2024-01-02,0.0,2522.0,125.0,59.0,1919-01-01,5,5,5,SCOTT DEPOT,14744_20250930,DIF,1934-09-15,0,"WILLIAMSTOWN BANK, INC.",Unknown,6218.0,1,4,0,0,FDIC,2025-09-30,0.0,4,WV,0,0,26187
NM,1.0,1475,MANCHESTER,1414.0,0.0,2022-08-31,0.0,1414.0,135.0,0.0,1905-07-06,13,13,6,NASHVILLE,1475_20250930,DIF,1934-01-01,0,PEOPLES BANK & TRUST COMPANY,PEOPLES BCORP INC,5840.0,5,1,0,0,FDIC,2025-09-30,1131554.0,4,TN,0,1,37355
SM,1.0,14761,CARLYLE,3103.0,0.0,2023-10-30,0.0,3567.0,142.0,464.0,1878-01-01,9,9,8,MOUNT VERNON,14761_20250930,DIF,1934-01-01,0,1NB BANK,FIRST NATL BCORP CARLYLE INC,6106.0,3,4,0,0,FED,2025-09-30,1099618.0,2,IL,0,1,62231
NM,1.0,14769,MADISON,13270.0,0.0,2023-08-31,1.0,17706.0,0.0,4435.0,1922-06-29,9,9,7,MADISON,14769_20250930,DIF,1934-01-01,0,DMB COMMUNITY BANK,DMB CORP INC,8399.0,3,2,0,0,FDIC,2025-09-30,1135628.0,4,WI,0,0,53718
NM,1.0,14772,NEW LONDON,2134.0,0.0,2024-06-30,0.0,2134.0,180.0,0.0,1899-01-01,11,11,7,CEDAR RAPIDS,14772_20250930,DIF,1934-10-01,0,DANVILLE STATE SAVINGS BANK,DANVILLE BANCSHARES INC,3369.0,4,2,0,0,FDIC,2025-09-30,1250464.0,8,IA,1,1,52645
NM,1.0,14773,BEDFORD,3283.0,0.0,2024-06-30,11.0,3294.0,450.0,0.0,1915-01-01,11,11,7,DES MOINES,14773_20250930,DIF,1934-09-29,0,STATE SAVINGS BANK,SSB BCORP INC,5380.0,4,5,0,0,FDIC,2025-09-30,1203022.0,2,IA,1,1,50833
N,1.0,14779,BROWNWOOD,2677.0,0.0,2022-08-31,1.0,2678.0,72.0,0.0,1934-09-28,13,13,11,DALLAS,14779_20250930,DIF,1934-09-28,0,CITIZENS NATIONAL BANK AT BROWNWOOD,BROWNWOOD BANCSHARES INC,6321.0,5,2,0,0,OCC,2025-09-30,1103373.0,7,TX,1,1,76801
NM,1.0,14785,MARSHALLTOWN,512.0,0.0,2025-09-02,0.0,682.0,0.0,170.0,1907-01-01,11,11,7,DES MOINES,14785_20250930,DIF,1934-10-03,0,CITIZENS SAVINGS BANK,GILMAN INVESTMENT CO,2173.0,4,3,0,0,FDIC,2025-09-30,1202913.0,2,IA,1,1,50158
NM,1.0,147,MILLEDGEVILLE,2947.0,0.0,2022-08-31,0.0,2947.0,90.0,0.0,1898-01-01,5,5,6,ATLANTA,147_20250930,DIF,1934-01-01,0,CENTURY BANK AND TRUST,CENTURY BCORP INC,10673.0,5,2,0,0,FDIC,2025-09-30,2043850.0,4,GA,0,1,31061
NM,1.0,14801,WILLISTON,5305.0,0.0,2024-06-30,0.0,5305.0,225.0,0.0,1926-02-01,11,11,9,FARGO,14801_20250930,DIF,1934-11-02,0,FIRST STATE BANK & TRUST,JORGENSON WILLISTON HOLDING CO,11235.0,3,4,0,0,FDIC,2025-09-30,4237998.0,7,ND,1,1,58801
NM,1.0,14807,COLESBURG,5423.0,0.0,2025-01-31,1.0,5529.0,0.0,105.0,1907-01-01,11,11,7,CEDAR RAPIDS,14807_20250930,DIF,1934-10-16,0,FARMERS SAVINGS BANK,MARJON BCORP INC,5621.0,4,6,0,0,FDIC,2025-09-30,1203460.0,2,IA,1,0,52035
NM,1.0,14809,SOMERS,3202.0,0.0,2024-06-30,536.0,3738.0,404.0,0.0,1901-01-01,11,11,7,DES MOINES,14809_20250930,DIF,1934-10-16,0,HEARTLAND BANK,SOMERS BCORP,8841.0,4,5,0,0,FDIC,2025-09-30,1249105.0,2,IA,1,1,50586
NM,1.0,14812,TREYNOR,7977.0,0.0,2024-06-30,163.0,8142.0,138.0,2.0,1923-06-01,11,11,7,OMAHA,14812_20250930,DIF,1934-10-16,0,TS BANK,TS BANKING GROUP INC,7683.0,4,9,0,0,FDIC,2025-09-30,1207785.0,2,IA,0,1,51575
N,1.0,14820,HAMMOND,274.0,0.0,2006-03-31,0.0,274.0,10.0,0.0,1913-01-01,2,2,2,SYRACUSE,14820_20250930,DIF,1934-10-15,0,THE CITIZENS NATIONAL BANK OF HAMMOND,Unknown,801.0,1,2,0,0,OCC,2025-09-30,0.0,6,NY,0,0,13646
N,1.0,14836,NEW BREMEN,6226.0,0.0,2022-08-31,0.0,6226.0,105.0,0.0,1934-01-01,9,9,4,COLUMBUS,14836_20250930,DIF,1934-10-26,0,FIRST NATIONAL BANK IN NEW BREMEN,Unknown,8703.0,3,6,0,0,OCC,2025-09-30,0.0,7,OH,1,0,45869
NM,0.0,14843,IOWA CITY,77441.0,0.0,2024-06-30,6.0,77467.0,15708.0,20.0,1934-10-15,11,11,7,CEDAR RAPIDS,14843_20250930,DIF,1934-11-01,0,MIDWESTONE BANK,MIDWESTONE FINANCIAL GROUP INC,153890.0,4,60,0,0,FDIC,2025-09-30,1245228.0,4,IA,0,1,52240
NM,1.0,1484,FRANKEWING,8675.0,0.0,2022-08-31,0.0,8678.0,458.0,3.0,1920-12-13,13,13,6,NASHVILLE,1484_20250930,DIF,1934-01-01,0,BANK OF FRANKEWING,FRANKEWING BANCSHARES INC,13272.0,5,4,0,0,FDIC,2025-09-30,1136447.0,4,TN,0,0,38459
NM,1.0,14851,ELIZABETHTON,22578.0,0.0,2022-08-31,103.0,22806.0,1845.0,125.0,1934-11-03,13,13,6,KNOXVILLE,14851_20250930,DIF,1934-11-03,0,CITIZENS BANK,CITCO COMMUNITY BANCSHARES INC,38937.0,5,14,0,0,FDIC,2025-09-30,2244545.0,4,TN,1,1,37643
N,1.0,14853,SAINT JAMES,341.0,0.0,2022-08-31,0.0,341.0,22.0,0.0,1934-10-31,11,11,9,MANKATO,14853_20250930,DIF,1934-10-31,0,THE FIRST NATIONAL BANK AT ST. JAMES,FIRST NATL AGENCY SAINT JAMES,1246.0,3,1,0,0,OCC,2025-09-30,1142952.0,2,MN,0,0,56081
NM,1.0,14857,QUINCY,3386.0,0.0,2022-08-31,0.0,3490.0,231.0,104.0,1890-01-01,9,9,8,SPRINGFIELD IL,14857_20250930,DIF,1934-11-08,0,STATE STREET BANK AND TRUST COMPANY,BACKLUND INV EMPLOYEE STK OWNERSHIP PLAN,10789.0,3,3,0,0,FDIC,2025-09-30,5986136.0,6,IL,1,1,62301
NM,0.0,14863,CAMP HILL,38501.0,0.0,2025-03-31,0.0,41368.0,1575.0,2867.0,1934-11-03,2,5,3,HARRISBURG,14863_20250930,DIF,1934-11-03,0,LINKBANK,LINKBANCORP INC,80123.0,1,26,0,0,FDIC,2025-09-30,5272361.0,4,PA,0,1,17011
N,1.0,14864,COTULLA,846.0,0.0,2022-08-31,0.0,846.0,0.0,0.0,1904-01-01,13,13,11,AUSTIN,14864_20250930,DIF,1934-11-10,0,STOCKMENS NATIONAL BANK IN COTULLA,Unknown,2639.0,5,1,0,0,OCC,2025-09-30,0.0,7,TX,1,0,78014
NM,1.0,14867,JEFFERSON,8266.0,0.0,2024-06-30,0.0,8266.0,650.0,0.0,1934-01-01,11,11,7,DES MOINES,14867_20250930,DIF,1934-11-10,0,HOME STATE BANK,GREENE INVESTMENT CO,12046.0,4,2,0,0,FDIC,2025-09-30,1205905.0,4,IA,1,1,50129
NM,1.0,14868,WELLSBURG,3191.0,0.0,2024-06-30,3.0,3886.0,95.0,692.0,1934-01-01,11,11,7,DES MOINES,14868_20250930,DIF,1934-10-01,0,PEOPLES SAVINGS BANK,PSB CORP,4078.0,4,3,0,0,FDIC,2025-09-30,1210468.0,2,IA,0,1,50680
SM,1.0,1487,COLUMBIA,10775.0,0.0,2022-08-31,2.0,10881.0,325.0,104.0,1909-01-01,13,13,6,NASHVILLE,1487_20250930,DIF,1934-01-01,0,FIRST FARMERS AND MERCHANTS BANK,FIRST FARMERS&MERCHANTS CORP,39538.0,5,24,0,0,FED,2025-09-30,1083783.0,4,TN,0,1,38401
SM,1.0,14883,AVILLA,7538.0,0.0,2022-08-31,1.0,7854.0,176.0,315.0,1931-02-19,9,9,7,INDIANAPOLIS,14883_20250930,DIF,1934-11-20,0,COMMUNITY STATE BANK,COMMUNITY FINANCIAL CORP,13591.0,3,5,0,0,FED,2025-09-30,1139738.0,4,IN,0,1,46710
NM,1.0,14885,KETCHIKAN,9561.0,0.0,2022-08-31,0.0,9561.0,0.0,0.0,1924-09-15,14,14,12,SEATTLE,14885_20250930,DIF,1934-11-23,0,FIRST BANK,FIRST BCORP INC,20126.0,4,9,0,0,FDIC,2025-09-30,1416701.0,7,AK,1,0,99901
NM,1.0,14894,NICHOLASVILLE,3134.0,0.0,2022-08-31,0.0,3254.0,168.0,120.0,1934-01-01,9,9,4,LEXINGTON,14894_20250930,DIF,1934-11-30,0,THE FARMERS BANK,FARMERS BCORP NICHOLASVILLE,6079.0,3,4,0,0,FDIC,2025-09-30,1071771.0,4,KY,0,0,40356
SM,1.0,14899,PAWHUSKA,22509.0,0.0,2023-03-27,4.0,22945.0,2017.0,432.0,1905-11-23,13,13,10,OKLAHOMA CITY,14899_20250930,DIF,1934-12-04,0,BLUE SKY BANK,N B C BANCSHARES PAWHUSKA INC,38360.0,5,16,0,0,FED,2025-09-30,1065565.0,4,OK,0,0,74056
NM,1.0,148,MADISON,6010.0,0.0,2022-08-31,0.0,6010.0,30.0,0.0,1890-01-01,5,5,6,ATLANTA,148_20250930,DIF,1934-01-01,0,BANK OF MADISON,MADISON BANK CORP,12937.0,5,4,0,0,FDIC,2025-09-30,1135105.0,4,GA,0,0,30650
NM,1.0,14904,NEWELL,1121.0,0.0,2024-06-30,1.0,1192.0,55.0,70.0,1912-01-01,11,11,7,SIOUX CITY,14904_20250930,DIF,1934-12-04,0,FIRST COMMUNITY BANK,NEWELL BANCSHARES INC,2966.0,4,4,0,0,FDIC,2025-09-30,2382335.0,2,IA,1,1,50568
NM,1.0,14907,AMHERST,657.0,0.0,2022-08-31,2.0,666.0,17.0,7.0,1893-04-01,9,9,7,APPLETON,14907_20250930,DIF,1934-06-30,0,THE INTERNATIONAL BANK OF AMHERST,Unknown,2824.0,3,1,0,0,FDIC,2025-09-30,0.0,8,WI,1,0,54406
NM,1.0,14911,SHELL LAKE,4383.0,0.0,2022-08-31,36.0,4872.0,270.0,453.0,1916-11-16,9,9,9,EAU CLAIRE,14911_20250930,DIF,1934-12-05,0,SHELL LAKE STATE BANK,SHELL LAKE BCORP INC,7700.0,3,5,0,0,FDIC,2025-09-30,1139251.0,5,WI,1,0,54871
NM,1.0,14912,PONCA,1713.0,0.0,2024-06-30,0.0,1729.0,7.0,16.0,1881-01-01,11,11,10,SIOUX CITY,14912_20250930,DIF,1934-12-10,0,BANK OF DIXON COUNTY,KINGSBURY BDC FINL SERVICES,3776.0,4,3,0,0,FDIC,2025-09-30,2467942.0,2,NE,0,0,68770
NM,1.0,14914,COLLINS,3923.0,0.0,2021-08-29,0.0,4183.0,132.0,260.0,1914-01-01,9,9,7,APPLETON,14914_20250930,DIF,1934-12-10,0,COLLINS STATE BANK,COMMUNITY CAPITAL BCORP INC,6981.0,3,6,0,0,FDIC,2025-09-30,5617805.0,4,WI,0,0,54207
SM,1.0,14920,HAMLER,1900.0,0.0,2022-08-31,0.0,1900.0,324.0,0.0,1921-01-01,9,9,4,COLUMBUS,14920_20250930,DIF,1934-12-15,0,THE HAMLER STATE BANK,Unknown,2273.0,3,1,0,0,FED,2025-09-30,0.0,2,OH,1,0,43524
NM,0.0,14922,WEST POINT,4070.0,0.0,2024-06-30,1.0,4107.0,400.0,36.0,1931-01-01,11,11,10,OMAHA,14922_20250930,DIF,1934-12-04,0,F&M BANK,R DEAN PHILLIPS BK TR DATED 11-19-2004,10468.0,4,6,0,0,FDIC,2025-09-30,5558681.0,2,NE,1,0,68788
NM,1.0,14929,LUDINGTON,8799.0,0.0,2022-10-09,501.0,10289.0,494.0,989.0,1898-07-25,9,9,7,DETROIT,14929_20250930,DIF,1934-10-06,0,WEST SHORE BANK,WEST SHORE BANK CORP,21297.0,3,9,0,0,FDIC,2025-09-30,1206667.0,4,MI,0,1,49431
SM,1.0,14930,ALBIA,3719.0,0.0,2024-06-30,222.0,4167.0,735.0,226.0,1930-05-12,11,11,7,DES MOINES,14930_20250930,DIF,1934-12-15,0,FIRST IOWA STATE BANK,VAN BUREN BCORP EMPLOYEE STK OWNERSHIP PLAN,12196.0,4,6,0,0,FED,2025-09-30,2139708.0,2,IA,1,1,52531
NM,1.0,14952,EMPORIA,1671.0,0.0,2022-08-31,0.0,2113.0,105.0,442.0,1913-06-27,11,11,10,WICHITA,14952_20250930,DIF,1934-12-28,0,THE LYON COUNTY STATE BANK,OTTAWA BANCSHARES INC,5288.0,4,2,0,0,FDIC,2025-09-30,1056769.0,4,KS,1,0,66801
NM,1.0,14960,REESEVILLE,2830.0,0.0,2022-08-31,4.0,3270.0,0.0,436.0,1902-01-01,9,9,7,MILWAUKEE,14960_20250930,DIF,1934-01-01,0,STATE BANK OF REESEVILLE,RW BCORP LTD,2653.0,3,3,0,0,FDIC,2025-09-30,2629834.0,2,WI,0,0,53579
N,1.0,14966,ENID,5420.0,0.0,2022-08-31,0.0,5420.0,0.0,0.0,1907-01-01,13,13,10,OKLAHOMA CITY,14966_20250930,DIF,1935-02-02,0,THE SECURITY NATIONAL BANK OF ENID,SECURITY FINL SERVICES CORP,8010.0,5,3,0,0,OCC,2025-09-30,1064504.0,4,OK,1,0,73701
NM,1.0,14969,BELLEVILLE,24876.0,0.0,2022-08-31,0.0,33150.0,1410.0,8274.0,1927-01-01,2,2,3,HARRISBURG,14969_20250930,DIF,1934-01-01,0,KISH BANK,KISH BCORP INC,44166.0,1,18,0,0,FDIC,2025-09-30,1141889.0,4,PA,0,1,17004
NM,1.0,14974,TONGANOXIE,4214.0,0.0,2022-08-31,343.0,4602.0,1028.0,45.0,1934-12-22,11,11,10,KANSAS CITY,14974_20250930,DIF,1935-01-08,0,FIRST STATE BANK AND TRUST,TONGANOXIE BANKSHARES INC,14240.0,4,8,0,0,FDIC,2025-09-30,1059340.0,4,KS,0,1,66086
NM,1.0,1497,PEARSALL,14115.0,0.0,2022-08-31,0.0,14115.0,318.0,0.0,1925-01-01,13,13,11,AUSTIN,1497_20250930,DIF,1934-01-01,0,SECURITY STATE BANK,BRISCOE RANCH INC,19698.0,5,7,0,0,FDIC,2025-09-30,1102451.0,4,TX,0,0,78061
NM,1.0,14982,WINTERSET,1419.0,0.0,2024-06-30,0.0,1419.0,0.0,0.0,1935-01-02,11,11,7,DES MOINES,14982_20250930,DIF,1935-01-11,0,UNION STATE BANK,MADISON HOLDING CO,3229.0,4,3,0,0,FDIC,2025-09-30,1204252.0,8,IA,1,1,50273
NM,1.0,14991,NEW MADISON,2827.0,0.0,2025-09-30,0.0,2922.0,88.0,95.0,1919-01-01,9,9,4,COLUMBUS,14991_20250930,DIF,1935-01-17,0,THE FARMERS STATE BANK,FSB FINANCIAL CORP,6728.0,3,9,0,0,FDIC,2025-09-30,1071605.0,2,OH,0,0,45346
NM,1.0,14995,STODDARD,15107.0,0.0,2022-08-31,23.0,17609.0,333.0,2479.0,1911-10-11,9,9,7,MADISON,14995_20250930,DIF,1934-01-01,0,RIVER BANK,RIVER HOLDING CO,16570.0,3,14,0,0,FDIC,2025-09-30,2486813.0,4,WI,1,0,54658
NM,1.0,14999,PORT AUSTIN,442.0,0.0,2022-08-31,0.0,447.0,11.0,5.0,1884-01-01,9,9,7,DETROIT,14999_20250930,DIF,1935-01-22,0,THE PORT AUSTIN STATE BANK,Unknown,1894.0,3,1,0,0,FDIC,2025-09-30,0.0,8,MI,1,0,48467
NM,1.0,149,HAZLEHURST,361.0,0.0,2022-08-31,0.0,361.0,0.0,0.0,1906-01-01,5,5,6,ALBANY GA,149_20250930,DIF,1934-01-01,0,BANK OF HAZLEHURST,HAZLEHURST INVESTORS INC,4810.0,5,2,0,0,FDIC,2025-09-30,3140961.0,2,GA,1,0,31539
SM,0.0,14,BOSTON,4213000.0,950000.0,2024-11-17,94000.0,6583000.0,51000.0,1326000.0,1792-01-01,2,16,1,SOUTH BOSTON,14_20250930,DIF,1934-01-01,0,STATE STREET BANK AND TRUST COMPANY,STATE STREET CORP,2277000.0,1,3,0,0,FED,2025-09-30,1111435.0,1,MA,0,1,02114
NM,1.0,15010,COLUMBUS,3902.0,0.0,2024-06-30,0.0,4720.0,270.0,818.0,1934-12-26,11,11,10,GRAND ISLAND,15010_20250930,DIF,1935-02-02,0,COLUMBUS BANK AND TRUST COMPANY,COLBANK BCORP,6823.0,4,2,0,0,FDIC,2025-09-30,4499983.0,2,NE,1,1,68601
SM,0.0,15019,SOUTHERN PINES,116558.0,0.0,2023-01-01,1.0,116563.0,6770.0,4.0,1934-01-01,5,5,5,RALEIGH,15019_20250930,DIF,1935-02-08,0,FIRST BANK,FIRST BCORP,296957.0,1,116,0,0,FED,2025-09-30,1076431.0,4,NC,0,1,28387
SM,1.0,15032,EASTPOINTE,18766.0,0.0,2022-08-31,0.0,19291.0,0.0,525.0,1917-01-01,9,9,7,DETROIT,15032_20250930,DIF,1935-02-21,0,FIRST STATE BANK,FIRST STATE FINANCIAL CORP,32152.0,3,11,0,0,FED,2025-09-30,1204177.0,4,MI,0,0,48021
SM,1.0,15035,AUGUSTA,2342.0,0.0,2023-05-05,2.0,2388.0,30.0,44.0,1935-03-04,13,13,8,LITTLE ROCK,15035_20250930,DIF,1935-03-04,0,RIVERWIND BANK,RIVERWIND BANCSHARES INC,3865.0,5,4,0,0,FED,2025-09-30,5886094.0,4,AR,0,1,72006
NM,1.0,15038,BELLE PLAINE,1925.0,0.0,2022-08-31,0.0,2046.0,114.0,121.0,1897-01-01,11,11,10,WICHITA,15038_20250930,DIF,1935-02-28,0,THE VALLEY STATE BANK,MORLEY BANCSHARES CORP,5766.0,4,5,0,0,FDIC,2025-09-30,1472060.0,5,KS,0,0,67013
NM,1.0,15046,MAZOMANIE,4501.0,0.0,2025-06-19,0.0,4508.0,0.0,7.0,1891-11-28,9,9,7,MADISON,15046_20250930,DIF,1935-03-08,0,THE PEOPLES COMMUNITY BANK,PEOPLES CMTY BANCSHARES INC,9083.0,3,6,0,0,FDIC,2025-09-30,2516998.0,4,WI,0,0,53560
NM,1.0,15050,LONOKE,5331.0,0.0,2022-08-31,10.0,5341.0,180.0,0.0,1935-03-18,13,13,8,LITTLE ROCK,15050_20250930,DIF,1935-03-18,0,FIRST STATE BANK,LONOKE BANCSHARES INC,7743.0,5,6,0,0,FDIC,2025-09-30,1491614.0,4,AR,0,0,72086
N,1.0,15059,RUSTON,6357.0,0.0,2022-08-31,0.0,6371.0,400.0,14.0,1935-03-20,13,13,11,SHREVEPORT,15059_20250930,DIF,1935-03-20,0,LOUISIANA NATIONAL BANK,LOUISIANA BANCSHARES INC,18121.0,5,10,0,0,OCC,2025-09-30,1133400.0,4,LA,0,0,71270
N,1.0,15078,JUNCTION,508.0,0.0,2022-08-31,0.0,508.0,0.0,0.0,1935-04-01,13,13,11,AUSTIN,15078_20250930,DIF,1935-04-01,0,JUNCTION NATIONAL BANK,Unknown,2070.0,5,1,0,0,OCC,2025-09-30,0.0,2,TX,1,0,76849
NM,1.0,15085,UNION,2031.0,0.0,2022-08-31,12.0,3775.0,610.0,1732.0,1933-04-01,5,5,5,COLUMBIA SC,15085_20250930,DIF,1934-03-13,0,ARTHUR STATE BANK,JCO VENTURES LLC,24568.0,1,18,0,0,FDIC,2025-09-30,3136982.0,4,SC,0,1,29379
NM,1.0,15091,MIDDLETON,45039.0,0.0,2025-04-09,0.0,51857.0,1422.0,6818.0,1908-01-01,9,9,7,MADISON,15091_20250930,DIF,1934-01-01,0,LAKE RIDGE BANK,LAKE RIDGE BCORP INC,69065.0,3,19,0,0,FDIC,2025-09-30,2336806.0,4,WI,0,1,53562
NM,1.0,15092,RICHLAND CENTER,669.0,0.0,2022-08-31,0.0,669.0,0.0,0.0,1881-01-01,9,9,7,MADISON,15092_20250930,DIF,1935-04-12,0,RICHLAND COUNTY BANK,RICHLAND COUNTY BANCSHARES INC,2679.0,3,1,0,0,FDIC,2025-09-30,2737971.0,8,WI,1,0,53581
NM,1.0,15098,OLSBURG,457.0,0.0,2022-08-31,0.0,457.0,0.0,0.0,1910-11-01,11,11,10,KANSAS CITY,15098_20250930,DIF,1935-04-24,0,UNION STATE BANK,Unknown,960.0,4,2,0,0,FDIC,2025-09-30,0.0,2,KS,1,0,66520
NM,1.0,15101,SENATH,842.0,0.0,2022-08-31,0.0,842.0,0.0,0.0,1935-01-01,11,11,8,ST. LOUIS,15101_20250930,DIF,1935-04-24,0,SENATH STATE BANK,SENATH BANCSHARES INC,3075.0,4,3,0,0,FDIC,2025-09-30,1920516.0,8,MO,1,0,63876
NM,1.0,15104,YORK,1178.0,0.0,2022-08-31,132.0,1310.0,0.0,0.0,1935-04-15,5,5,5,COLUMBIA SC,15104_20250930,DIF,1935-04-24,0,BANK OF YORK,YORK BANCSHARES INC,9626.0,1,4,0,0,FDIC,2025-09-30,1076208.0,7,SC,0,0,29745
NM,1.0,15105,CRYSTAL CITY,247.0,0.0,2022-08-31,0.0,247.0,0.0,0.0,1907-01-01,13,13,11,AUSTIN,15105_20250930,DIF,1935-04-24,0,ZAVALA COUNTY BANK,Unknown,1839.0,5,2,0,0,FDIC,2025-09-30,0.0,7,TX,0,0,78839
NM,1.0,15111,GRIDLEY,2686.0,0.0,2022-08-31,2.0,2723.0,330.0,35.0,1911-01-01,11,11,10,KANSAS CITY,15111_20250930,DIF,1935-05-01,0,THE CITIZENS STATE BANK,FLINT HILLS BANCSHARES INC,10381.0,4,10,0,0,FDIC,2025-09-30,2111562.0,2,KS,0,0,66852
NM,1.0,15113,GREELEYVILLE,1577.0,0.0,2022-08-31,0.0,1712.0,252.0,135.0,1935-04-25,5,5,5,COLUMBIA SC,15113_20250930,DIF,1935-04-25,0,BANK OF GREELEYVILLE,SOUTHEASTERN BCORP INC,4712.0,1,3,0,0,FDIC,2025-09-30,1250679.0,4,SC,1,0,29056
NM,1.0,15118,JENKS,24808.0,0.0,2024-06-30,0.0,34691.0,636.0,9883.0,1935-03-02,13,13,10,OKLAHOMA CITY,15118_20250930,DIF,1935-05-03,0,GATEWAY FIRST BANK,GATEWAY FIRST BCORP INC,41933.0,5,16,0,0,FDIC,2025-09-30,5610860.0,4,OK,0,0,74037
NM,1.0,15136,WISCONSIN DELLS,16421.0,0.0,2024-06-28,123.0,17701.0,450.0,1157.0,1910-02-26,9,9,7,MADISON,15136_20250930,DIF,1934-01-01,0,BANK OF WISCONSIN DELLS,DELLS BANCSHARES INC,25428.0,3,3,0,0,FDIC,2025-09-30,3059746.0,4,WI,0,0,53965
NM,1.0,1513,LA CROSSE,10578.0,0.0,2022-08-31,0.0,11589.0,877.0,1011.0,1907-12-09,9,9,9,EAU CLAIRE,1513_20250930,DIF,1934-01-01,0,CITIZENS STATE BANK OF LA CROSSE,CLAYTON BANKSHARES INC,18653.0,3,4,0,0,FDIC,2025-09-30,1123782.0,4,WI,1,0,54601
NM,1.0,15146,FLORENCE,3219.0,0.0,2022-08-31,0.0,3588.0,-91.0,369.0,1891-01-01,9,9,9,APPLETON,15146_20250930,DIF,1935-05-16,0,GREAT NORTH BANK,MULTI-BANK SERVICES LTD,4789.0,3,3,0,0,FDIC,2025-09-30,5812767.0,8,WI,0,0,54121
NM,1.0,15152,BLACK RIVER FALL,1027.0,0.0,2022-08-31,8.0,1110.0,45.0,75.0,1907-01-01,9,9,7,EAU CLAIRE,15152_20250930,DIF,1934-01-01,0,BLACK RIVER COUNTRY BANK,BRAD INC,2773.0,3,2,0,0,FDIC,2025-09-30,1978656.0,2,WI,1,0,54615
NM,1.0,15164,WESTMORELAND,3265.0,0.0,2022-08-31,2.0,3304.0,445.0,37.0,1898-01-01,11,11,10,KANSAS CITY,15164_20250930,DIF,1935-05-24,0,THE FARMERS STATE BANK OF WESTMORELAND,Unknown,5488.0,4,3,0,0,FDIC,2025-09-30,0.0,2,KS,0,0,66549
NM,1.0,15165,MUNISING,1192.0,0.0,2022-08-31,6.0,2078.0,0.0,880.0,1910-06-07,9,9,9,APPLETON,15165_20250930,DIF,1935-05-29,0,PEOPLES STATE BANK OF MUNISING,PEOPLES STATE BCORP INC,4301.0,3,5,0,0,FDIC,2025-09-30,3072017.0,4,MI,0,0,49862
NM,1.0,15194,LAKIN,5907.0,0.0,2023-01-25,3.0,6045.0,750.0,135.0,1888-01-01,11,11,10,HAYS,15194_20250930,DIF,1935-06-26,0,KCB BANK,LAKIN BANCSHARES INC,8018.0,4,2,0,0,FDIC,2025-09-30,1061594.0,2,KS,1,1,67860
NM,1.0,15200,DECORAH,9645.0,0.0,2024-06-30,75.0,10267.0,1605.0,547.0,1935-06-10,11,11,7,CEDAR RAPIDS,15200_20250930,DIF,1935-06-28,0,DECORAH BANK & TRUST COMPANY,SECURITY AGENCY INC,19493.0,4,3,0,0,FDIC,2025-09-30,1201738.0,2,IA,1,1,52101
NM,1.0,15205,MEMPHIS,8857.0,0.0,2022-08-31,6.0,9330.0,291.0,467.0,1910-07-01,13,13,8,NASHVILLE,15205_20250930,DIF,1935-06-28,0,BANK3,BANC3 HOLDINGS INC,9512.0,5,6,0,0,FDIC,2025-09-30,4953337.0,4,TN,0,0,38119
NM,1.0,15206,ATHENS,6162.0,0.0,2022-08-31,0.0,6162.0,207.0,0.0,1935-05-01,13,13,11,DALLAS,15206_20250930,DIF,1935-06-28,0,FIRST STATE BANK,JANE AUSTIN CHAPMAN MGNT L C,21588.0,5,8,0,0,FDIC,2025-09-30,6000749.0,4,TX,0,0,75751
N,1.0,15214,ST. PARIS,648.0,0.0,2022-08-31,0.0,648.0,0.0,0.0,1880-08-08,9,9,4,COLUMBUS,15214_20250930,DIF,1934-01-01,0,THE FIRST CENTRAL NATIONAL BANK OF ST. PARIS,CENTRAL BANCSHARES INC,2456.0,3,4,0,0,OCC,2025-09-30,2024318.0,2,OH,0,0,43072
NM,1.0,15216,LYONS,2369.0,0.0,2022-08-31,0.0,2369.0,620.0,0.0,1931-01-01,5,5,6,ALBANY GA,15216_20250930,DIF,1935-07-02,0,PEOPLES BANK,SOUTH GEORGIA BANKSHARES CORP,5284.0,5,2,0,0,FDIC,2025-09-30,1081725.0,4,GA,0,0,30436
NM,1.0,15228,KAUKAUNA,2132.0,0.0,2022-08-31,0.0,2225.0,47.0,93.0,1883-09-01,9,9,7,APPLETON,15228_20250930,DIF,1935-07-01,0,THE BANK OF KAUKAUNA,BROGAN BANKSHARES INC,4534.0,3,1,0,0,FDIC,2025-09-30,1202744.0,4,WI,0,0,54130
NM,0.0,15229,MADISON,73611.0,0.0,2022-08-31,0.0,79981.0,6702.0,6370.0,1909-05-01,9,9,7,MADISON,15229_20250930,DIF,1934-01-01,0,FIRST BUSINESS BANK,FIRST BUS FINL SERVICES INC,104577.0,3,5,0,0,FDIC,2025-09-30,1247428.0,4,WI,0,1,53719
NM,1.0,15237,JOHNSON,882.0,0.0,2022-08-31,8.0,945.0,0.0,55.0,1914-11-14,11,11,10,HAYS,15237_20250930,DIF,1935-07-19,0,JOHNSON STATE BANK,JOHNSON STATE BANCSHARES INC,1895.0,4,2,0,0,FDIC,2025-09-30,1059724.0,2,KS,1,0,67855
NM,1.0,15242,ASHLAND,2656.0,0.0,2022-08-31,0.0,2656.0,410.0,0.0,1933-09-05,9,9,9,EAU CLAIRE,15242_20250930,DIF,1934-01-01,0,NORTHERN STATE BANK,BAY AREA BANKING SHARES INC,8793.0,3,7,0,0,FDIC,2025-09-30,1127799.0,8,WI,1,0,54806
SM,1.0,15243,HURRICANE,9281.0,0.0,2024-01-02,0.0,9286.0,134.0,5.0,1901-10-11,5,5,5,SCOTT DEPOT,15243_20250930,DIF,1935-07-01,0,PUTNAM COUNTY BANK,PUTNAM BANCSHARES INC,14292.0,1,5,0,0,FED,2025-09-30,1139804.0,4,WV,0,0,25526
NM,1.0,15249,CAMPBELLSBURG,2159.0,0.0,2022-08-31,0.0,2254.0,256.0,95.0,1872-01-01,9,9,8,LOUISVILLE,15249_20250930,DIF,1934-01-01,0,UNITED CITIZENS BANK & TRUST COMPANY,UNITED CITIZENS FINANCIAL CORP,6569.0,3,6,0,0,FDIC,2025-09-30,1137145.0,4,KY,0,1,40011
NM,1.0,15254,COUNCIL GROVE,1249.0,0.0,2022-08-31,1.0,1412.0,90.0,162.0,1921-01-01,11,11,10,HAYS,15254_20250930,DIF,1935-08-15,0,THE CITIZENS STATE BANK AND TRUST COMPANY,CENTRAL KANSAS BANCSHARES INC,3109.0,4,7,0,0,FDIC,2025-09-30,5050578.0,2,KS,1,1,66846
NM,1.0,15255,GREENFIELD,3187.0,0.0,2022-08-31,0.0,3225.0,0.0,38.0,1935-08-16,13,13,8,NASHVILLE,15255_20250930,DIF,1935-08-17,0,GREENFIELD BANKING COMPANY,GREENFIELD BANCSHARES INC,3307.0,5,2,0,0,FDIC,2025-09-30,1247026.0,4,TN,0,0,38230
NM,1.0,15258,HOLTON,1064.0,0.0,2022-08-31,0.0,1072.0,275.0,8.0,1900-10-30,11,11,10,KANSAS CITY,15258_20250930,DIF,1935-08-21,0,THE FARMERS STATE BANK,FARMERS STATE BANKSHARES INC,2043.0,4,1,0,0,FDIC,2025-09-30,1717707.0,2,KS,0,0,66436
NM,1.0,15259,CLYDE,1435.0,0.0,2022-08-31,16.0,2208.0,0.0,757.0,1896-01-01,11,11,10,HAYS,15259_20250930,DIF,1935-08-21,0,ELK STATE BANK,ELKCORP INC,2669.0,4,3,0,0,FDIC,2025-09-30,1248041.0,2,KS,0,0,66938
NM,1.0,15261,HUGOTON,1811.0,0.0,2022-08-31,0.0,1811.0,123.0,0.0,1913-04-01,11,11,10,WICHITA,15261_20250930,DIF,1935-08-22,0,THE CITIZENS STATE BANK,HUGOTON BANCSHARES INC,3279.0,4,1,0,0,FDIC,2025-09-30,1059573.0,2,KS,0,1,67951
NM,1.0,15264,RHINELAND,8289.0,0.0,2024-06-30,1.0,9905.0,690.0,1615.0,1935-08-12,11,11,8,COLUMBIA MO,15264_20250930,DIF,1935-08-21,0,PEOPLES SAVINGS BANK OF RHINELAND,RHINELAND BANCSHARES INC,19435.0,4,12,0,0,FDIC,2025-09-30,4902906.0,4,MO,0,0,65069
NM,1.0,15270,HUNTSVILLE,9463.0,0.0,2025-06-13,0.0,10230.0,1518.0,767.0,1935-08-12,5,5,6,SHELBY,15270_20250930,DIF,1935-08-21,0,MERIT BANK,MERIT HOLDINGS LLC,9826.0,5,1,0,0,FDIC,2025-09-30,5335378.0,4,AL,0,1,35805
NM,1.0,15271,NEW LONDON,4411.0,0.0,2023-10-02,12.0,5447.0,45.0,1024.0,1911-01-01,9,9,7,APPLETON,15271_20250930,DIF,1934-01-01,0,FIRST STATE BANK,FIRST STATE BANCSHARES INC,12506.0,3,8,0,0,FDIC,2025-09-30,1975459.0,4,WI,0,0,54961
NM,1.0,15272,PELLA,6223.0,0.0,2024-06-30,23.0,7588.0,900.0,1342.0,1935-09-21,11,11,7,DES MOINES,15272_20250930,DIF,1935-09-21,0,MARION COUNTY STATE BANK,PELLA FINANCIAL GROUP INC,15209.0,4,5,0,0,FDIC,2025-09-30,1200245.0,2,IA,1,1,50219
SM,1.0,1527,MURFREESBORO,15190.0,0.0,2022-08-31,21.0,15982.0,447.0,771.0,1904-12-16,13,13,8,LITTLE ROCK,1527_20250930,DIF,1934-01-01,0,DIAMOND BANK,BAINUM BCORP,21211.0,5,14,0,0,FED,2025-09-30,1491333.0,2,AR,1,0,71958
NM,1.0,15282,UNION,6335.0,0.0,2022-11-03,0.0,6618.0,459.0,283.0,1935-08-19,11,11,8,ST. LOUIS,15282_20250930,DIF,1935-09-19,0,HERITAGE COMMUNITY BANK,HERITAGE MANAGEMENT CO INC,8534.0,4,4,0,0,FDIC,2025-09-30,3575723.0,4,MO,1,0,63084
NM,1.0,15286,THIEF RIVER FALL,7802.0,0.0,2024-06-30,0.0,7802.0,225.0,0.0,1935-08-24,11,11,9,FARGO,15286_20250930,DIF,1935-10-02,0,NORTHERN STATE BANK OF THIEF RIVER FALLS,GATO HOLDINGS INC,8857.0,3,3,0,0,FDIC,2025-09-30,1907106.0,2,MN,1,0,56701
SM,0.0,1528,ARKADELPHIA,29409.0,0.0,2023-02-18,222.0,36557.0,1500.0,6926.0,1884-03-01,13,13,8,LITTLE ROCK,1528_20250930,DIF,1934-01-01,0,SOUTHERN BANCORP BANK,SOUTHERN BCORP INC,69007.0,5,57,0,0,FED,2025-09-30,1248939.0,4,AR,0,1,71923
NM,1.0,15305,HOLTON,5156.0,0.0,2022-08-31,0.0,5405.0,-233.0,249.0,1901-01-01,11,11,10,KANSAS CITY,15305_20250930,DIF,1935-11-19,0,THE DENISON STATE BANK,DENISON BANCSHARES INC HOLTON,12645.0,4,5,0,0,FDIC,2025-09-30,1058286.0,2,KS,1,0,66436
NM,1.0,15306,GARRISON,2765.0,0.0,2024-06-30,23.0,3069.0,0.0,281.0,1935-11-02,11,11,9,FARGO,15306_20250930,DIF,1935-11-19,0,TRUCOMMUNITY BANK,MCLEAN BANK HOLDING CO,9557.0,3,4,0,0,FDIC,2025-09-30,1126523.0,2,ND,0,1,58540
NM,0.0,15310,RUSSELLVILLE,33567.0,0.0,2022-08-31,12.0,39644.0,3655.0,6065.0,1906-01-01,5,5,6,SHELBY,15310_20250930,DIF,1935-12-06,0,"CB&S BANK, INC.",CBS BANC-CORP,64757.0,5,55,0,0,FDIC,2025-09-30,1493654.0,4,AL,0,0,35653
NM,1.0,15311,IOWA FALLS,2449.0,0.0,2024-06-30,6.0,2847.0,32.0,392.0,1933-01-01,11,11,7,DES MOINES,15311_20250930,DIF,1953-12-06,0,IOWA FALLS STATE BANK,FSB FINANCIAL SERVICES INC,5230.0,4,2,0,0,FDIC,2025-09-30,1204832.0,8,IA,0,1,50126
NM,1.0,15321,WEBSTER CITY,8870.0,0.0,2024-06-30,23.0,9413.0,0.0,520.0,1935-10-15,11,11,7,DES MOINES,15321_20250930,DIF,1935-12-16,0,FIRST STATE BANK,VAN DIEST INVESTMENT CO,12816.0,4,9,0,0,FDIC,2025-09-30,1205026.0,2,IA,0,1,50595
NM,1.0,15323,TOPEKA,7210.0,0.0,2022-08-31,185.0,7571.0,375.0,176.0,1909-01-01,11,11,10,KANSAS CITY,15323_20250930,DIF,1935-12-16,0,SILVER LAKE BANK,GIDEON MANAGEMENT L L C,15181.0,4,6,0,0,FDIC,2025-09-30,3015582.0,4,KS,0,1,66608
NM,1.0,15324,GLENCOE,16887.0,0.0,2024-04-19,0.0,16887.0,783.0,0.0,1935-10-12,11,11,9,MANKATO,15324_20250930,DIF,1935-12-16,0,SECURITY BANK & TRUST COMPANY,FLAGSHIP FINANCIAL GROUP INC,32405.0,3,26,0,0,FDIC,2025-09-30,1128675.0,4,MN,1,1,55336
NM,1.0,15326,WEST MANSFIELD,440.0,0.0,2021-08-29,0.0,697.0,0.0,257.0,1928-01-01,9,9,4,COLUMBUS,15326_20250930,DIF,1935-12-23,0,THE UNION BANKING COMPANY,UNION BCORP INC,662.0,3,2,0,0,FDIC,2025-09-30,1071614.0,7,OH,1,0,43358
SM,1.0,15334,ATLANTIC,5515.0,0.0,2024-06-30,0.0,5664.0,280.0,149.0,1876-07-01,11,11,7,DES MOINES,15334_20250930,DIF,1936-01-13,0,ROLLING HILLS BANK & TRUST,ANITA BCORP,12956.0,4,12,0,0,FED,2025-09-30,1202838.0,2,IA,0,1,50022
NM,1.0,15336,TWIN CITY,1755.0,0.0,2022-08-31,1.0,1756.0,85.0,0.0,1934-01-01,5,5,6,ALBANY GA,15336_20250930,DIF,1936-01-15,0,"DURDEN BANKING COMPANY, INCORPORATED",DURDEN BANKSHARES INC,11969.0,5,4,0,0,FDIC,2025-09-30,2388663.0,4,GA,1,0,30471
SM,1.0,15345,HONDO,7686.0,0.0,2024-12-31,0.0,7794.0,639.0,108.0,1934-01-01,13,13,11,AUSTIN,15345_20250930,DIF,1934-01-01,0,TXN BANK,TXN BANCSHARES INC,13534.0,5,7,0,0,FED,2025-09-30,3048991.0,4,TX,0,0,78861
NM,1.0,15346,STOCKDALE,612.0,0.0,2022-08-31,0.0,627.0,-65.0,15.0,1932-02-01,13,13,11,AUSTIN,15346_20250930,DIF,1936-01-31,0,COMMERCE BANK TEXAS,COMMERCE FINANCIAL CORP,1228.0,5,2,0,0,FDIC,2025-09-30,3681905.0,7,TX,0,0,78160
NM,1.0,15347,SAINT ROBERT,2272.0,0.0,2022-08-31,0.0,2386.0,108.0,114.0,1936-01-01,11,11,8,SPRINGFIELD MO,15347_20250930,DIF,1936-01-31,0,SECURITY BANK OF PULASKI COUNTY,SECURITY BANCSHARES PULASKI CNTY,4623.0,4,3,0,0,FDIC,2025-09-30,2250180.0,4,MO,0,0,65584
SM,1.0,15348,CLINTON,297.0,0.0,2022-08-31,12.0,309.0,0.0,0.0,1903-01-01,13,13,10,OKLAHOMA CITY,15348_20250930,DIF,1936-02-01,0,FIRST BANK AND TRUST COMPANY,CLINTON BANCSHARES INC,1790.0,5,1,0,0,FED,2025-09-30,1055593.0,7,OK,1,1,73601
NM,1.0,15355,MARION,1387.0,0.0,2022-08-31,0.0,1387.0,107.0,0.0,1906-01-01,13,13,11,AUSTIN,15355_20250930,DIF,1936-02-11,0,MARION STATE BANK,MARION BANCSHARES INC,3549.0,5,1,0,0,FDIC,2025-09-30,3828250.0,4,TX,1,0,78124
NM,0.0,15359,MOUNT OLIVE,42860.0,0.0,2022-08-31,86.0,45251.0,445.0,2305.0,1901-01-01,5,5,5,RALEIGH,15359_20250930,DIF,1936-03-02,0,SOUTHERN BANK AND TRUST COMPANY,SOUTHERN BANCSHARES N C INC,114992.0,1,56,0,0,FDIC,2025-09-30,1075694.0,4,NC,0,1,28365
SM,1.0,15362,BELT,1100.0,0.0,2022-08-31,0.0,1100.0,0.0,0.0,1936-03-14,14,14,9,BILLINGS,15362_20250930,DIF,1936-03-14,0,BELT VALLEY BANK,Unknown,3285.0,4,1,0,0,FED,2025-09-30,0.0,4,MT,0,0,59412
NM,1.0,15364,RANDOLPH,1054.0,0.0,2024-06-30,0.0,1824.0,0.0,770.0,1935-07-01,11,11,10,SIOUX CITY,15364_20250930,DIF,1936-03-14,0,FIRST STATE BANK,FIRST STATE BCORP INC,1858.0,4,1,0,0,FDIC,2025-09-30,2812832.0,2,NE,1,0,68771
NM,1.0,15367,GROESBECK,749.0,0.0,2022-08-31,1.0,750.0,0.0,0.0,1913-01-01,13,13,11,DALLAS,15367_20250930,DIF,1936-03-14,0,FARMERS STATE BANK,GROESBECK BANCSHARES INC,6059.0,5,6,0,0,FDIC,2025-09-30,1144228.0,4,TX,1,0,76642
NM,0.0,1536,STOCKTON,39859.0,0.0,2022-08-31,0.0,39872.0,1000.0,13.0,1867-08-12,14,14,12,SACRAMENTO,1536_20250930,DIF,1934-01-01,0,BANK OF STOCKTON,1867 WESTERN FINANCIAL CORP,107225.0,4,21,0,0,FDIC,2025-09-30,1399765.0,4,CA,0,1,95202
SM,0.0,15399,CLAREMORE,32356.0,0.0,2023-07-20,0.0,32356.0,150.0,0.0,1936-01-14,13,13,10,OKLAHOMA CITY,15399_20250930,DIF,1936-07-09,0,RCB BANK,RCB HOLDING CO INC,97454.0,5,62,0,0,FED,2025-09-30,1130584.0,9,OK,1,1,74017
NM,1.0,15405,RED OAK,2020.0,0.0,2024-06-30,0.0,2033.0,0.0,13.0,1879-01-01,11,11,7,OMAHA,15405_20250930,DIF,1936-07-28,0,HOUGHTON STATE BANK,RED OAK FINANCIAL CORP,5735.0,4,5,0,0,FDIC,2025-09-30,4771988.0,2,IA,0,1,51566
NM,1.0,15415,KAHOKA,2300.0,0.0,2022-08-31,0.0,2300.0,135.0,0.0,1914-12-17,11,11,8,ST. LOUIS,15415_20250930,DIF,1936-08-24,0,"PEOPLES BANK OF WYACONDA, MISSOURI",CLARK COUNTY BANCSHARES INC,3747.0,4,3,0,0,FDIC,2025-09-30,1097995.0,2,MO,0,0,63445
NM,1.0,15423,WELLSVILLE,18663.0,0.0,2024-06-30,0.0,22875.0,537.0,4212.0,1880-03-15,11,11,8,COLUMBIA MO,15423_20250930,DIF,1936-09-14,0,AMERICAN BANK OF FREEDOM,EVERGREEN BANCSHARES INC,20687.0,4,12,0,0,FDIC,2025-09-30,3450521.0,4,MO,0,0,63384
NM,1.0,15427,BELLE PLAINE,2176.0,0.0,2024-06-30,0.0,2198.0,0.0,22.0,1936-10-19,11,11,7,CEDAR RAPIDS,15427_20250930,DIF,1936-10-19,0,CHELSEA SAVINGS BANK,CHEBELLE CORP,4639.0,4,5,0,0,FDIC,2025-09-30,1206779.0,2,IA,1,1,52208
NM,1.0,15442,ROBERT LEE,222.0,0.0,2017-07-12,1.0,223.0,0.0,0.0,1936-10-23,13,13,11,LUBBOCK,15442_20250930,DIF,1936-12-10,0,ROBERT LEE STATE BANK,ROBERT LEE BANCSHARES INC,1156.0,5,1,0,0,FDIC,2025-09-30,2155212.0,7,TX,0,0,76945
NM,1.0,15443,LAKE ELMO,4033.0,0.0,2022-08-31,22.0,4055.0,329.0,0.0,1911-08-01,11,11,9,MINNEAPOLIS,15443_20250930,DIF,1936-12-19,0,LAKE ELMO BANK,LAKE ELMO BANCSHARES INC,15907.0,3,9,0,0,FDIC,2025-09-30,2360043.0,4,MN,1,1,55042
NM,1.0,15444,WILLISTON,6024.0,0.0,2024-06-30,48.0,6072.0,380.0,0.0,1936-12-01,11,11,9,FARGO,15444_20250930,DIF,1936-12-18,0,AMERICAN STATE BANK & TRUST COMPANY OF WILLISTON,AMERICAN STB HOLDING CO INC,14296.0,3,2,0,0,FDIC,2025-09-30,2632571.0,2,ND,1,1,58801
N,1.0,1545,AMES,10326.0,0.0,2024-06-30,762.0,11705.0,1392.0,617.0,1903-05-22,11,11,7,DES MOINES,1545_20250930,DIF,1934-01-01,0,"FIRST NATIONAL BANK, AMES, IOWA",AMES NATIONAL CORP,18843.0,4,10,0,0,OCC,2025-09-30,1202258.0,4,IA,0,1,50010
NM,1.0,15460,SPUR,2241.0,0.0,2022-08-31,0.0,2241.0,155.0,0.0,1933-12-23,13,13,11,LUBBOCK,15460_20250930,DIF,1937-02-09,0,SPUR SECURITY BANK,DRY LAKE FINANCIAL LLC,2964.0,5,1,0,0,FDIC,2025-09-30,5454288.0,4,TX,0,0,79370
NM,1.0,15463,DE KALB,5532.0,0.0,2022-08-31,0.0,5532.0,630.0,0.0,1937-02-19,13,13,11,DALLAS,15463_20250930,DIF,1937-02-20,0,STATE BANK OF DE KALB,Unknown,16505.0,5,7,0,0,FDIC,2025-09-30,0.0,4,TX,1,0,75559
NM,1.0,15465,UMATILLA,5219.0,0.0,2022-08-31,0.0,5473.0,-48.0,254.0,1937-03-01,5,5,6,TAMPA,15465_20250930,DIF,1937-03-01,0,UNITED SOUTHERN BANK,UNISOUTH INC,21222.0,5,14,0,0,FDIC,2025-09-30,1141601.0,4,FL,0,1,32784
NM,1.0,15469,RANSOM,539.0,0.0,2022-08-31,0.0,539.0,39.0,0.0,1900-01-01,11,11,10,HAYS,15469_20250930,DIF,1937-03-04,0,THE FIRST STATE BANK OF RANSOM,Unknown,892.0,4,2,0,0,FDIC,2025-09-30,0.0,2,KS,0,0,67572
NM,1.0,15471,CANDO,727.0,0.0,2024-06-30,5.0,742.0,12.0,10.0,1888-01-01,11,11,9,FARGO,15471_20250930,DIF,1937-01-01,0,FIRST STATE BANK OF CANDO,CANDO HOLDING CO INC,1676.0,3,3,0,0,FDIC,2025-09-30,1143922.0,2,ND,1,0,58324
NM,1.0,15472,PARK RIVER,9028.0,0.0,2024-06-30,64.0,9826.0,475.0,734.0,1886-01-01,11,11,9,FARGO,15472_20250930,DIF,1934-01-01,0,FIRST UNITED BANK,FIRST HOLDING PARK RIVER,17647.0,3,16,0,0,FDIC,2025-09-30,1140266.0,2,ND,1,0,58270
NM,1.0,15477,AMERICUS,6088.0,0.0,2022-08-31,0.0,6263.0,100.0,175.0,1937-03-01,5,5,6,ALBANY GA,15477_20250930,DIF,1937-03-19,0,CITIZENS BANK OF AMERICUS,CBA BANKSHARES INC,12760.0,5,3,0,0,FDIC,2025-09-30,1976625.0,4,GA,0,0,31709
NM,1.0,15478,CAVALIER,9073.0,0.0,2024-06-30,0.0,9314.0,-470.0,241.0,1905-08-25,11,11,9,FARGO,15478_20250930,DIF,1937-03-22,0,UNITED VALLEY BANK,FIRST HOLDING CO CAVALIER INC,16834.0,3,8,0,0,FDIC,2025-09-30,1140211.0,2,ND,1,0,58220
NM,1.0,1547,CENTERVILLE,1012.0,0.0,2024-06-30,781.0,1793.0,0.0,0.0,1896-01-01,11,11,7,DES MOINES,1547_20250930,DIF,1934-01-01,0,IOWA TRUST AND SAVINGS BANK,BRADLEY BCORP INC,5579.0,4,2,0,0,FDIC,2025-09-30,1202119.0,2,IA,1,1,52544
NM,1.0,15480,COLEMAN,2800.0,0.0,2025-06-27,0.0,2804.0,209.0,4.0,1936-10-15,13,13,11,DALLAS,15480_20250930,DIF,1937-04-01,0,COLEMAN COUNTY STATE BANK,COLEMAN BANCSHARES INC,9015.0,5,7,0,0,FDIC,2025-09-30,1107072.0,4,TX,1,1,76834
NM,1.0,15489,WEST PLAINS,10139.0,0.0,2022-08-31,31.0,10170.0,357.0,0.0,1883-04-13,11,11,8,SPRINGFIELD MO,15489_20250930,DIF,1937-05-01,0,WEST PLAINS BANK AND TRUST COMPANY,WEST PLAINS BANCSHARES INC,17865.0,4,7,0,0,FDIC,2025-09-30,1095852.0,4,MO,1,0,65775
NM,1.0,15496,BLAKELY,9500.0,0.0,2022-08-31,0.0,9663.0,90.0,163.0,1903-01-01,5,5,6,ALBANY GA,15496_20250930,DIF,1937-05-28,0,FIRST STATE BANK OF BLAKELY,FIRST ST BANCSHARES BLAKELY,23756.0,5,8,0,0,FDIC,2025-09-30,1139840.0,2,GA,0,0,39823
NM,1.0,15501,LYTLE,509.0,0.0,2016-03-09,13.0,529.0,210.0,7.0,1910-09-14,13,13,11,AUSTIN,15501_20250930,DIF,1937-06-10,0,"THE LYTLE STATE BANK OF LYTLE, TEXAS",Unknown,3020.0,5,1,0,0,FDIC,2025-09-30,0.0,8,TX,0,0,78052
SM,1.0,1550,CORALVILLE,6494.0,0.0,2024-06-30,7.0,7970.0,45.0,1469.0,1931-11-12,11,11,7,CEDAR RAPIDS,1550_20250930,DIF,1934-01-01,0,CENTRAL STATE BANK,AJJ BCORP INC,8663.0,4,9,0,0,FED,2025-09-30,2253734.0,4,IA,1,1,52241
SM,1.0,15510,ATOKA,5540.0,0.0,2022-08-31,0.0,5705.0,264.0,165.0,1906-08-06,13,13,10,OKLAHOMA CITY,15510_20250930,DIF,1937-07-02,0,AMERISTATE BANK,ATOKA STATE BCORP INC,15835.0,5,7,0,0,FED,2025-09-30,1056983.0,4,OK,1,0,74525
SM,1.0,15511,GAINESVILLE,20324.0,0.0,2022-08-31,6.0,20330.0,1505.0,0.0,1905-08-16,13,13,11,DALLAS,15511_20250930,DIF,1937-07-09,0,FIRST STATE BANK,RED RIVER BCORP INC,42854.0,5,14,0,0,FED,2025-09-30,1132243.0,4,TX,0,1,76240
NM,1.0,15519,MILES,4234.0,0.0,2024-03-27,0.0,4234.0,180.0,0.0,1937-08-02,13,13,11,LUBBOCK,15519_20250930,DIF,1937-08-02,0,CITIZENS STATE BANK,CSB FINANCIAL CORP,8198.0,5,2,0,0,FDIC,2025-09-30,3647572.0,2,TX,1,0,76861
NM,1.0,15523,MUENSTER,1515.0,0.0,2022-08-31,6.0,1805.0,0.0,284.0,1923-07-03,13,13,11,DALLAS,15523_20250930,DIF,1937-07-31,0,MUENSTER STATE BANK,Unknown,5349.0,5,2,0,0,FDIC,2025-09-30,0.0,5,TX,1,0,76252
SM,1.0,1552,MUSCATINE,14332.0,0.0,2024-06-30,676.0,15008.0,783.0,0.0,1933-06-13,11,11,7,CEDAR RAPIDS,1552_20250930,DIF,1934-01-01,0,CBI BANK & TRUST,CENTRAL BANCSHARES INC,43129.0,4,24,0,0,FED,2025-09-30,1203899.0,4,IA,0,1,52761
NM,1.0,15532,VEEDERSBURG,802.0,0.0,2022-08-31,0.0,802.0,159.0,0.0,1917-10-13,9,9,7,INDIANAPOLIS,15532_20250930,DIF,1937-08-07,0,CENTREBANK,LAWRENCE L OSBORN SCHOLARSHIP TR,4536.0,3,6,0,0,FDIC,2025-09-30,1416989.0,4,IN,0,1,47987
NM,1.0,15539,BUXTON,6883.0,0.0,2024-06-30,9.0,7172.0,105.0,280.0,1885-01-01,11,11,9,FARGO,15539_20250930,DIF,1934-01-01,0,FIRST STATE BANK,FULL SERVICE INS AGENCY INC,10140.0,3,5,0,0,FDIC,2025-09-30,1123858.0,2,ND,1,0,58218
NM,1.0,1553,HARLAN,5434.0,0.0,2024-06-30,0.0,5598.0,220.0,164.0,1909-08-02,11,11,7,OMAHA,1553_20250930,DIF,1934-01-01,0,THE SHELBY COUNTY STATE BANK,DANES HOLDINGS INC,13548.0,4,14,0,0,FDIC,2025-09-30,4771979.0,2,IA,0,1,51537
NM,1.0,15545,OMAHA,25296.0,0.0,2024-06-30,1.0,29845.0,943.0,4548.0,1937-10-06,11,11,10,OMAHA,15545_20250930,DIF,1937-10-06,0,FRONTIER BANK,FRONTIER MANAGEMENT LLC,31513.0,4,7,0,0,FDIC,2025-09-30,3316186.0,4,NE,1,0,68154
NM,1.0,15546,CHILLICOTHE,766.0,0.0,2022-08-31,0.0,766.0,0.0,0.0,1937-10-19,11,11,10,KANSAS CITY,15546_20250930,DIF,1937-11-22,0,CHILLICOTHE STATE BANK,C S BANCSHARES INC,3700.0,4,2,0,0,FDIC,2025-09-30,1138786.0,2,MO,0,0,64601
SM,1.0,15547,LAKE VILLAGE,801.0,0.0,2022-08-31,10.0,911.0,0.0,100.0,1934-01-01,13,13,8,LITTLE ROCK,15547_20250930,DIF,1934-01-01,0,BANK OF LAKE VILLAGE,SOUTHEAST ARKANSAS BANK CORP,3234.0,5,2,0,0,FED,2025-09-30,1137033.0,2,AR,0,0,71653
SM,1.0,15555,STORM LAKE,34704.0,0.0,2024-06-30,153.0,38445.0,0.0,3588.0,1879-01-01,11,11,7,SIOUX CITY,15555_20250930,DIF,1934-01-01,0,CENTRAL BANK,COMMERCIAL FINANCIAL CORP,49568.0,4,23,0,0,FED,2025-09-30,1978674.0,4,IA,0,1,50588
NM,1.0,15562,BELLE FOURCHE,9812.0,0.0,2024-06-30,0.0,10369.0,439.0,557.0,1937-08-30,11,11,9,SIOUX FALLS,15562_20250930,DIF,1937-12-04,0,PIONEER BANK & TRUST,BELLE FOURCHE BANCSHARES INC,24635.0,4,7,0,0,FDIC,2025-09-30,1143511.0,4,SD,0,1,57717
NM,1.0,15565,MARION,9373.0,0.0,2022-07-01,60.0,9718.0,210.0,285.0,1937-12-15,9,9,8,MOUNT VERNON,15565_20250930,DIF,1937-12-15,0,FIRST SOUTHERN BANK,MIDWEST CMTY BANCSHARES INC,27490.0,3,19,0,0,FDIC,2025-09-30,2603450.0,4,IL,0,0,62959
NM,1.0,15566,CRAWFORDSVILLE,4529.0,0.0,2022-08-31,0.0,4529.0,304.0,0.0,1899-12-01,9,9,7,INDIANAPOLIS,15566_20250930,DIF,1934-01-01,0,HOOSIER HEARTLAND STATE BANK,HOOSIER HEARTLAND ST BCORP EMPLOYEE STK OWNERSHIP&SVG PLAN TR,9045.0,3,7,0,0,FDIC,2025-09-30,5759732.0,2,IN,1,1,47933
NM,1.0,1556,BUSSEY,2215.0,0.0,2024-06-30,0.0,2271.0,801.0,56.0,1931-03-27,11,11,7,DES MOINES,1556_20250930,DIF,1934-01-01,0,TWIN CEDARS BANK,TWIN CEDARS BCORP INC,3614.0,4,4,0,0,FDIC,2025-09-30,5693180.0,4,IA,0,1,50044
N,1.0,15572,PULASKI,20793.0,0.0,2022-08-31,44.0,20837.0,1585.0,0.0,1938-01-12,13,13,6,NASHVILLE,15572_20250930,DIF,1938-01-12,0,FIRST NATIONAL BANK OF PULASKI,FIRST PULASKI NATIONAL CORP,37638.0,5,14,0,0,OCC,2025-09-30,1082393.0,4,TN,0,1,38478
NM,1.0,15578,WABASSO,738.0,0.0,2022-08-31,0.0,743.0,25.0,5.0,1934-10-01,11,11,9,MANKATO,15578_20250930,DIF,1938-01-27,0,INTEGRITY BANK PLUS,WABASSO BANCSHARES INC,2851.0,3,2,0,0,FDIC,2025-09-30,1925913.0,2,MN,1,0,56293
NM,1.0,15580,PEMBROKE,3800.0,0.0,2022-08-31,21.0,3902.0,0.0,81.0,1907-01-01,5,5,6,ALBANY GA,15580_20250930,DIF,1938-02-10,0,FIRST BANK OF COASTAL GEORGIA,PUTNAM-GREENE FINANCIAL CORP,3379.0,5,2,0,0,FDIC,2025-09-30,1246252.0,7,GA,0,0,31321
NM,1.0,15584,SPRINGFIELD,8842.0,0.0,2022-08-31,0.0,8842.0,900.0,0.0,1872-06-20,11,11,8,SPRINGFIELD MO,15584_20250930,DIF,1938-02-24,0,MID-MISSOURI BANK,MID-MISSOURI BANCSHARES INC,29021.0,4,14,0,0,FDIC,2025-09-30,1133455.0,4,MO,0,0,65804
NM,1.0,15585,BAY PORT,1131.0,0.0,2022-08-31,0.0,1131.0,209.0,0.0,1938-03-01,9,9,7,DETROIT,15585_20250930,DIF,1938-03-03,0,BAY PORT STATE BANK,BAY PORT FINANCIAL CORP,5196.0,3,4,0,0,FDIC,2025-09-30,2389978.0,2,MI,0,0,48720
NM,1.0,15590,CAMPBELLSVILLE,3064.0,0.0,2021-12-31,0.0,3064.0,-186.0,0.0,1937-09-01,9,9,8,LOUISVILLE,15590_20250930,DIF,1938-04-06,0,TAYLOR COUNTY BANK,TAYLOR COUNTY BANCSHARES INC,7452.0,3,4,0,0,FDIC,2025-09-30,1119105.0,4,KY,1,1,42718
NM,1.0,15593,IPSWICH,628.0,0.0,2024-06-30,0.0,628.0,0.0,0.0,1938-04-13,11,11,9,SIOUX FALLS,15593_20250930,DIF,1938-04-13,0,IPSWICH STATE BANK,IPSWICH CMTY BANCSHARES INC,1776.0,4,1,0,0,FDIC,2025-09-30,4394060.0,2,SD,1,0,57451
NM,1.0,15597,KENYON,576.0,0.0,2024-06-30,0.0,580.0,70.0,4.0,1934-07-23,11,11,9,MINNEAPOLIS,15597_20250930,DIF,1938-04-21,0,SECURITY STATE BANK OF KENYON,ELLINGSON CORP,2114.0,3,1,0,0,FDIC,2025-09-30,1121881.0,2,MN,1,0,55946
NM,1.0,15598,MUNICH,3055.0,0.0,2024-06-30,76.0,3131.0,70.0,0.0,1905-01-01,11,11,9,FARGO,15598_20250930,DIF,1938-05-02,0,HORIZON FINANCIAL BANK,MUNICH BANCSHARES INC,5082.0,3,5,0,0,FDIC,2025-09-30,1126626.0,2,ND,0,0,58352
NM,1.0,155,ALAPAHA,2413.0,0.0,2022-08-31,0.0,2413.0,3.0,0.0,1905-03-25,5,5,6,ALBANY GA,155_20250930,DIF,1934-01-01,0,BANK OF ALAPAHA,ALAPAHA HOLDING CO,5940.0,5,4,0,0,FDIC,2025-09-30,3194076.0,8,GA,0,0,31622
NM,1.0,15606,HAMILTON,1242.0,0.0,2022-08-31,3.0,1245.0,0.0,0.0,1938-06-11,11,11,10,KANSAS CITY,15606_20250930,DIF,1938-06-11,0,THE HAMILTON BANK,PRISM GROUP INC,3035.0,4,3,0,0,FDIC,2025-09-30,1854303.0,2,MO,1,0,64644
NM,1.0,15610,WINTERSET,2689.0,0.0,2024-06-30,78.0,2767.0,50.0,0.0,1938-08-11,11,11,7,DES MOINES,15610_20250930,DIF,1938-08-11,0,FARMERS AND MERCHANTS STATE BANK,FARMERS&MERCHANTS BCORP,6585.0,4,4,0,0,FDIC,2025-09-30,1245321.0,2,IA,0,1,50273
NM,1.0,15614,WEST DES MOINES,66638.0,0.0,2024-06-30,0.0,73509.0,0.0,6871.0,1893-01-01,11,11,7,DES MOINES,15614_20250930,DIF,1934-01-01,0,WEST BANK,WEST BCORP INC,69514.0,4,12,0,0,FDIC,2025-09-30,1210066.0,4,IA,0,1,50266
NM,1.0,15621,GRAND MEADOW,1342.0,0.0,2024-06-30,0.0,1354.0,172.0,12.0,1938-04-09,11,11,9,MINNEAPOLIS,15621_20250930,DIF,1938-10-04,0,FIRST FARMERS & MERCHANTS STATE BANK OF GRAND MEADOW,215 HOLDING CO,2825.0,3,3,0,0,FDIC,2025-09-30,1247576.0,2,MN,0,0,55936
NM,1.0,15629,MILLER,3474.0,0.0,2024-06-30,0.0,3536.0,300.0,62.0,1938-01-01,11,11,9,SIOUX FALLS,15629_20250930,DIF,1938-11-14,0,QUOIN FINANCIAL BANK,INDEPENDENT BANCSHARES INC,8330.0,4,3,0,0,FDIC,2025-09-30,2466235.0,2,SD,0,0,57362
NM,1.0,1562,LEBANON,3018.0,0.0,2021-12-31,74.0,3139.0,225.0,47.0,1910-09-16,9,9,8,LOUISVILLE,1562_20250930,DIF,1934-01-01,0,PEOPLES BANK,KING HARRIS BCORP INC,5124.0,3,4,0,0,FDIC,2025-09-30,5420788.0,4,KY,0,0,40033
NM,1.0,15632,GREENFIELD,7037.0,0.0,2022-08-31,0.0,7212.0,900.0,175.0,1871-09-03,9,9,7,INDIANAPOLIS,15632_20250930,DIF,1934-01-01,0,GREENFIELD BANKING COMPANY,GREENFIELD BANCSHARES INC,26956.0,3,8,0,0,FDIC,2025-09-30,1205996.0,4,IN,0,1,46140
NM,1.0,15651,NEVADA,1862.0,0.0,2024-06-30,218.0,2085.0,-6.0,5.0,1939-02-25,11,11,7,DES MOINES,15651_20250930,DIF,1939-02-25,0,STATE BANK & TRUST CO.,AMES NATIONAL CORP,3933.0,4,1,0,0,FDIC,2025-09-30,1202258.0,4,IA,0,1,50201
NM,1.0,15657,WOODWAY,20590.0,0.0,2022-08-31,21.0,21047.0,600.0,436.0,1939-03-16,13,13,11,DALLAS,15657_20250930,DIF,1939-03-20,0,ALLIANCE BANK CENTRAL TEXAS,ABCT HOLDINGS INC,23059.0,5,8,0,0,FDIC,2025-09-30,3615441.0,4,TX,0,0,76712
NM,1.0,15663,WAYNESBORO,14692.0,0.0,2022-08-31,0.0,14772.0,0.0,80.0,1934-05-01,13,13,6,JACKSON MS,15663_20250930,DIF,1939-05-01,0,FIRST STATE BANK,FIRST STATE CORP,16924.0,5,16,0,0,FDIC,2025-09-30,1083587.0,4,MS,0,1,39367
NM,1.0,15664,BELINGTON,994.0,0.0,2024-01-02,0.0,994.0,180.0,0.0,1939-05-10,5,5,5,SCOTT DEPOT,15664_20250930,DIF,1939-05-10,0,"FREEDOM BANK, INC.",FREEDOM BANCSHARES INC,5717.0,1,5,0,0,FDIC,2025-09-30,1250053.0,8,WV,0,0,26250
NM,1.0,15669,GOLDTHWAITE,4329.0,0.0,2022-08-31,0.0,4580.0,195.0,251.0,1908-11-24,13,13,11,DALLAS,15669_20250930,DIF,1939-06-20,0,MCBANK,GOLDTHWAITE BANCSHARES INC,10926.0,5,4,0,0,FDIC,2025-09-30,1103999.0,4,TX,1,0,76844
NM,1.0,1566,TAYLORSVILLE,1144.0,0.0,2022-08-31,0.0,1156.0,45.0,12.0,1903-02-03,9,9,8,LOUISVILLE,1566_20250930,DIF,1934-01-01,0,THE PEOPLES BANK,LAKE VALLEY BCORP INC,4637.0,3,2,0,0,FDIC,2025-09-30,1119253.0,8,KY,1,0,40071
NM,1.0,15671,MANNING,3297.0,0.0,2022-08-31,0.0,3297.0,90.0,0.0,1939-07-01,5,5,5,COLUMBIA SC,15671_20250930,DIF,1939-07-01,0,THE BANK OF CLARENDON,Unknown,10784.0,1,5,0,0,FDIC,2025-09-30,0.0,4,SC,0,1,29102
NM,1.0,15675,CAMPBELLSVILLE,5483.0,0.0,2022-08-31,0.0,5483.0,0.0,0.0,1939-01-01,9,9,8,LOUISVILLE,15675_20250930,DIF,1939-07-22,0,CITIZENS BANK & TRUST COMPANY,FIRST BCORP INC,7750.0,3,4,0,0,FDIC,2025-09-30,1099140.0,4,KY,0,1,42718
NM,1.0,15687,SWAYZEE,7504.0,0.0,2022-08-31,0.0,8222.0,431.0,718.0,1939-09-30,9,9,7,INDIANAPOLIS,15687_20250930,DIF,1939-10-02,0,GRANT COUNTY STATE BANK,GRANT CNTY ST BANCSHARES EMP STK OWNERSHIP PLAN,11575.0,3,3,0,0,FDIC,2025-09-30,2920830.0,8,IN,1,1,46986
SM,1.0,15690,CLEAR LAKE,7887.0,0.0,2024-06-30,0.0,7907.0,240.0,20.0,1934-01-01,11,11,7,DES MOINES,15690_20250930,DIF,1939-11-10,0,CLEAR LAKE BANK AND TRUST COMPANY,ARNESON BANCSHARES INC,16806.0,4,5,0,0,FED,2025-09-30,1840221.0,4,IA,1,1,50428
NM,1.0,15699,ALMA,5939.0,0.0,2022-08-31,0.0,5939.0,845.0,0.0,1939-10-01,5,5,6,ALBANY GA,15699_20250930,DIF,1939-11-16,0,PINELAND BANK,SOUTH BANKING CO,20798.0,5,9,0,0,FDIC,2025-09-30,1081622.0,4,GA,0,0,31510
NM,1.0,15701,SEYMOUR,2684.0,0.0,2022-08-31,1.0,3357.0,0.0,672.0,1939-11-25,11,11,8,SPRINGFIELD MO,15701_20250930,DIF,1939-11-25,0,THE SEYMOUR BANK,COTTONRUDY INVESTMENT CO,5626.0,4,3,0,0,FDIC,2025-09-30,1095245.0,2,MO,0,0,65746
NM,1.0,15703,BARDSTOWN,1984.0,0.0,2022-08-31,0.0,2002.0,90.0,18.0,1907-09-09,9,9,8,LOUISVILLE,15703_20250930,DIF,1939-11-25,0,TOWN & COUNTRY BANK AND TRUST COMPANY,FIRST FARMERS BANK HOLDING CO,12946.0,3,5,0,0,FDIC,2025-09-30,1100112.0,4,KY,0,1,40004
SM,1.0,15708,LIBERTY,4456.0,0.0,2022-08-31,2499.0,6955.0,550.0,0.0,1939-12-20,9,9,8,LEXINGTON,15708_20250930,DIF,1939-12-20,0,"THE CASEY COUNTY BANK, INC.",CASEY COUNTY BCORP INC,9691.0,3,5,0,0,FED,2025-09-30,1398768.0,8,KY,0,1,42539
N,1.0,15728,HEBRON,16239.0,0.0,2024-06-30,212.0,16630.0,66.0,179.0,1940-01-01,11,11,9,FARGO,15728_20250930,DIF,1940-03-11,0,"DAKOTA COMMUNITY BANK & TRUST, NATIONAL ASSOCIATION",DAKOTA COMMUNITY BANSHARES INC,29751.0,3,13,0,0,OCC,2025-09-30,2265782.0,2,ND,1,1,58638
NM,1.0,15729,HELENA,5453.0,0.0,2022-08-31,0.0,6710.0,675.0,1257.0,1940-04-01,13,13,8,LITTLE ROCK,15729_20250930,DIF,1940-04-01,0,PARTNERS BANK,HELENA BANCSHARES INC,13034.0,5,10,0,0,FDIC,2025-09-30,1129494.0,4,AR,0,1,72342
NM,1.0,15731,CRAWFORD,2407.0,0.0,2022-11-29,0.0,2407.0,111.0,0.0,1940-03-30,13,13,11,DALLAS,15731_20250930,DIF,1940-03-30,0,SECURITY BANK OF TEXAS,ANCHOR BANCSHARES INC,5455.0,5,4,0,0,FDIC,2025-09-30,4851675.0,4,TX,0,0,76638
NM,1.0,15734,CANTON,7939.0,0.0,2024-06-30,0.0,7939.0,-2.0,0.0,1920-06-14,11,11,9,SIOUX FALLS,15734_20250930,DIF,1940-04-04,0,SECURITY SAVINGS BANK,LARCH BCORP INC,11376.0,4,8,0,0,FDIC,2025-09-30,1206658.0,2,SD,1,1,57013
NM,1.0,15741,MOTT,2021.0,0.0,2024-06-30,393.0,2414.0,65.0,0.0,1940-06-12,11,11,9,FARGO,15741_20250930,DIF,1940-06-13,0,COMMERCIAL BANK OF MOTT,COMMERCIAL BK MOTT EMPLOYEE STK OWNERSHIP PLAN,3308.0,3,1,0,0,FDIC,2025-09-30,2354592.0,2,ND,1,0,58646
NM,1.0,15749,EMERY,413.0,0.0,2024-06-30,0.0,413.0,3.0,0.0,1920-01-01,11,11,9,SIOUX FALLS,15749_20250930,DIF,1940-07-01,0,THE SECURITY STATE BANK,EMERY SECURITY BCORP INC,2023.0,4,2,0,0,FDIC,2025-09-30,1127771.0,2,SD,0,0,57332
NM,1.0,15751,RICHMOND,1297.0,0.0,2024-03-15,0.0,1297.0,177.0,0.0,1940-07-01,11,11,10,KANSAS CITY,15751_20250930,DIF,1940-07-01,0,FLAT BRANCH BANK,STATE HOLDING INC,2514.0,4,1,0,0,FDIC,2025-09-30,5884885.0,8,MO,0,0,64085
NM,1.0,15752,MENDOTA,20910.0,0.0,2022-08-31,581.0,23618.0,641.0,2127.0,1940-07-06,9,9,7,PRINCETON,15752_20250930,DIF,1940-07-06,0,FIRST STATE BANK,TRI-COUNTY FINANCIAL GROUP INC,37114.0,3,20,0,0,FDIC,2025-09-30,1139345.0,4,IL,0,1,61342
N,1.0,15760,ALBION,3673.0,0.0,2022-08-31,7.0,3776.0,135.0,96.0,1940-08-05,9,9,8,MOUNT VERNON,15760_20250930,DIF,1940-08-05,0,CITIZENS NATIONAL BANK OF ALBION,CITIZENS BANCSHARES INC,8580.0,3,5,0,0,OCC,2025-09-30,2473260.0,2,IL,0,1,62806
NM,1.0,15762,STONEWALL,272.0,0.0,2020-08-01,0.0,272.0,20.0,0.0,1940-07-04,13,13,10,OKLAHOMA CITY,15762_20250930,DIF,1940-07-04,0,FIRST AMERICAN BANK,Unknown,1253.0,5,1,0,0,FDIC,2025-09-30,0.0,2,OK,1,0,74871
N,1.0,15763,NOKOMIS,1139.0,0.0,2022-08-31,0.0,1141.0,0.0,2.0,1940-09-03,9,9,8,SPRINGFIELD IL,15763_20250930,DIF,1940-09-03,0,FIRST NATIONAL BANK OF NOKOMIS,FIRST NOKOMIS BCORP INC,5006.0,3,4,0,0,OCC,2025-09-30,1248809.0,2,IL,1,0,62075
NM,1.0,15771,LAVONIA,4911.0,0.0,2022-08-31,0.0,4917.0,269.0,6.0,1934-01-01,5,5,6,ATLANTA,15771_20250930,DIF,1940-09-23,0,NORTHEAST GEORGIA BANK,FIRST SECURITY BANKSHARES INC,21353.0,5,9,0,0,FDIC,2025-09-30,1085572.0,4,GA,1,0,30553
NM,1.0,15772,MEDIAPOLIS,3631.0,0.0,2024-06-30,2.0,3986.0,0.0,353.0,1940-09-16,11,11,7,CEDAR RAPIDS,15772_20250930,DIF,1940-09-16,0,MEDIAPOLIS SAVINGS BANK,MEDIAPOLIS BCORP,6239.0,4,5,0,0,FDIC,2025-09-30,2291398.0,2,IA,1,1,52637
SM,1.0,15778,MEDFORD,943.0,0.0,2022-08-31,0.0,943.0,0.0,0.0,1895-01-01,13,13,10,OKLAHOMA CITY,15778_20250930,DIF,1940-01-23,0,GRANT COUNTY BANK,Unknown,879.0,5,1,0,0,FED,2025-09-30,0.0,2,OK,1,0,73759
SM,1.0,15779,BERLIN,19622.0,0.0,2022-08-31,0.0,20761.0,2444.0,1139.0,1940-12-02,9,9,7,MADISON,15779_20250930,DIF,1940-12-02,0,THE FARMERS & MERCHANTS BANK,KUJAWA FAMILY HOLDINGS INC,21949.0,3,2,0,0,FED,2025-09-30,3444203.0,4,WI,0,0,54923
SM,1.0,15784,CALDWELL,1422.0,0.0,2022-08-31,4.0,1426.0,63.0,0.0,1881-11-12,11,11,10,WICHITA,15784_20250930,DIF,1940-12-27,0,"THE STOCK EXCHANGE BANK, CALDWELL, KANSAS",STOCK EXCHANGE FINANCIAL CORP,2592.0,4,2,0,0,FED,2025-09-30,1956702.0,5,KS,0,0,67022
NM,1.0,15792,JAMESTOWN,1160.0,0.0,2024-06-30,0.0,1201.0,15.0,41.0,1941-01-13,11,11,8,COLUMBIA MO,15792_20250930,DIF,1941-01-13,0,PEOPLES BANK OF MONITEAU COUNTY,JAMESTOWN BANCSHARES INC,1839.0,4,2,0,0,FDIC,2025-09-30,3300260.0,2,MO,0,0,65046
N,0.0,15797,SAN ANTONIO,70660.0,0.0,2022-08-31,99.0,72558.0,3632.0,1799.0,1941-02-03,13,13,11,AUSTIN,15797_20250930,DIF,1941-02-03,0,BROADWAY NATIONAL BANK,BROADWAY BANCSHARES INC,130380.0,5,36,0,0,OCC,2025-09-30,1106879.0,4,TX,1,1,78209
NM,1.0,15799,MARION,6851.0,0.0,2022-08-31,0.0,7480.0,150.0,629.0,1941-02-24,9,9,7,APPLETON,15799_20250930,DIF,1941-02-24,0,PREMIER COMMUNITY BANK,M S B BCORP INC,13170.0,3,11,0,0,FDIC,2025-09-30,1210749.0,4,WI,0,0,54950
SM,1.0,15801,BALDWYN,6470.0,0.0,2022-08-31,0.0,7062.0,0.0,592.0,1941-03-10,13,13,8,JACKSON MS,15801_20250930,DIF,1941-03-10,0,FARMERS AND MERCHANTS BANK,FMB BANCSHARES INC,17521.0,5,12,0,0,FED,2025-09-30,5725821.0,4,MS,0,0,38824
NM,1.0,15808,DES MOINES,3719.0,0.0,2024-06-30,203.0,3922.0,-119.0,0.0,1941-04-14,11,11,7,DES MOINES,15808_20250930,DIF,1941-04-14,0,IOWA STATE BANK,IOWA STATE BANK HOLDING CO,11035.0,4,5,0,0,FDIC,2025-09-30,1139792.0,4,IA,1,1,50309
NM,1.0,15809,FREDERICKSBURG,19723.0,0.0,2022-08-31,121.0,20005.0,1254.0,161.0,1941-04-07,13,13,11,AUSTIN,15809_20250930,DIF,1941-04-07,0,SECURITY STATE BANK & TRUST,SECURITY HOLDING CO,67189.0,5,22,0,0,FDIC,2025-09-30,1107308.0,4,TX,1,1,78624
NM,0.0,15815,LEXINGTON,36271.0,0.0,2025-01-31,2819.0,40649.0,-395.0,1559.0,1938-04-15,9,9,4,LEXINGTON,15815_20250930,DIF,1941-04-30,0,CENTRAL BANK & TRUST CO.,CENTRAL BANCSHARES INC,105524.0,3,28,0,0,FDIC,2025-09-30,2158156.0,4,KY,0,1,40507
NM,1.0,15817,BENOIT,1492.0,0.0,2022-08-31,0.0,1563.0,313.0,71.0,1904-01-01,13,13,8,JACKSON MS,15817_20250930,DIF,1941-05-06,0,GENESIS BANK,GENESIS BCORP INC,2200.0,5,1,0,0,FDIC,2025-09-30,5450178.0,6,MS,0,0,38725
NM,1.0,15820,HALSTAD,1460.0,0.0,2024-06-30,0.0,1471.0,360.0,11.0,1934-01-01,11,11,9,FARGO,15820_20250930,DIF,1941-05-26,0,RED RIVER STATE BANK,RED RIVER FINL SERVICES INC,3867.0,3,2,0,0,FDIC,2025-09-30,2142324.0,2,MN,1,0,56548
NM,1.0,15826,CLAXTON,3220.0,0.0,2022-08-31,0.0,3220.0,430.0,0.0,1941-02-24,5,5,6,ALBANY GA,15826_20250930,DIF,1941-06-14,0,THE CLAXTON BANK,SOUTHERN BANKSHARES INC,7452.0,5,4,0,0,FDIC,2025-09-30,2662596.0,4,GA,0,0,30417
NM,1.0,15839,ALGONA,1108.0,0.0,2024-06-30,0.0,1133.0,0.0,25.0,1931-03-01,11,11,7,DES MOINES,15839_20250930,DIF,1941-08-15,0,SECURITY STATE BANK,BURT BANCSHARES INC,3811.0,4,4,0,0,FDIC,2025-09-30,1206032.0,2,IA,0,1,50511
NM,1.0,15847,ONIDA,720.0,0.0,2024-06-30,13.0,743.0,0.0,10.0,1925-01-01,11,11,9,SIOUX FALLS,15847_20250930,DIF,1941-09-08,0,SUNRISE BANK DAKOTA,ADINO CO THE,1236.0,4,1,0,0,FDIC,2025-09-30,1134724.0,2,SD,1,0,57564
NM,1.0,15853,FAIRVIEW,160.0,0.0,2022-08-31,0.0,214.0,0.0,54.0,1929-09-14,11,11,10,KANSAS CITY,15853_20250930,DIF,1941-10-11,0,THE FARMERS STATE BANK,Unknown,616.0,4,1,0,0,FDIC,2025-09-30,0.0,2,KS,1,0,66425
NM,1.0,15871,RIPLEY,7558.0,0.0,2022-08-31,0.0,7703.0,128.0,145.0,1925-03-03,13,13,8,JACKSON MS,15871_20250930,DIF,1941-12-18,0,THE PEOPLES BANK,PEOPLES CORP THE,9070.0,5,6,0,0,FDIC,2025-09-30,1097061.0,7,MS,0,1,38663
NM,1.0,15873,MILLEDGEVILLE,3493.0,0.0,2022-08-31,3.0,4080.0,170.0,584.0,1942-01-02,9,9,7,PRINCETON,15873_20250930,DIF,1942-01-02,0,MILLEDGEVILLE STATE BANK,MILLEDGEVILLE BCORP INC,3645.0,3,1,0,0,FDIC,2025-09-30,1143454.0,2,IL,1,1,61051
SM,1.0,15883,DEMOTTE,5162.0,0.0,2022-08-31,0.0,6543.0,1929.0,1381.0,1942-02-02,9,9,7,INDIANAPOLIS,15883_20250930,DIF,1942-03-02,0,DEMOTTE STATE BANK,DEMOTTE BCORP,13024.0,3,10,0,0,FED,2025-09-30,1130164.0,2,IN,0,1,46310
SM,1.0,15898,LIVINGSTON,7514.0,0.0,2023-11-06,5.0,7531.0,330.0,12.0,1910-10-05,13,13,11,HOUSTON,15898_20250930,DIF,1942-06-27,0,FIRST STATE BANK OF LIVINGSTON,EAST TEXAS BANCSHARES INC,15690.0,5,8,0,0,FED,2025-09-30,1135909.0,7,TX,0,0,77351
SM,1.0,15899,LARNED,2147.0,0.0,2022-08-31,0.0,2633.0,100.0,486.0,1896-01-01,11,11,10,HAYS,15899_20250930,DIF,1942-06-26,0,FUSION BANK,FIRST STATE FINANCIAL CORP,6568.0,4,3,0,0,FED,2025-09-30,1062425.0,4,KS,1,1,67550
NM,1.0,15904,ALLENTOWN,1470.0,0.0,2022-08-31,0.0,1470.0,-55.0,0.0,1941-09-15,5,5,6,ATLANTA,15904_20250930,DIF,1942-07-13,0,THE FOUR COUNTY BANK,FOUR COUNTY BANCSHARES INC,2893.0,5,1,0,0,FDIC,2025-09-30,1416457.0,8,GA,1,0,31017
SM,1.0,15908,CLAY CENTER,2127.0,0.0,2022-08-31,135.0,2552.0,20.0,290.0,1901-06-01,11,11,10,HAYS,15908_20250930,DIF,1942-08-13,0,UNION STATE BANK,UNION STATE BANC HOLDING CORP,4284.0,4,4,0,0,FED,2025-09-30,3834831.0,2,KS,0,1,67432
SI,1.0,15912,DANBURY,20731.0,0.0,2024-11-04,0.0,25428.0,827.0,4697.0,1849-06-26,2,2,2,WINDSOR,15912_20250930,DIF,1942-09-25,0,IVES BANK,IVES MUTUAL HOLDING CO INC,37048.0,1,16,0,0,FDIC,2025-09-30,5471360.0,4,CT,0,0,06810
SM,1.0,15913,BEECHER,1371.0,0.0,2022-08-31,34.0,1405.0,674.0,0.0,1916-11-16,9,9,7,CHICAGO,15913_20250930,DIF,1952-10-04,0,FIRST COMMUNITY BANK AND TRUST,FIRST COMMUNITY BCORP INC,6035.0,3,2,0,0,FED,2025-09-30,1208018.0,4,IL,0,1,60401
NM,1.0,15930,MAXWELL,279.0,0.0,2024-06-30,0.0,279.0,0.0,0.0,1943-02-01,11,11,7,DES MOINES,15930_20250930,DIF,1943-02-01,0,MAXWELL STATE BANK,AGCOM HOLDINGS INC,540.0,4,1,0,0,FDIC,2025-09-30,5454345.0,2,IA,0,1,50161
NM,1.0,15932,OLANTA,9288.0,0.0,2022-08-01,51.0,9339.0,1458.0,0.0,1938-09-24,5,5,5,COLUMBIA SC,15932_20250930,DIF,1943-03-01,0,THE CITIZENS BANK,CITIZENS BANCSHARES CORP,30232.0,1,24,0,0,FDIC,2025-09-30,1357121.0,9,SC,0,0,29114
NM,1.0,15939,ROCKSPRINGS,1327.0,0.0,2015-06-17,0.0,1327.0,-8.0,0.0,1943-05-01,13,13,11,AUSTIN,15939_20250930,DIF,1943-05-01,0,PEOPLES STATE BANK,Unknown,3165.0,5,2,0,0,FDIC,2025-09-30,0.0,2,TX,1,0,78880
N,1.0,15945,FOREST PARK,3505.0,0.0,2022-08-31,0.0,3737.0,150.0,232.0,1943-05-15,9,9,7,CHICAGO,15945_20250930,DIF,1943-05-15,0,FOREST PARK NATIONAL BANK AND TRUST COMPANY,FIRST FOREST PARK CORP,9186.0,3,2,0,0,OCC,2025-09-30,1203853.0,4,IL,1,1,60130
NM,1.0,15947,CLARKSVILLE,7800.0,0.0,2024-06-30,0.0,7849.0,14.0,49.0,1918-01-01,11,11,7,DES MOINES,15947_20250930,DIF,1943-05-27,0,IOWA STATE BANK,CLARKEL INC,8247.0,4,3,0,0,FDIC,2025-09-30,1209798.0,2,IA,1,1,50619
NM,1.0,15953,BELZONI,41471.0,0.0,2024-09-20,3.0,47337.0,6453.0,5863.0,1943-05-17,13,13,8,JACKSON MS,15953_20250930,DIF,1943-05-17,0,GUARANTY BANK AND TRUST COMPANY,GUARANTY CAPITAL CORP,79415.0,5,43,0,0,FDIC,2025-09-30,1096952.0,4,MS,0,1,39038
SI,1.0,15966,FULTON,666.0,0.0,2022-08-31,0.0,1781.0,55.0,1115.0,1871-01-01,2,2,2,SYRACUSE,15966_20250930,DIF,1943-07-01,1,FULTON SAVINGS BANK,Unknown,11879.0,1,6,0,0,FDIC,2025-09-30,0.0,5,NY,0,0,13069
SI,1.0,15969,KINGSTON,7578.0,0.0,2022-08-31,0.0,8490.0,-44.0,912.0,1868-03-24,2,2,2,SYRACUSE,15969_20250930,DIF,1943-07-01,1,RONDOUT SAVINGS BANK,Unknown,8240.0,1,5,0,0,FDIC,2025-09-30,0.0,5,NY,0,0,12401
N,0.0,1596,ANN ARBOR,0.0,0.0,2022-08-31,0.0,0.0,0.0,0.0,1908-02-29,9,13,7,DETROIT,1596_20250930,DIF,1934-01-01,0,"COMERICA BANK & TRUST, NATIONAL ASSOCIATION",COMERICA INC,24.0,3,1,0,0,OCC,2025-09-30,1199844.0,7,MI,0,1,48104
SI,1.0,15970,KINGSTON,15752.0,0.0,2022-08-31,0.0,16665.0,0.0,913.0,1851-04-13,2,2,2,SYRACUSE,15970_20250930,DIF,1943-07-01,1,ULSTER SAVINGS BANK,Unknown,28003.0,1,15,0,0,FDIC,2025-09-30,0.0,4,NY,0,0,12401
SB,1.0,15987,MONTGOMERY,6936.0,0.0,2022-08-31,0.0,8412.0,18.0,1476.0,1872-04-01,2,2,2,NEW YORK CITY,15987_20250930,DIF,1989-08-09,1,WALDEN SAVINGS BANK,Unknown,24606.0,1,11,0,0,OCC,2025-09-30,0.0,4,NY,0,0,12549
SI,1.0,15990,WATERTOWN,2722.0,0.0,2022-08-31,0.0,2722.0,634.0,0.0,1894-01-01,2,2,2,SYRACUSE,15990_20250930,DIF,1943-07-01,1,WATERTOWN SAVINGS BANK,Unknown,27695.0,1,10,0,0,FDIC,2025-09-30,0.0,4,NY,0,0,13601
NM,1.0,1600,BROWNSDALE,775.0,0.0,2024-06-30,6.0,968.0,632.0,187.0,1908-02-08,11,11,9,MINNEAPOLIS,1600_20250930,DIF,1934-01-01,0,FIRST FARMERS & MERCHANTS STATE BANK,215 HOLDING CO,2758.0,3,2,0,0,FDIC,2025-09-30,1247576.0,2,MN,0,0,55918
SI,1.0,16026,RIDGEWOOD,103177.0,0.0,2022-08-31,0.0,117668.0,4744.0,14491.0,1921-06-18,2,2,2,NEW YORK CITY,16026_20250930,DIF,1943-07-01,1,RIDGEWOOD SAVINGS BANK,Unknown,95566.0,1,38,0,0,FDIC,2025-09-30,0.0,4,NY,0,0,11385
SI,1.0,16030,CANTON,2988.0,0.0,2022-08-31,0.0,3642.0,188.0,654.0,1909-05-09,2,2,2,SYRACUSE,16030_20250930,DIF,1943-07-01,1,THE NORTH COUNTRY SAVINGS BANK,Unknown,11824.0,1,8,0,0,FDIC,2025-09-30,0.0,5,NY,0,0,13617
SI,1.0,16032,RHINEBECK,15211.0,0.0,2022-08-31,0.0,16470.0,1156.0,1259.0,1860-04-12,2,2,2,SYRACUSE,16032_20250930,DIF,1943-07-01,0,RHINEBECK BANK,RHINEBECK BCORP MHC,34662.0,1,17,0,0,FDIC,2025-09-30,3271230.0,4,NY,0,0,12572
SI,1.0,16039,SAUGERTIES,3773.0,0.0,2022-08-31,0.0,4273.0,90.0,500.0,1871-04-06,2,2,2,SYRACUSE,16039_20250930,DIF,1943-07-01,1,SAWYER SAVINGS BANK,Unknown,6012.0,1,4,0,0,FDIC,2025-09-30,0.0,4,NY,0,0,12477
SB,1.0,16040,SENECA FALLS,5836.0,0.0,2022-08-31,0.0,6441.0,866.0,605.0,1870-05-21,2,2,2,SYRACUSE,16040_20250930,DIF,1989-08-09,0,GENERATIONS BANK,GENERATIONS BCORP NY INC,5664.0,1,9,0,0,OCC,2025-09-30,2912442.0,6,NY,0,0,13148
NM,1.0,1604,BEMIDJI,2963.0,0.0,2024-06-30,1.0,2964.0,30.0,0.0,1910-02-07,11,11,9,FARGO,1604_20250930,DIF,1934-01-01,0,SECURITY BANK USA,SECURITY ST BANCSHARES BEMIDJI,7634.0,3,2,0,0,FDIC,2025-09-30,1125496.0,4,MN,1,0,56601
SI,1.0,16068,NEW YORK,306541.0,0.0,2023-12-31,5.0,354790.0,9172.0,48244.0,1863-04-17,2,2,2,NEW YORK CITY,16068_20250930,DIF,1943-07-01,0,APPLE BANK,APPLE FINANCIAL HOLDINGS INC,285856.0,1,82,0,0,FDIC,2025-09-30,3446412.0,4,NY,0,0,10168
NM,1.0,16075,RAYNE,5840.0,0.0,2022-08-31,0.0,5860.0,170.0,20.0,1943-07-01,13,13,6,BATON ROUGE,16075_20250930,DIF,1943-07-01,0,RAYNE STATE BANK & TRUST COMPANY,FINANCIAL CORP OF LOUISIANA,16213.0,5,7,0,0,FDIC,2025-09-30,2227182.0,4,LA,1,1,70578
NM,1.0,16079,YORK,1689.0,0.0,2024-06-30,12.0,1711.0,100.0,10.0,1943-07-01,11,11,10,GRAND ISLAND,16079_20250930,DIF,1943-07-15,0,YORK STATE BANK,YORK HOLDINGS INC,5224.0,4,4,0,0,FDIC,2025-09-30,4771997.0,2,NE,0,0,68467
NM,1.0,1607,ELK RIVER,7715.0,0.0,2022-08-31,1.0,7845.0,551.0,129.0,1885-01-01,11,11,9,MINNEAPOLIS,1607_20250930,DIF,1934-01-01,0,THE BANK OF ELK RIVER,METRO NORTH BANCSHARES INC,16854.0,3,4,0,0,FDIC,2025-09-30,3027268.0,4,MN,1,0,55330
NM,1.0,16094,SPRINGVILLE,635.0,0.0,2024-06-30,8.0,666.0,0.0,23.0,1934-01-01,11,11,7,CEDAR RAPIDS,16094_20250930,DIF,1943-09-22,0,THE EXCHANGE STATE BANK,COUNTRY BCORP,1390.0,4,2,0,0,FDIC,2025-09-30,1203910.0,2,IA,0,1,52336
NM,1.0,1609,WYOMING,1828.0,0.0,2022-08-31,0.0,1828.0,0.0,0.0,1914-06-04,11,11,9,MINNEAPOLIS,1609_20250930,DIF,1934-01-01,0,FIRST STATE BANK OF WYOMING,WYOMING BANCSHARES INC,3985.0,3,2,0,0,FDIC,2025-09-30,1128554.0,7,MN,0,0,55092
NM,1.0,160,MILLEDGEVILLE,3385.0,0.0,2022-08-31,13.0,4182.0,56.0,784.0,1903-06-01,5,5,6,ATLANTA,160_20250930,DIF,1934-01-01,0,EXCHANGE BANK,EXCHANGE BANKSHARES INC,12155.0,5,4,0,0,FDIC,2025-09-30,1085862.0,4,GA,0,0,31061
SI,1.0,16101,MILFORD,3942.0,0.0,2022-08-31,0.0,5960.0,370.0,2018.0,1872-01-01,2,2,1,WINDSOR,16101_20250930,DIF,1943-11-17,1,THE MILFORD BANK,Unknown,14863.0,1,6,0,0,FDIC,2025-09-30,0.0,4,CT,0,0,06460
NM,1.0,16103,GREEN CITY,1314.0,0.0,2024-06-30,11.0,1349.0,5.0,24.0,1943-11-21,11,11,10,COLUMBIA MO,16103_20250930,DIF,1943-11-22,0,FARMBANK,GREEN CITY BANCSHARES INC,1868.0,4,3,0,0,FDIC,2025-09-30,1061165.0,2,MO,0,0,63545
NM,1.0,1610,FARIBAULT,3638.0,0.0,2024-06-30,3.0,3641.0,20.0,0.0,1919-11-14,11,11,9,MINNEAPOLIS,1610_20250930,DIF,1934-01-01,0,THE STATE BANK OF FARIBAULT,FARIBAULT BANCSHARES INC,8019.0,3,3,0,0,FDIC,2025-09-30,1126158.0,4,MN,1,0,55021
SM,1.0,16110,BUTTE,697.0,0.0,2024-06-30,0.0,785.0,0.0,88.0,1944-01-01,11,11,10,SIOUX CITY,16110_20250930,DIF,1944-01-03,0,BUTTE STATE BANK,BUTTE STATE CO,1388.0,4,2,0,0,FED,2025-09-30,1055687.0,2,NE,1,0,68722
NM,1.0,16111,SAINT PAUL,9711.0,0.0,2024-09-06,0.0,11112.0,3227.0,1401.0,1943-12-28,11,11,9,MINNEAPOLIS,16111_20250930,DIF,1944-01-03,0,HIGHLAND BANK,HIGHLAND BANCSHARES INC,22318.0,3,8,0,0,FDIC,2025-09-30,1124659.0,4,MN,1,0,55116
NM,1.0,16114,CHURCH POINT,1568.0,0.0,2022-08-31,0.0,1568.0,0.0,0.0,1944-01-03,13,13,6,BATON ROUGE,16114_20250930,DIF,1944-01-03,0,FARMERS STATE BANK & TRUST CO.,FSB BANCSHARES INC,5206.0,5,5,0,0,FDIC,2025-09-30,3371701.0,4,LA,1,0,70525
NM,1.0,16116,DODGE,7172.0,0.0,2024-06-30,0.0,7590.0,675.0,418.0,1889-01-01,11,11,10,OMAHA,16116_20250930,DIF,1944-01-07,0,NEBRASKA BANK,FARMERS STATE BANCSHARES INC,12878.0,4,9,0,0,FDIC,2025-09-30,4261005.0,2,NE,1,0,68633
NM,1.0,1611,CARROLLTON,2775.0,0.0,2022-08-31,319.0,3430.0,124.0,336.0,1919-01-01,11,11,10,KANSAS CITY,1611_20250930,DIF,1934-01-01,0,"CARROLL COUNTY TRUST COMPANY OF CARROLLTON, MISSOURI",CARROLL COUNTY BANCSHARES INC,3459.0,4,3,0,0,FDIC,2025-09-30,1131013.0,2,MO,1,1,64633
NM,1.0,16120,RILEY,1579.0,0.0,2022-08-31,0.0,1690.0,50.0,111.0,1943-11-19,11,11,10,KANSAS CITY,16120_20250930,DIF,1944-01-27,0,"THE RILEY STATE BANK OF RILEY, KANSAS",RILEY COUNTY BANCSHARES INC,3179.0,4,4,0,0,FDIC,2025-09-30,1247389.0,2,KS,1,0,66531
NM,1.0,16125,CHEYENNE WELLS,8904.0,0.0,2022-08-31,0.0,9866.0,175.0,962.0,1944-03-01,13,13,10,DENVER,16125_20250930,DIF,1944-03-01,0,THE EASTERN COLORADO BANK,WEED INVESTMENT GROUP INC,17040.0,4,8,0,0,FDIC,2025-09-30,3189894.0,2,CO,1,0,80810
NM,1.0,16126,ROLLA,4210.0,0.0,2022-08-31,95.0,5003.0,0.0,698.0,1944-02-28,11,11,8,SPRINGFIELD MO,16126_20250930,DIF,1944-02-28,0,CITIZENS BANK OF THE MIDWEST,NEWBURG INSURANCE AGENCY INC,5111.0,4,3,0,0,FDIC,2025-09-30,1118621.0,4,MO,0,0,65401
SM,1.0,16127,MIDWEST CITY,3549.0,0.0,2022-08-31,0.0,3581.0,472.0,32.0,1943-06-01,13,13,10,OKLAHOMA CITY,16127_20250930,DIF,1944-03-04,0,FNB COMMUNITY BANK,FIRST MIDWEST ACQUISITION CORP,12083.0,5,7,0,0,FED,2025-09-30,1063619.0,4,OK,1,0,73110
NM,1.0,1612,CREIGHTON,700.0,0.0,2022-08-31,57.0,757.0,0.0,0.0,1902-06-06,11,11,10,KANSAS CITY,1612_20250930,DIF,1934-01-01,0,SHERWOOD COMMUNITY BANK,Unknown,2008.0,4,4,0,0,FDIC,2025-09-30,0.0,4,MO,1,0,64739
N,1.0,16130,ANCHORAGE,19484.0,0.0,2022-08-31,15986.0,35953.0,2602.0,483.0,1922-01-30,14,14,12,SEATTLE,16130_20250930,DIF,1944-04-04,0,FIRST NATIONAL BANK ALASKA,Unknown,137635.0,4,27,0,0,OCC,2025-09-30,0.0,4,AK,0,1,99501
SM,1.0,16151,SPENCER,829.0,0.0,2024-06-30,0.0,829.0,0.0,0.0,1944-05-01,11,11,7,SIOUX CITY,16151_20250930,DIF,1944-05-01,0,STATE BANK,EVERLY BCORP,2020.0,4,3,0,0,FED,2025-09-30,1205259.0,2,IA,1,1,51301
NM,1.0,16152,EATONTON,2648.0,0.0,2022-08-31,0.0,2648.0,124.0,0.0,1943-07-15,5,5,6,ATLANTA,16152_20250930,DIF,1944-05-01,0,THE PEOPLES BANK,PEOPLES BANKSHARES INC,9485.0,5,2,0,0,FDIC,2025-09-30,1085901.0,4,GA,0,0,31024
SM,1.0,16154,ELGIN,684.0,0.0,2024-06-30,4.0,760.0,60.0,72.0,1935-08-27,11,11,10,SIOUX CITY,16154_20250930,DIF,1944-05-11,0,BANK OF ELGIN,ANTELOPE BANCSHARES INC,2495.0,4,1,0,0,FED,2025-09-30,2510183.0,2,NE,1,0,68636
NM,1.0,16160,WAUKESHA,12379.0,0.0,2022-08-31,1894.0,15569.0,511.0,1296.0,1944-06-15,9,9,7,MILWAUKEE,16160_20250930,DIF,1944-06-15,0,WAUKESHA STATE BANK,BANK STREET CAPITAL CORP,44393.0,3,15,0,0,FDIC,2025-09-30,5149043.0,4,WI,1,1,53188
NM,1.0,16161,HERREID,2381.0,0.0,2024-06-30,909.0,3304.0,300.0,14.0,1944-06-13,11,11,9,SIOUX FALLS,16161_20250930,DIF,1944-06-13,0,"CAMPBELL COUNTY BANK, INC.",Unknown,6578.0,4,3,0,0,FDIC,2025-09-30,0.0,2,SD,1,0,57632
NM,1.0,16162,PURDY,3120.0,0.0,2006-03-31,171.0,3314.0,236.0,23.0,1944-06-19,11,11,8,SPRINGFIELD MO,16162_20250930,DIF,1944-06-20,0,FIRST STATE BANK OF PURDY,PURDY BANCSHARES INC,6571.0,4,5,0,0,FDIC,2025-09-30,1096046.0,2,MO,1,0,65734
SM,1.0,16167,METAMORA,527.0,0.0,2022-08-31,12.0,591.0,81.0,52.0,1944-05-25,9,9,4,COLUMBUS,16167_20250930,DIF,1944-07-01,0,THE METAMORA STATE BANK,METAMORA BCORP INC,2972.0,3,3,0,0,FED,2025-09-30,1133204.0,8,OH,0,0,43540
SM,1.0,1616,FAYETTE,8472.0,0.0,2024-06-30,0.0,8472.0,247.0,0.0,1927-11-19,11,11,10,COLUMBIA MO,1616_20250930,DIF,1934-01-01,0,EXCHANGE BANK OF MISSOURI,NORTHERN MO BANCSHARES INC,11627.0,4,6,0,0,FED,2025-09-30,1249495.0,2,MO,0,0,65248
NM,1.0,16175,REFORM,12920.0,0.0,2022-08-31,0.0,14722.0,500.0,1802.0,1944-07-29,5,5,6,SHELBY,16175_20250930,DIF,1944-07-29,0,WEST ALABAMA BANK & TRUST,WEST ALABAMA CAPITAL CORP,22467.0,5,16,0,0,FDIC,2025-09-30,1085255.0,4,AL,0,1,35481
NM,1.0,16176,JOHNSON CITY,1312.0,0.0,2022-08-31,0.0,1312.0,81.0,0.0,1944-08-01,13,13,11,AUSTIN,16176_20250930,DIF,1944-08-01,0,JOHNSON CITY BANK,PEDERNALES INVESTMENT CORP,3945.0,5,1,0,0,FDIC,2025-09-30,1105630.0,8,TX,1,0,78636
NM,1.0,16177,STUART,1077.0,0.0,2024-06-30,0.0,1077.0,300.0,0.0,1934-01-01,11,11,7,DES MOINES,16177_20250930,DIF,1944-07-31,0,FIRST STATE BANK,Unknown,3604.0,4,4,0,0,FDIC,2025-09-30,0.0,2,IA,0,1,50250
NM,1.0,1617,PERRYVILLE,41368.0,0.0,2022-08-31,92.0,45634.0,320.0,4174.0,1891-11-07,11,11,8,ST. LOUIS,1617_20250930,DIF,1934-01-01,0,THE BANK OF MISSOURI,RELIABLE CMTY BANCSHARES INC,60398.0,4,29,0,0,FDIC,2025-09-30,1416439.0,4,MO,0,1,63775
NM,1.0,16185,SAMSON,1219.0,0.0,2022-08-31,12.0,1231.0,-9.0,0.0,1930-01-01,5,5,6,MONTGOMERY,16185_20250930,DIF,1944-05-26,0,"THE SAMSON BANKING COMPANY, INC.",Unknown,3310.0,5,2,0,0,FDIC,2025-09-30,0.0,5,AL,1,0,36477
NM,1.0,16191,MILES CITY,84077.0,0.0,2024-07-22,3187.0,97976.0,13800.0,10712.0,1944-01-01,14,14,9,BILLINGS,16191_20250930,DIF,1944-09-18,0,STOCKMAN BANK OF MONTANA,STOCKMAN FINANCIAL CORP,189481.0,4,44,0,0,FDIC,2025-09-30,1126046.0,4,MT,1,1,59301
N,1.0,16198,MASON CITY,656.0,0.0,2022-08-31,0.0,656.0,0.0,0.0,1944-10-09,9,9,7,SPRINGFIELD IL,16198_20250930,DIF,1944-10-09,0,MASON CITY NATIONAL BANK,MASON CITY BCORP INC,1660.0,3,1,0,0,OCC,2025-09-30,1399019.0,2,IL,1,1,62664
NM,1.0,16201,WOLCOTT,2842.0,0.0,2022-08-31,4.0,3124.0,13.0,278.0,1944-10-16,9,9,7,INDIANAPOLIS,16201_20250930,DIF,1944-10-16,0,BANK OF WOLCOTT,WOLCOTT BCORP,6168.0,3,3,0,0,FDIC,2025-09-30,1210208.0,2,IN,1,1,47995
SM,1.0,16216,STUTTGART,24188.0,0.0,2022-08-31,78.0,27351.0,2548.0,3085.0,1945-01-02,13,13,8,LITTLE ROCK,16216_20250930,DIF,1945-01-02,0,THE FARMERS & MERCHANTS BANK,FARMERS&MERCHANTS BANKSHARES,47190.0,5,21,0,0,FED,2025-09-30,1099672.0,4,AR,0,1,72160
NM,1.0,16221,ESTELLINE,10636.0,0.0,2024-06-30,2.0,12654.0,0.0,2016.0,1920-09-01,11,11,9,SIOUX FALLS,16221_20250930,DIF,1945-01-02,0,RELIABANK DAKOTA,BIG SIOUX FINANCIAL INC,15264.0,4,10,0,0,FDIC,2025-09-30,1363980.0,4,SD,1,0,57234
NM,1.0,16222,SHERWOOD,961.0,0.0,2022-08-31,6.0,1137.0,36.0,170.0,1945-01-08,9,9,4,COLUMBUS,16222_20250930,DIF,1945-01-08,0,THE SHERWOOD STATE BANK,SHERWOOD BANC CORP,3111.0,3,4,0,0,FDIC,2025-09-30,2705680.0,5,OH,0,0,43556
NM,1.0,16228,ALAMO,1758.0,0.0,2022-08-31,0.0,1758.0,50.0,0.0,1934-06-29,5,5,6,ALBANY GA,16228_20250930,DIF,1945-01-26,0,WHEELER COUNTY STATE BANK,WHEELER BANCSHARES INC,6285.0,5,4,0,0,FDIC,2025-09-30,3124822.0,4,GA,1,0,30411
NM,1.0,1622,UNION STAR,631.0,0.0,2022-08-31,0.0,631.0,135.0,0.0,1890-04-30,11,11,10,KANSAS CITY,1622_20250930,DIF,1934-01-01,0,FIRST SECURITY BANK,FIRST AMERICAN BANCSHARES INC,1856.0,4,2,0,0,FDIC,2025-09-30,1059751.0,8,MO,0,0,64494
NM,1.0,16231,HUNTER,6326.0,0.0,2024-06-30,33.0,6646.0,615.0,287.0,1945-02-08,11,11,9,FARGO,16231_20250930,DIF,1945-02-08,0,DAKOTA HERITAGE BANK,HUNTER HOLDING CO,11095.0,3,11,0,0,FDIC,2025-09-30,1125674.0,2,ND,1,0,58048
NM,1.0,16243,HEPPNER,3873.0,0.0,2023-08-31,21.0,3894.0,0.0,0.0,1945-03-03,14,14,12,PORTLAND,16243_20250930,DIF,1945-03-03,0,BANK OF EASTERN OREGON,BEO BCORP,37256.0,4,22,0,0,FDIC,2025-09-30,2615154.0,2,OR,0,0,97836
SB,1.0,16246,VALDOSTA,3409.0,0.0,2022-08-31,0.0,3409.0,215.0,0.0,1934-01-01,5,5,6,ALBANY GA,16246_20250930,DIF,1995-11-15,0,COMMERCIAL BANKING COMPANY,LOWNDES BANCSHARES INC,12509.0,5,5,0,0,OCC,2025-09-30,3839340.0,4,GA,0,0,31602
NM,1.0,16247,CLARENCE,1595.0,0.0,2024-06-30,0.0,1658.0,-211.0,63.0,1945-03-31,11,11,8,COLUMBIA MO,16247_20250930,DIF,1945-04-07,0,NEIGHBORS BANK,COLUMBIA BANCSHARES INC,2005.0,4,1,0,0,FDIC,2025-09-30,4975496.0,8,MO,1,0,63437
NM,1.0,16249,CHICAGO,3611.0,0.0,2025-03-25,31.0,7126.0,-275.0,3484.0,1945-09-15,9,9,7,CHICAGO,16249_20250930,DIF,1945-09-15,0,DEVON BANK,DEVON BCORP INC,8952.0,3,3,0,0,FDIC,2025-09-30,1131602.0,4,IL,0,1,60645
SM,1.0,16250,CHICAGO,16507.0,0.0,2022-08-31,3021.0,21775.0,675.0,2247.0,1945-05-12,9,9,7,CHICAGO,16250_20250930,DIF,1945-05-12,0,MARQUETTE BANK,MARQUETTE NATIONAL CORP,40693.0,3,22,0,0,FED,2025-09-30,1207486.0,4,IL,0,1,60636
NM,1.0,16265,ROCK VALLEY,18305.0,0.0,2025-01-24,113.0,19127.0,1499.0,709.0,1945-06-01,11,11,7,SIOUX CITY,16265_20250930,DIF,1945-06-01,0,PEOPLES BANK,PEOPLES BCORP,30880.0,4,10,0,0,FDIC,2025-09-30,1249646.0,2,IA,1,1,51247
NM,1.0,16275,COCHRAN,3097.0,0.0,2022-08-31,0.0,3097.0,265.0,0.0,1934-01-01,5,5,6,ALBANY GA,16275_20250930,DIF,1945-06-12,0,THE CITIZENS BANK OF COCHRAN,PUTNAM-GREENE FINANCIAL CORP,7836.0,5,2,0,0,FDIC,2025-09-30,1246252.0,4,GA,0,0,31014
N,1.0,16276,HILLSBORO,8549.0,0.0,2025-09-02,0.0,8549.0,527.0,0.0,1945-07-02,9,9,8,SPRINGFIELD IL,16276_20250930,DIF,1945-07-02,0,"CONSTITUTION BANK, NATIONAL ASSOCIATION",COUNTRY BCORP INC,15362.0,3,12,0,0,OCC,2025-09-30,1098581.0,4,IL,0,0,62049
NM,1.0,16281,LUMBER CITY,205.0,0.0,2022-08-31,0.0,205.0,0.0,0.0,1945-07-02,5,5,6,ALBANY GA,16281_20250930,DIF,1945-07-02,0,BANK OF LUMBER CITY,HEART OF GA BANCSHARES INC,757.0,5,2,0,0,FDIC,2025-09-30,2349516.0,2,GA,1,0,31549
NM,1.0,16282,BEARDEN,284.0,0.0,2022-08-31,0.0,284.0,16.0,0.0,1945-07-05,13,13,8,LITTLE ROCK,16282_20250930,DIF,1945-07-05,0,BANK OF BEARDEN,BEARDEN BANCSHARES INC,1804.0,5,1,0,0,FDIC,2025-09-30,2993722.0,4,AR,1,0,71720
NM,1.0,16283,BRUNSWICK,3939.0,0.0,2022-08-31,0.0,4104.0,383.0,165.0,1934-01-01,5,5,6,ALBANY GA,16283_20250930,DIF,1945-07-05,0,SOUTH COAST BANK & TRUST,WB&T BANKSHARES INC,6872.0,5,2,0,0,FDIC,2025-09-30,1493636.0,4,GA,1,0,31520
NM,1.0,16288,SARDIS,6633.0,0.0,2022-08-31,0.0,7233.0,450.0,600.0,1945-07-02,5,5,6,ATLANTA,16288_20250930,DIF,1945-07-02,0,SOUTHERN BANK,SOUTHERN FINANCIAL CORP,7878.0,5,8,0,0,FDIC,2025-09-30,1141816.0,4,GA,0,0,30456
NM,1.0,16307,FOREST CITY,8827.0,0.0,2024-06-30,27.0,9490.0,540.0,636.0,1945-09-01,11,11,7,DES MOINES,16307_20250930,DIF,1945-09-01,0,MANUFACTURERS BANK & TRUST COMPANY,MBT CORP,17206.0,4,9,0,0,FDIC,2025-09-30,2269977.0,2,IA,1,1,50436
NM,1.0,16318,MARSEILLES,812.0,0.0,2022-08-31,0.0,1058.0,15.0,246.0,1945-09-24,9,9,7,PRINCETON,16318_20250930,DIF,1945-09-24,0,MARSEILLES BANK,MARSEILLES BCORP INC,1086.0,3,2,0,0,FDIC,2025-09-30,1491780.0,8,IL,1,0,61341
SM,1.0,16330,BATTLE CREEK,604.0,0.0,2024-06-30,0.0,604.0,0.0,0.0,1943-09-01,11,11,10,SIOUX CITY,16330_20250930,DIF,1945-10-24,0,BATTLE CREEK STATE BANK,LOGAN VALLEY INVESTMENTS LLC,1172.0,4,1,0,0,FED,2025-09-30,6013002.0,4,NE,0,0,68715
NM,1.0,16332,MONTICELLO,3030.0,0.0,2023-04-01,6.0,3036.0,68.0,0.0,1945-11-10,9,9,7,CHAMPAIGN,16332_20250930,DIF,1945-11-10,0,FIRST STATE BANK AND TRUST,FIRST ST BCORP MONTICELLO EMPLOYEE STK OWNERSHIP PLAN,14170.0,3,10,0,0,FDIC,2025-09-30,2310217.0,7,IL,1,1,61856
NM,1.0,16333,LOOMIS,2323.0,0.0,2024-06-30,0.0,2444.0,60.0,121.0,1945-10-22,11,11,10,GRAND ISLAND,16333_20250930,DIF,1945-11-05,0,FIRST STATE BANK,LOOMIS CO,6153.0,4,4,0,0,FDIC,2025-09-30,1058071.0,2,NE,0,0,68958
NM,1.0,16334,ODEM,1509.0,0.0,2022-08-31,0.0,1509.0,0.0,0.0,1945-11-12,13,13,11,HOUSTON,16334_20250930,DIF,1945-11-12,0,FIRST STATE BANK OF ODEM,ODEM BANCSHARES INC,7975.0,5,5,0,0,FDIC,2025-09-30,2215415.0,4,TX,0,0,78370
NM,1.0,16339,STUART,2732.0,0.0,2024-06-30,1.0,3057.0,70.0,324.0,1945-11-17,11,11,10,SIOUX CITY,16339_20250930,DIF,1945-11-17,0,THE TRI-COUNTY BANK,TRI-COUNTY CO,5752.0,4,4,0,0,FDIC,2025-09-30,1058697.0,2,NE,0,0,68780
NM,1.0,16344,PEARL CITY,796.0,0.0,2022-08-31,14.0,810.0,295.0,0.0,1945-12-08,9,9,7,PRINCETON,16344_20250930,DIF,1945-12-08,0,THE STATE BANK OF PEARL CITY,PEARL CITY BCORP INC,1841.0,3,2,0,0,FDIC,2025-09-30,1246720.0,8,IL,1,0,61062
NM,1.0,16363,DUBUQUE,16274.0,0.0,2024-11-12,1.0,16300.0,1688.0,25.0,1946-01-21,11,11,7,CEDAR RAPIDS,16363_20250930,DIF,1946-01-21,0,CAPRA BANK,CAPRA FINANCIAL INC,17593.0,4,6,0,0,FDIC,2025-09-30,5786738.0,4,IA,0,0,52001
NM,1.0,16369,ENTERPRISE,3580.0,0.0,2022-08-31,0.0,3580.0,262.0,0.0,1946-02-05,5,5,6,MONTGOMERY,16369_20250930,DIF,1946-02-05,0,THE CITIZENS BANK,ENTERPRISE CAPITAL CORP INC,6322.0,5,2,0,0,FDIC,2025-09-30,1080737.0,4,AL,0,1,36330
NM,1.0,16370,HICKSVILLE,2866.0,0.0,2022-08-31,0.0,2935.0,93.0,69.0,1946-01-09,9,9,4,COLUMBUS,16370_20250930,DIF,1946-02-07,0,THE HICKSVILLE BANK,EMPIRE BANCSHARES INC,4864.0,3,5,0,0,FDIC,2025-09-30,1071333.0,2,OH,0,0,43526
NM,1.0,16386,BRANTLEY,1554.0,0.0,2022-08-31,0.0,1554.0,135.0,0.0,1946-03-06,5,5,6,MONTGOMERY,16386_20250930,DIF,1946-03-06,0,BRANTLEY BANK AND TRUST COMPANY,BRANTLEY BCORP INC,3709.0,5,4,0,0,FDIC,2025-09-30,1084025.0,4,AL,0,0,36009
NM,1.0,16389,TRAVELERS REST,18502.0,0.0,2022-08-31,225.0,18727.0,970.0,0.0,1946-03-10,5,5,5,COLUMBIA SC,16389_20250930,DIF,1946-03-18,0,BANK OF TRAVELERS REST,TRAVELERS REST BANCSHARES INC,33933.0,1,10,0,0,FDIC,2025-09-30,2730383.0,4,SC,1,0,29690
NM,1.0,16394,TABLE GROVE,263.0,0.0,2022-08-31,0.0,263.0,0.0,0.0,1946-03-05,9,9,7,SPRINGFIELD IL,16394_20250930,DIF,1946-03-05,0,TABLE GROVE STATE BANK,TG BANCSHARES INC,1559.0,3,1,0,0,FDIC,2025-09-30,3685220.0,2,IL,1,0,61482
NM,1.0,16396,MAYO,2205.0,0.0,2022-08-31,0.0,2205.0,205.0,0.0,1946-04-02,5,5,6,TAMPA,16396_20250930,DIF,1946-04-02,0,LAFAYETTE STATE BANK,LAFAYETTE BANKING CO,8244.0,5,4,0,0,FDIC,2025-09-30,5636776.0,4,FL,0,0,32066
SM,1.0,1639,STEELVILLE,1784.0,0.0,2022-08-31,-4.0,2760.0,107.0,980.0,1906-01-01,11,11,8,ST. LOUIS,1639_20250930,DIF,1934-01-01,0,FCNB BANK,STEELVILLE CMTY BANC-SHARES,4806.0,4,6,0,0,FED,2025-09-30,1096037.0,4,MO,1,1,65565
NM,1.0,16402,SALINA,14058.0,0.0,2024-11-15,818.0,15033.0,585.0,157.0,1884-01-01,11,11,10,HAYS,16402_20250930,DIF,1946-04-04,0,THE BENNINGTON STATE BANK,BERCO INC,31771.0,4,11,0,0,FDIC,2025-09-30,1051906.0,4,KS,1,1,67401
NM,1.0,16410,ANDOVER,3384.0,0.0,2022-08-31,0.0,3476.0,0.0,92.0,1916-11-26,11,11,10,WICHITA,16410_20250930,DIF,1946-04-19,0,ANDOVER STATE BANK,ANDOVER FINANCIAL CORP,6060.0,4,2,0,0,FDIC,2025-09-30,1063048.0,4,KS,0,1,67002
NM,1.0,16413,STRONGHURST,896.0,0.0,2022-08-31,0.0,932.0,34.0,36.0,1946-04-27,9,9,7,PRINCETON,16413_20250930,DIF,1946-04-27,0,BANK OF STRONGHURST,Unknown,1661.0,3,3,0,0,FDIC,2025-09-30,0.0,2,IL,0,0,61480
N,1.0,16416,LAWTON,791.0,0.0,2022-08-31,0.0,973.0,1071.0,182.0,1946-07-01,13,13,10,OKLAHOMA CITY,16416_20250930,DIF,1946-07-01,0,"FSNB, NATIONAL ASSOCIATION",JRMB II INC,11555.0,5,70,0,0,OCC,2025-09-30,4208961.0,7,OK,1,1,73501
NM,1.0,16417,COVINGTON,2624.0,0.0,2022-08-31,0.0,2628.0,180.0,4.0,1945-12-31,13,13,6,BATON ROUGE,16417_20250930,DIF,1946-05-10,0,CITIZENS BANK & TRUST COMPANY,Unknown,5326.0,5,5,0,0,FDIC,2025-09-30,0.0,4,LA,0,1,70433
SB,1.0,16418,GREENSBORO,17095.0,0.0,2022-08-31,1.0,18331.0,0.0,1235.0,1946-04-10,5,5,6,ATLANTA,16418_20250930,DIF,1989-08-09,0,BANKSOUTH,BANKSOUTH HOLDING CO,41315.0,5,5,0,0,OCC,2025-09-30,1134313.0,4,GA,0,0,30642
NM,1.0,16436,SUBLETTE,3216.0,0.0,2022-08-31,0.0,3216.0,108.0,0.0,1937-10-18,11,11,10,HAYS,16436_20250930,DIF,1946-05-31,0,CENTERA BANK,SANTA FE TRAIL BANC SHARES INC,7288.0,4,6,0,0,FDIC,2025-09-30,1057289.0,2,KS,1,0,67877
NM,1.0,16440,SYLVANIA,1091.0,0.0,2022-08-31,0.0,1091.0,78.0,0.0,1946-03-01,5,5,6,ATLANTA,16440_20250930,DIF,1946-06-18,0,FARMERS AND MERCHANTS BANK,SCREVEN BANCSHARES INC,5111.0,5,3,0,0,FDIC,2025-09-30,1863239.0,7,GA,0,0,30467
NM,1.0,16448,ALEXANDRIA,1561.0,0.0,2024-06-30,0.0,1561.0,2059.0,0.0,1946-07-01,11,11,9,SIOUX FALLS,16448_20250930,DIF,1946-07-01,0,SECURITY STATE BANK,Unknown,2668.0,4,3,0,0,FDIC,2025-09-30,0.0,2,SD,1,0,57311
SM,0.0,16450,CHAMPAIGN,232332.0,0.0,2025-06-21,2739.0,237551.0,50308.0,2480.0,1946-07-08,9,9,7,CHAMPAIGN,16450_20250930,DIF,1946-07-08,0,BUSEY BANK,FIRST BUSEY CORP,421209.0,3,80,0,0,FED,2025-09-30,1203602.0,4,IL,0,1,61820
NM,1.0,16453,WHITESVILLE,1675.0,0.0,2024-01-02,49.0,1724.0,100.0,0.0,1946-07-08,5,5,5,SCOTT DEPOT,16453_20250930,DIF,1946-07-08,0,WHITESVILLE STATE BANK,BIG COAL RIVER BCORP INC,3435.0,1,5,0,0,FDIC,2025-09-30,1135842.0,8,WV,0,0,25209
NM,1.0,16464,NEWPORT,3906.0,0.0,2022-08-31,0.0,3919.0,375.0,13.0,1946-08-06,13,13,8,LITTLE ROCK,16464_20250930,DIF,1946-08-06,0,MERCHANTS & PLANTERS' BANK,M&P CMTY BANCSHARES 401 K EMPLOYEE STK OWNERSHIP PLAN,9053.0,5,12,0,0,FDIC,2025-09-30,3394429.0,2,AR,0,1,72112
NM,1.0,16470,SAN ANTONIO,34152.0,0.0,2023-04-14,0.0,34769.0,-67.0,617.0,1946-08-12,13,13,11,AUSTIN,16470_20250930,DIF,1946-08-12,0,JEFFERSON BANK,JEFFERSON BANCSHARES INC,64876.0,5,14,0,0,FDIC,2025-09-30,1109290.0,4,TX,1,1,78215
NM,1.0,16473,STERLING,1658.0,0.0,2022-08-31,1.0,2257.0,150.0,598.0,1907-01-01,11,11,10,HAYS,16473_20250930,DIF,1946-08-26,0,FIRST BANK,CORONADO INC,4379.0,4,3,0,0,FDIC,2025-09-30,1055351.0,2,KS,0,1,67579
NM,1.0,16477,LAKOTA,714.0,0.0,2024-06-30,0.0,714.0,3.0,0.0,1900-01-01,11,11,9,FARGO,16477_20250930,DIF,1946-09-16,0,STATE BANK OF LAKOTA,LAKOTA BANK HOLDING CO INC,1740.0,3,1,0,0,FDIC,2025-09-30,1124994.0,2,ND,1,1,58344
N,1.0,16501,QUINCY,14225.0,0.0,2022-08-31,1742.0,16992.0,456.0,1025.0,1946-10-23,9,9,8,SPRINGFIELD IL,16501_20250930,DIF,1946-10-23,0,"FIRST BANKERS TRUST COMPANY, NATIONAL ASSOCIATION",FIRST BANKERS TRUSTSHARES INC,22586.0,3,9,0,0,OCC,2025-09-30,1404632.0,4,IL,0,1,62301
NM,1.0,16516,LYNCH,135.0,0.0,2024-06-30,0.0,135.0,0.0,0.0,1946-12-09,11,11,10,SIOUX CITY,16516_20250930,DIF,1946-12-09,0,NEBRASKA STATE BANK,Unknown,502.0,4,1,0,0,FDIC,2025-09-30,0.0,2,NE,0,0,68746
NM,1.0,16539,METAIRIE,5539.0,0.0,2022-08-31,0.0,5730.0,270.0,191.0,1947-02-15,13,13,6,BATON ROUGE,16539_20250930,DIF,1947-02-15,0,METAIRIE BANK & TRUST COMPANY,MBT BANCSHARES INC,18071.0,5,9,0,0,FDIC,2025-09-30,5164541.0,4,LA,0,0,70001
NM,1.0,16546,JENNINGS,9179.0,0.0,2022-08-31,13.0,9901.0,7.0,709.0,1947-03-12,13,13,6,BATON ROUGE,16546_20250930,DIF,1947-03-12,0,JD BANK,JD BANCSHARES INC,34958.0,5,24,0,0,FDIC,2025-09-30,1833997.0,4,LA,0,1,70546
NM,1.0,16547,ESTHERVILLE,1220.0,0.0,2024-06-30,87.0,1774.0,160.0,467.0,1947-03-01,11,11,7,DES MOINES,16547_20250930,DIF,1947-03-01,0,BANK PLUS,SWEA CITY BCORP INC,4435.0,4,4,0,0,FDIC,2025-09-30,1210084.0,2,IA,1,1,51334
NM,1.0,1654,OZARK,4635.0,0.0,2022-08-31,0.0,5317.0,134.0,682.0,1906-09-25,11,11,8,SPRINGFIELD MO,1654_20250930,DIF,1934-01-01,0,OZARK BANK,Unknown,9938.0,4,4,0,0,FDIC,2025-09-30,0.0,4,MO,1,1,65721
NM,1.0,16553,NORFOLK,23382.0,0.0,2024-06-30,3.0,26801.0,1475.0,3416.0,1943-07-06,11,11,10,SIOUX CITY,16553_20250930,DIF,1947-03-18,0,ELKHORN VALLEY BANK & TRUST,FEO INVESTMENTS INC,30285.0,4,8,0,0,FDIC,2025-09-30,1891979.0,2,NE,0,1,68701
NM,1.0,1655,OLD MONROE,14270.0,0.0,2022-08-31,1.0,14297.0,1531.0,26.0,1906-09-19,11,11,8,ST. LOUIS,1655_20250930,DIF,1934-01-01,0,THE BANK OF OLD MONROE,CUIVRE RIVER BANCSHARES INC,24657.0,4,5,0,0,FDIC,2025-09-30,2315164.0,4,MO,1,0,63369
NM,1.0,16561,EASTON,350.0,0.0,2022-08-31,2.0,385.0,0.0,33.0,1934-05-21,11,11,9,MANKATO,16561_20250930,DIF,1947-04-09,0,STATE BANK OF EASTON,EASTON BANCSHARES INC,734.0,3,1,0,0,FDIC,2025-09-30,1134863.0,2,MN,1,0,56025
N,0.0,16571,CHICAGO,3401973.0,0.0,2025-05-19,42608.0,3904171.0,517878.0,459590.0,1947-05-17,9,16,7,CHICAGO,16571_20250930,DIF,1947-05-17,0,BMO BANK NATIONAL ASSOCIATION,BANK OF MONTREAL,5443944.0,3,1007,0,0,OCC,2025-09-30,1231333.0,4,IL,0,1,60606
NM,1.0,16581,ANTON,1097.0,0.0,2017-07-12,0.0,1097.0,0.0,0.0,1947-06-07,13,13,11,LUBBOCK,16581_20250930,DIF,1947-06-07,0,CITIZENS STATE BANK,ANTON BANCSHARES INC,2886.0,5,3,0,0,FDIC,2025-09-30,1109209.0,4,TX,0,0,79313
SM,1.0,16583,BURRTON,79.0,0.0,2022-08-31,0.0,79.0,328.0,0.0,1947-05-22,11,11,10,WICHITA,16583_20250930,DIF,1947-05-22,0,STATE BANK OF BURRTON,Unknown,329.0,4,1,0,0,FED,2025-09-30,0.0,8,KS,0,0,67020
NM,1.0,16584,SAVANNAH,1191.0,0.0,2022-08-31,0.0,1191.0,0.0,0.0,1927-01-01,5,5,6,ATLANTA,16584_20250930,DIF,1947-06-04,0,CARVER STATE BANK,CARVER FINANCIAL CORP,3283.0,5,2,0,0,FDIC,2025-09-30,3190023.0,4,GA,0,0,31401
NM,1.0,16585,VERMONT,276.0,0.0,2025-09-09,0.0,294.0,0.0,18.0,1947-06-09,9,9,7,LEXINGTON,16585_20250930,DIF,1947-06-09,0,VERMONT STATE BANK,Unknown,616.0,3,1,0,0,FDIC,2025-09-30,0.0,8,IL,0,0,61484
NM,1.0,16595,ANDALUSIA,8002.0,0.0,2022-08-31,0.0,8059.0,548.0,57.0,1947-07-01,5,5,6,MONTGOMERY,16595_20250930,DIF,1947-07-01,0,CCB COMMUNITY BANK,SOUTHERN NATIONAL CORP,21680.0,5,5,0,0,FDIC,2025-09-30,1020395.0,4,AL,1,1,36420
NM,1.0,16600,SOCORRO,301.0,0.0,2022-08-31,0.0,301.0,27.0,0.0,1947-07-01,13,13,11,ALBUQUERQUE,16600_20250930,DIF,1947-07-01,0,FIRST STATE BANK,BBS CORP,4312.0,4,4,0,0,FDIC,2025-09-30,2049142.0,7,NM,0,0,87801
NM,1.0,16601,HAMILTON,2301.0,0.0,2022-08-31,2.0,2303.0,105.0,0.0,1945-08-04,11,11,10,KANSAS CITY,16601_20250930,DIF,1947-08-04,0,BANK NORTHWEST,CALDWELL COUNTY BANCSHARES INC,8261.0,4,6,0,0,FDIC,2025-09-30,1870022.0,2,MO,1,0,64644
SM,1.0,16603,MARION,2461.0,0.0,2022-08-31,0.0,2467.0,214.0,6.0,1946-10-01,9,9,8,MOUNT VERNON,16603_20250930,DIF,1947-07-25,0,THE PEOPLES BANK,PEOPLES-MARION BCORP INC,3752.0,3,4,0,0,FED,2025-09-30,2574886.0,2,KY,0,0,42064
SM,1.0,16604,SHEFFIELD,28517.0,0.0,2022-08-31,89.0,30636.0,3950.0,2030.0,1947-08-02,5,5,6,SHELBY,16604_20250930,DIF,1947-08-02,0,BANK INDEPENDENT,BANCINDEPENDENT INC,91606.0,5,34,0,0,FED,2025-09-30,1082209.0,4,AL,0,1,35660
NM,1.0,16609,ROCHELLE,1629.0,0.0,2022-08-31,2.0,1674.0,114.0,43.0,1934-01-01,5,5,6,ALBANY GA,16609_20250930,DIF,1947-08-01,0,ROCHELLE STATE BANK,ST HLDGS INC,1899.0,5,1,0,0,FDIC,2025-09-30,5481864.0,2,GA,0,0,31079
NM,1.0,1660,HOLLY HILL,839.0,0.0,2022-08-31,0.0,839.0,29.0,0.0,1912-01-03,5,5,5,COLUMBIA SC,1660_20250930,DIF,1934-01-01,0,FARMERS AND MERCHANTS BANK OF SOUTH CAROLINA,FMB OF S C BANCSHARES INC,12529.0,1,8,0,0,FDIC,2025-09-30,1137426.0,7,SC,0,0,29059
SM,1.0,16612,PICAYUNE,1923.0,0.0,2022-08-31,7.0,1932.0,100.0,2.0,1947-07-31,13,13,6,JACKSON MS,16612_20250930,DIF,1947-07-31,0,FNB PICAYUNE BANK,FIRST NATL CORP OF PICAYUNE,10563.0,5,7,0,0,FED,2025-09-30,1083318.0,4,MS,1,0,39466
NM,1.0,16620,MIDDLEBOURNE,3581.0,0.0,2024-01-02,46.0,3627.0,154.0,0.0,1947-07-05,5,5,4,SCOTT DEPOT,16620_20250930,DIF,1947-07-05,0,"UNION BANK, INC.",HOMETOWN BANCSHARES INC,9969.0,1,8,0,0,FDIC,2025-09-30,2687580.0,8,WV,1,1,26149
NM,1.0,16629,EMPORIA,4287.0,0.0,2012-01-01,0.0,4808.0,37.0,521.0,1901-03-16,11,11,10,WICHITA,16629_20250930,DIF,1947-10-01,0,ESB FINANCIAL,NAMYAW CORP INC,9275.0,4,4,0,0,FDIC,2025-09-30,1051670.0,4,KS,1,1,66801
NM,1.0,16635,MINNEAPOLIS,6755.0,0.0,2024-04-29,0.0,8458.0,3329.0,1703.0,1937-03-01,11,11,9,MINNEAPOLIS,16635_20250930,DIF,1947-10-20,0,LUMINATE BANK,LUMINATE CAPITAL CORP,9662.0,3,2,0,0,FDIC,2025-09-30,5715064.0,8,MN,1,0,55405
SI,1.0,16636,TORRINGTON,11484.0,0.0,2022-08-31,0.0,12419.0,450.0,935.0,1868-08-15,2,2,1,WINDSOR,16636_20250930,DIF,1947-10-22,1,THE TORRINGTON SAVINGS BANK,Unknown,19897.0,1,10,0,0,FDIC,2025-09-30,0.0,4,CT,0,1,06790
SM,1.0,16643,JUNCTION,87.0,0.0,2022-08-31,4.0,91.0,70.0,0.0,1947-11-08,13,13,11,AUSTIN,16643_20250930,DIF,1947-11-08,0,FIRST STATE BANK,KIMBLE COUNTY BANCSHARES INC,2135.0,5,1,0,0,FED,2025-09-30,4848237.0,2,TX,1,0,76849
NM,1.0,16652,ODESSA,4278.0,0.0,2022-08-31,0.0,4278.0,7950.0,0.0,1947-12-15,13,13,11,LUBBOCK,16652_20250930,DIF,1957-12-15,0,SOUTHWEST BANK,ODESSA SW BANCSHARES INC,30687.0,5,8,0,0,FDIC,2025-09-30,4415929.0,4,TX,1,1,79762
NM,1.0,16656,AITKIN,884.0,0.0,2022-08-31,0.0,915.0,0.0,31.0,1947-12-23,11,11,9,MINNEAPOLIS,16656_20250930,DIF,1948-01-02,0,SECURITY STATE BANK OF AITKIN,SECURITY ST AGENCY AITKIN INC,3149.0,3,4,0,0,FDIC,2025-09-30,1125441.0,4,MN,1,0,56431
NM,1.0,16659,MINNEAPOLIS,7934.0,0.0,2022-08-31,10.0,8042.0,1425.0,98.0,1948-01-03,11,11,9,MINNEAPOLIS,16659_20250930,DIF,1948-01-03,0,NORTHEAST BANK,NORTHEAST SECURITIES CORP,22715.0,3,3,0,0,FDIC,2025-09-30,1122422.0,4,MN,1,0,55413
SM,1.0,16664,PADUCAH,11579.0,0.0,2022-08-31,977.0,14073.0,831.0,1517.0,1948-01-24,9,9,8,MOUNT VERNON,16664_20250930,DIF,1948-01-24,0,THE PADUCAH BANK AND TRUST COMPANY,PADUCAH BANK SHARES INC,29284.0,3,6,0,0,FED,2025-09-30,1099908.0,4,KY,1,1,42001
NM,1.0,16666,ITASCA,9515.0,0.0,2022-08-31,53.0,9568.0,120.0,0.0,1948-01-24,9,9,7,CHICAGO,16666_20250930,DIF,1948-01-24,0,ITASCA BANK & TRUST CO.,ITASCA BCORP INC,20754.0,3,2,0,0,FDIC,2025-09-30,1209695.0,4,IL,0,1,60143
NM,1.0,16667,WASHINGTON,1023.0,0.0,2022-08-31,6.0,1076.0,25.0,47.0,1948-01-17,9,9,7,SPRINGFIELD IL,16667_20250930,DIF,1948-01-17,0,WASHINGTON STATE BANK,R&B MANAGEMENT CORP,1273.0,3,1,0,0,FDIC,2025-09-30,1201804.0,5,IL,0,0,61571
NM,1.0,16689,GIBSLAND,6278.0,0.0,2022-08-31,0.0,6278.0,0.0,0.0,1948-04-15,13,13,11,SHREVEPORT,16689_20250930,DIF,1948-04-15,0,GIBSLAND BANK & TRUST COMPANY,GIBSLAND BANCSHARES INC,16781.0,5,14,0,0,FDIC,2025-09-30,1136102.0,4,LA,0,0,71028
NM,1.0,16695,STRATFORD,4475.0,0.0,2022-08-31,0.0,4479.0,0.0,4.0,1948-04-26,13,13,11,LUBBOCK,16695_20250930,DIF,1948-04-26,0,FIRST STATE BANK,STRATFORD BANCSHARES INC,9405.0,5,3,0,0,FDIC,2025-09-30,1138160.0,2,TX,1,0,79084
NM,1.0,16704,ROCKFORD,1940.0,0.0,2022-08-31,1.0,1941.0,0.0,0.0,1948-01-01,11,11,9,MINNEAPOLIS,16704_20250930,DIF,1948-06-01,0,BANKWEST,BANKWEST FINANCIAL INC,6444.0,3,3,0,0,FDIC,2025-09-30,1134872.0,4,MN,1,0,55373
NM,1.0,16707,CAMPBELL,2174.0,0.0,2024-06-30,1.0,2409.0,75.0,234.0,1948-01-01,11,11,10,GRAND ISLAND,16707_20250930,DIF,1948-07-01,0,SOUTH CENTRAL STATE BANK,CAMPBELL STATE CO,6075.0,4,5,0,0,FDIC,2025-09-30,1061857.0,2,NE,0,0,68932
NM,1.0,16720,ARTESIA,390.0,0.0,2022-08-31,0.0,390.0,225.0,0.0,1948-08-02,13,13,11,ALBUQUERQUE,16720_20250930,DIF,1948-08-02,0,WESTERN BANK,"WESTERN BANCSHARES OF NM,INC",12006.0,4,1,0,0,FDIC,2025-09-30,1065453.0,4,NM,1,1,88210
NM,1.0,16723,LAMAR,8765.0,0.0,2022-08-31,0.0,8765.0,900.0,0.0,1936-03-03,5,5,5,COLUMBIA SC,16723_20250930,DIF,1948-08-16,0,CAROLINA BANK & TRUST CO.,FIRST CAROLINA BANCSHARES CORP,22726.0,1,14,0,0,FDIC,2025-09-30,1076525.0,4,SC,0,1,29069
NM,1.0,16733,ROSEVILLE,5283.0,0.0,2022-08-31,0.0,5283.0,1557.0,0.0,1947-02-03,11,11,9,MINNEAPOLIS,16733_20250930,DIF,1948-09-14,0,NORTH STAR BANK,Unknown,9854.0,3,2,0,0,FDIC,2025-09-30,0.0,4,MN,1,0,55113
NM,0.0,1673,DAKOTA DUNES,30433.0,0.0,2024-06-30,0.0,33699.0,15348.0,3266.0,1910-01-01,11,11,9,SIOUX FALLS,1673_20250930,DIF,1934-01-01,0,1ST FINANCIAL BANK USA,Unknown,84914.0,4,2,0,0,FDIC,2025-09-30,0.0,9,SD,0,0,57049
NM,1.0,16744,CHERRYVALE,198.0,0.0,2022-08-31,19.0,217.0,10.0,0.0,1880-01-01,11,11,10,WICHITA,16744_20250930,DIF,1948-11-04,0,THE PEOPLES STATE BANK,FIRST HOWARD BANKSHARES INC,925.0,4,1,0,0,FDIC,2025-09-30,1059519.0,2,KS,1,0,67335
N,1.0,16752,ST. ANNE,1401.0,0.0,2022-08-31,0.0,1441.0,168.0,40.0,1948-12-04,9,9,7,CHAMPAIGN,16752_20250930,DIF,1948-12-04,0,NATIONAL BANK OF ST. ANNE,ST ANNE BCORP INC,4426.0,3,3,0,0,OCC,2025-09-30,3595431.0,4,IL,0,0,60964
NM,1.0,16753,SOMERVILLE,12614.0,0.0,2022-08-31,0.0,12614.0,1612.0,0.0,1925-06-01,13,13,11,AUSTIN,16753_20250930,DIF,1948-12-02,0,CITIZENS STATE BANK,C S B BANCSHARES INC,36305.0,5,7,0,0,FDIC,2025-09-30,2100089.0,4,TX,0,0,77879
NM,1.0,16757,KENDALLVILLE,2059.0,0.0,2022-08-31,1185.0,3244.0,188.0,0.0,1863-01-01,9,9,7,INDIANAPOLIS,16757_20250930,DIF,1949-01-03,0,THE CAMPBELL & FETTER BANK,C&F BANC SHARES CORP,7173.0,3,8,0,0,FDIC,2025-09-30,1203901.0,5,IN,0,1,46755
NM,1.0,1675,BRUCE,541.0,0.0,2024-06-30,0.0,541.0,0.0,0.0,1927-01-01,11,11,9,SIOUX FALLS,1675_20250930,DIF,1934-01-01,0,RICHLAND STATE BANK,BRYANT BANCSHARES INC,837.0,4,1,0,0,FDIC,2025-09-30,1127717.0,2,SD,1,0,57220
NM,1.0,16780,RICHMOND HILL,4756.0,0.0,2025-05-15,1.0,4798.0,444.0,41.0,1934-01-01,5,5,6,ALBANY GA,16780_20250930,DIF,1949-04-01,0,GREAT OAKS BANK,GREAT OAKS FINL HOLDINGS INC,12936.0,5,6,0,0,FDIC,2025-09-30,1129805.0,4,GA,1,0,31324
NM,1.0,16788,UNIONTOWN,642.0,0.0,2022-08-31,1.0,688.0,51.0,45.0,1901-08-01,11,11,10,SPRINGFIELD MO,16788_20250930,DIF,1949-04-22,0,UNION STATE BANK,UNION STATE BANCSHARES INC,2429.0,4,2,0,0,FDIC,2025-09-30,1055838.0,8,KS,1,0,66779
NM,1.0,1678,SIOUX FALLS,22667.0,0.0,2024-06-30,0.0,25245.0,132.0,2578.0,1931-07-16,11,11,9,SIOUX FALLS,1678_20250930,DIF,1934-01-01,0,PLAINS COMMERCE BANK,PLAINS COMMERCE FINANCIAL INC,28566.0,4,8,0,0,FDIC,2025-09-30,5331286.0,4,SD,1,1,57106
SM,1.0,16795,LOCUST GROVE,2287.0,0.0,2023-11-01,7.0,2294.0,300.0,0.0,1949-06-06,13,13,10,OKLAHOMA CITY,16795_20250930,DIF,1949-06-06,0,ALL CAPITAL BANK,ALLBANK HOLDING CO INC,4644.0,5,3,0,0,FED,2025-09-30,5759983.0,4,OK,0,0,74352
NM,1.0,16810,MILFORD,14770.0,0.0,2024-06-30,135.0,16352.0,0.0,1447.0,1949-07-05,11,11,10,OMAHA,16810_20250930,DIF,1949-07-05,0,FARMERS AND MERCHANTS BANK,COUNTRY BANK SHARES INC,15363.0,4,12,0,0,FDIC,2025-09-30,1416831.0,2,NE,0,1,68405
NM,1.0,16817,KILGORE,4929.0,0.0,2022-08-31,0.0,4929.0,-625.0,0.0,1949-07-24,13,13,11,DALLAS,16817_20250930,DIF,1949-07-24,0,CITIZENS BANK,EAST TEXAS FINANCIAL CORP,16232.0,5,12,0,0,FDIC,2025-09-30,1427556.0,4,TX,0,1,75662
NM,1.0,16820,GLEN BURNIE,2827.0,0.0,2022-08-31,0.0,3313.0,-497.0,486.0,1949-08-17,2,2,5,BALTIMORE,16820_20250930,DIF,1949-08-17,0,THE BANK OF GLEN BURNIE,GLEN BURNIE BCORP,8130.0,1,6,0,0,FDIC,2025-09-30,2001328.0,8,MD,0,0,21061
NM,1.0,16825,PERRY,2199.0,0.0,2023-03-15,0.0,2199.0,0.0,0.0,1949-08-27,5,5,6,ALBANY GA,16825_20250930,DIF,1949-08-27,0,SUNMARK COMMUNITY BANK,SUNMARK BANCSHARES INC,16615.0,5,6,0,0,FDIC,2025-09-30,1143566.0,4,GA,1,0,31069
NM,0.0,16835,EL CAMPO,284525.0,0.0,2024-04-01,3579.0,376310.0,0.0,88206.0,1949-09-13,13,13,11,HOUSTON,16835_20250930,DIF,1949-09-13,0,PROSPERITY BANK,PROSPERITY BANCSHARES INC,812498.0,5,324,0,0,FDIC,2025-09-30,1109599.0,4,TX,0,1,77437
NM,1.0,16840,RIVER FALLS,1488.0,0.0,2022-08-31,2.0,1654.0,45.0,164.0,1949-10-03,9,9,9,EAU CLAIRE,16840_20250930,DIF,1949-10-03,0,RIVER FALLS STATE BANK,RIVER FALLS BANCSHARES INC,3095.0,3,1,0,0,FDIC,2025-09-30,2519805.0,4,WI,1,0,54022
NM,1.0,16849,JACKSONVILLE,16956.0,0.0,2022-08-31,315.0,17902.0,2827.0,631.0,1949-11-05,13,13,8,LITTLE ROCK,16849_20250930,DIF,1949-11-05,0,FIRST ARKANSAS BANK AND TRUST,FIRST ARKANSAS BANCSHARES INC,26244.0,5,21,0,0,FDIC,2025-09-30,1096550.0,4,AR,1,1,72076
NM,1.0,16852,ARLINGTON,5897.0,0.0,2022-08-31,0.0,6336.0,90.0,439.0,1949-12-01,9,9,8,MOUNT VERNON,16852_20250930,DIF,1949-12-01,0,"CITIZENS DEPOSIT BANK OF ARLINGTON, INC.",CARLISLE BCORP INC,8241.0,3,5,0,0,FDIC,2025-09-30,1100318.0,2,KY,1,0,42021
NM,1.0,16854,LAS VEGAS,1471.0,0.0,2022-08-31,0.0,1471.0,0.0,0.0,1949-11-23,13,13,10,ALBUQUERQUE,16854_20250930,DIF,1949-11-23,0,COMMUNITY 1ST BANK LAS VEGAS,FNB FINANCIAL CORP,8273.0,4,4,0,0,FDIC,2025-09-30,2921695.0,7,NM,1,0,87701
NM,1.0,16858,ATHENS,5283.0,0.0,2022-08-31,257.0,5544.0,306.0,4.0,1934-01-01,5,5,6,ATLANTA,16858_20250930,DIF,1949-11-01,0,FIRST AMERICAN BANK AND TRUST COMPANY,FIRST AMERICAN BCORP,27145.0,5,8,0,0,FDIC,2025-09-30,1138188.0,4,GA,0,1,30601
NM,1.0,16863,SAINT LOUIS PARK,2186.0,0.0,2022-08-31,0.0,2782.0,1420.0,596.0,1950-01-16,11,11,9,MINNEAPOLIS,16863_20250930,DIF,1950-01-16,0,CITIZENS INDEPENDENT BANK,BAKKEN SECURITIES INC,8677.0,3,4,0,0,FDIC,2025-09-30,1129029.0,4,MN,0,0,55416
NM,1.0,16866,SNYDER,5538.0,0.0,2022-08-31,5.0,5559.0,670.0,16.0,1950-01-14,13,13,11,LUBBOCK,16866_20250930,DIF,1950-01-14,0,WEST TEXAS STATE BANK,SNYDER HOLDING CO,11727.0,5,5,0,0,FDIC,2025-09-30,5534863.0,4,TX,1,0,79549
NM,1.0,16868,MURDOCK,210.0,0.0,2024-06-30,29.0,241.0,0.0,2.0,1950-01-03,11,11,10,OMAHA,16868_20250930,DIF,1950-01-11,0,CORN GROWERS STATE BANK,MCHUGH INVESTMENT CO,1015.0,4,1,0,0,FDIC,2025-09-30,1133138.0,2,NE,0,0,68407
NM,1.0,1686,PARKSTON,3439.0,0.0,2024-06-30,0.0,3439.0,0.0,0.0,1919-07-19,11,11,9,SIOUX FALLS,1686_20250930,DIF,1934-01-01,0,FARMERS STATE BANK,PARKSTON INVESTMENT CO,5222.0,4,3,0,0,FDIC,2025-09-30,1122897.0,2,SD,0,0,57366
NM,1.0,1687,AVON,862.0,0.0,2024-06-30,11.0,930.0,80.0,57.0,1914-01-01,11,11,9,SIOUX FALLS,1687_20250930,DIF,1934-01-01,0,COMMUNITY BANK,Unknown,1632.0,4,1,0,0,FDIC,2025-09-30,0.0,2,SD,0,0,57315
SM,0.0,16889,GREENVILLE,359246.0,0.0,2025-05-01,1214.0,360893.0,35145.0,433.0,1950-03-01,5,5,5,COLUMBIA SC,16889_20250930,DIF,1950-03-01,0,UNITED COMMUNITY BANK,UNITED COMMUNITY BANKS INC,674802.0,1,191,0,0,FED,2025-09-30,1249347.0,4,SC,0,1,29601
NM,1.0,16891,PITTSBURG,9226.0,0.0,2022-08-31,4.0,11443.0,84.0,2213.0,1911-01-01,13,13,11,DALLAS,16891_20250930,DIF,1950-02-24,0,PILGRIM BANK,PILGRIM BCORP,13149.0,5,13,0,0,FDIC,2025-09-30,2098412.0,4,TX,1,0,75686
NM,1.0,16895,BEDIAS,2289.0,0.0,2022-08-31,0.0,2289.0,0.0,0.0,1907-08-28,13,13,11,HOUSTON,16895_20250930,DIF,1950-03-24,0,FIRST STATE BANK OF BEDIAS,BEDIAS FINANCIAL CORP,6823.0,5,2,0,0,FDIC,2025-09-30,3069482.0,2,TX,1,0,77831
NM,1.0,16897,WASHINGTON,4255.0,0.0,2022-08-31,2.0,4422.0,470.0,165.0,1950-03-14,5,5,6,ATLANTA,16897_20250930,DIF,1950-03-14,0,F&M BANK,WASHINGTON WILKES HOLDING CO,13287.0,5,5,0,0,FDIC,2025-09-30,1137015.0,4,GA,0,0,30673
SM,1.0,16900,PRINCEVILLE,1258.0,0.0,2025-06-26,2.0,1264.0,1195.0,4.0,1950-04-17,9,9,7,PRINCETON,16900_20250930,DIF,1950-04-17,0,PRINCEVILLE STATE BANK,1870 HOLDINGS INC,3517.0,3,2,0,0,FED,2025-09-30,3356632.0,4,IL,0,0,61559
NM,1.0,16906,TAUNTON,285.0,0.0,2024-06-30,122.0,407.0,0.0,0.0,1905-02-01,11,11,9,SIOUX FALLS,16906_20250930,DIF,1950-05-01,0,STATE BANK OF TAUNTON,TAUNTON BANCSHARES INC,1661.0,3,1,0,0,FDIC,2025-09-30,3613540.0,2,MN,1,0,56291
NM,1.0,16908,SPIRO,941.0,0.0,2022-08-31,0.0,941.0,120.0,0.0,1950-05-15,13,13,10,OKLAHOMA CITY,16908_20250930,DIF,1950-05-15,0,SPIRO STATE BANK,PRAIRIE BELL HOLDINGS INC,2824.0,5,3,0,0,FDIC,2025-09-30,5907766.0,4,OK,0,0,74959
NM,1.0,16910,MOBILE,4967.0,0.0,2025-04-11,0.0,4967.0,851.0,0.0,1917-01-01,5,5,6,MONTGOMERY,16910_20250930,DIF,1950-05-29,0,22ND STATE BANK,FEB BANCSHARES INC,14697.0,5,4,0,0,FDIC,2025-09-30,3438051.0,4,AL,1,0,36602
NM,1.0,16916,MANCHESTER,826.0,0.0,2022-08-31,0.0,870.0,40.0,44.0,1948-02-02,5,5,6,ATLANTA,16916_20250930,DIF,1950-06-15,0,F & M BANK AND TRUST COMPANY,F&M HOLDING CO INC,2804.0,5,1,0,0,FDIC,2025-09-30,1129458.0,4,GA,0,1,31816
NM,1.0,1693,KNOXVILLE,2730.0,0.0,2025-05-01,3.0,2733.0,163.0,0.0,1918-01-01,13,13,6,KNOXVILLE,1693_20250930,DIF,1934-01-01,0,UBANK,U BANCSHARES INC,5317.0,5,2,0,0,FDIC,2025-09-30,6041582.0,4,TN,0,1,37934
NM,1.0,16941,WATHENA,652.0,0.0,2022-08-31,0.0,652.0,0.0,0.0,1903-05-03,11,11,10,KANSAS CITY,16941_20250930,DIF,1950-10-14,0,THE FARMERS STATE BANK,WATHENA BANCSHARES INC,2265.0,4,1,0,0,FDIC,2025-09-30,1250688.0,8,KS,1,0,66090
NM,1.0,16953,CLARKS,784.0,0.0,2024-06-30,5.0,915.0,75.0,126.0,1937-02-15,11,11,10,GRAND ISLAND,16953_20250930,DIF,1950-11-24,0,BANK OF CLARKS,CLARK BANCSHARES INC,1804.0,4,3,0,0,FDIC,2025-09-30,1065266.0,2,NE,0,0,68628
NM,1.0,16958,REDWOOD FALLS,42083.0,0.0,2022-08-31,0.0,42362.0,4944.0,279.0,1941-05-19,11,11,9,MANKATO,16958_20250930,DIF,1950-11-28,0,MINNWEST BANK,MINNWEST CORP,77512.0,3,36,0,0,FDIC,2025-09-30,1141348.0,2,MN,0,0,56283
NM,1.0,16959,BILLINGS,1068.0,0.0,2022-08-31,0.0,1068.0,143.0,0.0,1889-03-14,11,13,8,SPRINGFIELD MO,16959_20250930,DIF,1950-12-01,0,BANK OF BILLINGS,FIRST MIAMI BANCSHARES INC,3483.0,4,2,0,0,FDIC,2025-09-30,1061316.0,4,MO,0,0,65610
NM,1.0,16968,IVA,2694.0,0.0,2022-08-31,0.0,2694.0,225.0,0.0,1951-01-02,5,5,5,COLUMBIA SC,16968_20250930,DIF,1951-01-02,0,THE PEOPLES BANK,PEOPLES FINANCIAL GROUP INC,12719.0,1,8,0,0,FDIC,2025-09-30,2916020.0,4,SC,1,0,29655
NM,1.0,1696,PORTLAND,10220.0,0.0,2022-08-31,0.0,10259.0,1350.0,39.0,1912-07-12,13,13,6,NASHVILLE,1696_20250930,DIF,1934-01-01,0,THE FARMERS BANK,FIRST FARMERS BANCSHARES INC,29847.0,5,10,0,0,FDIC,2025-09-30,1086122.0,4,TN,0,0,37148
NM,1.0,16970,FLEMINGSBURG,7696.0,0.0,2022-08-31,0.0,7705.0,1300.0,9.0,1906-04-06,9,9,4,LEXINGTON,16970_20250930,DIF,1950-12-27,0,"PEOPLES BANK OF KENTUCKY, INC.",PEOPLES FLEMING CNTY BCORP INC,17148.0,3,12,0,0,FDIC,2025-09-30,2356701.0,2,KY,0,1,41041
NM,1.0,16971,STOCKTON,6088.0,0.0,2024-07-02,158.0,6385.0,328.0,139.0,1951-01-02,11,11,10,HAYS,16971_20250930,DIF,1951-01-02,0,SOLUTIONS NORTH BANK,STOCKTON BANCSHARES INC,12995.0,4,5,0,0,FDIC,2025-09-30,1060131.0,2,KS,0,0,67669
NM,1.0,16976,ORBISONIA,3841.0,0.0,2022-08-31,0.0,3997.0,236.0,156.0,1951-01-11,2,2,3,WEXFORD,16976_20250930,DIF,1951-01-11,0,COMMUNITY STATE BANK OF ORBISONIA,ORBISONIA COMMUNITY BCORP INC,12337.0,1,8,0,0,FDIC,2025-09-30,1248854.0,5,PA,0,0,17243
NM,0.0,16980,FORT COLLINS,82933.0,0.0,2022-08-31,2059.0,89543.0,4500.0,4551.0,1900-01-01,13,11,10,DENVER,16980_20250930,DIF,1951-01-26,0,BANK OF COLORADO,PINNACLE BCORP INC,154960.0,4,60,0,0,FDIC,2025-09-30,1053272.0,4,CO,0,1,80525
SM,1.0,16982,PONTIAC,13600.0,0.0,2024-01-26,135.0,14255.0,557.0,520.0,1947-09-06,9,9,7,CHAMPAIGN,16982_20250930,DIF,1951-01-29,0,BANK OF PONTIAC,PONTIAC BCORP INC,30370.0,3,14,0,0,FED,2025-09-30,1207712.0,4,IL,0,1,61764
N,1.0,169,GRIFFIN,1671.0,0.0,2022-08-31,85.0,1756.0,454.0,0.0,1933-05-12,5,5,6,ATLANTA,169_20250930,DIF,1934-01-01,0,FIRST NATIONAL BANK OF GRIFFIN,Unknown,11646.0,5,6,0,0,OCC,2025-09-30,0.0,4,GA,0,1,30224
NM,1.0,17001,OKLAHOMA CITY,4856.0,0.0,2022-08-31,0.0,5656.0,1400.0,800.0,1951-04-06,13,13,10,OKLAHOMA CITY,17001_20250930,DIF,1951-04-06,0,FIRST SECURITY BANK AND TRUST COMPANY,FSB BANCSHARES INC,7360.0,5,1,0,0,FDIC,2025-09-30,3602058.0,4,OK,1,0,73111
NM,1.0,17009,KANSAS CITY,2839.0,0.0,2022-08-31,0.0,2971.0,225.0,132.0,1950-08-10,11,11,10,KANSAS CITY,17009_20250930,DIF,1951-03-01,0,CENTRAL BANK OF KANSAS CITY,CENTRAL BANCSHARES KS CTY INC,13279.0,4,2,0,0,FDIC,2025-09-30,1063084.0,4,MO,0,0,64124
NM,1.0,1700,TAZEWELL,12712.0,0.0,2022-08-31,0.0,12785.0,544.0,73.0,1899-10-10,13,13,6,KNOXVILLE,1700_20250930,DIF,1934-01-01,0,FIRST CENTURY BANK,CLAIBORNE HOLDING CO INC,20874.0,5,11,0,0,FDIC,2025-09-30,1135646.0,4,TN,0,0,37879
NM,1.0,17011,ALMA,9388.0,0.0,2022-08-31,0.0,9388.0,0.0,0.0,1950-02-15,5,5,6,ALBANY GA,17011_20250930,DIF,1951-05-01,0,FNB SOUTH,FIRST BK SHARES OF THE S E INC,24388.0,5,4,0,0,FDIC,2025-09-30,1134041.0,4,GA,0,0,31510
NM,1.0,17040,BARDSTOWN,6792.0,0.0,2022-08-31,176.0,7044.0,-65.0,76.0,1865-12-18,9,9,8,LOUISVILLE,17040_20250930,DIF,1951-09-24,0,WILSON & MUIR BANK & TRUST COMPANY,WILSON&MUIR BCORP INC,26545.0,3,12,0,0,FDIC,2025-09-30,1099122.0,4,KY,1,1,40004
NM,1.0,1705,DUNLAP,3673.0,0.0,2022-08-31,0.0,4589.0,0.0,916.0,1905-01-01,13,13,6,KNOXVILLE,1705_20250930,DIF,1934-01-01,0,MOUNTAIN VALLEY BANK,SEQUATCHIE COUNTY BCORP INC,6750.0,5,7,0,0,FDIC,2025-09-30,1134751.0,4,TN,0,1,37327
NM,1.0,17062,BELLINGHAM,996.0,0.0,2024-06-30,0.0,1109.0,0.0,113.0,1942-03-09,11,11,9,FARGO,17062_20250930,DIF,1951-12-08,0,STATE BANK OF BELLINGHAM,BELLINGHAM CORP THE,724.0,3,1,0,0,FDIC,2025-09-30,1122132.0,2,MN,1,0,56212
NM,1.0,17068,ALTAMONT,4306.0,0.0,2011-12-12,0.0,4656.0,1001.0,350.0,1915-01-15,11,11,10,SPRINGFIELD MO,17068_20250930,DIF,1951-12-21,0,LABETTE BANK,LABETTE COUNTY BANKSHARES INC,13623.0,4,10,0,0,FDIC,2025-09-30,1057784.0,2,KS,0,1,67330
NM,1.0,17073,WILLACOOCHEE,1131.0,0.0,2022-08-31,0.0,1131.0,0.0,0.0,1948-09-24,5,5,6,ALBANY GA,17073_20250930,DIF,1952-01-15,0,THE PEOPLES BANK,ATKINSON CNTY BANKSHARES CORP,2355.0,5,2,0,0,FDIC,2025-09-30,1081332.0,2,GA,1,0,31650
NM,1.0,17077,BIRMINGHAM,15363.0,0.0,2022-08-31,14.0,15774.0,3811.0,397.0,1952-01-21,5,5,6,SHELBY,17077_20250930,DIF,1952-01-21,0,FIRST US BANK,FIRST US BANCSHARES INC,28379.0,5,15,0,0,FDIC,2025-09-30,1086168.0,4,AL,0,0,35243
NM,1.0,17094,SEAGOVILLE,4633.0,0.0,2022-08-31,0.0,4797.0,180.0,164.0,1952-04-07,13,13,11,DALLAS,17094_20250930,DIF,1952-04-07,0,HOMEBANK TEXAS,MTA BANCSHARES INC,11250.0,5,3,0,0,FDIC,2025-09-30,4276344.0,4,TX,1,0,75159
NM,1.0,17096,POWERS LAKE,1930.0,0.0,2024-06-30,0.0,1948.0,113.0,18.0,1952-04-17,11,11,9,FARGO,17096_20250930,DIF,1952-04-17,0,LIBERTY STATE BANK,LIBERTY BCORP INC,3195.0,3,1,0,0,FDIC,2025-09-30,1126569.0,2,ND,1,0,58773
NM,1.0,170,TALBOTTON,3351.0,0.0,2022-08-31,0.0,3351.0,350.0,0.0,1891-01-01,5,5,6,ATLANTA,170_20250930,DIF,1934-01-01,0,THE PEOPLES BANK OF GEORGIA,Unknown,7767.0,5,4,0,0,FDIC,2025-09-30,0.0,5,GA,0,0,31827
NM,1.0,17108,WACO,8153.0,0.0,2022-08-31,0.0,8153.0,1350.0,0.0,1952-05-14,13,13,11,DALLAS,17108_20250930,DIF,1952-05-14,0,"COMMUNITY BANK & TRUST, WACO, TEXAS",COMMUNITY CO THE,14966.0,5,4,0,0,FDIC,2025-09-30,1102200.0,4,TX,0,1,76701
SI,1.0,17115,SANFORD,11302.0,0.0,2024-11-17,0.0,16410.0,382.0,5108.0,1933-11-01,2,2,1,CONCORD,17115_20250930,DIF,1952-05-27,0,PARTNERS BANK OF NEW ENGLAND,SIS BCORP MHC,22968.0,1,11,0,0,FDIC,2025-09-30,3815054.0,4,ME,0,0,04073
NM,1.0,1711,LAFAYETTE,23211.0,0.0,2022-08-31,48.0,27322.0,1500.0,4063.0,1909-07-01,13,13,6,NASHVILLE,1711_20250930,DIF,1934-01-01,0,CITIZENS BANK OF LAFAYETTE,CITIZENS BCORP INVESTMENT INC,44646.0,5,20,0,0,FDIC,2025-09-30,1140239.0,4,TN,0,0,37083
NM,1.0,17120,BATESVILLE,10849.0,0.0,2022-08-31,125.0,11393.0,869.0,419.0,1952-07-01,13,13,8,JACKSON MS,17120_20250930,DIF,1952-07-01,0,FIRST SECURITY BANK,SECURITY CAPITAL CORP,24264.0,5,18,0,0,FDIC,2025-09-30,1098509.0,4,MS,0,1,38606
NM,1.0,17122,MORRISTOWN,275.0,0.0,2024-06-30,0.0,275.0,54.0,0.0,1928-05-02,11,11,9,MINNEAPOLIS,17122_20250930,DIF,1952-07-01,0,LAKE COUNTRY COMMUNITY BANK,MORRISTOWN HOLDING CO,874.0,3,2,0,0,FDIC,2025-09-30,1142868.0,4,MN,0,0,55052
SI,1.0,17123,WILMINGTON,9660.0,0.0,2022-08-31,0.0,9875.0,64.0,215.0,1861-02-28,2,2,3,CLAYMONT,17123_20250930,DIF,1952-07-03,1,ARTISANS' BANK,Unknown,15746.0,1,14,0,0,FDIC,2025-09-30,0.0,4,DE,0,0,19808
NM,1.0,17138,BLAIR,33.0,0.0,2015-05-13,1.0,34.0,0.0,0.0,1952-08-25,13,13,10,OKLAHOMA CITY,17138_20250930,DIF,1952-08-25,0,PEOPLES STATE BANK,H PAT HENSON CO THE,642.0,5,1,0,0,FDIC,2025-09-30,1053526.0,2,OK,1,0,73526
NM,1.0,1713,LOBELVILLE,3954.0,0.0,2022-08-31,0.0,4107.0,145.0,153.0,1905-09-01,13,13,6,NASHVILLE,1713_20250930,DIF,1934-01-01,0,BANK OF PERRY COUNTY,Unknown,7047.0,5,3,0,0,FDIC,2025-09-30,0.0,6,TN,1,0,37097
NM,1.0,17145,WOOD RIVER,2920.0,0.0,2024-06-30,1264.0,4184.0,360.0,0.0,1884-01-01,11,11,10,GRAND ISLAND,17145_20250930,DIF,1952-09-24,0,HERITAGE BANK,HERITAGE GROUP INC,18436.0,4,20,0,0,FDIC,2025-09-30,1055089.0,2,NE,0,1,68883
NM,0.0,17159,OGDEN,51977.0,0.0,2022-08-31,2297.0,59500.0,2294.0,5226.0,1952-02-05,14,14,12,SALT LAKE CITY,17159_20250930,DIF,1952-12-01,0,BANK OF UTAH,BOU BCORP INC,83504.0,4,20,0,0,FDIC,2025-09-30,2935142.0,4,UT,0,1,84401
SM,1.0,1715,TYLER,11132.0,0.0,2022-08-31,153.0,12630.0,250.0,1345.0,1920-04-24,13,13,11,DALLAS,1715_20250930,DIF,1934-01-01,0,CITIZENS 1ST BANK,Unknown,14486.0,5,4,0,0,FED,2025-09-30,0.0,4,TX,1,0,75701
SM,1.0,17160,CEDAR POINT,208.0,0.0,2022-08-31,0.0,208.0,0.0,0.0,1914-01-25,11,11,10,WICHITA,17160_20250930,DIF,1952-12-08,0,COTTONWOOD VALLEY BANK,CEDAR POINT BANCSHARES INC,695.0,4,4,0,0,FED,2025-09-30,1060690.0,7,KS,1,0,66843
NM,1.0,17162,RICE LAKE,9882.0,0.0,2022-08-31,77.0,10759.0,300.0,800.0,1953-01-02,9,9,9,EAU CLAIRE,17162_20250930,DIF,1953-01-02,0,DAIRY STATE BANK,DAIRY STATE BCORP INC,13983.0,3,12,0,0,FDIC,2025-09-30,1126121.0,4,WI,0,0,54868
NM,1.0,17169,GOLDEN MEADOW,1644.0,0.0,2023-09-19,0.0,1809.0,0.0,165.0,1953-01-16,13,13,6,BATON ROUGE,17169_20250930,DIF,1953-01-16,0,STATE BANK & TRUST COMPANY,SBT BANCSHARES INC,4181.0,5,4,0,0,FDIC,2025-09-30,2145950.0,4,LA,1,0,70357
NM,1.0,17174,FAIRMOUNT,361.0,0.0,2024-06-30,0.0,361.0,0.0,0.0,1953-01-02,11,11,9,FARGO,17174_20250930,DIF,1953-01-02,0,"PEOPLES STATE BANK, FAIRMOUNT, N. D.",DAKOTAH BANKSHARES INC,1060.0,3,2,0,0,FDIC,2025-09-30,2359328.0,2,ND,0,0,58030
SI,1.0,17180,MEREDITH,18840.0,0.0,2024-11-17,645.0,22552.0,45.0,3067.0,1869-01-01,2,2,1,CONCORD,17180_20250930,DIF,1953-01-28,0,MEREDITH VILLAGE SAVINGS BANK,NEW HAMPSHIRE MUTUAL BCORP,33169.0,1,18,0,0,FDIC,2025-09-30,4436559.0,5,NH,0,0,03253
NM,1.0,17190,CAMILLA,3082.0,0.0,2022-08-31,0.0,3093.0,17.0,11.0,1890-01-01,5,5,6,ALBANY GA,17190_20250930,DIF,1953-03-06,0,BANK OF CAMILLA,CAMILLA BANCSHARES INC,4765.0,5,1,0,0,FDIC,2025-09-30,2087939.0,2,GA,0,0,31730
NM,1.0,17193,PENSACOLA,614.0,0.0,2022-08-31,0.0,614.0,0.0,0.0,1953-03-18,5,5,6,MONTGOMERY,17193_20250930,DIF,1953-03-18,0,THE WARRINGTON BANK,FIVE FLAGS BANKS INC,3323.0,5,4,0,0,FDIC,2025-09-30,1129515.0,7,FL,0,0,32507
NM,1.0,17205,POTTER,530.0,0.0,2024-06-30,0.0,544.0,88.0,14.0,1945-03-19,11,11,10,GRAND ISLAND,17205_20250930,DIF,1953-04-13,0,THE POTTER STATE BANK OF POTTER,ENEVOLDSEN MANAGEMENT CO,1274.0,4,2,0,0,FDIC,2025-09-30,2046516.0,2,NE,0,0,69156
NM,1.0,1720,LUBBOCK,11959.0,0.0,2025-06-06,0.0,11968.0,5.0,9.0,1909-01-01,13,13,11,LUBBOCK,1720_20250930,DIF,1934-01-01,0,WESTERN BANK,CIRCLE I BANK GROUP INC,28395.0,5,10,0,0,FDIC,2025-09-30,4442523.0,4,TX,1,1,79401
SM,1.0,17211,BATESVILLE,26314.0,0.0,2022-08-31,0.0,26363.0,1300.0,49.0,1953-04-24,13,13,8,LITTLE ROCK,17211_20250930,DIF,1953-04-24,0,THE CITIZENS BANK,CITIZENS BANCSHARES BATESVILLE,37958.0,5,16,0,0,FED,2025-09-30,1131077.0,4,AR,0,1,72501
NM,1.0,17214,SEALY,5994.0,0.0,2022-08-31,0.0,5994.0,264.0,0.0,1907-08-12,13,13,11,HOUSTON,17214_20250930,DIF,1953-04-24,0,CITIZENS STATE BANK,Unknown,9800.0,5,1,0,0,FDIC,2025-09-30,0.0,5,TX,0,0,77474
NM,1.0,17229,HENDERSON,9999.0,0.0,2024-11-05,5.0,11350.0,401.0,1346.0,1943-10-13,11,11,10,GRAND ISLAND,17229_20250930,DIF,1953-06-17,0,HENDERSON STATE BANK,HENDERSON STATE CO,15006.0,4,9,0,0,FDIC,2025-09-30,1055847.0,2,NE,0,0,68371
N,1.0,17230,CHICAGO,9882.0,0.0,2022-08-31,0.0,9882.0,390.0,0.0,1953-06-27,9,9,7,CHICAGO,17230_20250930,DIF,1953-06-27,0,ALBANY BANK AND TRUST COMPANY NATIONAL ASSOCIATION,ALBANK CORP,15390.0,3,4,0,0,OCC,2025-09-30,1208933.0,4,IL,0,1,60625
NM,1.0,17232,SIDNEY,1325.0,0.0,2022-10-09,0.0,1355.0,92.0,30.0,1921-10-10,9,9,7,DETROIT,17232_20250930,DIF,1953-06-15,0,SIDNEY STATE BANK,SIDNEY BCORP,4743.0,3,3,0,0,FDIC,2025-09-30,3621497.0,5,MI,0,0,48885
NM,1.0,17241,HENNEPIN,1594.0,0.0,2022-08-31,0.0,1604.0,0.0,10.0,1946-12-07,9,9,7,PRINCETON,17241_20250930,DIF,1953-06-23,0,NORTH CENTRAL BANK,PUTNAM COUNTY BCORP INC,3791.0,3,2,0,0,FDIC,2025-09-30,1136492.0,2,IL,1,0,61327
SM,1.0,17259,SAINT ANSGAR,2032.0,0.0,2024-06-30,17.0,3048.0,19.0,999.0,1891-03-28,11,11,7,DES MOINES,17259_20250930,DIF,1953-09-01,0,ST. ANSGAR STATE BANK,ST ANSGAR BCORP,3581.0,4,2,0,0,FED,2025-09-30,1208728.0,2,IA,1,1,50472
SI,1.0,17262,ESSEX,3551.0,0.0,2022-08-31,0.0,3561.0,180.0,10.0,1851-08-06,2,2,1,WINDSOR,17262_20250930,DIF,1953-10-02,1,ESSEX SAVINGS BANK,Unknown,12630.0,1,8,0,0,FDIC,2025-09-30,0.0,4,CT,0,1,06426
NM,0.0,17266,ROSEBURG,552230.0,0.0,2025-09-01,2888.0,656036.0,127173.0,100918.0,1953-11-09,14,14,12,PORTLAND,17266_20250930,DIF,1953-11-09,0,COLUMBIA BANK,COLUMBIA BANKING SYSTEM INC,1406058.0,4,383,0,0,FDIC,2025-09-30,2078816.0,4,OR,0,1,97470
NM,1.0,17280,TIOGA,7394.0,0.0,2024-06-30,73.0,7467.0,810.0,0.0,1952-07-16,11,11,9,FARGO,17280_20250930,DIF,1953-12-07,0,THE BANK OF TIOGA,TS BANKING GROUP INC,6805.0,3,2,0,0,FDIC,2025-09-30,1207785.0,2,ND,0,0,58852
N,0.0,17281,LOS ANGELES,1025070.0,0.0,2023-11-17,1169.0,1188439.0,57663.0,162200.0,1953-12-04,14,14,12,LOS ANGELES,17281_20250930,DIF,1953-12-04,0,CITY NATIONAL BANK,ROYAL BANK OF CANADA,2172316.0,4,71,0,0,OCC,2025-09-30,1232497.0,4,CA,0,1,90071
NM,1.0,17282,CEDAR RAPIDS,9325.0,0.0,2024-06-30,375.0,10868.0,1050.0,1168.0,1881-01-01,11,11,7,CEDAR RAPIDS,17282_20250930,DIF,1953-12-11,0,BANKIOWA,FIDELITY BAN CORP,22059.0,4,13,0,0,FDIC,2025-09-30,1204337.0,2,IA,1,1,52402
NM,1.0,172,ZEBULON,7901.0,0.0,2022-08-31,0.0,7901.0,3039.0,0.0,1905-01-31,5,5,6,ATLANTA,172_20250930,DIF,1934-01-01,0,UNITED BANK,UNITED BK EMPLOYEE STK OWNERSHIP PLAN TR,81232.0,5,18,0,0,FDIC,2025-09-30,5937848.0,4,GA,0,1,30295
SM,1.0,17308,HONOLULU,50695.0,0.0,2025-01-24,0.0,51697.0,13316.0,1002.0,1954-02-15,14,14,12,SAN FRANCISCO,17308_20250930,DIF,1954-02-15,0,CENTRAL PACIFIC BANK,CENTRAL PACIFIC FINANCIAL CORP,183588.0,4,27,0,0,FED,2025-09-30,1022764.0,4,HI,0,1,96813
NM,1.0,1730,GREENSBORO,1272.0,0.0,2023-04-21,0.0,1272.0,0.0,0.0,1904-03-07,5,5,6,SHELBY,1730_20250930,DIF,1934-01-01,0,PEOPLES BANK OF GREENSBORO,GREENSBORO BANCSHARES INC,2381.0,5,1,0,0,FDIC,2025-09-30,1086775.0,2,AL,1,0,36744
NM,1.0,17317,GARNETT,4290.0,0.0,2022-08-31,0.0,4416.0,910.0,126.0,1899-07-11,11,11,10,KANSAS CITY,17317_20250930,DIF,1954-04-12,0,GOPPERT STATE SERVICE BANK,GOPPERT FINANCIAL CORP,10100.0,4,9,0,0,FDIC,2025-09-30,1051380.0,2,KS,0,0,66032
NM,1.0,17320,PANA,4893.0,0.0,2024-05-17,934.0,5891.0,40.0,64.0,1954-05-01,9,9,7,SPRINGFIELD IL,17320_20250930,DIF,1954-05-01,0,PEOPLES BANK & TRUST,PEOPLE FIRST BANCSHARES INC,20240.0,3,14,0,0,FDIC,2025-09-30,1209480.0,2,IL,0,1,62557
NM,1.0,17323,FARMINGTON,45508.0,0.0,2022-08-31,21.0,51055.0,4829.0,5526.0,1954-05-11,11,11,8,ST. LOUIS,17323_20250930,DIF,1954-05-11,0,FIRST STATE COMMUNITY BANK,FIRST STATE BANCSHARES INC,110733.0,4,53,0,0,FDIC,2025-09-30,1099917.0,4,MO,0,0,63640
NM,1.0,17327,DICKSON,2336.0,0.0,2022-08-31,0.0,2352.0,0.0,16.0,1954-05-26,13,13,6,NASHVILLE,17327_20250930,DIF,1954-05-26,0,BANK OF DICKSON,DICKSON FINANCIAL CORP,6305.0,5,4,0,0,FDIC,2025-09-30,1085899.0,5,TN,0,1,37055
NM,1.0,17348,SLATER,10578.0,0.0,2024-06-30,0.0,12971.0,985.0,2393.0,1954-09-01,11,11,7,DES MOINES,17348_20250930,DIF,1954-09-01,0,SOUTH STORY BANK & TRUST,Unknown,15939.0,4,6,0,0,FDIC,2025-09-30,0.0,4,IA,0,1,50244
NM,1.0,17350,SAN DIEGO,687.0,0.0,2022-08-31,0.0,687.0,10.0,0.0,1954-08-09,13,13,11,HOUSTON,17350_20250930,DIF,1954-08-09,0,FIRST STATE BANK OF SAN DIEGO,SAN DIEGO BANCSHARES INC,2082.0,5,1,0,0,FDIC,2025-09-30,1832749.0,7,TX,1,0,78384
NM,1.0,1735,PIEDMONT,2252.0,0.0,2022-08-31,0.0,2261.0,0.0,9.0,1915-04-12,5,5,6,SHELBY,1735_20250930,DIF,1934-01-01,0,FARMERS AND MERCHANTS BANK,F&M FINANCIAL CORP,8446.0,5,5,0,0,FDIC,2025-09-30,1137882.0,4,AL,0,0,36272
NM,1.0,17369,MULVANE,2241.0,0.0,2022-08-31,0.0,2328.0,0.0,87.0,1886-07-01,11,11,10,WICHITA,17369_20250930,DIF,1954-11-05,0,CARSON BANK,MULVANE BANKSHARES INC,5665.0,4,4,0,0,FDIC,2025-09-30,1061455.0,4,KS,0,0,67110
NM,1.0,17374,BALDWIN CITY,8818.0,0.0,2022-08-31,0.0,10517.0,110.0,1699.0,1900-12-11,11,11,10,KANSAS CITY,17374_20250930,DIF,1954-12-16,0,MID-AMERICA BANK,MID-AMERICA BANKSHARES INC,13184.0,4,6,0,0,FDIC,2025-09-30,2521059.0,8,KS,0,0,66006
NM,1.0,17375,MANKATO,441.0,0.0,2022-08-31,0.0,441.0,0.0,0.0,1887-11-01,11,11,10,HAYS,17375_20250930,DIF,1954-12-16,0,THE STATE EXCHANGE BANK,Unknown,1011.0,4,1,0,0,FDIC,2025-09-30,0.0,2,KS,1,0,66956
NM,1.0,17388,MORGAN CITY,5878.0,0.0,2022-08-31,0.0,5878.0,13.0,0.0,1955-01-20,13,13,6,BATON ROUGE,17388_20250930,DIF,1955-01-20,0,M C BANK & TRUST COMPANY,M C BANCSHARES INC,13551.0,5,10,0,0,FDIC,2025-09-30,1841732.0,4,LA,0,0,70380
NM,0.0,17393,JASPER,87388.0,0.0,2025-02-01,267.0,90077.0,17436.0,2422.0,1910-11-10,9,9,8,INDIANAPOLIS,17393_20250930,DIF,1955-01-18,0,GERMAN AMERICAN BANK,GERMAN AMERICAN BCORP INC,220605.0,3,97,0,0,FDIC,2025-09-30,1098620.0,4,IN,0,1,47546
SM,1.0,17399,WELLINGTON,2129.0,0.0,2022-08-31,0.0,2461.0,0.0,332.0,1928-04-03,11,11,10,WICHITA,17399_20250930,DIF,1955-02-10,0,IMPACT BANK,FIRST FINANCIAL CORP,3841.0,4,2,0,0,FED,2025-09-30,1067514.0,2,KS,1,0,67152
NM,1.0,17403,HAVILAND,507.0,0.0,2022-08-31,1.0,798.0,23.0,290.0,1903-08-31,11,11,10,WICHITA,17403_20250930,DIF,1955-02-24,0,THE HAVILAND STATE BANK,HAVILAND BANCSHARES EMPLOYEE STK OWNERSHIP PLAN&TR AGREEMENT,1458.0,4,2,0,0,FDIC,2025-09-30,4873033.0,2,KS,0,0,67059
NM,1.0,17410,BENDENA,1070.0,0.0,2022-08-31,58.0,1204.0,90.0,76.0,1904-01-01,11,11,10,KANSAS CITY,17410_20250930,DIF,1955-03-17,0,THE BENDENA STATE BANK,BENDENA BANCSHARES INC,3008.0,4,2,0,0,FDIC,2025-09-30,1056648.0,2,KS,1,0,66008
SM,1.0,17411,WALDEN,6248.0,0.0,2022-08-31,1.0,8159.0,521.0,1910.0,1955-02-21,13,11,10,DENVER,17411_20250930,DIF,1955-02-21,0,MOUNTAIN VALLEY BANK,PLATTE VALLEY FINL SERVICE COMPANIES,13825.0,4,7,0,0,FED,2025-09-30,2511014.0,4,CO,0,0,80480
SM,1.0,17431,MOUNTAIN VIEW,17430.0,0.0,2023-11-01,3.0,20780.0,1262.0,3347.0,1955-04-29,13,11,8,LITTLE ROCK,17431_20250930,DIF,1955-04-29,0,STONE BANK,MO ARK BANCSHARES INC,16504.0,5,6,0,0,FED,2025-09-30,5812954.0,4,AR,0,1,72560
SM,1.0,17437,ABERDEEN,69952.0,0.0,2024-06-30,0.0,70200.0,3150.0,248.0,1955-04-30,11,11,9,SIOUX FALLS,17437_20250930,DIF,1955-04-30,0,DACOTAH BANK,DACOTAH BANKS INC,117296.0,4,33,0,0,FED,2025-09-30,1121229.0,2,SD,0,1,57401
N,0.0,17438,EAST LANSING,107858.0,0.0,2022-08-31,0.0,170215.0,3272.0,62357.0,1955-05-06,9,9,7,DETROIT,17438_20250930,DIF,1955-05-06,0,FIRST NATIONAL BANK OF AMERICA,FIRST NATIONAL BANCSHARES INC,226698.0,3,3,0,0,OCC,2025-09-30,1206313.0,5,MI,0,0,48823
NM,1.0,17441,DYSART,57.0,0.0,2024-06-30,5.0,62.0,6.0,0.0,1934-01-01,11,11,7,DES MOINES,17441_20250930,DIF,1955-05-31,0,DYSART STATE BANK,DYSART BANCSHARES INC,556.0,4,1,0,0,FDIC,2025-09-30,1130717.0,2,IA,1,1,52224
SI,1.0,17443,PORTSMOUTH,5152.0,0.0,2024-11-17,0.0,6214.0,-175.0,1062.0,1877-01-01,2,2,1,CONCORD,17443_20250930,DIF,1955-07-01,1,PISCATAQUA SAVINGS BANK,Unknown,3417.0,1,1,0,0,FDIC,2025-09-30,0.0,5,NH,0,1,03801
NM,1.0,17446,FORT DAVIS,4344.0,0.0,2024-03-22,0.0,4344.0,1264.0,0.0,1911-10-16,13,13,11,ALBUQUERQUE,17446_20250930,DIF,1955-01-10,0,MAVERICK BANK,MAVERICK BANCSHARES INC,12324.0,5,8,0,0,FDIC,2025-09-30,5725997.0,2,TX,0,0,79734
NM,1.0,17450,DEFIANCE,347.0,0.0,2024-06-30,0.0,385.0,0.0,38.0,1951-09-01,11,11,7,OMAHA,17450_20250930,DIF,1955-06-08,0,DEFIANCE STATE BANK,UNION BCORP,1158.0,4,2,0,0,FDIC,2025-09-30,1416475.0,2,IA,1,0,51527
SM,1.0,17451,HALSTEAD,2762.0,0.0,2022-08-31,0.0,2768.0,295.0,6.0,1882-03-10,11,11,10,WICHITA,17451_20250930,DIF,1955-06-08,0,HALSTEAD BANK,WILLIAMS HOLDING CO INC,6183.0,4,4,0,0,FED,2025-09-30,1064513.0,2,KS,1,0,67056
NM,1.0,17453,APPLE RIVER,7408.0,0.0,2022-08-31,624.0,9033.0,302.0,1001.0,1948-01-05,9,9,7,PRINCETON,17453_20250930,DIF,1955-06-01,0,APPLE RIVER STATE BANK,FIRST APPLE RIVER CORP,13156.0,3,8,0,0,FDIC,2025-09-30,1143052.0,2,IL,1,1,61001
NM,1.0,1745,WATERLOO,1462.0,0.0,2022-08-31,0.0,1462.0,0.0,0.0,1914-07-01,5,5,6,SHELBY,1745_20250930,DIF,1934-01-01,0,THE FARMERS & MERCHANTS BANK,Unknown,945.0,5,2,0,0,FDIC,2025-09-30,0.0,2,AL,0,0,35677
NM,1.0,17470,HIGHLAND PARK,42355.0,0.0,2022-08-31,1.0,46120.0,1019.0,3764.0,1955-07-16,9,9,7,CHICAGO,17470_20250930,DIF,1955-07-16,0,FIRST BANK CHICAGO,FIRST BANK CHICAGO CORP,27167.0,3,4,0,0,FDIC,2025-09-30,1205398.0,4,IL,0,0,60035
SM,1.0,17477,MARYSVILLE,9165.0,0.0,2022-08-31,195.0,10912.0,450.0,1552.0,1890-07-01,11,11,10,KANSAS CITY,17477_20250930,DIF,1955-07-28,0,UNITED BANK & TRUST,UBT BANCSHARES INC,22017.0,4,16,0,0,FED,2025-09-30,3219577.0,2,KS,0,0,66508
NM,1.0,17478,KIMBALL,21461.0,0.0,2024-06-30,0.0,22158.0,5519.0,697.0,1955-07-15,11,11,10,GRAND ISLAND,17478_20250930,DIF,1955-07-15,0,FIRSTIER BANK,FIRSTIER II BCORP,28308.0,4,11,0,0,FDIC,2025-09-30,3391147.0,4,NE,1,0,69145
SM,0.0,17491,UNIVERSITY PARK,190203.0,0.0,2022-08-31,5698.0,196502.0,-698.0,601.0,1955-09-15,13,13,11,DALLAS,17491_20250930,DIF,1955-09-15,0,PLAINSCAPITAL BANK,DIAMOND HTH STOCK CO GP LLC,277335.0,5,58,0,0,FED,2025-09-30,5213690.0,4,TX,0,1,75205
NM,1.0,17509,KEY WEST,14771.0,0.0,2022-08-31,432.0,15214.0,0.0,11.0,1955-10-29,5,5,6,SOUTH FLORIDA,17509_20250930,DIF,1955-10-29,0,FIRST STATE BANK OF THE FLORIDA KEYS,FIRST STB FL KEYS HOLDING CO,27332.0,5,9,0,0,FDIC,2025-09-30,3897519.0,4,FL,0,0,33040
N,1.0,17513,FISHER,4335.0,0.0,2023-06-24,27.0,4919.0,167.0,557.0,1955-11-18,9,9,7,CHAMPAIGN,17513_20250930,DIF,1955-11-18,0,THE FISHER NATIONAL BANK,FISHER BCORP INC,9103.0,3,6,0,0,OCC,2025-09-30,2616179.0,4,IL,1,0,61843
NM,0.0,17514,MARION,53431.0,0.0,2022-08-31,0.0,56481.0,4275.0,3050.0,1955-11-26,9,9,8,MOUNT VERNON,17514_20250930,DIF,1955-11-26,0,BANTERRA BANK,BANTERRA CORP,70161.0,3,43,0,0,FDIC,2025-09-30,3202832.0,4,IL,0,0,62959
N,0.0,17534,CLEVELAND,2231311.0,0.0,2023-06-21,9417.0,2609364.0,362892.0,368636.0,1849-01-01,9,16,4,COLUMBUS,17534_20250930,DIF,1956-01-16,0,KEYBANK NATIONAL ASSOCIATION,KEYCORP,3648815.0,3,955,0,0,OCC,2025-09-30,1068025.0,4,OH,0,1,44114
SM,1.0,1753,MONTICELLO,4870.0,0.0,2024-08-01,9.0,4888.0,640.0,9.0,1887-04-01,13,13,8,LITTLE ROCK,1753_20250930,DIF,1934-01-01,0,UNION BANK & TRUST COMPANY,FIRST UNION FINANCIAL CORP,9284.0,5,5,0,0,FED,2025-09-30,1098880.0,4,AR,1,1,71655
NM,1.0,17543,TRENTON,799.0,0.0,2022-08-31,0.0,799.0,130.0,0.0,1956-01-12,5,5,6,ATLANTA,17543_20250930,DIF,1956-01-12,0,BANK OF DADE,TRI-STATES BANKSHARES INC,5541.0,5,3,0,0,FDIC,2025-09-30,1082898.0,8,GA,1,0,30752
NM,1.0,17551,PATON,371.0,0.0,2024-06-30,0.0,371.0,84.0,0.0,1956-02-15,11,11,7,DES MOINES,17551_20250930,DIF,1956-02-15,0,COMMUNITY STATE BANK,Unknown,776.0,4,1,0,0,FDIC,2025-09-30,0.0,2,IA,0,1,50217
NM,1.0,17563,HAMPTON,3498.0,0.0,2022-08-31,236.0,4101.0,0.0,367.0,1907-01-01,5,5,5,COLUMBIA SC,17563_20250930,DIF,1955-12-28,0,PALMETTO STATE BANK,PALMETTO STATE BANKSHARES INC,13472.0,1,8,0,0,FDIC,2025-09-30,1076329.0,7,SC,0,1,29924
NM,1.0,17569,DENTON,146.0,0.0,2022-08-31,0.0,146.0,18.0,0.0,1894-10-01,11,11,10,KANSAS CITY,17569_20250930,DIF,1956-03-08,0,BANK OF DENTON,Unknown,432.0,4,1,0,0,FDIC,2025-09-30,0.0,2,KS,0,0,66017
NM,1.0,1756,LITTLE ROCK,18117.0,0.0,2022-08-31,0.0,19959.0,2364.0,1842.0,1912-08-12,13,13,8,LITTLE ROCK,1756_20250930,DIF,1934-01-01,0,CENTRAL BANK,CROSS COUNTY BANCSHARES INC,21076.0,5,3,0,0,FDIC,2025-09-30,1131611.0,4,AR,0,0,72211
N,1.0,17572,TAYLORVILLE,1815.0,0.0,2022-08-31,52.0,1876.0,-14.0,9.0,1956-03-28,9,9,7,SPRINGFIELD IL,17572_20250930,DIF,1956-03-28,0,FIRST NATIONAL BANK IN TAYLORVILLE,FIRST BCORP OF TAYLORVILLE INC,3744.0,3,2,0,0,OCC,2025-09-30,1133585.0,2,IL,1,1,62568
NM,1.0,17580,FORT WALTON BEAC,8098.0,0.0,2022-08-31,0.0,8098.0,-470.0,0.0,1956-04-09,5,5,6,MONTGOMERY,17580_20250930,DIF,1956-04-09,0,FNBT BANK,SOUTHERN NATIONAL BANKS INC,16124.0,5,11,0,0,FDIC,2025-09-30,1129823.0,8,FL,1,1,32548
NM,1.0,17587,SIMMESPORT,3967.0,0.0,2023-04-21,0.0,4300.0,1759.0,333.0,1956-05-01,13,13,6,BATON ROUGE,17587_20250930,DIF,1956-05-01,0,SIMMESPORT STATE BANK,Unknown,6278.0,5,2,0,0,FDIC,2025-09-30,0.0,6,LA,0,0,71369
NM,1.0,17588,LOUISE,5588.0,0.0,2022-08-31,0.0,5588.0,905.0,0.0,1956-05-07,13,13,11,HOUSTON,17588_20250930,DIF,1956-05-07,0,THE FIRST STATE BANK,LOUISE BANCSHARES INC,30629.0,5,15,0,0,FDIC,2025-09-30,1141021.0,2,TX,1,0,77455
NM,1.0,17589,CULBERTSON,104.0,0.0,2024-06-30,0.0,104.0,0.0,0.0,1886-09-01,11,11,10,GRAND ISLAND,17589_20250930,DIF,1956-04-27,0,THE CULBERTSON BANK,Unknown,410.0,4,1,0,0,FDIC,2025-09-30,0.0,2,NE,0,0,69024
NM,1.0,175,CRAWFORD,4069.0,0.0,2006-05-01,0.0,4069.0,270.0,0.0,1924-09-05,5,5,6,ATLANTA,175_20250930,DIF,1934-01-01,0,THE COMMERCIAL BANK,TCB BANCSHARES INC,15560.0,5,5,0,0,FDIC,2025-09-30,1417418.0,4,GA,1,0,30630
N,1.0,17603,ANDREWS,1833.0,0.0,2022-08-31,0.0,1840.0,300.0,7.0,1945-11-12,13,13,11,LUBBOCK,17603_20250930,DIF,1956-05-18,0,THE NATIONAL BANK OF ANDREWS,ANDREWS BANCSHARES INC,11892.0,5,4,0,0,OCC,2025-09-30,2348087.0,4,TX,1,0,79714
NM,1.0,17607,FORT SCOTT,476.0,0.0,2022-08-31,0.0,484.0,13.0,8.0,1920-08-01,11,11,10,SPRINGFIELD MO,17607_20250930,DIF,1956-05-24,0,THE CITY STATE BANK,CITY BANCSHARES INC,1461.0,4,2,0,0,FDIC,2025-09-30,1023145.0,2,KS,1,0,66701
SM,1.0,17612,HOUSTON,15354.0,0.0,2022-08-31,0.0,15403.0,691.0,49.0,1956-05-31,13,13,11,HOUSTON,17612_20250930,DIF,1956-05-31,0,CENTRAL BANK,CENTRAL BANCSHARES INC,44267.0,5,4,0,0,FED,2025-09-30,1106468.0,4,TX,1,1,77041
NM,1.0,17614,GREAT BEND,11968.0,0.0,2022-08-31,0.0,13828.0,85.0,1860.0,1907-08-01,11,11,10,HAYS,17614_20250930,DIF,1956-06-07,0,FARMERS BANK & TRUST,FARMERS ENTERPRISES INC,26298.0,4,9,0,0,FDIC,2025-09-30,1055155.0,9,KS,1,1,67530
NM,1.0,17621,BASILE,997.0,0.0,2023-03-16,0.0,997.0,78.0,0.0,1956-07-02,13,13,6,BATON ROUGE,17621_20250930,DIF,1956-07-02,0,BASILE STATE BANK,BASILE BANCSHARES INC,3101.0,5,3,0,0,FDIC,2025-09-30,2937182.0,8,LA,1,0,70515
NM,1.0,17622,ALDEN,4127.0,0.0,2022-10-09,0.0,4127.0,0.0,0.0,1934-01-01,9,9,7,DETROIT,17622_20250930,DIF,1956-06-22,0,ALDEN STATE BANK,Unknown,8964.0,3,4,0,0,FDIC,2025-09-30,0.0,8,MI,0,0,49612
NM,1.0,17629,BLUE MOUND,629.0,0.0,2022-08-31,0.0,629.0,42.0,0.0,1913-08-01,11,11,10,KANSAS CITY,17629_20250930,DIF,1956-07-12,0,THE FARMERS STATE BANK OF BLUE MOUND,DALE SPRAGUE ENTERPRISES INC,1846.0,4,3,0,0,FDIC,2025-09-30,1055865.0,2,KS,1,0,66010
NM,1.0,17632,DWIGHT,184.0,0.0,2022-08-31,0.0,184.0,0.0,0.0,1921-01-01,11,11,10,HAYS,17632_20250930,DIF,1956-07-18,0,THE FARMERS STATE BANK,Unknown,489.0,4,1,0,0,FDIC,2025-09-30,0.0,2,KS,0,0,66849
NM,1.0,17636,SCANDIA,4357.0,0.0,2022-08-31,0.0,5103.0,90.0,746.0,1939-10-02,11,11,10,HAYS,17636_20250930,DIF,1956-07-27,0,ASTRA BANK,ASTRA FINANCIAL GROUP INC,10284.0,4,8,0,0,FDIC,2025-09-30,1060917.0,2,KS,0,0,66966
NM,1.0,17639,FREMONT,6600.0,0.0,2024-06-30,0.0,6600.0,225.0,0.0,1956-07-30,11,11,10,OMAHA,17639_20250930,DIF,1956-07-30,0,RVR BANK,FIRST STATE FREMONT INC,16015.0,4,6,0,0,FDIC,2025-09-30,1247231.0,4,NE,1,1,68025
N,1.0,17643,ALAMOGORDO,2931.0,0.0,2022-08-31,0.0,2941.0,446.0,10.0,1956-08-23,13,13,11,ALBUQUERQUE,17643_20250930,DIF,1956-08-23,0,FIRST NATIONAL BANK,FIRST ALAMOGORDO BCORP NV INC,12336.0,4,6,0,0,OCC,2025-09-30,2522337.0,4,NM,1,1,88310
NM,1.0,17650,ASHLAND,2442.0,0.0,2025-04-17,5.0,3039.0,50.0,592.0,1885-06-23,11,11,10,WICHITA,17650_20250930,DIF,1956-08-23,0,"THE STOCKGROWERS STATE BANK OF ASHLAND, KANSAS",STOCKGROWERS STB EMPLOYEE STK OWNERSHIP PLAN,5697.0,4,3,0,0,FDIC,2025-09-30,3343070.0,2,KS,1,0,67831
SI,1.0,17658,NORWAY,19583.0,0.0,2024-11-17,0.0,25333.0,1042.0,5750.0,1866-01-01,2,2,1,CONCORD,17658_20250930,DIF,1956-07-27,0,NORWAY SAVINGS BANK,NORWAY BCORP MHC,47617.0,1,25,0,0,FDIC,2025-09-30,2835475.0,4,ME,0,1,04268
NM,1.0,17661,HEALY,1912.0,0.0,2013-12-18,38.0,2190.0,0.0,240.0,1906-07-10,11,11,10,HAYS,17661_20250930,DIF,1956-09-14,0,THE FIRST STATE BANK OF HEALY,WEST 4 BANCSHARES INC,2326.0,4,1,0,0,FDIC,2025-09-30,5947294.0,2,KS,1,0,67850
NM,1.0,17671,PRAIRIE VILLAGE,1636.0,0.0,2022-08-31,0.0,1636.0,97.0,0.0,1931-02-27,11,11,10,KANSAS CITY,17671_20250930,DIF,1956-09-27,0,BANK OF PRAIRIE VILLAGE,BLUE LION BANCSHARES INC,4779.0,4,1,0,0,FDIC,2025-09-30,3470444.0,4,KS,1,0,66208
NM,1.0,17672,MOUNDRIDGE,2263.0,0.0,2022-08-31,13.0,2341.0,0.0,65.0,1904-08-01,11,11,10,WICHITA,17672_20250930,DIF,1956-09-27,0,THE CITIZENS STATE BANK,GOERING MANAGEMENT CO LLC,12161.0,4,9,0,0,FDIC,2025-09-30,2961226.0,2,KS,0,1,67107
NM,1.0,17676,COLWICH,11478.0,0.0,2022-08-31,0.0,12818.0,1002.0,1340.0,1886-02-22,11,11,10,WICHITA,17676_20250930,DIF,1956-10-04,0,LEGACY BANK,COLWICH FINANCIAL CORP,23215.0,4,9,0,0,FDIC,2025-09-30,1416448.0,4,KS,0,0,67030
NM,1.0,17685,MANHATTAN,11704.0,0.0,2023-04-24,0.0,11996.0,5400.0,292.0,1897-01-01,11,11,10,KANSAS CITY,17685_20250930,DIF,1956-11-01,0,OUTDOOR BANK,FOOTE FINANCIAL SERVICES LLC,18477.0,4,11,0,0,FDIC,2025-09-30,5301140.0,4,KS,1,0,66503
NM,0.0,1768,WALNUT CREEK,150651.0,0.0,2025-09-02,0.0,150775.0,42993.0,124.0,1905-01-01,14,14,12,SAN FRANCISCO,1768_20250930,DIF,1934-01-01,0,MECHANICS BANK,2011 TCRT,405841.0,4,173,0,0,FDIC,2025-09-30,4759650.0,4,CA,0,1,94596
NM,1.0,17734,STARKE,691.0,0.0,2023-11-29,0.0,691.0,45.0,0.0,1957-03-19,5,5,6,TAMPA,17734_20250930,DIF,1957-03-19,0,DLP BANK,DLP BANCSHARES INC,9637.0,5,3,0,0,FDIC,2025-09-30,5652646.0,4,FL,0,0,32091
N,0.0,17735,CHARLESTON,49372.0,0.0,2024-01-02,9672.0,63750.0,-2509.0,4706.0,1957-04-01,5,5,5,SCOTT DEPOT,17735_20250930,DIF,1957-04-01,0,CITY NATIONAL BANK OF WEST VIRGINIA,CITY HOLDING CO,175285.0,1,98,0,0,OCC,2025-09-30,1076262.0,4,WV,0,1,25304
SI,1.0,17736,TERRE HAUTE,6891.0,0.0,2023-11-01,0.0,7450.0,132.0,559.0,1869-12-01,9,9,7,INDIANAPOLIS,17736_20250930,DIF,1957-03-28,0,THE HOMETOWN SAVINGS BANK,TERRE HAUTE SAVINGS MHC INC,8279.0,3,9,0,0,FDIC,2025-09-30,2861773.0,4,IN,0,1,47807
NM,1.0,17739,HUMBLE,14041.0,0.0,2022-08-31,0.0,14041.0,250.0,0.0,1957-04-06,13,13,11,HOUSTON,17739_20250930,DIF,1957-04-06,0,PLAINS STATE BANK,PLAINS ACQUISITION CORP,30216.0,5,8,0,0,FDIC,2025-09-30,3720082.0,4,TX,0,1,77338
SI,1.0,17741,PORTLAND,33988.0,0.0,2025-01-01,71.0,39239.0,5967.0,5180.0,1867-07-27,2,2,1,CONCORD,17741_20250930,DIF,1957-04-04,0,MAINE COMMUNITY BANK,MAINE COMMUNITY BCORP MHC,70194.0,1,23,0,0,FDIC,2025-09-30,4902643.0,4,ME,0,1,04101
SI,1.0,17743,SACO,19588.0,0.0,2024-11-17,0.0,27699.0,260.0,8111.0,1827-02-21,2,2,1,CONCORD,17743_20250930,DIF,1957-04-04,1,SACO & BIDDEFORD SAVINGS INSTITUTION,Unknown,21655.0,1,7,0,0,FDIC,2025-09-30,0.0,4,ME,0,0,04072
SI,1.0,17749,BATH,16911.0,0.0,2024-11-17,542.0,19524.0,719.0,2071.0,1852-04-19,2,2,1,CONCORD,17749_20250930,DIF,1957-04-18,1,BATH SAVINGS INSTITUTION,Unknown,27617.0,1,13,0,0,FDIC,2025-09-30,0.0,4,ME,0,1,04530
SI,1.0,17751,LEWISTON,21944.0,0.0,2024-11-17,0.0,26232.0,1077.0,4288.0,1870-01-01,2,2,1,CONCORD,17751_20250930,DIF,1957-04-25,0,ANDROSCOGGIN SAVINGS BANK,ANDROSCOGGIN BCORP MHC,35574.0,1,11,0,0,FDIC,2025-09-30,2710796.0,4,ME,0,1,04240
NM,1.0,17759,BALTIC,1301.0,0.0,2022-08-31,0.0,1301.0,54.0,0.0,1902-01-01,9,9,4,COLUMBUS,17759_20250930,DIF,1957-05-08,0,THE BALTIC STATE BANK,BANCORP OF BALTIC INC,3725.0,3,3,0,0,FDIC,2025-09-30,5471931.0,5,OH,1,0,43804
SI,1.0,17764,WEST WARWICK,43346.0,0.0,2025-08-19,0.0,52002.0,2377.0,8656.0,1888-01-01,2,2,1,SOUTH BOSTON,17764_20250930,DIF,1957-05-24,0,CENTREVILLE BANK,CENTREVILLE MHC,59841.0,1,20,0,0,FDIC,2025-09-30,6030120.0,4,RI,0,0,02893
NM,1.0,17767,NEW ROADS,3108.0,0.0,2022-08-31,1.0,3109.0,324.0,0.0,1957-06-29,13,13,6,BATON ROUGE,17767_20250930,DIF,1957-06-29,0,GUARANTY BANK AND TRUST COMPANY,GREAT GUARANTY BANCSHARES INC,10658.0,5,7,0,0,FDIC,2025-09-30,1083158.0,4,LA,0,0,70760
NM,1.0,17769,HAYS,4563.0,0.0,2022-08-31,6.0,4705.0,550.0,136.0,1907-08-21,11,11,10,HAYS,17769_20250930,DIF,1957-06-12,0,BANK OF HAYS,HANSTON INSURANCE AGENCY INC,8609.0,4,4,0,0,FDIC,2025-09-30,1052293.0,2,KS,0,0,67601
NM,1.0,17773,WALHALLA,748.0,0.0,2022-08-31,0.0,748.0,225.0,0.0,1957-06-17,5,5,5,COLUMBIA SC,17773_20250930,DIF,1957-06-17,0,BLUE RIDGE BANK,BLUE RIDGE FINANCIAL CORP,6441.0,1,6,0,0,FDIC,2025-09-30,3614668.0,8,SC,0,0,29691
NM,1.0,17775,PAINT ROCK,1398.0,0.0,2018-10-01,0.0,1398.0,0.0,0.0,1910-01-01,13,13,11,DALLAS,17775_20250930,DIF,1957-06-20,0,FIRST STATE BANK,PAINT ROCK BANCSHARES INC,4699.0,5,2,0,0,FDIC,2025-09-30,3938720.0,2,TX,1,0,76866
N,1.0,17782,COLORADO SPRINGS,931.0,0.0,2022-08-31,0.0,941.0,10.0,10.0,1957-07-01,13,13,10,DENVER,17782_20250930,DIF,1957-07-01,0,PIKES PEAK NATIONAL BANK,Unknown,3380.0,4,3,0,0,OCC,2025-09-30,0.0,4,CO,0,0,80904
NM,1.0,1778,LA JUNTA,705.0,0.0,2022-08-31,0.0,705.0,15.0,0.0,1893-01-16,13,13,10,DENVER,1778_20250930,DIF,1934-01-01,0,THE STATE BANK,ARK VALLEY BANKSHARES INC,4435.0,4,5,0,0,FDIC,2025-09-30,1056732.0,2,CO,0,1,81050
SB,1.0,17797,FITCHBURG,14314.0,0.0,2022-08-31,0.0,18169.0,-288.0,3855.0,1846-02-12,2,2,1,WINDSOR,17797_20250930,DIF,1989-08-09,0,ROLLSTONE BANK & TRUST,RIVER RUN BCORP MHC,9971.0,1,8,0,0,OCC,2025-09-30,4267472.0,4,MA,0,0,01420
SM,0.0,17798,BROOKLINE,178061.0,0.0,2025-09-02,10333.0,221196.0,100514.0,32802.0,1871-01-01,2,2,1,SOUTH BOSTON,17798_20250930,DIF,1957-09-03,0,BEACON BANK AND TRUST,BEACON FINANCIAL CORP,312816.0,1,151,0,0,FED,2025-09-30,2333663.0,4,MA,0,0,02445
NM,1.0,1779,OURAY,2149.0,0.0,2022-08-31,0.0,2149.0,74.0,0.0,1913-08-20,13,13,10,DENVER,1779_20250930,DIF,1934-01-01,0,THE CITIZENS STATE BANK OF OURAY,CSBO HOLDINGS INC ESOP,5622.0,4,7,0,0,FDIC,2025-09-30,4933302.0,4,CO,0,1,81427
NM,1.0,17809,CORVALLIS,2675.0,0.0,2022-08-31,237.0,2912.0,272.0,0.0,1957-10-05,14,14,12,PORTLAND,17809_20250930,DIF,1957-10-05,0,CITIZENS BANK,CITIZENS BCORP,19868.0,4,15,0,0,FDIC,2025-09-30,2519038.0,2,OR,0,0,97333
NM,1.0,1780,CALHAN,4294.0,0.0,2022-08-31,0.0,5840.0,0.0,1546.0,1916-08-16,13,13,10,DENVER,1780_20250930,DIF,1934-01-01,0,FARMERS STATE BANK OF CALHAN,PIEPER BCORP INC,8423.0,4,4,0,0,FDIC,2025-09-30,1055119.0,8,CO,1,0,80808
N,1.0,17811,PORT LAVACA,3088.0,0.0,2022-08-31,0.0,4176.0,-8.0,1088.0,1957-11-13,13,13,11,HOUSTON,17811_20250930,DIF,1957-11-13,0,FIRST NATIONAL BANK IN PORT LAVACA,Unknown,8073.0,5,4,0,0,OCC,2025-09-30,0.0,8,TX,0,1,77979
NM,1.0,17813,HAZELTON,725.0,0.0,2024-06-30,0.0,725.0,0.0,0.0,1903-08-22,11,11,9,FARGO,17813_20250930,DIF,1957-12-01,0,BANK OF HAZELTON,Unknown,1820.0,3,1,0,0,FDIC,2025-09-30,0.0,2,ND,1,0,58544
NM,1.0,1781,SHANNON,1994.0,0.0,2022-08-31,79.0,2073.0,0.0,0.0,1930-01-14,9,9,7,PRINCETON,1781_20250930,DIF,1934-01-01,0,FIRST STATE BANK SHANNON-POLO,SHANNON BCORP INC,3950.0,3,3,0,0,FDIC,2025-09-30,1209985.0,2,IL,1,1,61078
NM,1.0,17825,BOELUS,350.0,0.0,2024-06-30,0.0,350.0,0.0,0.0,1900-01-01,11,11,10,GRAND ISLAND,17825_20250930,DIF,1958-01-01,0,BOELUS STATE BANK,Unknown,526.0,4,1,0,0,FDIC,2025-09-30,0.0,2,NE,0,0,68820
NM,1.0,17830,CHARLESTON,2160.0,0.0,2022-08-31,0.0,2160.0,100.0,0.0,1958-01-20,11,11,8,ST. LOUIS,17830_20250930,DIF,1958-02-04,0,CITIZENS' BANK OF CHARLESTON,CITIZENS BCORP INC,6219.0,4,2,0,0,FDIC,2025-09-30,2688596.0,2,MO,0,0,63834
SM,1.0,17832,WAMEGO,3648.0,0.0,2022-08-31,0.0,4197.0,0.0,549.0,1913-03-03,11,11,10,KANSAS CITY,17832_20250930,DIF,1958-01-23,0,KAW VALLEY STATE BANK AND TRUST COMPANY,KAW VALLEY BANCSHARES INC,6401.0,4,3,0,0,FED,2025-09-30,1357103.0,2,KS,1,1,66547
SB,0.0,17838,WILMINGTON,213565.0,0.0,2022-01-01,2.0,216090.0,32582.0,2523.0,1832-02-18,2,2,3,CLAYMONT,17838_20250930,DIF,1958-02-06,0,"WILMINGTON SAVINGS FUND SOCIETY, FSB",WSFS FINANCIAL CORP,546359.0,1,96,0,0,OCC,2025-09-30,3844269.0,4,DE,0,1,19801
NM,1.0,17841,KAPLAN,892.0,0.0,2022-08-31,0.0,892.0,135.0,0.0,1958-03-08,13,13,6,BATON ROUGE,17841_20250930,DIF,1958-03-08,0,VERMILION BANK & TRUST COMPANY,VERMILION BANCSHARES CORP,4589.0,5,3,0,0,FDIC,2025-09-30,1141898.0,8,LA,1,0,70548
NM,1.0,17842,LONGVIEW,60219.0,0.0,2022-08-31,0.0,60988.0,829.0,769.0,1958-03-04,13,13,11,DALLAS,17842_20250930,DIF,1958-03-04,0,TEXAS BANK AND TRUST COMPANY,RJ POPE MANAGEMENT GP LLC,100605.0,5,22,0,0,FDIC,2025-09-30,5842250.0,4,TX,0,1,75601
NM,1.0,17863,AUSTIN,3159.0,0.0,2024-06-30,1294.0,6640.0,0.0,2187.0,1958-05-01,11,11,9,MINNEAPOLIS,17863_20250930,DIF,1958-05-01,0,STERLING STATE BANK,STERLING FINANCIAL GROUP INC,10092.0,3,6,0,0,FDIC,2025-09-30,1123410.0,4,MN,1,0,55912
NM,1.0,1786,OGDEN,8727.0,0.0,2023-08-28,26.0,8875.0,1155.0,122.0,1899-09-01,9,9,7,CHAMPAIGN,1786_20250930,DIF,1934-01-01,0,LONGVIEW BANK,LONGVIEW CAPITAL CORP,18954.0,3,13,0,0,FDIC,2025-09-30,1204618.0,2,IL,0,1,61859
NM,0.0,17870,CAMBRIDGE,105211.0,0.0,2024-11-17,161.0,122551.0,4770.0,17179.0,1834-04-02,2,2,1,NORTH BOSTON,17870_20250930,DIF,1958-07-02,0,CAMBRIDGE SAVINGS BANK,CAMBRIDGE FINANCIAL GROUP INC,133720.0,1,21,0,0,FDIC,2025-09-30,2687795.0,4,MA,0,1,02138
N,1.0,17872,CORTEZ,1690.0,0.0,2022-08-31,0.0,1898.0,70.0,208.0,1958-05-31,13,13,10,DENVER,17872_20250930,DIF,1958-05-31,0,"FIRST NATIONAL BANK, CORTEZ",Unknown,4137.0,4,1,0,0,OCC,2025-09-30,0.0,4,CO,0,0,81321
NM,1.0,17878,NEW ORLEANS,697.0,0.0,2022-08-31,0.0,697.0,66.0,0.0,1958-07-01,13,13,6,BATON ROUGE,17878_20250930,DIF,1958-07-01,0,BANK OF LOUISIANA,BOL BANCSHARES INC,3334.0,5,4,0,0,FDIC,2025-09-30,1247594.0,4,LA,0,0,70130
NM,1.0,17881,ALAMO,4808.0,0.0,2023-09-06,1.0,5287.0,228.0,478.0,1958-07-12,13,13,11,HOUSTON,17881_20250930,DIF,1958-07-12,0,FREEDOM BANK,AOB VENTURES INC,7807.0,5,5,0,0,FDIC,2025-09-30,5164439.0,4,TX,1,0,78516
SI,1.0,17897,AUGUSTA,21151.0,0.0,2024-11-17,0.0,26636.0,347.0,5485.0,1870-03-19,2,2,1,CONCORD,17897_20250930,DIF,1958-08-14,0,KENNEBEC SAVINGS BANK,KENNEBEC SAVINGS MHC,36545.0,1,8,0,0,FDIC,2025-09-30,4657121.0,4,ME,0,1,04330
NM,1.0,178,WOODLAND,889.0,0.0,2022-08-31,0.0,1017.0,0.0,128.0,1907-11-25,5,5,6,ATLANTA,178_20250930,DIF,1934-01-01,0,TALBOT STATE BANK,TSB BCORP INC,1281.0,5,2,0,0,FDIC,2025-09-30,1249020.0,5,GA,1,0,31836
SM,1.0,17903,MAQUOKETA,5147.0,0.0,2024-06-30,374.0,5799.0,135.0,278.0,1958-09-02,11,11,7,CEDAR RAPIDS,17903_20250930,DIF,1958-09-02,0,MAQUOKETA STATE BANK,OHNWARD BANCSHARES INC,9277.0,4,4,0,0,FED,2025-09-30,1200311.0,2,IA,0,1,52060
NM,1.0,17906,OPELOUSAS,1738.0,0.0,2023-03-16,28.0,2062.0,134.0,296.0,1958-09-22,13,13,6,BATON ROUGE,17906_20250930,DIF,1958-09-22,0,AMERICAN BANK & TRUST COMPANY,AMERICAN BCORP INC,7443.0,5,9,0,0,FDIC,2025-09-30,1085349.0,4,LA,1,1,70570
NM,1.0,17910,DUBLIN,19594.0,0.0,2022-08-31,0.0,19594.0,2239.0,0.0,1954-11-29,5,5,6,ALBANY GA,17910_20250930,DIF,1958-10-02,0,MORRIS BANK,MORRIS STATE BANCSHARES INC,49430.0,5,9,0,0,FDIC,2025-09-30,1417212.0,4,GA,0,0,31021
N,1.0,17913,FORT STOCKTON,995.0,0.0,2022-08-31,0.0,1045.0,235.0,50.0,1958-10-01,13,13,11,LUBBOCK,17913_20250930,DIF,1958-10-01,0,FIRST NATIONAL BANK OF FORT STOCKTON,FNB HOLDING CO,4818.0,5,2,0,0,OCC,2025-09-30,3668223.0,4,TX,1,1,79735
NM,1.0,17922,STRASBURG,1421.0,0.0,2024-06-30,0.0,1421.0,0.0,0.0,1958-11-12,11,11,9,FARGO,17922_20250930,DIF,1958-11-12,0,STRASBURG STATE BANK,STRASBURG BANSHARES INC,2210.0,3,1,0,0,FDIC,2025-09-30,1125692.0,2,ND,0,0,58573
NM,1.0,17927,LEON,2603.0,0.0,2022-08-31,1.0,3396.0,87.0,792.0,1902-05-01,11,11,10,WICHITA,17927_20250930,DIF,1958-11-12,0,VINTAGE BANK KANSAS,VINTAGE BCORP INC,7646.0,4,12,0,0,FDIC,2025-09-30,4399337.0,2,KS,1,0,67074
NM,1.0,17933,INDEPENDENCE,9667.0,0.0,2022-08-31,574.0,11033.0,1350.0,792.0,1958-09-08,11,11,10,KANSAS CITY,17933_20250930,DIF,1958-11-20,0,BLUE RIDGE BANK AND TRUST CO.,BLUE RIDGE BANCSHARES INC,22047.0,4,8,0,0,FDIC,2025-09-30,1891317.0,4,MO,0,1,64057
NM,1.0,17937,FRANKLIN,12484.0,0.0,2022-08-31,1.0,12879.0,1049.0,394.0,1958-12-01,9,9,8,LOUISVILLE,17937_20250930,DIF,1958-12-01,0,FRANKLIN BANK & TRUST COMPANY,FRANKLIN BCORP INC,20313.0,3,5,0,0,FDIC,2025-09-30,1098152.0,4,KY,0,1,42134
SI,0.0,17943,MIDDLETOWN,98098.0,0.0,2025-04-30,0.0,104436.0,25733.0,6338.0,1825-05-15,2,2,1,WINDSOR,17943_20250930,DIF,1959-01-02,0,LIBERTY BANK,LIBERTY FINANCIAL CORP,202062.0,1,54,0,0,FDIC,2025-09-30,6005472.0,4,CT,0,1,06457
NM,1.0,17950,CLUTE,5494.0,0.0,2022-08-31,0.0,5507.0,993.0,13.0,1958-10-16,13,13,11,HOUSTON,17950_20250930,DIF,1959-01-02,0,FIRST STATE BANK,FSB BANCSHARES INC,12578.0,5,3,0,0,FDIC,2025-09-30,2344650.0,4,TX,1,0,77531
SI,1.0,17951,FRANKLIN,10660.0,0.0,2024-11-17,0.0,12559.0,640.0,1899.0,1869-06-30,2,2,1,CONCORD,17951_20250930,DIF,1959-01-02,0,FRANKLIN SAVINGS BANK,FRANKLIN BCORP MHC,17860.0,1,9,0,0,FDIC,2025-09-30,4459848.0,4,NH,0,0,03235
NM,1.0,17959,DOLORES,2977.0,0.0,2022-08-31,0.0,3343.0,200.0,366.0,1959-01-05,13,13,10,DENVER,17959_20250930,DIF,1959-01-05,0,THE DOLORES STATE BANK,Unknown,13345.0,4,4,0,0,FDIC,2025-09-30,0.0,4,CO,0,0,81323
SI,1.0,17960,CONCORD,16171.0,0.0,2024-11-17,1682.0,19627.0,1396.0,1774.0,1867-01-01,2,2,1,CONCORD,17960_20250930,DIF,1959-01-22,0,MERRIMACK COUNTY SAVINGS BANK,NEW HAMPSHIRE MUTUAL BCORP,28955.0,1,9,0,0,FDIC,2025-09-30,4436559.0,4,NH,0,1,03301
NM,1.0,17964,CEDAR CITY,35224.0,0.0,2022-08-31,0.0,39097.0,1784.0,3873.0,1957-11-25,14,14,12,SALT LAKE CITY,17964_20250930,DIF,1959-02-02,0,STATE BANK OF SOUTHERN UTAH,SOUTHERN UTAH BCORP,67751.0,4,17,0,0,FDIC,2025-09-30,2169871.0,4,UT,0,0,84721
NM,1.0,17975,OZARK,905.0,0.0,2022-12-15,0.0,968.0,30.0,63.0,1959-04-02,5,5,6,MONTGOMERY,17975_20250930,DIF,1959-04-02,0,THE COMMERCIAL BANK OF OZARK,COMMERCIAL BANCSHARES OZARK,2455.0,5,2,0,0,FDIC,2025-09-30,2581718.0,4,AL,1,0,36360
NM,1.0,17979,CASTROVILLE,3498.0,0.0,2019-02-26,5.0,3614.0,105.0,111.0,1959-04-02,13,13,11,AUSTIN,17979_20250930,DIF,1959-04-02,0,CASTROVILLE STATE BANK,Unknown,6430.0,5,2,0,0,FDIC,2025-09-30,0.0,8,TX,0,0,78009
NM,1.0,17982,WALTON,103.0,0.0,2024-10-25,0.0,103.0,5.0,0.0,1907-05-27,11,11,10,WICHITA,17982_20250930,DIF,1959-04-09,0,THE WALTON STATE BANK,WSB FINANCIAL INC,362.0,4,1,0,0,FDIC,2025-09-30,5787744.0,2,KS,0,0,67151
NM,1.0,17985,HONOLULU,187999.0,24850.0,2023-11-18,0.0,221024.0,19500.0,8175.0,1858-01-01,14,14,12,SAN FRANCISCO,17985_20250930,DIF,1959-04-13,0,FIRST HAWAIIAN BANK,FIRST HAWAIIAN INC,493421.0,4,45,4,0,FDIC,2025-09-30,1025608.0,4,HI,0,1,96813
NM,1.0,17993,MARENGO,1994.0,0.0,2024-06-30,0.0,2326.0,65.0,332.0,1935-04-27,11,11,7,CEDAR RAPIDS,17993_20250930,DIF,1959-04-30,0,KEYSTONE SAVINGS BANK,KEYSTONE COMMUNITY BCORP,4660.0,4,5,0,0,FDIC,2025-09-30,1131367.0,4,IA,1,1,52301
NM,1.0,17995,GREELEY,595.0,0.0,2022-08-31,0.0,595.0,0.0,0.0,1888-01-01,11,11,10,KANSAS CITY,17995_20250930,DIF,1959-05-04,0,BANK OF GREELEY,GREELEY BANCSHARES INC,1177.0,4,1,0,0,FDIC,2025-09-30,1472006.0,2,KS,1,0,66033
SM,1.0,18012,LACONIA,33126.0,0.0,2024-11-17,768.0,33895.0,993.0,1.0,1831-07-02,2,2,1,CONCORD,18012_20250930,DIF,1959-07-02,0,BANK OF NEW HAMPSHIRE,BNH FINANCIAL,55756.0,1,24,0,0,FED,2025-09-30,2545831.0,4,NH,0,1,03246
SM,1.0,18013,LEBANON,36000.0,0.0,2024-11-17,54.0,36957.0,1084.0,903.0,1899-01-01,2,2,1,CONCORD,18013_20250930,DIF,1959-07-02,0,MASCOMA BANK,MASCOMA MUTUAL FINL SERVICES,60068.0,1,26,0,0,FED,2025-09-30,3846106.0,4,NH,0,1,03766
NM,1.0,18019,GARNETT,4005.0,0.0,2022-08-31,0.0,4176.0,175.0,171.0,1899-01-01,11,11,10,KANSAS CITY,18019_20250930,DIF,1959-06-04,0,PATRIOTS BANK,GARNETT BANCSHARES INC,8420.0,4,6,0,0,FDIC,2025-09-30,1057896.0,4,KS,1,0,66032
SI,1.0,18028,NEWPORT,3062.0,0.0,2024-11-17,0.0,3447.0,459.0,385.0,1895-01-01,2,2,1,CONCORD,18028_20250930,DIF,1959-07-02,0,SUGAR RIVER BANK,SUGAR RIVER BCORP MHC,9826.0,1,6,0,0,FDIC,2025-09-30,4191399.0,5,NH,0,0,03773
SI,1.0,18030,WALPOLE,6594.0,0.0,2024-11-17,0.0,6594.0,430.0,0.0,1875-07-21,2,2,1,CONCORD,18030_20250930,DIF,1959-07-02,0,SAVINGS BANK OF WALPOLE,NEW HAMPSHIRE MUTUAL BCORP,21691.0,1,7,0,0,FDIC,2025-09-30,4436559.0,4,NH,0,0,03608
NM,1.0,18033,EMINENCE,1880.0,0.0,2016-04-09,0.0,1880.0,260.0,0.0,1959-06-29,11,11,8,SPRINGFIELD MO,18033_20250930,DIF,1959-06-29,0,SECURITY BANK OF THE OZARKS,EMINENCE BANKSHARES INC,5097.0,4,5,0,0,FDIC,2025-09-30,1140613.0,4,MO,1,0,65466
SI,1.0,18038,CLAREMONT,6059.0,0.0,2024-11-17,0.0,8010.0,0.0,1951.0,1907-04-15,2,2,1,CONCORD,18038_20250930,DIF,1959-07-02,1,CLAREMONT SAVINGS BANK,Unknown,11966.0,1,5,0,0,FDIC,2025-09-30,0.0,5,NH,0,0,03743
SM,0.0,18053,HONOLULU,235070.0,13688.0,2024-07-09,1953.0,268364.0,9000.0,17653.0,1897-01-01,14,14,12,SAN FRANCISCO,18053_20250930,DIF,1959-07-10,0,BANK OF HAWAII,BANK OF HAWAII CORP,392143.0,4,47,3,0,FED,2025-09-30,1025309.0,5,HI,0,1,96813
NM,1.0,18059,AMMON,24424.0,0.0,2022-08-31,0.0,26335.0,876.0,1911.0,1959-08-01,14,14,12,SALT LAKE CITY,18059_20250930,DIF,1959-08-01,0,THE BANK OF COMMERCE,Unknown,72561.0,4,17,0,0,FDIC,2025-09-30,0.0,4,ID,0,1,83406
NM,1.0,18063,WAYNOKA,3164.0,0.0,2022-08-31,0.0,3164.0,67.0,0.0,1959-07-20,13,13,10,OKLAHOMA CITY,18063_20250930,DIF,1959-07-20,0,COREBANK,Unknown,3715.0,5,2,0,0,FDIC,2025-09-30,0.0,4,OK,0,0,73860
NM,1.0,18071,WATKINS,1067.0,0.0,2024-06-30,0.0,1067.0,0.0,0.0,1892-01-01,11,11,7,CEDAR RAPIDS,18071_20250930,DIF,1959-09-01,0,THE WATKINS SAVINGS BANK,Unknown,1045.0,4,1,0,0,FDIC,2025-09-30,0.0,2,IA,0,1,52354
NM,1.0,1808,PEORIA,4057.0,0.0,2022-08-31,0.0,4057.0,465.0,0.0,1898-01-01,9,9,7,PRINCETON,1808_20250930,DIF,1934-01-01,0,BETTER BANKS,BACKLUND INV EMPLOYEE STK OWNERSHIP PLAN,10756.0,3,10,0,0,FDIC,2025-09-30,5986136.0,8,IL,1,0,61615
NM,1.0,18094,MARQUETTE,368.0,0.0,2022-08-31,0.0,368.0,-10.0,0.0,1906-07-26,11,11,10,WICHITA,18094_20250930,DIF,1959-10-15,0,MARQUETTE FARMERS STATE BANK OF MARQUETTE,Unknown,637.0,4,1,0,0,FDIC,2025-09-30,0.0,2,KS,0,0,67464
NM,1.0,18100,TOPEKA,9929.0,0.0,2022-08-31,348.0,11897.0,1440.0,1620.0,1959-11-30,11,11,10,KANSAS CITY,18100_20250930,DIF,1959-11-30,0,COREFIRST BANK & TRUST,COMMERCE B&T HOLDING EMPLOYEE STK OWNERSHIP PLAN,29687.0,4,13,0,0,FDIC,2025-09-30,2883298.0,4,KS,1,1,66611
NM,1.0,18101,BUCKLIN,341.0,0.0,2022-08-31,0.0,341.0,0.0,0.0,1909-01-01,11,11,10,HAYS,18101_20250930,DIF,1959-10-15,0,"THE FARMERS STATE BANK OF BUCKLIN, KANSAS",Unknown,1647.0,4,1,0,0,FDIC,2025-09-30,0.0,2,KS,0,0,67834
NM,1.0,18109,DE SOTO,2464.0,0.0,2022-08-31,0.0,3693.0,210.0,1229.0,1909-03-13,11,11,10,KANSAS CITY,18109_20250930,DIF,1959-11-16,0,TRICENTURY BANK,ASTRA FINANCIAL CORP,5412.0,4,3,0,0,FDIC,2025-09-30,2723862.0,4,KS,0,0,66018
NM,1.0,18118,PLAINS,5514.0,0.0,2023-08-29,0.0,6070.0,768.0,556.0,1906-01-01,11,11,10,WICHITA,18118_20250930,DIF,1959-11-25,0,BANK OF THE PLAINS,PLAINS BANCSHARES INC,12603.0,4,9,0,0,FDIC,2025-09-30,4552981.0,4,KS,0,0,67869
NM,1.0,18120,WESTPHALIA,2421.0,0.0,2022-08-31,0.0,2421.0,0.0,0.0,1908-01-01,11,11,10,KANSAS CITY,18120_20250930,DIF,1959-11-30,0,"THE FARMERS STATE BANK OF ALICEVILLE, KANSAS",Unknown,5406.0,4,3,0,0,FDIC,2025-09-30,0.0,2,KS,0,0,66093
SM,1.0,18129,MIDDLETOWN,36851.0,0.0,2024-11-17,0.0,45842.0,5800.0,8991.0,1819-01-01,2,2,1,SOUTH BOSTON,18129_20250930,DIF,1960-01-02,0,BANKNEWPORT,OCEANPOINT FINL PARTNERS MHC,67846.0,1,20,0,0,FED,2025-09-30,3297481.0,4,RI,0,1,02842
N,1.0,18136,WAUCHULA,785.0,0.0,2022-08-31,76.0,861.0,0.0,0.0,1960-01-12,5,5,6,TAMPA,18136_20250930,DIF,1960-01-12,0,FIRST NATIONAL BANK OF WAUCHULA,FIRST HARDEE HOLDING CORP,3171.0,5,1,0,0,OCC,2025-09-30,2376558.0,8,FL,1,0,33873
NM,1.0,18143,WATKINSVILLE,6726.0,0.0,2023-07-31,0.0,7309.0,1271.0,583.0,1960-02-01,5,5,6,ATLANTA,18143_20250930,DIF,1960-02-01,0,OCONEE STATE BANK,OCONEE FINANCIAL CORP,20234.0,5,7,0,0,FDIC,2025-09-30,2729499.0,4,GA,0,0,30677
NM,1.0,18145,EAGLE BUTTE,333.0,0.0,2024-06-30,0.0,333.0,225.0,0.0,1960-02-01,11,11,9,SIOUX FALLS,18145_20250930,DIF,1960-02-01,0,STATE BANK OF EAGLE BUTTE,Unknown,3477.0,4,1,0,0,FDIC,2025-09-30,0.0,2,SD,0,0,57625
NM,1.0,18155,BRIDGE CITY,1602.0,0.0,2022-08-31,18.0,2514.0,10.0,894.0,1960-02-27,13,13,11,HOUSTON,18155_20250930,DIF,1960-02-27,0,BRIDGE CITY STATE BANK,ODOM AMTEX HOLDINGS TRUST THE,6038.0,5,3,0,0,FDIC,2025-09-30,5679326.0,4,TX,0,0,77611
NM,1.0,18164,JORDAN,1077.0,0.0,2022-08-31,0.0,1077.0,0.0,0.0,1960-03-14,14,14,9,BILLINGS,18164_20250930,DIF,1960-03-14,0,GARFIELD COUNTY BANK,GARFIELD COUNTY BANCSHARES INC,2745.0,4,2,0,0,FDIC,2025-09-30,1842551.0,2,MT,0,0,59337
NM,1.0,18165,MAPLE HILL,1271.0,0.0,2022-08-31,15.0,1662.0,75.0,376.0,1906-01-01,11,11,10,WICHITA,18165_20250930,DIF,1960-03-08,0,THE STOCKGROWERS STATE BANK,MAPLE HILL BANCSHARES INC,3586.0,4,4,0,0,FDIC,2025-09-30,1064410.0,8,KS,1,0,66507
NM,1.0,18171,O'FALLON,6010.0,0.0,2022-08-31,0.0,6010.0,353.0,0.0,1960-03-28,9,9,8,MOUNT VERNON,18171_20250930,DIF,1960-03-28,0,BANK OF O'FALLON,SECURITY FIRST BANCSHARES INC,8414.0,3,2,0,0,FDIC,2025-09-30,3176661.0,4,IL,1,1,62269
N,1.0,18185,CORSICANA,19081.0,0.0,2025-06-06,0.0,20816.0,910.0,1735.0,1934-01-01,13,13,11,DALLAS,18185_20250930,DIF,1960-04-29,0,COMMUNITY NATIONAL BANK & TRUST OF TEXAS,COMMUNITY BK HOLDINGS TX INC,47593.0,5,19,0,0,OCC,2025-09-30,1104017.0,4,TX,0,1,75110
SI,1.0,18190,DANBURY,24545.0,0.0,2022-08-31,10611.0,36713.0,1275.0,1557.0,1866-07-01,2,2,2,WINDSOR,18190_20250930,DIF,1960-07-01,0,UNION SAVINGS BANK,USB BCORP INC,63343.0,1,26,0,0,FDIC,2025-09-30,5301421.0,4,CT,0,1,06810
SI,1.0,18194,GUILFORD,16736.0,0.0,2025-07-01,0.0,17030.0,1190.0,294.0,1875-12-06,2,2,1,WINDSOR,18194_20250930,DIF,1960-07-01,0,ASCEND BANK,ASCEND MUTUAL HOLDING,26287.0,1,13,0,0,FDIC,2025-09-30,5419700.0,4,CT,0,0,06437
SI,0.0,18198,NAUGATUCK,23739.0,0.0,2025-04-28,1.0,25484.0,4326.0,1744.0,1870-01-01,2,2,1,WINDSOR,18198_20250930,DIF,1960-07-01,0,ION BANK,ION FINANCIAL MHC INC,69653.0,1,37,0,0,FDIC,2025-09-30,3912766.0,4,CT,0,1,06770
SI,1.0,18199,NEWTOWN,20948.0,0.0,2022-08-31,0.0,23369.0,1598.0,2421.0,1855-10-01,2,2,2,WINDSOR,18199_20250930,DIF,1960-07-01,0,NEWTOWN SAVINGS BANK,NSB MUTUAL HOLDING CO,42785.0,1,19,0,0,FDIC,2025-09-30,5045444.0,5,CT,0,0,06470
SI,1.0,18200,NORWICH,9759.0,0.0,2022-08-31,0.0,14385.0,1390.0,4626.0,1869-01-01,2,2,1,WINDSOR,18200_20250930,DIF,1960-07-01,1,DIME BANK,Unknown,23494.0,1,14,0,0,FDIC,2025-09-30,0.0,4,CT,0,1,06360
SI,1.0,18204,STAMFORD,31546.0,0.0,2024-11-17,0.0,40942.0,506.0,9396.0,1851-06-20,2,2,2,WINDSOR,18204_20250930,DIF,1960-07-01,1,FIRST COUNTY BANK,Unknown,32475.0,1,14,0,0,FDIC,2025-09-30,0.0,4,CT,0,1,06901
SI,1.0,18213,RIDGEFIELD,12941.0,0.0,2022-08-31,0.0,16349.0,-28.0,3408.0,1871-05-14,2,2,2,WINDSOR,18213_20250930,DIF,1960-07-01,0,FAIRFIELD COUNTY BANK,FAIRFIELD COUNTY BANK MHC,40992.0,1,17,0,0,FDIC,2025-09-30,3824373.0,4,CT,0,1,06877
NM,1.0,18216,MONAHANS,868.0,0.0,2022-08-31,0.0,868.0,180.0,0.0,1960-05-09,13,13,11,LUBBOCK,18216_20250930,DIF,1960-05-09,0,TEJAS BANK,SANDHILLS BANCSHARES INC,8019.0,5,1,0,0,FDIC,2025-09-30,3951998.0,4,TX,1,0,79756
NM,1.0,1821,FOWLER,2054.0,0.0,2022-08-31,0.0,2426.0,381.0,372.0,1931-12-14,9,9,7,INDIANAPOLIS,1821_20250930,DIF,1933-12-04,0,FOWLER STATE BANK,BENTON FINANCIAL CORP,6131.0,3,3,0,0,FDIC,2025-09-30,1130762.0,2,IN,0,1,47944
N,0.0,18221,STAMFORD,1023189.0,0.0,2024-11-17,2525.0,1116241.0,168000.0,90527.0,1870-01-01,2,2,2,WINDSOR,18221_20250930,DIF,1960-07-01,0,"WEBSTER BANK, NATIONAL ASSOCIATION",WEBSTER FINANCIAL CORP,1892012.0,1,196,0,0,OCC,2025-09-30,1145476.0,4,CT,0,1,06905
SI,1.0,18227,STAFFORD SPRINGS,1082.0,0.0,2022-08-31,0.0,1082.0,0.0,0.0,1872-07-16,2,2,1,WINDSOR,18227_20250930,DIF,1960-07-01,1,STAFFORD SAVINGS BANK,Unknown,7963.0,1,3,0,0,FDIC,2025-09-30,0.0,7,CT,0,0,06076
SI,1.0,18229,WINSTED,13555.0,0.0,2022-08-31,0.0,15230.0,16.0,1675.0,1875-07-15,2,2,1,WINDSOR,18229_20250930,DIF,1960-07-01,0,NORTHWEST COMMUNITY BANK,CONNECTICUT MUTUAL HOLDING CO,23666.0,1,15,0,0,FDIC,2025-09-30,2937100.0,4,CT,0,0,06098
SI,1.0,18237,JEWETT CITY,3422.0,0.0,2022-08-31,0.0,3832.0,699.0,410.0,1873-06-23,2,2,1,WINDSOR,18237_20250930,DIF,1960-07-01,1,JEWETT CITY SAVINGS BANK,Unknown,14115.0,1,7,0,0,FDIC,2025-09-30,0.0,4,CT,0,1,06351
SI,1.0,18238,GROTON,4416.0,0.0,2022-08-31,0.0,12782.0,731.0,8366.0,1854-01-01,2,2,1,WINDSOR,18238_20250930,DIF,1960-07-01,1,CHELSEA GROTON BANK,Unknown,42206.0,1,14,0,0,FDIC,2025-09-30,0.0,5,CT,0,0,06340
SI,1.0,18258,THOMASTON,21010.0,0.0,2022-08-31,0.0,23003.0,700.0,1993.0,1874-10-01,2,2,1,WINDSOR,18258_20250930,DIF,1960-07-01,1,THOMASTON SAVINGS BANK,Unknown,39397.0,1,16,0,0,FDIC,2025-09-30,0.0,4,CT,0,0,06787
NM,1.0,18266,WOBURN,57126.0,0.0,2024-11-17,0.0,58469.0,15779.0,1343.0,1960-02-25,2,2,1,NORTH BOSTON,18266_20250930,DIF,1960-06-23,0,NORTHERN BANK & TRUST COMPANY,NORTHERN BCORP INC,116309.0,1,14,0,0,FDIC,2025-09-30,1246935.0,4,MA,0,1,01801
SM,1.0,18272,ANKENY,21196.0,0.0,2024-06-30,3042.0,25312.0,1515.0,1074.0,1960-07-15,11,11,7,DES MOINES,18272_20250930,DIF,1960-07-15,0,COMMUNITY STATE BANK,QCR HOLDINGS INC,37475.0,4,9,0,0,FED,2025-09-30,2125813.0,4,IA,0,1,50023
NM,1.0,18284,FOSTORIA,2997.0,0.0,2024-06-30,13.0,3383.0,125.0,373.0,1916-08-24,11,11,7,SIOUX CITY,18284_20250930,DIF,1960-08-04,0,FARMERS SAVINGS BANK,FOSTORIA BANKSHARES INC,4245.0,4,2,0,0,FDIC,2025-09-30,1416569.0,4,IA,0,1,51340
N,1.0,18296,HONOLULU,7284.0,0.0,2024-09-16,0.0,7308.0,491.0,24.0,1960-09-16,14,14,12,SAN FRANCISCO,18296_20250930,DIF,1960-09-16,0,HAWAII NATIONAL BANK,HAWAII NATIONAL BANCSHARES INC,24391.0,4,10,0,0,OCC,2025-09-30,1142439.0,4,HI,0,0,96817
NM,0.0,18297,TYLER,113432.0,0.0,2022-08-31,1962.0,129670.0,2472.0,14276.0,1960-10-03,13,13,11,DALLAS,18297_20250930,DIF,1960-10-03,0,SOUTHSIDE BANK,SOUTHSIDE BANCSHARES INC,170985.0,5,57,0,0,FDIC,2025-09-30,1245068.0,4,TX,0,1,75701
SM,1.0,1829,FAIRMOUNT,485.0,0.0,2022-08-31,0.0,505.0,260.0,20.0,1902-12-18,9,9,7,INDIANAPOLIS,1829_20250930,DIF,1934-01-01,0,THE FAIRMOUNT STATE BANK,FAIRMOUNT BANKING CO,1774.0,3,1,0,0,FED,2025-09-30,2033440.0,2,IN,0,1,46928
NM,1.0,18301,SHALLOWATER,2132.0,0.0,2018-07-11,0.0,2132.0,0.0,0.0,1960-10-08,13,13,11,LUBBOCK,18301_20250930,DIF,1960-10-08,0,FIRST STATE BANK,SOUTH TEXAS BANCSHARES INC,5372.0,5,5,0,0,FDIC,2025-09-30,3361506.0,4,TX,1,0,79363
NM,1.0,18302,POWELL,411.0,0.0,2025-08-01,0.0,411.0,0.0,0.0,1910-01-01,13,13,11,DALLAS,18302_20250930,DIF,1960-09-29,0,PRODUCER BANK OF TEXAS,PRODUCER BCORP INC,1363.0,5,2,0,0,FDIC,2025-09-30,5962635.0,8,TX,0,0,75153
NM,1.0,1833,BROWNSBURG,10448.0,0.0,2022-08-31,0.0,11981.0,479.0,1533.0,1910-12-01,9,9,7,INDIANAPOLIS,1833_20250930,DIF,1934-01-01,0,STATE BANK,LIZTON FINANCIAL CORP,21665.0,3,10,0,0,FDIC,2025-09-30,1129618.0,4,IN,0,1,46112
NM,0.0,18342,BOSTON,3.0,0.0,2024-11-17,0.0,3.0,0.0,0.0,1960-12-14,2,2,1,SOUTH BOSTON,18342_20250930,DIF,1960-12-14,0,BOSTON TRUST WALDEN COMPANY,Unknown,624.0,1,1,0,0,FDIC,2025-09-30,0.0,7,MA,1,1,02108
NM,1.0,18344,HUNTINGTON,14590.0,0.0,2022-08-31,0.0,15495.0,1821.0,905.0,1961-01-23,13,13,11,HOUSTON,18344_20250930,DIF,1961-01-23,0,UBANK,UBANK HOLDINGS INC,26396.0,5,8,0,0,FDIC,2025-09-30,1109601.0,4,TX,0,0,75949
NM,1.0,18355,DALLAS,28196.0,0.0,2022-08-31,4.0,31604.0,440.0,3404.0,1961-03-20,13,13,11,DALLAS,18355_20250930,DIF,1961-03-20,0,NORTH DALLAS BANK & TRUST CO.,Unknown,30842.0,5,6,0,0,FDIC,2025-09-30,0.0,4,TX,0,1,75230
NM,1.0,18356,SHELDON,2234.0,0.0,2024-06-30,2.0,2244.0,0.0,8.0,1961-03-15,11,11,7,SIOUX CITY,18356_20250930,DIF,1961-03-15,0,CITIZENS STATE BANK,DIXON BANCSHARES INC,4216.0,4,2,0,0,FDIC,2025-09-30,1969485.0,2,IA,1,1,51201
NM,1.0,18361,LA CROSSE,8428.0,0.0,2022-08-31,6.0,10220.0,5430.0,1786.0,1961-02-27,9,9,9,MADISON,18361_20250930,DIF,1961-03-20,0,COULEE BANK,COULEE BANCSHARES INC,12755.0,3,8,0,0,FDIC,2025-09-30,1126989.0,4,WI,1,0,54601
NM,1.0,18374,SCOTT CITY,20835.0,0.0,2024-05-31,3.0,23223.0,1481.0,2385.0,1961-04-21,11,11,10,HAYS,18374_20250930,DIF,1961-04-21,0,SECURITY STATE BANK,SECURITY BANCSHARES INC,22516.0,4,4,0,0,FDIC,2025-09-30,1248836.0,2,KS,0,1,67871
NM,1.0,18378,WANAMINGO,1480.0,0.0,2024-06-30,0.0,1539.0,115.0,59.0,1917-12-05,11,11,9,MINNEAPOLIS,18378_20250930,DIF,1961-04-27,0,SECURITY STATE BANK OF WANAMINGO,WANAMINGO BANCSHARES INC,3042.0,3,1,0,0,FDIC,2025-09-30,1135271.0,2,MN,1,0,55983
NM,1.0,18380,AURORA,1681.0,0.0,2022-08-31,0.0,1681.0,171.0,0.0,1906-01-01,11,11,8,SPRINGFIELD MO,18380_20250930,DIF,1961-05-04,0,FIRST INDEPENDENT BANK,FIRST IND BANCSHARES INC,3660.0,4,1,0,0,FDIC,2025-09-30,1364053.0,8,MO,0,0,65605
NM,1.0,18384,SUMNER,4511.0,0.0,2024-06-30,30.0,5265.0,100.0,724.0,1888-01-01,11,11,7,CEDAR RAPIDS,18384_20250930,DIF,1961-05-11,0,NORTHEAST SECURITY BANK,INDEPENDENCE BANCSHARES INC,9099.0,4,7,0,0,FDIC,2025-09-30,1206201.0,2,IA,0,1,50674
NM,1.0,18385,MARCELINE,6442.0,0.0,2024-06-30,0.0,7945.0,240.0,1503.0,1908-05-13,11,11,10,COLUMBIA MO,18385_20250930,DIF,1961-05-11,0,REGIONAL MISSOURI BANK,RMB BANCSHARES INC,15554.0,4,9,0,0,FDIC,2025-09-30,1904963.0,2,MO,1,0,64658
NM,1.0,18389,CARLSBAD,2868.0,0.0,2023-06-01,0.0,2881.0,450.0,13.0,1961-06-03,13,13,11,ALBUQUERQUE,18389_20250930,DIF,1961-06-03,0,WESTERN COMMERCE BANK,WESTERN COM BANCSHARES CARLSBAD,31606.0,4,12,0,0,FDIC,2025-09-30,1109227.0,4,NM,1,1,88220
NM,1.0,18394,MARSHALLTOWN,1029.0,0.0,2024-06-30,0.0,1086.0,0.0,57.0,1894-04-01,11,11,7,DES MOINES,18394_20250930,DIF,1961-06-01,0,FARMERS SAVINGS BANK,BEAMAN BANCSHARES INC,3639.0,4,3,0,0,FDIC,2025-09-30,1889499.0,2,IA,0,1,50158
NM,1.0,1839,ROYAL CENTER,1794.0,0.0,2022-08-31,0.0,1794.0,5.0,0.0,1930-05-22,9,9,7,INDIANAPOLIS,1839_20250930,DIF,1934-01-01,0,COMMUNITY STATE BANK,COMMUNITY BCORP,3606.0,3,4,0,0,FDIC,2025-09-30,1210347.0,2,IN,0,1,46978
NM,1.0,183,MCRAE,1361.0,0.0,2022-08-31,0.0,1361.0,71.0,0.0,1929-02-23,5,5,6,ALBANY GA,183_20250930,DIF,1934-01-01,0,THE MERCHANTS & CITIZENS BANK,M&C BANCSHARES INC,3208.0,5,1,0,0,FDIC,2025-09-30,5586321.0,7,GA,0,0,31055
NM,1.0,18400,EMMETSBURG,7964.0,0.0,2024-06-30,6.0,8980.0,0.0,1010.0,1929-07-01,11,11,7,DES MOINES,18400_20250930,DIF,1961-06-07,0,IOWA TRUST & SAVINGS BANK,EMMETSBURG BANK SHARES INC,12374.0,4,4,0,0,FDIC,2025-09-30,1131901.0,4,IA,1,1,50536
NM,1.0,18402,MILAN,22731.0,0.0,2022-08-31,4115.0,30147.0,800.0,3301.0,1961-06-28,9,9,7,PRINCETON,18402_20250930,DIF,1961-06-28,0,BLACKHAWK BANK & TRUST,BLACKHAWK BCORP INC,36164.0,3,19,0,0,FDIC,2025-09-30,1823345.0,4,IL,0,1,61264
SI,1.0,18408,BANGOR,74199.0,0.0,2024-11-17,6841.0,90137.0,26399.0,9097.0,1852-02-14,2,2,1,CONCORD,18408_20250930,DIF,1961-07-01,0,BANGOR SAVINGS BANK,BANGOR BCORP MHC,122178.0,1,73,0,0,FDIC,2025-09-30,3547999.0,4,ME,0,1,04401
N,0.0,18409,WILMINGTON,4415602.0,0.0,2022-08-31,52478.0,4893071.0,649571.0,424991.0,1852-01-01,2,16,3,CLAYMONT,18409_20250930,DIF,1961-07-01,0,"TD BANK, NATIONAL ASSOCIATION",TORONTO-DOMINION BANK THE,7307885.0,1,1104,0,0,OCC,2025-09-30,1238565.0,9,DE,0,1,19808
NM,1.0,18429,MORTON,61824.0,0.0,2023-06-09,6.0,74632.0,0.0,12802.0,1961-08-26,9,9,7,SPRINGFIELD IL,18429_20250930,DIF,1961-08-26,0,MORTON COMMUNITY BANK,HOMETOWN CMTY BCORP EMPLOYEE STK OWNERSHIP PLAN&TR,121395.0,3,51,0,0,FDIC,2025-09-30,2762795.0,4,IL,1,1,61550
NM,1.0,18431,SALINA,5034.0,0.0,2022-08-31,0.0,5272.0,680.0,238.0,1955-06-30,11,11,10,HAYS,18431_20250930,DIF,1961-09-11,0,FIRST BANK KANSAS,OTTAWA BANCSHARES INC,17682.0,4,8,0,0,FDIC,2025-09-30,1056769.0,8,KS,1,1,67401
NM,1.0,1843,BOSWELL,2236.0,0.0,2022-08-31,2.0,2300.0,95.0,62.0,1903-04-23,9,9,7,INDIANAPOLIS,1843_20250930,DIF,1934-01-01,0,THE FARMERS AND MERCHANTS BANK,FARMERS&MERCHANTS BCORP THE,4653.0,3,4,0,0,FDIC,2025-09-30,1135507.0,2,IN,0,1,47921
SM,1.0,18443,CRESCO,13268.0,0.0,2024-06-30,0.0,13552.0,1255.0,284.0,1888-04-01,11,11,7,CEDAR RAPIDS,18443_20250930,DIF,1961-10-03,0,CUSB BANK,HOW-WIN DEVELOPMENT CO,18201.0,4,7,0,0,FED,2025-09-30,1200496.0,2,IA,1,1,52136
NM,1.0,18448,RADCLIFFE,1898.0,0.0,2024-06-30,3.0,1901.0,45.0,0.0,1914-10-14,11,11,7,DES MOINES,18448_20250930,DIF,1961-10-26,0,SECURITY STATE BANK,DRAKE HOLDING CO,2186.0,4,4,0,0,FDIC,2025-09-30,1208410.0,2,IA,1,1,50230
N,1.0,18454,ZAPATA,956.0,0.0,2022-08-31,0.0,956.0,0.0,0.0,1961-11-16,13,13,11,HOUSTON,18454_20250930,DIF,1961-11-16,0,ZAPATA NATIONAL BANK,ZAPATA BANCSHARES INC,2270.0,5,1,0,0,OCC,2025-09-30,1107223.0,8,TX,1,0,78076
NM,1.0,18463,MARION,362.0,0.0,2024-06-30,76.0,439.0,0.0,1.0,1899-03-01,11,11,7,CEDAR RAPIDS,18463_20250930,DIF,1961-12-07,0,HERITAGE BANK,DELHI BANCSHARES INC,735.0,4,3,0,0,FDIC,2025-09-30,1205594.0,8,IA,1,1,52302
NM,1.0,18474,HOISINGTON,2828.0,0.0,2022-08-31,19.0,2847.0,135.0,0.0,1961-12-30,11,11,10,HAYS,18474_20250930,DIF,1961-12-30,0,FIRST KANSAS BANK,OTTAWA BANCSHARES INC,6345.0,4,4,0,0,FDIC,2025-09-30,1056769.0,5,KS,1,0,67544
NM,1.0,1847,HUNTINGTON,3913.0,0.0,2022-08-31,87.0,4696.0,78.0,696.0,1911-06-23,9,9,7,INDIANAPOLIS,1847_20250930,DIF,1934-01-01,0,THE BIPPUS STATE BANK,BIPPUS STATE CORP,12799.0,3,5,0,0,FDIC,2025-09-30,1210217.0,4,IN,1,1,46750
NM,1.0,18483,LAKE ANDES,131.0,0.0,2024-06-30,0.0,131.0,43.0,0.0,1962-02-05,11,11,9,SIOUX FALLS,18483_20250930,DIF,1962-02-05,0,ANDES STATE BANK,RANDALL BANCSHARES INC,807.0,4,1,0,0,FDIC,2025-09-30,1245246.0,2,SD,0,0,57356
SM,1.0,18489,OGALLALA,17029.0,0.0,2024-06-30,0.0,18812.0,6942.0,1783.0,1962-02-26,11,11,10,GRAND ISLAND,18489_20250930,DIF,1962-02-26,0,ADAMS BANK & TRUST,ADAGE LLC,45592.0,4,21,0,0,FED,2025-09-30,5006472.0,2,NE,0,1,69153
SM,1.0,1849,RICHMOND,3084.0,0.0,2022-06-27,0.0,3151.0,170.0,67.0,1882-01-01,9,9,7,INDIANAPOLIS,1849_20250930,DIF,1934-01-01,0,WAYNE BANK AND TRUST CO.,WAYTRU BCORP,6201.0,3,3,0,0,FED,2025-09-30,1204533.0,4,IN,1,1,47374
NM,0.0,18503,LOS ANGELES,411890.0,4732.0,2022-08-31,0.0,422970.0,55431.0,6348.0,1962-04-19,14,14,12,LOS ANGELES,18503_20250930,DIF,1962-04-19,0,CATHAY BANK,CATHAY GENERAL BCORP,554056.0,4,65,0,0,FDIC,2025-09-30,1843080.0,4,CA,0,0,90012
NM,1.0,18508,EVANSDALE,1128.0,0.0,2024-06-30,0.0,1136.0,91.0,8.0,1962-04-23,11,11,7,CEDAR RAPIDS,18508_20250930,DIF,1962-04-23,0,FIRST SECURITY STATE BANK,EVANS BANCSHARES INC,2367.0,4,2,0,0,FDIC,2025-09-30,1130726.0,4,IA,1,1,50707
NM,1.0,18514,DEMING,2168.0,0.0,2022-08-31,0.0,2168.0,450.0,0.0,1962-04-30,13,13,11,ALBUQUERQUE,18514_20250930,DIF,1962-04-30,0,FIRST NEW MEXICO BANK,FIRST NM FINANCIAL CORP,7315.0,4,3,0,0,FDIC,2025-09-30,1107830.0,4,NM,0,0,88030
NM,1.0,18518,WESTSIDE,3160.0,0.0,2024-06-30,6.0,4446.0,252.0,1280.0,1907-06-01,11,11,7,SIOUX CITY,18518_20250930,DIF,1962-05-03,0,WESTSIDE STATE BANK,HALBUR BANCSHARES INC,6550.0,4,6,0,0,FDIC,2025-09-30,1209024.0,2,IA,1,1,51467
NM,1.0,18519,GREENBRIER,17341.0,0.0,2022-08-31,0.0,17425.0,2341.0,84.0,1962-05-07,13,13,8,LITTLE ROCK,18519_20250930,DIF,1962-05-07,0,FIRST SERVICE BANK,FIRST SERVICE BANCSHARES INC,25245.0,5,11,0,0,FDIC,2025-09-30,1137266.0,4,AR,0,0,72058
NM,1.0,1852,CHARLES CITY,5408.0,0.0,2024-06-30,60.0,5483.0,-625.0,15.0,1903-07-14,11,11,7,DES MOINES,1852_20250930,DIF,1934-01-01,0,FIRST SECURITY BANK AND TRUST COMPANY,CEDAR VALLEY BANKSHARES LTD,12729.0,4,11,0,0,FDIC,2025-09-30,1207815.0,2,IA,1,1,50616
N,1.0,18561,SIOUX FALLS,10148.0,0.0,2024-03-18,0.0,10148.0,2514.0,0.0,1962-07-17,11,11,9,MINNEAPOLIS,18561_20250930,DIF,1962-07-17,0,"SUNRISE BANKS, NATIONAL ASSOCIATION",UNIVERSITY FINL GBC DBA SUNRISE BANKS,83337.0,4,5,0,0,OCC,2025-09-30,1139103.0,4,SD,0,0,57108
N,1.0,18564,BROOKFIELD,5123.0,0.0,2023-05-31,0.0,5905.0,450.0,782.0,1962-07-23,9,9,7,CHICAGO,18564_20250930,DIF,1962-07-23,0,FIRST NATIONAL BANK OF BROOKFIELD,BROOKFIELD BANCSHARES INC,11691.0,3,1,0,0,OCC,2025-09-30,4477075.0,4,IL,0,0,60513
NM,1.0,18566,BOURBONNAIS,3586.0,0.0,2022-08-31,253.0,4188.0,74.0,349.0,1962-06-20,9,9,7,CHAMPAIGN,18566_20250930,DIF,1962-06-29,0,PEOPLES BANK OF KANKAKEE COUNTY,ROMY HAMMES INC,5946.0,3,3,0,0,FDIC,2025-09-30,1201813.0,4,IL,1,0,60914
NM,1.0,18568,EASTON,29.0,0.0,2022-08-31,0.0,29.0,130.0,0.0,1962-08-01,9,9,7,SPRINGFIELD IL,18568_20250930,DIF,1962-08-01,0,COMMUNITY BANK OF EASTON,UIR ACCEPTANCE CORP,114.0,3,1,0,0,FDIC,2025-09-30,5951291.0,2,IL,0,0,62633
NM,1.0,18569,WAUSAU,18033.0,0.0,2022-08-31,140.0,23571.0,365.0,5398.0,1962-08-01,9,9,7,APPLETON,18569_20250930,DIF,1962-08-01,0,PEOPLES STATE BANK,PSB HOLDINGS INC,33900.0,3,12,0,0,FDIC,2025-09-30,2321419.0,4,WI,0,0,54401
SM,1.0,18576,MIDLAND,9086.0,0.0,2022-08-31,0.0,9563.0,0.0,477.0,1962-08-04,13,13,11,LUBBOCK,18576_20250930,DIF,1962-08-04,0,BANK OF TEXAS,TALL CITY BANCSHARES INC,16372.0,5,3,0,0,FED,2025-09-30,3929821.0,4,TX,0,0,79701
SM,1.0,1857,WAUKON,5695.0,0.0,2024-06-30,0.0,6363.0,0.0,668.0,1871-01-01,11,11,7,CEDAR RAPIDS,1857_20250930,DIF,1934-01-01,0,WAUKON STATE BANK,WFC INC,10518.0,4,4,0,0,FED,2025-09-30,1142783.0,2,IA,1,1,52172
NM,1.0,18584,ITHACA,4209.0,0.0,2024-08-27,0.0,4246.0,-56.0,37.0,1962-08-29,9,9,7,DETROIT,18584_20250930,DIF,1962-08-29,0,COMMERCIAL BANK,COMMERCIAL NATL FINL CORP,15339.0,3,11,0,0,FDIC,2025-09-30,1249299.0,4,MI,0,0,48847
NM,1.0,18592,OWASSO,8201.0,0.0,2022-08-31,0.0,8207.0,448.0,6.0,1962-09-08,13,13,10,OKLAHOMA CITY,18592_20250930,DIF,1962-09-08,0,FIRST BANK OF OWASSO,Unknown,21737.0,5,3,0,0,FDIC,2025-09-30,0.0,4,OK,1,0,74055
NM,1.0,18609,WOLFFORTH,21182.0,0.0,2017-07-12,221.0,23866.0,835.0,2463.0,1962-09-11,13,13,11,LUBBOCK,18609_20250930,DIF,1962-10-11,0,AMERICAN BANK OF COMMERCE,AMERICO BANCSHARES INC,35220.0,5,13,0,0,FDIC,2025-09-30,1107193.0,4,TX,0,0,79382
NM,1.0,1860,MONTEZUMA,555.0,0.0,2024-06-30,0.0,555.0,0.0,0.0,1891-01-10,11,11,7,DES MOINES,1860_20250930,DIF,1934-01-01,0,MONTEZUMA STATE BANK,CHIEF IOWA INVESTMENT CORP,1340.0,4,1,0,0,FDIC,2025-09-30,4516255.0,2,IA,0,1,50171
SM,1.0,18610,EVEREST,5114.0,0.0,2022-08-31,3.0,5443.0,365.0,326.0,1901-08-05,11,11,10,KANSAS CITY,18610_20250930,DIF,1954-11-19,0,THE UNION STATE BANK OF EVEREST,EVEREST BANCSHARES INC,12195.0,4,9,0,0,FED,2025-09-30,1057515.0,2,KS,1,0,66424
NM,1.0,18618,LOS ANGELES,144951.0,0.0,2023-12-01,0.0,148545.0,71990.0,3594.0,1962-10-29,14,14,12,LOS ANGELES,18618_20250930,DIF,1962-10-29,0,SMBC MANUBANK,SUMITOMO MITSUI FINL GROUP INC,171798.0,4,8,0,0,FDIC,2025-09-30,3133262.0,4,CA,0,0,90071
NM,1.0,18620,JACKSON,2458.0,0.0,2022-08-31,0.0,2531.0,110.0,73.0,1962-11-17,9,9,4,LEXINGTON,18620_20250930,DIF,1962-11-17,0,CITIZENS BANK & TRUST CO. OF JACKSON,JOHN R TURNER HOLDING CO,6698.0,3,3,0,0,FDIC,2025-09-30,2753869.0,4,KY,1,1,41339
NM,1.0,18641,PALATINE,2847.0,0.0,2025-02-06,0.0,2847.0,1604.0,0.0,1962-12-20,9,9,7,CHICAGO,18641_20250930,DIF,1962-12-20,0,FIRST BANK AND TRUST COMPANY OF ILLINOIS,AMERINATIONAL CMTY SERVICES LLC,10646.0,3,1,0,0,FDIC,2025-09-30,5880113.0,4,IL,0,1,60067
NM,1.0,1865,OVERBROOK,1134.0,0.0,2022-08-31,0.0,1339.0,90.0,205.0,1889-01-01,11,11,10,KANSAS CITY,1865_20250930,DIF,1934-01-01,0,THE KANSAS STATE BANK OVERBROOK KANSAS,Unknown,2624.0,4,2,0,0,FDIC,2025-09-30,0.0,2,KS,0,0,66524
NM,1.0,18660,CORPUS CHRISTI,2694.0,0.0,2022-08-31,8.0,3494.0,0.0,792.0,1962-12-14,13,13,11,HOUSTON,18660_20250930,DIF,1962-12-14,0,CHARTER BANK,CHARTER BANCSHARES INC,11915.0,5,4,0,0,FDIC,2025-09-30,2963556.0,4,TX,1,0,78410
NM,1.0,18677,LUBBOCK,3072.0,0.0,2025-05-19,0.0,3072.0,471.0,0.0,1917-01-01,13,13,11,LUBBOCK,18677_20250930,DIF,1963-01-03,0,VICTORY BANK,VICTORY FINANCIAL CORP,6335.0,5,4,0,0,FDIC,2025-09-30,5786484.0,4,TX,0,0,79407
NM,1.0,1867,OAKLEY,4877.0,0.0,2025-09-05,350.0,6514.0,0.0,1287.0,1907-03-17,11,11,10,HAYS,1867_20250930,DIF,1934-01-01,0,"THE FARMERS STATE BANK OF OAKLEY, KANSAS",SECURITY BANCSHARES INC,6879.0,4,2,0,0,FDIC,2025-09-30,1248836.0,2,KS,0,1,67748
NM,1.0,1868,TESCOTT,9508.0,0.0,2025-06-20,2.0,9790.0,0.0,280.0,1887-01-01,11,11,10,HAYS,1868_20250930,DIF,1934-01-01,0,THE BANK OF TESCOTT,TESCOTT BANCSHARES INC,13310.0,4,6,0,0,FDIC,2025-09-30,1841004.0,2,KS,1,0,67484
NM,1.0,18698,SAN ANGELO,1950.0,0.0,2022-08-31,0.0,2884.0,257.0,934.0,1963-02-16,13,13,11,LUBBOCK,18698_20250930,DIF,1963-02-16,0,TEXAS STATE BANK,TEXAS BCORP INC,12320.0,5,4,0,0,FDIC,2025-09-30,2472973.0,4,TX,1,1,76901
SM,1.0,1869,ARKANSAS CITY,7846.0,0.0,2022-08-31,34.0,8212.0,201.0,332.0,1908-12-30,11,11,10,WICHITA,1869_20250930,DIF,1934-01-01,0,UNION STATE BANK,DOCKING BANCSHARES INC,18592.0,4,12,0,0,FED,2025-09-30,3094121.0,4,KS,1,1,67005
NM,1.0,18710,THORNTON,3794.0,0.0,2022-08-31,0.0,4146.0,385.0,352.0,1963-02-25,13,13,10,DENVER,18710_20250930,DIF,1963-02-25,0,NORTH VALLEY BANK,CITIZENS INVESTMENT CO,10646.0,4,2,0,0,FDIC,2025-09-30,1050226.0,4,CO,1,0,80229
SM,0.0,18714,LAKEWOOD,258461.0,0.0,2025-03-24,0.0,299046.0,20941.0,40585.0,1963-02-27,13,13,10,DENVER,18714_20250930,DIF,1963-02-27,0,FIRSTBANK,REISHER FAMILY FOUNDATION,527709.0,4,95,0,0,FED,2025-09-30,5533585.0,4,CO,0,1,80215
NM,1.0,18719,MCGREGOR,488.0,0.0,2022-08-31,6.0,566.0,70.0,72.0,1963-03-18,11,11,9,MINNEAPOLIS,18719_20250930,DIF,1963-03-18,0,GRAND TIMBER BANK,MIDCOUNTRY ACQUISITION CORP,2598.0,3,1,0,0,FDIC,2025-09-30,5281989.0,4,MN,0,0,55760
NM,1.0,18724,CARLETON,540.0,0.0,2024-06-30,2.0,614.0,131.0,72.0,1890-02-01,11,11,10,GRAND ISLAND,18724_20250930,DIF,1963-03-14,0,CITIZENS STATE BANK,CARLETON AGENCY INC,1028.0,4,1,0,0,FDIC,2025-09-30,1052949.0,2,NE,0,0,68326
N,1.0,18734,MIAMI,30693.0,0.0,2023-01-06,1.0,30937.0,30317.0,243.0,1963-04-01,5,5,6,SOUTH FLORIDA,18734_20250930,DIF,1963-04-01,0,"NEWTEK BANK, NATIONAL ASSOCIATION",NEWTEKONE INC,48895.0,5,1,0,0,OCC,2025-09-30,5586741.0,4,FL,0,0,33131
NM,1.0,18740,GENEVA,8637.0,0.0,2024-06-30,58.0,12450.0,225.0,3755.0,1899-03-03,11,11,10,GRAND ISLAND,18740_20250930,DIF,1963-03-28,0,HEARTLAND BANK,GENEVA STATE CO,24433.0,4,15,0,0,FDIC,2025-09-30,1834396.0,2,NE,0,1,68361
NM,1.0,18748,BRUNING,8854.0,0.0,2024-06-30,378.0,10371.0,615.0,1139.0,1891-09-01,11,11,10,GRAND ISLAND,18748_20250930,DIF,1963-04-05,0,BRUNING BANK,BRUNING BANCSHARES INC,15423.0,4,6,0,0,FDIC,2025-09-30,1840753.0,2,NE,0,0,68322
NM,1.0,1874,OVERLAND PARK,8163.0,0.0,2025-04-01,171.0,8334.0,-173.0,0.0,1924-09-02,11,11,10,KANSAS CITY,1874_20250930,DIF,1934-01-01,0,BANK OF LABOR,INTL BROTHERHOOD BOILERMAKERS IRON SHIP BUILDERS BLACKSMITHS FORGERS&HELPERS,26480.0,4,6,0,0,FDIC,2025-09-30,1051317.0,4,KS,0,1,66202
NM,1.0,18761,WATERLOO,3593.0,0.0,2024-06-30,7.0,3713.0,199.0,113.0,1905-01-01,11,11,10,OMAHA,18761_20250930,DIF,1963-04-25,0,FOUNDATION ONE BANK,FOUNDATION FIRST CORP,3857.0,4,3,0,0,FDIC,2025-09-30,3822874.0,4,NE,0,0,68069
NM,1.0,18780,SUNDOWN,3828.0,0.0,2022-08-31,0.0,3828.0,40.0,0.0,1963-05-21,13,13,11,LUBBOCK,18780_20250930,DIF,1963-05-21,0,SUNDOWN STATE BANK,SUNDOWN BANKSHARES INC,9370.0,5,5,0,0,FDIC,2025-09-30,1104389.0,2,TX,0,0,79372
NM,1.0,18820,CEDAR RAPIDS,3622.0,0.0,2024-06-30,3.0,3695.0,170.0,70.0,1936-05-25,11,11,10,GRAND ISLAND,18820_20250930,DIF,1963-06-26,0,CEDAR RAPIDS STATE BANK,CEDAR RAPIDS STATE CO,4246.0,4,3,0,0,FDIC,2025-09-30,1065202.0,2,NE,1,0,68627
NM,1.0,18841,ROLLA,4081.0,0.0,2022-08-31,340.0,4462.0,300.0,41.0,1963-08-01,11,11,8,SPRINGFIELD MO,18841_20250930,DIF,1963-08-01,0,PHELPS COUNTY BANK,PHELPS CNTY BK EMPLOYEE STK OWNERSHIP PLAN,17177.0,4,6,0,0,FDIC,2025-09-30,1249600.0,4,MO,1,0,65401
SM,1.0,18856,TULSA,2956.0,0.0,2022-08-31,0.0,3058.0,370.0,102.0,1963-08-10,13,13,10,OKLAHOMA CITY,18856_20250930,DIF,1963-08-10,0,OKLAHOMA CAPITAL BANK,SOONER SW BANKSHARES INC,5217.0,5,3,0,0,FED,2025-09-30,2411619.0,4,OK,0,0,74136
SM,1.0,18858,ATHENS,2415.0,0.0,2022-08-31,3.0,2418.0,45.0,0.0,1919-02-12,9,9,4,COLUMBUS,18858_20250930,DIF,1963-08-09,0,THE HOCKING VALLEY BANK,HOCKING VALLEY BANCSHARES INC,8615.0,3,5,0,0,FED,2025-09-30,2170868.0,4,OH,0,0,45701
NM,1.0,18879,KENNETT,1656.0,0.0,2017-01-01,6.0,1891.0,0.0,229.0,1963-09-07,11,11,8,ST. LOUIS,18879_20250930,DIF,1963-09-07,0,KENNETT TRUST BANK,KENNETT BANCSHARES INC,2984.0,4,1,0,0,FDIC,2025-09-30,1136308.0,8,MO,0,1,63857
N,1.0,18880,GILLETTE,5493.0,0.0,2022-08-31,0.0,5495.0,325.0,2.0,1963-09-10,14,14,10,BILLINGS,18880_20250930,DIF,1963-09-10,0,FIRST NATIONAL BANK OF GILLETTE,FIRST NB GILLETTE HOLDING CO,12608.0,4,3,0,0,OCC,2025-09-30,1057908.0,7,WY,1,0,82716
N,1.0,18885,MORA,2698.0,0.0,2022-08-31,427.0,3811.0,0.0,686.0,1963-09-26,11,11,9,MINNEAPOLIS,18885_20250930,DIF,1963-09-26,0,NEIGHBORHOOD NATIONAL BANK,PEOPLES BANKSHARES INC,7400.0,3,6,0,0,OCC,2025-09-30,1124024.0,8,MN,1,0,55051
N,1.0,18892,KRESS,741.0,0.0,2023-06-08,0.0,741.0,2.0,0.0,1963-09-17,13,13,11,LUBBOCK,18892_20250930,DIF,1963-09-17,0,KRESS NATIONAL BANK,KRESS NATIONAL BANCSHARES INC,1425.0,5,1,0,0,OCC,2025-09-30,2741307.0,2,TX,1,0,79052
N,1.0,18895,LAKE JACKSON,2808.0,0.0,2022-08-31,2.0,2813.0,172.0,3.0,1963-09-26,13,13,11,HOUSTON,18895_20250930,DIF,1963-09-26,0,FIRST NATIONAL BANK OF LAKE JACKSON,AUSTIN COLONY INC,2609.0,5,2,0,0,OCC,2025-09-30,1130829.0,5,TX,1,0,77566
N,1.0,18922,OAK CREEK,13173.0,0.0,2022-08-31,0.0,13181.0,250.0,8.0,1963-10-28,9,9,7,MILWAUKEE,18922_20250930,DIF,1963-10-28,0,TRI CITY NATIONAL BANK,TRI CITY BANKSHARES CORP,45604.0,3,28,0,0,OCC,2025-09-30,1203974.0,4,WI,0,1,53154
NM,1.0,18924,ELMORE CITY,1357.0,0.0,2022-11-21,0.0,1357.0,150.0,0.0,1903-01-01,13,13,10,OKLAHOMA CITY,18924_20250930,DIF,1963-10-24,0,OLD GLORY BANK,OLD GLORY HOLDING CO,5656.0,5,1,0,0,FDIC,2025-09-30,5752014.0,7,OK,0,0,73433
NM,1.0,18930,BELLE GLADE,1101.0,0.0,2022-08-31,0.0,1101.0,0.0,0.0,1963-11-14,5,5,6,SOUTH FLORIDA,18930_20250930,DIF,1963-11-14,0,BANK OF BELLE GLADE,BELLE GLADE BANK CORP,4131.0,5,1,0,0,FDIC,2025-09-30,1138272.0,8,FL,0,0,33430
N,1.0,18937,SAINT MARTIN,168.0,0.0,2022-08-31,0.0,168.0,0.0,0.0,1963-11-12,11,11,9,MINNEAPOLIS,18937_20250930,DIF,1963-11-12,0,ST. MARTIN NATIONAL BANK,Unknown,727.0,3,1,0,0,OCC,2025-09-30,0.0,2,MN,1,0,56376
NM,1.0,18942,COLDSPRING,54.0,0.0,2006-03-31,0.0,54.0,0.0,0.0,1963-11-09,13,13,11,HOUSTON,18942_20250930,DIF,1963-11-09,0,"THE BANK OF SAN JACINTO COUNTY, COLDSPRING, TEXAS",BANC SAN JACINTO CNTY BANCSHARES,1636.0,5,1,0,0,FDIC,2025-09-30,1107456.0,5,TX,1,0,77331
NM,1.0,1895,UPPERCO,12658.0,0.0,2022-08-31,42.0,12951.0,595.0,251.0,1919-01-01,2,2,5,BALTIMORE,1895_20250930,DIF,1934-01-01,0,FARMERS AND MERCHANTS BANK,FARMERS&MERCHANTS BANCSHARES,18175.0,1,9,0,0,FDIC,2025-09-30,5041521.0,4,MD,0,0,21155
NM,1.0,18983,SACRAMENTO,102882.0,0.0,2022-08-31,0.0,104478.0,-768.0,1596.0,1963-12-16,14,14,12,SACRAMENTO,18983_20250930,DIF,1963-12-16,0,RIVER CITY BANK,Unknown,104802.0,4,9,0,0,FDIC,2025-09-30,0.0,4,CA,0,0,95833
NM,1.0,19001,DEXTER,11036.0,0.0,2022-08-31,0.0,13774.0,369.0,2738.0,1964-01-15,11,11,8,ST. LOUIS,19001_20250930,DIF,1964-01-15,0,FIRST MIDWEST BANK OF DEXTER,MIDWEST BCORP &AFFILIATES ESOP TR,16498.0,4,8,0,0,FDIC,2025-09-30,2575230.0,4,MO,1,0,63841
NM,1.0,19008,HARWOOD HEIGHTS,55854.0,0.0,2022-08-31,0.0,65388.0,2423.0,9534.0,1964-01-22,9,9,7,CHICAGO,19008_20250930,DIF,1964-01-22,0,PARKWAY BANK AND TRUST COMPANY,PARKWAY BCORP INC,74609.0,3,27,0,0,FDIC,2025-09-30,1200692.0,4,IL,0,1,60706
NM,1.0,1900,RUSSELL,6082.0,0.0,2025-07-11,1.0,7748.0,541.0,1665.0,1903-01-01,11,11,9,SIOUX FALLS,1900_20250930,DIF,1934-01-01,0,FIRST INDEPENDENT BANK,FINLAYSON BANCSHARES INC,13442.0,3,12,0,0,FDIC,2025-09-30,1126037.0,2,MN,1,0,56169
SM,1.0,19011,GRUNDY,4369.0,0.0,2022-08-31,24.0,4393.0,0.0,0.0,1964-01-21,5,5,5,RICHMOND,19011_20250930,DIF,1964-01-21,0,LEGACY BANK,GNB BANKSHARES CORP,7466.0,1,4,0,0,FED,2025-09-30,2630193.0,4,VA,0,0,24614
N,1.0,19024,TEXARKANA,3410.0,0.0,2022-08-31,0.0,3414.0,175.0,4.0,1964-02-05,13,13,11,DALLAS,19024_20250930,DIF,1964-02-05,0,COMMERCIAL NATIONAL BANK OF TEXARKANA,COMMERCIAL BANCSHARES INC,9645.0,5,6,0,0,OCC,2025-09-30,1118818.0,4,TX,1,0,75503
NM,1.0,1903,SAINT CLAIR,2179.0,0.0,2022-08-31,0.0,2179.0,16.0,0.0,1907-07-17,11,11,9,MANKATO,1903_20250930,DIF,1934-01-01,0,ST. CLAIR STATE BANK (INCORPORATED),SAINT CLAIR AGENCY INC,3191.0,3,1,0,0,FDIC,2025-09-30,1128723.0,2,MN,1,0,56080
SM,1.0,1905,TRUMAN,7703.0,0.0,2025-01-24,1.0,8580.0,36.0,876.0,1916-05-12,11,11,9,MANKATO,1905_20250930,DIF,1934-01-01,0,"PROFINIUM, INC.",PROFINIUM FINL HOLDINGS INC,11646.0,3,4,0,0,FED,2025-09-30,1128527.0,2,MN,0,1,56088
NM,1.0,1906,TRIMONT,737.0,0.0,2022-08-31,0.0,737.0,372.0,0.0,1901-10-01,11,11,9,MANKATO,1906_20250930,DIF,1934-01-01,0,TRIUMPH STATE BANK,TRIMONT BCORP,3229.0,3,4,0,0,FDIC,2025-09-30,1127306.0,2,MN,0,0,56176
N,1.0,19070,CLARKSDALE,5579.0,0.0,2022-12-15,38.0,5617.0,11.0,0.0,1964-04-01,13,13,8,JACKSON MS,19070_20250930,DIF,1964-04-01,0,FIRST NATIONAL BANK OF CLARKSDALE,FIRST VALLEY NATIONAL CORP,8839.0,5,5,0,0,OCC,2025-09-30,1097100.0,2,MS,0,1,38614
N,1.0,19080,DALLAS,60034.0,0.0,2022-08-31,2280.0,63306.0,24.0,992.0,1964-04-09,13,13,11,DALLAS,19080_20250930,DIF,1964-04-09,0,INWOOD NATIONAL BANK,INWOOD BANCSHARES INC,73340.0,5,12,0,0,OCC,2025-09-30,1134498.0,4,TX,1,0,75209
NM,1.0,19087,LINDSAY,1280.0,0.0,2024-06-30,9.0,1818.0,0.0,529.0,1953-04-15,11,11,10,GRAND ISLAND,19087_20250930,DIF,1964-04-06,0,BANK OF LINDSAY,LINDSAY STATE CO,2107.0,4,1,0,0,FDIC,2025-09-30,1059537.0,2,NE,0,0,68644
NM,1.0,1908,WANDA,2568.0,0.0,2025-04-25,0.0,2568.0,225.0,0.0,1932-06-01,11,11,9,MANKATO,1908_20250930,DIF,1934-01-01,0,THE WANDA STATE BANK,Unknown,4718.0,3,2,0,0,FDIC,2025-09-30,0.0,2,MN,0,0,56294
NM,1.0,19101,ABERDEEN,8504.0,0.0,2022-08-31,0.0,8504.0,591.0,0.0,1964-05-01,2,2,5,BALTIMORE,19101_20250930,DIF,1964-05-01,0,HARFORD BANK,Unknown,18042.0,1,9,0,0,FDIC,2025-09-30,0.0,4,MD,0,0,21001
NM,1.0,19105,MACON,120.0,0.0,2022-08-31,5.0,125.0,0.0,0.0,1964-05-11,9,9,7,CHAMPAIGN,19105_20250930,DIF,1964-05-11,0,PEOPLES BANK OF MACON,Unknown,525.0,3,1,0,0,FDIC,2025-09-30,0.0,7,IL,0,0,62544
SM,0.0,19123,MINOT,36514.0,0.0,2024-06-30,15.0,39625.0,3222.0,3096.0,1964-05-11,11,11,9,FARGO,19123_20250930,DIF,1964-05-11,0,FIRST WESTERN BANK & TRUST,WESTBRAND INC,55174.0,3,20,0,0,FED,2025-09-30,1127650.0,4,ND,0,1,58701
NM,1.0,1913,CASTLE ROCK,3654.0,0.0,2022-08-31,5.0,3659.0,360.0,0.0,1916-08-16,11,11,9,MINNEAPOLIS,1913_20250930,DIF,1934-01-01,0,CASTLE ROCK BANK,Unknown,5167.0,3,3,0,0,FDIC,2025-09-30,0.0,8,MN,1,0,55010
NM,1.0,19143,RACELAND,5597.0,0.0,2022-08-31,0.0,5818.0,0.0,221.0,1964-06-20,13,13,6,BATON ROUGE,19143_20250930,DIF,1964-06-20,0,UNITED COMMUNITY BANK,COMMUNITY BCORP OF LA INC,24820.0,5,11,0,0,FDIC,2025-09-30,1977154.0,4,LA,1,0,70394
NM,1.0,19163,WRENS,9865.0,0.0,2022-08-31,14.0,10438.0,387.0,559.0,1964-07-06,5,5,6,ATLANTA,19163_20250930,DIF,1964-07-06,0,FIRST STATE BANK,CSRA BANK CORP,14644.0,5,6,0,0,FDIC,2025-09-30,1493672.0,4,GA,0,0,30833
N,1.0,19184,CASPER,7371.0,0.0,2022-08-31,4.0,7375.0,1369.0,0.0,1964-07-27,14,14,10,BILLINGS,19184_20250930,DIF,1964-07-27,0,HILLTOP NATIONAL BANK,MIDLAND FINANCIAL CORP,25806.0,4,7,0,0,OCC,2025-09-30,1054840.0,4,WY,1,1,82609
NM,1.0,19212,POPLAR BLUFF,12245.0,0.0,2022-08-31,116.0,12536.0,628.0,175.0,1964-08-29,11,11,8,ST. LOUIS,19212_20250930,DIF,1964-08-29,0,FIRST MIDWEST BANK OF THE OZARKS,MIDWEST BCORP &AFFILIATES ESOP TR,22275.0,4,11,0,0,FDIC,2025-09-30,2575230.0,4,MO,1,0,63901
N,1.0,19213,OMAHA,20590.0,0.0,2024-06-30,2103.0,23314.0,706.0,621.0,1964-09-01,11,11,10,OMAHA,19213_20250930,DIF,1964-09-01,0,SECURITY NATIONAL BANK OF OMAHA,SECURITY NATIONAL CORP,52380.0,4,14,0,0,OCC,2025-09-30,1140323.0,4,NE,0,1,68124
SM,1.0,19215,PLANO,18198.0,0.0,2024-08-29,0.0,18198.0,329.0,0.0,1964-08-29,13,13,11,DALLAS,19215_20250930,DIF,1964-08-29,0,BENCHMARK BANK,QUINLAN BANCSHARES INC,37932.0,5,7,0,0,FED,2025-09-30,1133428.0,4,TX,1,1,75024
SM,1.0,19220,DENVER,17109.0,0.0,2022-08-31,153.0,21177.0,499.0,3915.0,1964-09-01,13,13,10,DENVER,19220_20250930,DIF,1964-09-01,0,ANB BANK,STURM FINANCIAL GROUP INC,70077.0,4,33,0,0,FED,2025-09-30,2942702.0,4,CO,1,1,80206
NM,1.0,19222,FREMONT,61327.0,0.0,2024-04-01,0.0,64031.0,4957.0,2704.0,1964-09-03,14,14,12,SACRAMENTO,19222_20250930,DIF,1964-09-03,0,FREMONT BANK,FREMONT BCORP,171927.0,4,23,0,0,FDIC,2025-09-30,1026801.0,4,CA,1,1,94538
N,1.0,19230,MONMOUTH,506.0,0.0,2022-08-31,0.0,506.0,72.0,0.0,1964-09-10,9,9,7,PRINCETON,19230_20250930,DIF,1964-09-10,0,COMMUNITY NATIONAL BANK IN MONMOUTH,CNB HOLDINGS INC,1480.0,3,1,0,0,OCC,2025-09-30,5690367.0,2,IL,0,0,61462
NM,1.0,19234,COVINGTON,5468.0,0.0,2022-08-31,0.0,5468.0,1350.0,0.0,1964-09-14,13,13,6,BATON ROUGE,19234_20250930,DIF,1964-09-14,0,AMERICAN BANK,AMERICAN BANCSHARES INC,13574.0,5,5,0,0,FDIC,2025-09-30,1104615.0,4,LA,0,0,70433
N,1.0,19254,SPICER,6747.0,0.0,2025-01-17,0.0,7313.0,127.0,566.0,1964-10-08,11,11,9,MANKATO,19254_20250930,DIF,1964-10-08,0,HERITAGE BANK NATIONAL ASSOCIATION,HERITAGE BANCSHARES GROUP EMPLOYEE STK OWNERSHIP PLAN&TR,10774.0,3,5,0,0,OCC,2025-09-30,5618101.0,4,MN,1,0,56288
NM,1.0,19274,HARRISBURG,5943.0,0.0,2024-06-30,0.0,5949.0,310.0,6.0,1964-10-10,11,11,10,GRAND ISLAND,19274_20250930,DIF,1964-10-10,0,BANNER CAPITAL BANK,BANNER CNTY BAN EMPLOYEE STK OWNERSHIP PLAN&TR,11283.0,4,6,0,0,FDIC,2025-09-30,4437426.0,2,NE,1,0,69345
NM,1.0,19278,CARMINE,2305.0,0.0,2022-08-31,0.0,2305.0,0.0,0.0,1907-07-01,13,13,11,AUSTIN,19278_20250930,DIF,1964-11-04,0,CARMINE STATE BANK,Unknown,2320.0,5,1,0,0,FDIC,2025-09-30,0.0,7,TX,0,0,78932
NM,1.0,19285,LOGAN,2810.0,0.0,2024-01-02,0.0,2810.0,174.0,0.0,1964-11-24,5,5,5,SCOTT DEPOT,19285_20250930,DIF,1964-11-24,0,LOGAN BANK & TRUST COMPANY,LOGAN COUNTY BANCSHARES INC,8342.0,1,6,0,0,FDIC,2025-09-30,1133259.0,8,WV,0,1,25601
NM,1.0,19288,SALLISAW,14292.0,0.0,2024-04-01,1.0,14358.0,694.0,65.0,1964-11-19,13,13,10,OKLAHOMA CITY,19288_20250930,DIF,1964-11-19,0,FIRSTAR BANK,FIRSTAR FINANCIAL CORP,39616.0,5,12,0,0,FDIC,2025-09-30,3017915.0,4,OK,0,0,74955
NM,1.0,1929,TRIMONT,940.0,0.0,2022-08-31,8.0,1049.0,0.0,101.0,1912-01-01,11,11,9,MANKATO,1929_20250930,DIF,1934-01-01,0,FARMERS STATE BANK OF TRIMONT,FSB HOLDING CO INC,1706.0,3,2,0,0,FDIC,2025-09-30,1126185.0,2,MN,0,0,56176
N,1.0,19300,OMAHA,78017.0,0.0,2024-06-30,192.0,79344.0,9200.0,1135.0,1964-12-02,11,11,10,OMAHA,19300_20250930,DIF,1964-12-02,0,AMERICAN NATIONAL BANK,AMERICAN NATIONAL CORP,123690.0,4,36,0,0,OCC,2025-09-30,1059715.0,4,NE,1,1,68114
NM,1.0,1931,ELKO NEW MARKET,1407.0,0.0,2022-08-31,0.0,1407.0,55.0,0.0,1905-06-10,11,11,9,MINNEAPOLIS,1931_20250930,DIF,1934-01-01,0,NEW MARKET BANK,MARKET BCORP INC,5376.0,3,3,0,0,FDIC,2025-09-30,1143904.0,4,MN,0,0,55054
NM,1.0,19333,OAK BROOK,36378.0,0.0,2022-08-31,0.0,37769.0,-1292.0,1391.0,1964-12-01,9,9,7,CHICAGO,19333_20250930,DIF,1964-12-01,0,REPUBLIC BANK OF CHICAGO,REPUBLIC BCORP CO,68846.0,3,19,0,0,FDIC,2025-09-30,1201194.0,4,IL,0,1,60523
NM,1.0,1933,NORWOOD YOUNG AM,1371.0,0.0,2022-08-31,0.0,1371.0,97.0,0.0,1914-06-05,11,11,9,MINNEAPOLIS,1933_20250930,DIF,1934-01-01,0,CITIZENS STATE BANK NORWOOD YOUNG AMERICA,PIESCO INC,3734.0,3,1,0,0,FDIC,2025-09-30,2780717.0,2,MN,1,0,55368
NM,1.0,19349,KENNETT,2622.0,0.0,2022-08-31,0.0,2638.0,0.0,16.0,1965-01-18,11,13,8,ST. LOUIS,19349_20250930,DIF,1965-01-18,0,FIRST MISSOURI BANK OF SEMO,FIRST MALDEN BANCSHARES INC,6701.0,4,4,0,0,FDIC,2025-09-30,1491445.0,2,MO,1,0,63857
NM,1.0,19351,ESTES PARK,1037.0,0.0,2022-08-31,0.0,1037.0,260.0,0.0,1965-01-18,13,11,10,DENVER,19351_20250930,DIF,1965-01-18,0,BANK OF ESTES PARK,FIRST NATIONAL FINANCIAL CORP,4726.0,4,3,0,0,FDIC,2025-09-30,1051193.0,4,CO,1,0,80517
NM,1.0,19354,HODGE,1428.0,0.0,2022-08-31,0.0,1428.0,150.0,0.0,1965-01-26,13,13,11,SHREVEPORT,19354_20250930,DIF,1965-01-26,0,HODGE BANK & TRUST COMPANY,HODGE BANCSHARES INC,3680.0,5,1,0,0,FDIC,2025-09-30,1130678.0,4,LA,1,0,71247
NM,1.0,19358,ROUND TOP,13011.0,0.0,2022-08-31,0.0,13011.0,106.0,0.0,1912-01-01,13,13,11,AUSTIN,19358_20250930,DIF,1965-01-21,0,ROUND TOP STATE BANK,ROUND TOP BANCSHARES INC,19232.0,5,7,0,0,FDIC,2025-09-30,2684721.0,4,TX,0,0,78954
NM,1.0,1936,BOWLING GREEN,4366.0,0.0,2022-08-31,0.0,4366.0,0.0,0.0,1887-01-26,11,11,8,ST. LOUIS,1936_20250930,DIF,1934-01-01,0,COMMUNITY STATE BANK OF MISSOURI,Unknown,7017.0,4,3,0,0,FDIC,2025-09-30,0.0,2,MO,1,0,63334
SM,1.0,19371,WHITE HALL,22069.0,0.0,2022-10-21,6.0,22276.0,275.0,201.0,1965-02-11,13,13,8,LITTLE ROCK,19371_20250930,DIF,1965-02-11,0,RELYANCE BANK,JEFFERSON BANCSHARES INC,37777.0,5,21,0,0,FED,2025-09-30,2267665.0,4,AR,0,1,71602
NM,1.0,1937,WAYNESVILLE,1340.0,0.0,2022-08-31,0.0,1340.0,45.0,0.0,1911-07-05,11,11,8,SPRINGFIELD MO,1937_20250930,DIF,1934-01-01,0,BANK OF CROCKER,Unknown,3337.0,4,4,0,0,FDIC,2025-09-30,0.0,7,MO,1,0,65583
NM,1.0,19381,WOODLAND PARK,1436.0,0.0,2022-08-31,0.0,1436.0,90.0,0.0,1965-03-01,13,13,10,DENVER,19381_20250930,DIF,1965-03-01,0,PARK STATE BANK & TRUST,Unknown,5157.0,4,1,0,0,FDIC,2025-09-30,0.0,4,CO,1,1,80863
NM,1.0,19396,JAMESTOWN,7285.0,0.0,2024-06-30,91.0,8854.0,750.0,1478.0,1965-03-15,11,11,9,FARGO,19396_20250930,DIF,1965-03-15,0,UNISON BANK,MCINTOSH CNTY BK HOLDING,15075.0,3,4,0,0,FDIC,2025-09-30,1143678.0,4,ND,0,0,58401
NM,1.0,19401,JACINTO CITY,7543.0,0.0,2022-08-31,17.0,7706.0,675.0,146.0,1965-04-10,13,13,11,HOUSTON,19401_20250930,DIF,1965-04-10,0,CAPITAL BANK,JSA FAMILY LTD PARTNERSHIP,21596.0,5,9,0,0,FDIC,2025-09-30,3035227.0,4,TX,0,0,77029
NM,0.0,19416,LOS ANGELES,108056.0,0.0,2022-08-31,0.0,108056.0,8429.0,0.0,1965-04-27,14,14,12,LOS ANGELES,19416_20250930,DIF,1965-04-27,0,CTBC BANK CORP. (USA),CTBC FINANCIAL HOLDING CO LTD,112432.0,4,20,0,0,FDIC,2025-09-30,3080209.0,4,CA,0,1,90017
N,1.0,1941,TIPTON,3492.0,0.0,2024-06-30,0.0,3673.0,50.0,181.0,1906-12-29,11,11,8,COLUMBIA MO,1941_20250930,DIF,1934-01-01,0,"THE TIPTON LATHAM BANK, NATIONAL ASSOCIATION",LATHAM BANCSHARES INC,4081.0,4,2,0,0,OCC,2025-09-30,1097744.0,2,MO,1,0,65081
NM,1.0,19420,SANDERSVILLE,3753.0,0.0,2022-08-31,0.0,3773.0,160.0,20.0,1965-05-03,5,5,6,ATLANTA,19420_20250930,DIF,1965-05-03,0,CITIZENS BANK OF THE SOUTH,Unknown,12604.0,5,3,0,0,FDIC,2025-09-30,0.0,4,GA,0,0,31082
NM,1.0,19434,STOCKTON,5017.0,0.0,2019-04-04,0.0,5600.0,0.0,583.0,1965-05-21,14,14,12,SACRAMENTO,19434_20250930,DIF,1965-05-21,0,BAC COMMUNITY BANK,BAC FINANCIAL INC,17869.0,4,8,0,0,FDIC,2025-09-30,3033746.0,4,CA,1,0,95202
NM,1.0,19440,BESSEMER,1713.0,0.0,2022-08-31,0.0,1713.0,3.0,0.0,1965-05-17,5,5,6,SHELBY,19440_20250930,DIF,1965-05-17,0,FIRST FINANCIAL BANK,FIRSTFED BCORP EMPLOYEE STK OWNERSHIP PLAN,5763.0,5,8,0,0,FDIC,2025-09-30,3340556.0,4,AL,1,0,35020
NM,1.0,19448,NEW ALBANY,11731.0,0.0,2022-08-31,2.0,12121.0,269.0,388.0,1896-01-01,13,13,8,JACKSON MS,19448_20250930,DIF,1965-06-03,0,BNA BANK,BNA BANCSHARES INC,19610.0,5,8,0,0,FDIC,2025-09-30,3326176.0,4,MS,0,1,38652
NM,1.0,19459,CHATHAM,51338.0,0.0,2022-08-31,2761.0,57169.0,930.0,3070.0,1965-07-12,9,9,7,SPRINGFIELD IL,19459_20250930,DIF,1965-07-12,0,UNITED COMMUNITY BANK,UNITED COMMUNITY BCORP INC,83106.0,3,46,0,0,FDIC,2025-09-30,1097182.0,4,IL,0,1,62629
NM,1.0,1945,NEVADA,1652.0,0.0,2022-08-31,0.0,1652.0,70.0,0.0,1906-09-14,11,11,10,SPRINGFIELD MO,1945_20250930,DIF,1934-01-01,0,METZ BANKING COMPANY,Unknown,2707.0,4,2,0,0,FDIC,2025-09-30,0.0,2,MO,1,0,64772
NM,1.0,1946,MADISON,3015.0,0.0,2024-06-30,0.0,3015.0,196.0,0.0,1888-02-20,11,11,8,COLUMBIA MO,1946_20250930,DIF,1934-01-01,0,ALLIANT BANK,NEMO BANCSHARES INC,7371.0,4,6,0,0,FDIC,2025-09-30,2352253.0,2,MO,1,0,65263
N,1.0,19482,MINERVA,13442.0,0.0,2022-08-31,220.0,13780.0,1275.0,118.0,1965-09-01,9,9,4,COLUMBUS,19482_20250930,DIF,1965-09-01,0,CONSUMERS NATIONAL BANK,CONSUMERS BCORP INC,27268.0,3,22,0,0,OCC,2025-09-30,2286228.0,4,OH,0,0,44657
N,1.0,19502,LIVINGSTON,12408.0,0.0,2022-08-31,1.0,12411.0,0.0,2.0,1965-10-25,13,13,6,NASHVILLE,19502_20250930,DIF,1965-10-25,0,FIRST NATIONAL BANK OF TENNESSEE,Unknown,39680.0,5,7,0,0,OCC,2025-09-30,0.0,4,TN,1,0,38570
NM,1.0,19506,SPRINGFIELD,23606.0,0.0,2022-08-31,105.0,25697.0,2350.0,1986.0,1965-10-29,9,9,7,SPRINGFIELD IL,19506_20250930,DIF,1965-10-29,0,BANK OF SPRINGFIELD,SPRING BCORP INC,51934.0,3,17,0,0,FDIC,2025-09-30,1247361.0,4,IL,0,1,62711
NM,1.0,19512,SAINT LOUIS,15982.0,0.0,2025-09-02,0.0,15982.0,1344.0,0.0,1965-11-08,11,11,8,ST. LOUIS,19512_20250930,DIF,1965-11-08,0,ROYAL BANKS OF MISSOURI,ROYAL BANCSHARES INC,24961.0,4,19,0,0,FDIC,2025-09-30,1096372.0,4,MO,0,0,63132
SI,1.0,19525,FAIRBANKS,3876.0,0.0,2022-08-31,0.0,4014.0,-50.0,138.0,1965-12-03,14,14,12,SEATTLE,19525_20250930,DIF,1965-12-03,1,MT. MCKINLEY BANK,Unknown,16072.0,4,5,0,0,FDIC,2025-09-30,0.0,4,AK,0,0,99701
SI,1.0,19531,MACHIAS,41313.0,0.0,2024-11-17,0.0,42735.0,750.0,1422.0,1869-03-05,2,2,1,CONCORD,19531_20250930,DIF,1966-01-01,0,MACHIAS SAVINGS BANK,MACHIAS BCORP MHC,61288.0,1,15,0,0,FDIC,2025-09-30,2728577.0,4,ME,0,0,04654
SI,1.0,19532,SKOWHEGAN,7235.0,0.0,2024-11-17,0.0,7560.0,54.0,325.0,1869-10-02,2,2,1,CONCORD,19532_20250930,DIF,1966-01-01,1,SKOWHEGAN SAVINGS BANK,Unknown,21776.0,1,13,0,0,FDIC,2025-09-30,0.0,4,ME,0,0,04976
NM,1.0,19540,SERGEANT BLUFF,3715.0,0.0,2024-06-30,0.0,3912.0,155.0,197.0,1907-01-01,11,11,7,SIOUX CITY,19540_20250930,DIF,1966-01-06,0,PIONEER BANK,PIONEER DEVELOPMENT CO,6380.0,4,4,0,0,FDIC,2025-09-30,1200665.0,4,IA,1,1,51054
NM,1.0,19544,ENNIS,2250.0,0.0,2022-08-31,3.0,2521.0,0.0,268.0,1965-06-21,14,14,9,BILLINGS,19544_20250930,DIF,1966-01-13,0,MADISON VALLEY BANK,JACKASS CREEK LAND&LIVESTOCK,6567.0,4,5,0,0,FDIC,2025-09-30,1123616.0,4,MT,1,0,59729
NM,1.0,19559,BROWNWOOD,46912.0,0.0,2022-08-31,0.0,53264.0,1959.0,6352.0,1966-03-07,13,13,11,DALLAS,19559_20250930,DIF,1966-03-07,0,TEXASBANK,TEXAS BANC FINANCIAL CORP,75146.0,5,19,0,0,FDIC,2025-09-30,4126225.0,4,TX,1,1,76801
NM,1.0,1956,ELDON,2083.0,0.0,2024-06-30,0.0,2127.0,161.0,44.0,1905-01-20,11,11,8,COLUMBIA MO,1956_20250930,DIF,1934-01-01,0,CITIZENS BANK OF ELDON,CITIZENS BANCSHARES ELDON MO,7962.0,4,4,0,0,FDIC,2025-09-30,1141900.0,2,MO,0,1,65026
NM,1.0,19573,CHICAGO,46619.0,0.0,2022-08-31,0.0,50866.0,1100.0,4247.0,1966-04-01,9,9,7,CHICAGO,19573_20250930,DIF,1966-04-01,0,LAKESIDE BANK,LAKESIDE BCORP INC,70089.0,3,11,0,0,FDIC,2025-09-30,2128917.0,4,IL,1,1,60601
NM,0.0,19581,FARGO,277053.0,0.0,2024-07-22,969.0,288978.0,1500.0,10956.0,1966-05-06,11,11,9,FARGO,19581_20250930,DIF,1966-05-06,0,BELL BANK,STATE BANKSHARES INC,228781.0,3,33,0,0,FDIC,2025-09-30,1417333.0,4,ND,0,1,58103
NM,1.0,19589,VIRGINIA,1165.0,0.0,2022-08-31,0.0,1202.0,37.0,37.0,1966-05-19,11,11,9,MINNEAPOLIS,19589_20250930,DIF,1966-05-19,0,NORTHERN STATE BANK OF VIRGINIA,BENIC HOLDINGS INC,2796.0,3,2,0,0,FDIC,2025-09-30,5217915.0,4,MN,1,0,55792
NM,1.0,19590,VIDALIA,3876.0,0.0,2022-08-31,8.0,3892.0,1428.0,8.0,1966-05-16,5,5,6,ALBANY GA,19590_20250930,DIF,1966-05-19,0,ALTAMAHA BANK & TRUST COMPANY,ALTAMAHA BANCSHARES INC,11170.0,5,4,0,0,FDIC,2025-09-30,1081510.0,4,GA,1,1,30474
NM,1.0,19595,MASON,1451.0,0.0,2022-08-31,0.0,1539.0,0.0,88.0,1966-04-04,13,13,11,AUSTIN,19595_20250930,DIF,1966-05-26,0,THE COMMERCIAL BANK,COMMERCIAL CO INC,2812.0,5,1,0,0,FDIC,2025-09-30,1104624.0,5,TX,0,1,76856
N,0.0,19600,KANSAS CITY,54345.0,0.0,2024-11-15,125.0,56515.0,10250.0,2045.0,1966-06-15,11,11,10,KANSAS CITY,19600_20250930,DIF,1966-06-15,0,"ACADEMY BANK, NATIONAL ASSOCIATION",DICKINSON FINANCIAL CORP II,72173.0,4,80,0,0,OCC,2025-09-30,2107707.0,4,MO,0,0,64106
N,1.0,19603,GALVESTON,13689.0,0.0,2023-10-27,55.0,14069.0,250.0,325.0,1966-06-27,13,13,11,HOUSTON,19603_20250930,DIF,1966-06-27,0,"HOMETOWN BANK, NATIONAL ASSOCIATION",HOMETOWN BANCSHARES INC,22469.0,5,7,0,0,OCC,2025-09-30,5859388.0,4,TX,0,0,77550
NM,1.0,19608,MADISON,19082.0,0.0,2022-08-31,76.0,23368.0,0.0,4210.0,1966-07-18,9,9,7,MADISON,19608_20250930,DIF,1966-07-18,0,THE PARK BANK,PARK BCORP INC,28038.0,3,10,0,0,FDIC,2025-09-30,1209716.0,4,WI,0,0,53713
NM,0.0,19629,LAREDO,71773.0,0.0,2022-09-30,35573.0,108121.0,2527.0,775.0,1966-09-02,13,13,11,HOUSTON,19629_20250930,DIF,1966-09-02,0,INTERNATIONAL BANK OF COMMERCE,INTERNATIONAL BANCSHARES CORP,328287.0,5,81,0,0,FDIC,2025-09-30,1104231.0,4,TX,0,1,78040
NM,1.0,19638,DELHI,7951.0,0.0,2022-08-31,0.0,8829.0,456.0,878.0,1966-10-15,13,13,11,SHREVEPORT,19638_20250930,DIF,1966-10-15,0,"GUARANTY BANK & TRUST COMPANY OF DELHI, LOUISIANA",DELHI BANCSHARES INC,12789.0,5,10,0,0,FDIC,2025-09-30,1107090.0,4,LA,1,0,71232
SM,1.0,19644,WEST MEMPHIS,6883.0,0.0,2022-08-31,4.0,7011.0,0.0,124.0,1966-11-04,13,13,8,LITTLE ROCK,19644_20250930,DIF,1966-11-04,0,FIDELITY BANK,CARLSON BANCSHARES INC,11038.0,5,6,0,0,FED,2025-09-30,1491641.0,4,AR,1,0,72301
SM,1.0,1964,LAMAR,3241.0,0.0,2022-08-31,5.0,3539.0,174.0,293.0,1925-03-25,11,11,10,SPRINGFIELD MO,1964_20250930,DIF,1934-01-01,0,LAMAR BANK AND TRUST COMPANY,LAMAR TRUST BANCSHARES INC,7605.0,4,1,0,0,FED,2025-09-30,1067354.0,4,MO,1,1,64759
NM,1.0,19674,WESTON,3866.0,0.0,2024-01-02,49.0,4144.0,363.0,229.0,1891-12-23,5,5,5,SCOTT DEPOT,19674_20250930,DIF,1967-02-02,0,THE CITIZENS BANK OF WESTON,CITIZENS BANCSHARES INC,8554.0,1,2,0,0,FDIC,2025-09-30,1133969.0,4,WV,0,0,26452
NM,1.0,19679,ADA,2575.0,0.0,2022-08-31,138.0,2713.0,180.0,0.0,1967-02-20,13,13,10,OKLAHOMA CITY,19679_20250930,DIF,1967-02-20,0,CITIZENS BANK OF ADA,CITIZENSADA FINANCIAL CORP,10326.0,5,3,0,0,FDIC,2025-09-30,3435229.0,8,OK,1,0,74820
NM,1.0,19680,MCRAE,500.0,0.0,2022-08-31,0.0,500.0,90.0,0.0,1950-02-01,5,5,6,ALBANY GA,19680_20250930,DIF,1967-03-01,0,THE SECURITY STATE BANK,FARMERS BANCSHARES INC,2607.0,5,1,0,0,FDIC,2025-09-30,1080885.0,4,GA,1,0,31055
NM,1.0,19681,PARKERSBURG,2147.0,0.0,2024-01-02,57.0,3930.0,255.0,1726.0,1967-03-01,5,5,5,SCOTT DEPOT,19681_20250930,DIF,1967-03-01,0,COMMUNITY BANK OF PARKERSBURG,COMMUNITY BANKSHARES INC,9097.0,1,4,0,0,FDIC,2025-09-30,1479144.0,4,WV,1,0,26101
NM,1.0,19687,WICHITA,1753.0,0.0,2022-08-31,0.0,1753.0,30.0,0.0,1966-12-21,11,11,10,WICHITA,19687_20250930,DIF,1967-03-17,0,GARDEN PLAIN STATE BANK,GARDEN PLAIN BANCSHARES INC,4181.0,4,2,0,0,FDIC,2025-09-30,1139756.0,7,KS,0,0,67209
NM,1.0,19689,BENTON,1212.0,0.0,2022-08-31,0.0,1212.0,448.0,0.0,1919-08-05,9,9,8,MOUNT VERNON,19689_20250930,DIF,1967-03-16,0,STATE BANK OF WHITTINGTON,WHITTINGTON BCORP INC,5213.0,3,5,0,0,FDIC,2025-09-30,1140725.0,4,IL,1,0,62812
NM,0.0,19690,PORTLAND,93946.0,0.0,2024-11-17,0.0,105654.0,6666.0,11708.0,1872-02-05,2,2,1,CONCORD,19690_20250930,DIF,1967-03-16,0,NORTHEAST BANK,Unknown,148075.0,1,9,0,0,FDIC,2025-09-30,0.0,4,ME,0,1,04101
NM,1.0,19700,CORPUS CHRISTI,1983.0,0.0,2023-05-23,0.0,1983.0,7.0,0.0,1967-04-27,13,13,11,HOUSTON,19700_20250930,DIF,1967-05-11,0,VALUEBANK TEXAS,FIRST INTL BANCSHARES INC,10296.0,5,9,0,0,FDIC,2025-09-30,2490520.0,4,TX,0,1,78411
NM,1.0,19716,DEWITT,8442.0,0.0,2024-06-30,1188.0,10106.0,283.0,476.0,1967-06-12,11,11,7,CEDAR RAPIDS,19716_20250930,DIF,1967-06-12,0,FIRST CENTRAL STATE BANK,OHNWARD BANCSHARES INC,16939.0,4,6,0,0,FDIC,2025-09-30,1200311.0,4,IA,0,1,52742
NM,1.0,19720,DUBLIN,1210.0,0.0,2022-08-31,0.0,1210.0,90.0,0.0,1934-01-01,5,5,6,ALBANY GA,19720_20250930,DIF,1967-06-19,0,FARMERS STATE BANK,FARMERS BANCSHARES INC,5824.0,5,3,0,0,FDIC,2025-09-30,1080885.0,4,GA,1,0,31021
SM,1.0,1972,BIG TIMBER,871.0,0.0,2022-08-31,0.0,1465.0,98.0,594.0,1927-01-01,14,14,9,BILLINGS,1972_20250930,DIF,1934-01-01,0,CITIZENS BANK & TRUST COMPANY,CBT CORP INC,4244.0,4,2,0,0,FED,2025-09-30,1857779.0,2,MT,0,1,59011
SM,1.0,19742,OMAHA,4580.0,0.0,2024-06-30,0.0,4625.0,60.0,45.0,1967-08-15,11,11,10,OMAHA,19742_20250930,DIF,1967-08-15,0,"FIRST WESTROADS BANK, INC.",AMERIWEST CORP,10704.0,4,2,0,0,FED,2025-09-30,1840687.0,4,NE,0,0,68118
NM,1.0,19744,VIVIAN,1445.0,0.0,2022-08-31,0.0,1665.0,1929.0,220.0,1967-09-14,13,13,11,SHREVEPORT,19744_20250930,DIF,1967-09-14,0,"CITIZENS BANK & TRUST COMPANY OF VIVIAN, LOUISIANA",C B&T BANCSHARES INC,3547.0,5,7,0,0,FDIC,2025-09-30,3010288.0,8,LA,1,0,71082
NM,1.0,19755,LAROSE,1989.0,0.0,2023-04-28,0.0,2242.0,0.0,253.0,1967-10-13,13,13,6,BATON ROUGE,19755_20250930,DIF,1967-10-13,0,SOUTH LAFOURCHE BANK & TRUST COMPANY,LAFOURCHE BANCSHARES INC,4761.0,5,4,0,0,FDIC,2025-09-30,1082236.0,4,LA,1,0,70373
NM,1.0,19772,WAUSAU,30560.0,0.0,2022-08-31,23.0,32502.0,3335.0,1919.0,1967-12-08,9,9,7,APPLETON,19772_20250930,DIF,1967-12-08,0,INCREDIBLEBANK,RIVER VALLEY BCORP INC,52531.0,3,18,0,0,FDIC,2025-09-30,1209426.0,4,WI,0,0,54401
SM,1.0,19788,LUBBOCK,14172.0,0.0,2022-08-31,5.0,14184.0,1063.0,7.0,1968-02-13,13,13,11,LUBBOCK,19788_20250930,DIF,1968-02-13,0,PEOPLES BANK,PEOPLES BCORP INC,35449.0,5,12,0,0,FED,2025-09-30,2814528.0,2,TX,0,1,79424
SM,1.0,1978,LAUREL,14529.0,0.0,2023-11-06,1157.0,15698.0,1000.0,12.0,1926-05-26,14,14,9,BILLINGS,1978_20250930,DIF,1934-03-16,0,THE YELLOWSTONE BANK,YELLOWSTONE HOLDING CO,39514.0,4,10,0,0,FED,2025-09-30,1124921.0,4,MT,1,1,59044
NM,1.0,19795,ABBOTSFORD,6687.0,0.0,2023-06-30,85.0,8656.0,300.0,1884.0,1968-03-01,9,9,7,EAU CLAIRE,19795_20250930,DIF,1968-03-01,0,ABBYBANK,ABBY BCORP INC,14340.0,3,9,0,0,FDIC,2025-09-30,3612794.0,4,WI,0,0,54405
NM,1.0,19796,KINCAID,551.0,0.0,2022-08-31,0.0,551.0,0.0,0.0,1968-03-29,9,9,7,SPRINGFIELD IL,19796_20250930,DIF,1968-03-29,0,MIDLAND COMMUNITY BANK,MIDLAND BANCSHARES INC,1736.0,3,2,0,0,FDIC,2025-09-30,2609489.0,5,IL,0,0,62540
NM,1.0,197,FRANCESVILLE,3700.0,0.0,2021-08-29,55.0,3775.0,433.0,20.0,1930-07-03,9,9,7,INDIANAPOLIS,197_20250930,DIF,1934-01-01,0,ALLIANCE BANK,ALLIANCE BCORP,13395.0,3,7,0,0,FDIC,2025-09-30,1138405.0,2,IN,1,1,47946
NM,1.0,19800,PLAQUEMINE,3288.0,0.0,2022-08-31,0.0,3288.0,0.0,0.0,1968-04-01,13,13,6,BATON ROUGE,19800_20250930,DIF,1968-04-01,0,PLAQUEMINE BANK & TRUST COMPANY,PLAQUEMINE BANCSHARES CORP,5190.0,5,2,0,0,FDIC,2025-09-30,1086355.0,4,LA,0,0,70764
NM,1.0,19809,HERSHEY,1722.0,0.0,2024-12-14,0.0,2032.0,93.0,310.0,1968-03-27,11,11,10,GRAND ISLAND,19809_20250930,DIF,1968-03-27,0,HERSHEY BANK,HSB MERGER CO,3543.0,4,3,0,0,FDIC,2025-09-30,5382251.0,2,NE,0,0,69143
NM,1.0,1980,KALISPELL,3003.0,0.0,2022-08-31,0.0,3025.0,0.0,22.0,1911-07-01,14,14,9,BILLINGS,1980_20250930,DIF,1934-01-01,0,VALLEY BANK OF KALISPELL,VALLEY BANCSHARES INC,5724.0,4,3,0,0,FDIC,2025-09-30,1125900.0,4,MT,0,0,59901
N,1.0,19819,SUMMERVILLE,551.0,0.0,2022-08-31,0.0,551.0,-281.0,0.0,1968-05-22,5,5,6,ATLANTA,19819_20250930,DIF,1968-05-22,0,SOUTHEAST FIRST NATIONAL BANK,SUMMERVILLE TRION BANCSHARES,1642.0,5,3,0,0,OCC,2025-09-30,1133754.0,7,GA,0,0,30747
N,1.0,19827,SALEM,8432.0,0.0,2022-08-31,0.0,8432.0,2475.0,0.0,1924-01-01,14,14,12,PORTLAND,19827_20250930,DIF,1968-07-01,0,"PIONEER TRUST BANK, NATIONAL ASSOCIATION",PTB CORP,21929.0,4,2,0,0,OCC,2025-09-30,1404735.0,4,OR,0,1,97301
SM,1.0,1982,MALTA,2412.0,0.0,2022-08-31,0.0,2412.0,0.0,0.0,1903-03-04,14,14,9,BILLINGS,1982_20250930,DIF,1934-01-01,0,THE FIRST STATE BANK OF MALTA,FS BANCO INC,3387.0,4,1,0,0,FED,2025-09-30,1857171.0,2,MT,0,0,59538
SM,1.0,19836,FARMINGTON,8893.0,0.0,2024-11-17,0.0,9612.0,594.0,719.0,1868-11-16,2,2,1,CONCORD,19836_20250930,DIF,1968-07-01,0,FRANKLIN SAVINGS BANK,FSB BCORP MHC,21073.0,1,8,0,0,FED,2025-09-30,2596758.0,4,ME,0,0,04938
NM,1.0,1983,CURTIS,2608.0,0.0,2024-06-30,13.0,3079.0,117.0,458.0,1910-12-20,11,11,10,GRAND ISLAND,1983_20250930,DIF,1934-01-01,0,WESTERN NEBRASKA BANK,WNB HOLDINGS LLC,5122.0,4,4,0,0,FDIC,2025-09-30,5559222.0,2,NE,0,0,69025
NM,1.0,19850,LINCOLN,19374.0,0.0,2024-06-30,0.0,22613.0,50.0,3239.0,1968-09-03,11,11,10,OMAHA,19850_20250930,DIF,1968-09-03,0,WEST GATE BANK,WEST GATE BANSHARES INC,29530.0,4,10,0,0,FDIC,2025-09-30,1061736.0,4,NE,0,0,68516
NM,1.0,1986,REPUBLICAN CITY,1185.0,0.0,2024-06-30,0.0,1396.0,0.0,211.0,1903-01-01,11,11,10,GRAND ISLAND,1986_20250930,DIF,1934-01-01,0,COMMERCIAL STATE BANK,COMMERCIAL ST HOLDING CO INC,1312.0,4,1,0,0,FDIC,2025-09-30,1065828.0,2,NE,0,0,68971
NM,1.0,19899,MANHATTAN,55224.0,0.0,2022-08-31,277.0,57840.0,2825.0,2339.0,1969-01-21,11,11,10,KANSAS CITY,19899_20250930,DIF,1969-01-21,0,KS STATEBANK,MANHATTAN BANKING CORP,57603.0,4,6,0,0,FDIC,2025-09-30,1139363.0,4,KS,1,1,66502
NM,1.0,19904,TAOS,3251.0,0.0,2022-08-31,0.0,3251.0,0.0,0.0,1969-03-01,13,13,10,ALBUQUERQUE,19904_20250930,DIF,1969-03-01,0,CENTINEL BANK OF TAOS,CENTINEL BANK SHARES INC,10158.0,4,2,0,0,FDIC,2025-09-30,1061754.0,7,NM,1,0,87571
NM,1.0,1992,CAIRO,5242.0,0.0,2024-07-26,10.0,7070.0,90.0,1818.0,1910-01-01,11,11,10,GRAND ISLAND,1992_20250930,DIF,1934-01-01,0,PATHWAY BANK,PATHWAY BCORP,7851.0,4,4,0,0,FDIC,2025-09-30,3304361.0,2,NE,0,0,68824
NM,1.0,1993,CERESCO,1006.0,0.0,2024-06-30,0.0,1113.0,94.0,107.0,1911-09-01,11,11,10,OMAHA,1993_20250930,DIF,1934-01-01,0,CERESCOBANK,CERESCO BCORP INC,1519.0,4,1,0,0,FDIC,2025-09-30,2696984.0,2,NE,0,0,68017
NM,0.0,19977,NEW YORK,319276.0,0.0,2022-08-31,1843.0,323384.0,17024.0,2265.0,1922-01-01,2,2,2,NEW YORK CITY,19977_20250930,DIF,1969-07-01,0,ISRAEL DISCOUNT BANK OF NEW YORK,ISRAEL DISCOUNT BANK LTD,273084.0,1,7,0,0,FDIC,2025-09-30,1240737.0,4,NY,0,1,10036
N,1.0,19978,PENNSVILLE,881.0,0.0,2022-08-31,0.0,881.0,460.0,0.0,1969-06-23,2,2,3,JAMESBURG,19978_20250930,DIF,1969-06-23,0,THE PENNSVILLE NATIONAL BANK,PENN BANCSHARES INC,8199.0,1,5,0,0,OCC,2025-09-30,1132757.0,8,NJ,0,1,08070
NM,0.0,20015,WOODBRIDGE,32518.0,0.0,2022-08-31,0.0,32518.0,0.0,0.0,1907-01-01,2,2,2,JAMESBURG,20015_20250930,DIF,1969-08-14,0,BESSEMER TRUST COMPANY,BESSEMER GROUP INC THE,12158.0,1,1,0,0,FDIC,2025-09-30,1246159.0,9,NJ,0,1,07095
N,1.0,20026,MIAMI,1244.0,0.0,2022-08-31,0.0,1244.0,-285.0,0.0,1969-09-03,5,5,6,SOUTH FLORIDA,20026_20250930,DIF,1969-09-03,0,EASTERN NATIONAL BANK,CORPOFIN CA,3383.0,5,4,0,0,OCC,2025-09-30,1084922.0,4,FL,0,0,33156
NM,1.0,20093,OKLAHOMA CITY,12282.0,0.0,2022-08-31,2.0,12284.0,2418.0,0.0,1969-12-22,13,13,10,OKLAHOMA CITY,20093_20250930,DIF,1969-12-22,0,ALL AMERICA BANK,Unknown,16614.0,5,7,0,0,FDIC,2025-09-30,0.0,4,OK,1,0,73128
NM,0.0,20099,CROWLEY,63753.0,0.0,2022-08-31,1546.0,65752.0,-717.0,453.0,1970-01-05,13,13,11,DALLAS,20099_20250930,DIF,1970-01-05,0,TEXAS EXCHANGE BANK,TEB TRUST,81539.0,5,2,0,0,FDIC,2025-09-30,5886414.0,9,TX,1,0,76036
NM,1.0,20100,JASPER,5775.0,0.0,2022-08-31,0.0,5845.0,603.0,70.0,1970-01-02,13,13,6,NASHVILLE,20100_20250930,DIF,1970-01-02,0,TOWER COMMUNITY BANK,GENERAL BANCSHARES INC,11982.0,5,11,0,0,FDIC,2025-09-30,1139514.0,4,TN,0,0,37347
NM,1.0,20130,NORFOLK,13383.0,0.0,2024-06-30,0.0,20762.0,2300.0,7379.0,1970-02-09,11,11,10,SIOUX CITY,20130_20250930,DIF,1970-02-09,0,BANKFIRST,NORTH CENTRAL BCORP INC,33111.0,4,14,0,0,FDIC,2025-09-30,2834076.0,2,NE,0,1,68701
NM,1.0,20156,EDMOND,15037.0,0.0,2022-08-31,1.0,15886.0,0.0,848.0,1970-03-23,13,13,10,OKLAHOMA CITY,20156_20250930,DIF,1970-03-23,0,KIRKPATRICK BANK,KIRKPATRICK BCORP INC,23515.0,5,8,0,0,FDIC,2025-09-30,1136269.0,4,OK,1,1,73013
NM,1.0,20161,LAS CRUCES,9110.0,0.0,2022-08-31,0.0,9110.0,986.0,0.0,1970-04-06,13,13,11,ALBUQUERQUE,20161_20250930,DIF,1970-04-06,0,CITIZENS BANK OF LAS CRUCES,AMADOR BANCSHARES INC,34480.0,4,9,0,0,FDIC,2025-09-30,1105078.0,4,NM,1,0,88001
NM,1.0,20162,HELENA,1419.0,0.0,2022-08-31,61.0,1480.0,3.0,0.0,1970-04-13,14,14,9,BILLINGS,20162_20250930,DIF,1970-04-13,0,ASCENT BANK,ASCENT BCORP,3350.0,4,2,0,0,FDIC,2025-09-30,4968368.0,4,MT,0,0,59601
NM,0.0,20164,SANDY,28756.0,0.0,2022-09-09,0.0,35127.0,5971.0,6371.0,1970-04-09,14,14,12,ORANGE,20164_20250930,DIF,1970-04-09,0,SUNWEST BANK,H BCORP LLC,125705.0,4,9,0,0,FDIC,2025-09-30,2453084.0,4,UT,0,0,84070
NM,1.0,20179,DETROIT,6470.0,0.0,2022-08-31,27.0,9515.0,533.0,3018.0,1970-05-14,9,9,7,DETROIT,20179_20250930,DIF,1970-05-14,0,FIRST INDEPENDENCE BANK,FIRST INDEPENDENCE CORP,13307.0,3,4,0,0,FDIC,2025-09-30,1134564.0,4,MI,0,0,48202
NM,1.0,20198,OMEGA,2299.0,0.0,2022-08-31,0.0,2299.0,225.0,0.0,1937-06-14,5,5,6,ALBANY GA,20198_20250930,DIF,1970-06-11,0,SOUTH GEORGIA BANKING COMPANY,SOUTH GEORGIA BANK HOLDING CO,19477.0,5,8,0,0,FDIC,2025-09-30,2764977.0,2,GA,0,0,31775
NM,1.0,20215,PHILIPPI,3655.0,0.0,2024-01-02,0.0,3680.0,0.0,25.0,1970-06-27,5,5,5,SCOTT DEPOT,20215_20250930,DIF,1970-06-29,0,"BCBANK, INC.",APPALACHIAN FINANCIAL CORP,5822.0,1,5,0,0,FDIC,2025-09-30,1141115.0,4,WV,0,1,26416
NM,0.0,20231,FORT WORTH,35773.0,0.0,2022-12-01,4.0,35796.0,2127.0,19.0,1970-08-10,13,11,11,DALLAS,20231_20250930,DIF,1970-08-10,0,PINNACLE BANK,PINNACLE BCORP INC,62446.0,5,28,0,0,FDIC,2025-09-30,1053272.0,4,TX,0,0,76102
N,0.0,20234,MIAMI,444545.0,0.0,2022-08-31,680.0,516132.0,43466.0,70907.0,1970-08-12,5,5,6,SOUTH FLORIDA,20234_20250930,DIF,1970-08-12,0,CITY NATIONAL BANK OF FLORIDA,EMPRESAS JUAN YARUR SPA,504543.0,5,31,0,0,OCC,2025-09-30,2833891.0,4,FL,0,1,33130
SM,1.0,20239,CADIZ,1694.0,0.0,2022-08-31,0.0,1694.0,45.0,0.0,1970-08-07,9,9,8,MOUNT VERNON,20239_20250930,DIF,1970-08-07,0,BANK OF CADIZ AND TRUST COMPANY,CADIZ BCORP INC,3320.0,3,5,0,0,FED,2025-09-30,1249619.0,8,KY,1,1,42211
N,1.0,20241,CORPUS CHRISTI,28453.0,0.0,2022-10-01,0.0,28453.0,3403.0,0.0,1970-08-24,13,13,11,HOUSTON,20241_20250930,DIF,1970-08-24,0,"AMERICAN BANK, NATIONAL ASSOCIATION",AMERICAN BANK HOLDING CORP,72472.0,5,18,0,0,OCC,2025-09-30,1109964.0,4,TX,1,1,78401
NM,1.0,20268,EDINA,4533.0,0.0,2023-09-19,0.0,4533.0,424.0,0.0,1970-10-08,11,11,9,MINNEAPOLIS,20268_20250930,DIF,1970-10-08,0,SCALE BANK,SCALE HOLDING CO,21668.0,3,1,0,0,FDIC,2025-09-30,3362923.0,4,MN,1,1,55435
SM,1.0,20279,POTEAU,5671.0,0.0,2022-08-31,0.0,5675.0,190.0,4.0,1970-10-19,13,13,10,OKLAHOMA CITY,20279_20250930,DIF,1970-10-19,0,THE COMMUNITY STATE BANK,FIRST POTEAU CORP,11416.0,5,6,0,0,FED,2025-09-30,1060243.0,2,OK,1,0,74953
SM,1.0,20296,RACINE,85992.0,0.0,2022-08-31,1.0,98388.0,8000.0,12395.0,1970-11-12,9,9,7,MILWAUKEE,20296_20250930,DIF,1970-11-12,0,JOHNSON BANK,JOHNSON FINANCIAL GROUP INC,167380.0,3,32,0,0,FED,2025-09-30,1490701.0,4,WI,0,1,53403
NM,1.0,20311,BOZEMAN,7369.0,0.0,2022-08-31,0.0,7739.0,0.0,370.0,1970-07-27,14,14,9,BILLINGS,20311_20250930,DIF,1970-11-25,0,AMERICAN BANK,GUARANTY DEVELOPMENT CO,17976.0,4,6,0,0,FDIC,2025-09-30,1121993.0,4,MT,1,0,59715
NM,1.0,20353,ABBEVILLE,2895.0,0.0,2022-08-31,0.0,2895.0,297.0,0.0,1971-02-01,13,13,6,BATON ROUGE,20353_20250930,DIF,1971-02-01,0,GULF COAST BANK,GULF COAST BANCSHARES INC,16874.0,5,9,0,0,FDIC,2025-09-30,1085929.0,4,LA,0,0,70510
NM,1.0,20369,BLOOMINGTON,38769.0,0.0,2023-02-01,22.0,38961.0,1698.0,170.0,1971-02-22,9,9,7,CHAMPAIGN,20369_20250930,DIF,1971-02-22,0,HEARTLAND BANK AND TRUST COMPANY,HBT FINANCIAL INC,152277.0,3,70,0,0,FDIC,2025-09-30,1208120.0,4,IL,0,1,61704
NM,1.0,2036,GRANITE QUARRY,4623.0,0.0,2017-07-22,0.0,4623.0,-125.0,0.0,1909-01-01,5,5,5,CHARLOTTE,2036_20250930,DIF,1934-01-01,0,FARMERS & MERCHANTS BANK,F&M FINANCIAL CORP,34138.0,1,12,0,0,FDIC,2025-09-30,1076619.0,4,NC,0,0,28146
SM,1.0,20387,SAN FRANCISCO,19221.0,1.0,2024-12-20,0.0,19222.0,0.0,0.0,1971-03-17,14,14,12,SAN FRANCISCO,20387_20250930,DIF,1971-03-17,0,BANK OF THE ORIENT,ORIENT BCORP,26287.0,4,9,0,0,FED,2025-09-30,1028533.0,4,CA,0,0,94108
NM,1.0,20429,GERALDINE,2832.0,0.0,2022-08-31,0.0,2832.0,260.0,0.0,1971-05-29,5,5,6,SHELBY,20429_20250930,DIF,1971-05-29,0,LIBERTY BANK,FIRST BCORP OF GERALDINE INC,7500.0,5,7,0,0,FDIC,2025-09-30,1084753.0,4,AL,0,0,35974
NM,1.0,20454,EDINBURG,190.0,0.0,2022-08-31,0.0,190.0,0.0,0.0,1971-07-16,9,9,7,SPRINGFIELD IL,20454_20250930,DIF,1971-07-16,0,CITIZENS BANK OF EDINBURG,CB EDINBURG HOLDINGS INC,765.0,3,1,0,0,FDIC,2025-09-30,4795863.0,7,IL,0,0,62531
NM,1.0,20468,LINEVILLE,4777.0,0.0,2022-08-31,0.0,4777.0,120.0,0.0,1971-08-24,5,5,6,SHELBY,20468_20250930,DIF,1971-08-24,0,FIRSTSTATE BANK,FIRST STATE CAPITAL CORP,8989.0,5,3,0,0,FDIC,2025-09-30,1132980.0,2,AL,0,0,36266
NM,1.0,20479,ROUNDUP,188.0,0.0,2022-08-31,34.0,222.0,0.0,0.0,1971-09-03,14,14,9,BILLINGS,20479_20250930,DIF,1971-09-03,0,FIRST SECURITY BANK OF ROUNDUP,CENTRAL MONTANA BCORP,2743.0,4,1,0,0,FDIC,2025-09-30,1128349.0,2,MT,1,0,59072
SM,1.0,20484,KENBRIDGE,11870.0,0.0,2022-08-31,0.0,11870.0,991.0,0.0,1971-09-08,5,5,5,RICHMOND,20484_20250930,DIF,1971-09-08,0,BENCHMARK COMMUNITY BANK,BENCHMARK BANKSHARES INC,41656.0,1,17,0,0,FED,2025-09-30,1141441.0,4,VA,0,0,23944
SM,1.0,20488,GRAND ISLAND,32305.0,0.0,2024-06-30,522.0,32827.0,-386.0,0.0,1971-09-10,11,11,10,GRAND ISLAND,20488_20250930,DIF,1971-09-10,0,FIVE POINTS BANK,HOMETOWN BANC CORP,42209.0,4,16,0,0,FED,2025-09-30,2482196.0,4,NE,1,1,68803
NM,0.0,20504,ATLANTA,318862.0,0.0,2022-08-31,0.0,332423.0,47294.0,13561.0,1971-10-01,5,5,6,ATLANTA,20504_20250930,DIF,1971-10-01,0,AMERIS BANK,AMERIS BCORP,704039.0,5,179,0,0,FDIC,2025-09-30,1082067.0,4,GA,0,1,30305
NM,1.0,20537,TULSA,4397.0,0.0,2022-08-31,0.0,4543.0,2500.0,146.0,1971-11-05,13,13,10,OKLAHOMA CITY,20537_20250930,DIF,1971-11-05,0,AMERICAN BANK AND TRUST COMPANY,Unknown,10128.0,5,2,0,0,FDIC,2025-09-30,0.0,4,OK,0,1,74135
NM,1.0,20568,PEMBROKE,4782.0,0.0,2022-08-31,85.0,4921.0,-68.0,54.0,1971-12-22,5,5,5,RALEIGH,20568_20250930,DIF,1971-12-22,0,LUMBEE GUARANTY BANK,Unknown,10684.0,1,14,0,0,FDIC,2025-09-30,0.0,8,NC,0,0,28372
NM,1.0,2057,KENMARE,2680.0,0.0,2024-06-30,0.0,2731.0,37.0,51.0,1925-01-01,11,11,9,FARGO,2057_20250930,DIF,1934-01-01,0,STATE BANK & TRUST OF KENMARE,JORGENSON HOLDING CO,3452.0,3,3,0,0,FDIC,2025-09-30,1122057.0,2,ND,1,1,58746
NM,1.0,20624,CHICAGO,129286.0,0.0,2025-04-01,803.0,133940.0,26400.0,3851.0,1972-03-01,9,9,7,CHICAGO,20624_20250930,DIF,1972-03-01,0,BYLINE BANK,BYLINE BCORP INC,293970.0,3,55,0,0,FDIC,2025-09-30,1204627.0,4,IL,0,1,60601
NM,1.0,20657,DEER LODGE,1297.0,0.0,2022-08-31,0.0,1297.0,26.0,0.0,1972-04-10,14,14,9,BILLINGS,20657_20250930,DIF,1972-04-10,0,FIRST SECURITY BANK OF DEER LODGE,FIRST SECURITY GROUP,2597.0,4,1,0,0,FDIC,2025-09-30,2880662.0,4,MT,1,0,59722
NM,1.0,2068,MARION,6062.0,0.0,2022-08-31,0.0,6269.0,310.0,207.0,1865-05-01,9,9,4,COLUMBUS,2068_20250930,DIF,1934-01-01,0,THE FAHEY BANKING COMPANY,Unknown,9837.0,3,2,0,0,FDIC,2025-09-30,0.0,4,OH,0,0,43302
NM,1.0,20698,JONESVILLE,4749.0,0.0,2022-08-31,30.0,4871.0,370.0,92.0,1972-05-25,13,13,11,SHREVEPORT,20698_20250930,DIF,1972-05-25,0,SOUTHERN HERITAGE BANK,SHB BCORP INC,12142.0,5,10,0,0,FDIC,2025-09-30,4346676.0,4,LA,1,0,71343
SM,1.0,20720,PIGEON FORGE,7519.0,0.0,2022-08-31,265.0,7867.0,450.0,83.0,1972-06-19,13,13,6,KNOXVILLE,20720_20250930,DIF,1972-06-19,0,TENNESSEE STATE BANK,TENNESSEE STATE BANCSHARES INC,28218.0,5,17,0,0,FED,2025-09-30,1142242.0,4,TN,1,0,37863
N,1.0,20727,DALLAS,21112.0,0.0,2022-08-31,852.0,22792.0,-332.0,828.0,1972-06-26,13,13,11,DALLAS,20727_20250930,DIF,1972-06-26,0,"DALLAS CAPITAL BANK, NATIONAL ASSOCIATION",PARK CITIES FINL GROUP INC,24033.0,5,1,0,0,OCC,2025-09-30,4517298.0,4,TX,0,0,75254
N,1.0,20741,ALBANY,21321.0,0.0,2024-10-01,0.0,23769.0,3135.0,2448.0,1889-01-01,2,2,2,SYRACUSE,20741_20250930,DIF,1972-07-01,0,"PIONEER BANK, NATIONAL ASSOCIATION",PIONEER BCORP MHC,57372.0,1,21,0,0,OCC,2025-09-30,5374461.0,4,NY,0,0,12211
NM,1.0,20776,FARGO,15105.0,0.0,2024-06-30,7.0,15733.0,1802.0,621.0,1972-08-21,11,11,9,FARGO,20776_20250930,DIF,1972-08-21,0,BORDER BANK,BORDER BANCSHARES INC,25470.0,3,11,0,0,FDIC,2025-09-30,2238544.0,2,ND,1,0,58103
NM,1.0,20818,DUNLAP,26641.0,0.0,2022-08-31,0.0,26641.0,79.0,0.0,1972-10-02,13,13,6,KNOXVILLE,20818_20250930,DIF,1972-10-02,0,CITIZENS TRI-COUNTY BANK,SEQUATCHIE VALLEY BANCSHARES,40308.0,5,24,0,0,FDIC,2025-09-30,1085330.0,4,TN,1,1,37327
NM,1.0,20845,WALLIS,24322.0,0.0,2022-08-31,0.0,25099.0,1525.0,777.0,1972-10-28,13,13,11,HOUSTON,20845_20250930,DIF,1972-10-28,0,WALLIS BANK,WALLIS BANCSHARES INC,47531.0,5,16,0,0,FDIC,2025-09-30,2693956.0,4,TX,1,0,77485
NM,1.0,20856,NEW ORLEANS,9402.0,0.0,2022-10-03,0.0,9666.0,1200.0,264.0,1972-11-16,13,13,6,BATON ROUGE,20856_20250930,DIF,1972-11-16,0,LIBERTY BANK AND TRUST COMPANY,LIBERTY FINANCIAL SERVICES INC,31873.0,5,23,0,0,FDIC,2025-09-30,1130548.0,4,LA,0,0,70127
NM,1.0,20872,RICHMOND,3132.0,0.0,2022-08-31,33.0,3408.0,394.0,243.0,1972-11-29,9,9,4,LEXINGTON,20872_20250930,DIF,1972-11-29,0,CITIZENS GUARANTY BANK,CITIZENS GUARANTY FINL CORP,10670.0,3,6,0,0,FDIC,2025-09-30,1143294.0,4,KY,1,0,40475
NM,0.0,20884,HAGATNA,4479.0,2809.0,2023-11-18,0.0,7288.0,11826.0,0.0,1972-12-11,14,14,12,SAN FRANCISCO,20884_20250930,DIF,1972-12-11,0,BANK OF GUAM,BANKGUAM HOLDING CO,93257.0,4,1,16,0,FDIC,2025-09-30,4272869.0,4,GU,0,1,96910
N,1.0,2093,WASHINGTON,6662.0,0.0,2022-08-31,0.0,6690.0,841.0,28.0,1889-08-30,2,2,5,BALTIMORE,2093_20250930,DIF,1934-01-01,0,THE NATIONAL CAPITAL BANK OF WASHINGTON,NATIONAL CAPITAL BCORP INC,18978.0,1,4,0,0,OCC,2025-09-30,5581607.0,4,DC,0,0,20003
N,1.0,20954,SEVIERVILLE,27282.0,0.0,2022-08-31,0.0,27282.0,1600.0,0.0,1973-02-05,13,13,6,KNOXVILLE,20954_20250930,DIF,1973-02-05,0,CITIZENS NATIONAL BANK,CNB BANCSHARES INC,44322.0,5,23,0,0,OCC,2025-09-30,1086270.0,4,TN,1,0,37862
NM,1.0,20989,HAVRE,18387.0,0.0,2022-08-31,24.0,18559.0,475.0,148.0,1973-03-12,14,14,9,BILLINGS,20989_20250930,DIF,1973-03-12,0,INDEPENDENCE BANK,MONTANA SECURITY INC,38713.0,4,10,0,0,FDIC,2025-09-30,2351274.0,2,MT,0,0,59501
SM,1.0,20993,SAVANNAH,10113.0,0.0,2022-08-31,0.0,10113.0,675.0,0.0,1973-03-12,13,13,8,NASHVILLE,20993_20250930,DIF,1973-03-12,0,THE HARDIN COUNTY BANK,HARDIN COUNTY BANCSHARES INC,17849.0,5,5,0,0,FED,2025-09-30,1097838.0,4,TN,0,1,38372
N,1.0,2102,CONWAY,15512.0,0.0,2022-08-31,513.0,16025.0,1828.0,0.0,1914-01-01,5,5,5,COLUMBIA SC,2102_20250930,DIF,1934-01-01,0,THE CONWAY NATIONAL BANK,CNB CORP,42160.0,1,16,0,0,OCC,2025-09-30,1134108.0,4,SC,0,1,29526
NM,1.0,21031,TAMPA,20705.0,0.0,2022-08-31,2.0,20793.0,2100.0,86.0,1973-03-30,5,5,6,TAMPA,21031_20250930,DIF,1973-03-30,0,THE BANK OF TAMPA,TAMPA BAY BANKING CO,76870.0,5,13,0,0,FDIC,2025-09-30,1246467.0,4,FL,0,1,33606
NM,1.0,21050,SULLIGENT,1615.0,0.0,2022-08-31,0.0,1662.0,0.0,47.0,1973-04-20,5,5,6,SHELBY,21050_20250930,DIF,1973-04-20,0,"FIRST STATE BANK OF THE SOUTH, INC.",FIRST STATE HOLDING CORP,3288.0,5,5,0,0,FDIC,2025-09-30,1132289.0,8,AL,0,0,35586
NM,1.0,21074,HENDERSON,14197.0,0.0,2022-08-31,1.0,15044.0,1499.0,846.0,1973-05-05,13,13,11,DALLAS,21074_20250930,DIF,1973-05-05,0,TEXAS BANK,HENDERSON TEXAS BANCSHARES INC,26167.0,5,13,0,0,FDIC,2025-09-30,3385511.0,4,TX,1,0,75652
N,1.0,2107,HOLLY HILL,1585.0,0.0,2022-08-31,4.0,1589.0,37.0,0.0,1905-09-15,5,5,5,COLUMBIA SC,2107_20250930,DIF,1934-01-01,0,FIRST NATIONAL BANK OF SOUTH CAROLINA,FNB CORP,8190.0,1,8,0,0,OCC,2025-09-30,1143230.0,4,SC,0,1,29059
NM,1.0,21083,NATCHEZ,4342.0,0.0,2025-01-25,388.0,4730.0,270.0,0.0,1973-05-14,13,13,6,JACKSON MS,21083_20250930,DIF,1973-05-14,0,UNITED MISSISSIPPI BANK,SOUTHWEST SECURITY INC,16835.0,5,13,0,0,FDIC,2025-09-30,1081686.0,4,MS,1,0,39120
NM,1.0,21085,ONTARIO,1167.0,0.0,2022-08-31,1.0,1240.0,356.0,72.0,1911-09-23,9,9,7,MADISON,21085_20250930,DIF,1973-05-15,0,BANK OF ONTARIO,ONTARIO BCORP INC,2871.0,3,3,0,0,FDIC,2025-09-30,1209592.0,2,WI,1,0,54651
NM,1.0,210,ROACHDALE,3911.0,0.0,2022-08-31,4.0,4742.0,44.0,827.0,1892-10-07,9,9,7,INDIANAPOLIS,210_20250930,DIF,1933-11-24,0,TRI-COUNTY BANK & TRUST COMPANY,TRI-COUNTY BCORP,5540.0,3,5,0,0,FDIC,2025-09-30,1205286.0,4,IN,0,1,46172
NM,1.0,21121,GARDEN CITY,10998.0,0.0,2022-08-31,0.0,11000.0,900.0,2.0,1973-06-19,11,11,10,HAYS,21121_20250930,DIF,1973-06-19,0,THE WESTERN STATE BANK,WHITCORP FINANCIAL CO,26093.0,4,9,0,0,FDIC,2025-09-30,1051979.0,2,KS,1,0,67846
NM,1.0,21161,LEXINGTON,5340.0,0.0,2022-08-31,0.0,5759.0,225.0,419.0,1972-04-10,9,9,4,LEXINGTON,21161_20250930,DIF,1973-07-16,0,BANK OF THE BLUEGRASS AND TRUST COMPANY,BLUEGRASS BANCSHARES INC,9532.0,3,4,0,0,FDIC,2025-09-30,1244801.0,4,KY,0,1,40507
NM,1.0,21219,WEST LIBERTY,767.0,0.0,2022-08-31,0.0,773.0,0.0,6.0,1973-09-15,9,9,4,LEXINGTON,21219_20250930,DIF,1973-09-15,0,"BANK OF THE MOUNTAINS, INC.",MOUNTAIN BCORP INC,3320.0,3,3,0,0,FDIC,2025-09-30,1071249.0,8,KY,0,0,41472
NM,1.0,21227,MARYVILLE,4772.0,0.0,2022-08-31,232.0,5004.0,41.0,0.0,1973-09-24,13,13,6,KNOXVILLE,21227_20250930,DIF,1973-09-24,0,CBBC BANK,TWIN CITIES FINL SERVICES INC,13357.0,5,7,0,0,FDIC,2025-09-30,1082478.0,4,TN,0,1,37804
NM,1.0,21247,MAYFIELD,6956.0,0.0,2022-08-31,281.0,7736.0,275.0,499.0,1899-01-01,9,9,8,MOUNT VERNON,21247_20250930,DIF,1973-09-24,0,"FIRST KENTUCKY BANK, INC.",EXCHANGE BANCSHARES INC,13642.0,3,11,0,0,FDIC,2025-09-30,1096176.0,4,KY,1,0,42066
SM,1.0,21255,SALINA,550.0,0.0,2020-08-01,0.0,550.0,320.0,0.0,1973-10-09,13,13,10,OKLAHOMA CITY,21255_20250930,DIF,1973-10-09,0,LAKESIDE BANK OF SALINA,FIRST PRYOR BCORP INC,2295.0,5,1,0,0,FED,2025-09-30,2224408.0,8,OK,0,0,74365
NM,0.0,21265,CORAL GABLES,108717.0,0.0,2023-05-01,430.0,112146.0,3511.0,2999.0,1973-10-12,5,5,6,SOUTH FLORIDA,21265_20250930,DIF,1973-10-12,0,BRADESCO BANK,BBD PARTICIPACOES SA,102886.0,5,1,0,0,FDIC,2025-09-30,3671102.0,9,FL,0,0,33134
NM,1.0,21284,PENSACOLA,877.0,0.0,2022-08-31,28.0,905.0,0.0,0.0,1973-10-26,5,5,6,MONTGOMERY,21284_20250930,DIF,1973-10-26,0,BANK OF PENSACOLA,FIVE FLAGS BANKS INC,2823.0,5,2,0,0,FDIC,2025-09-30,1129515.0,8,FL,0,0,32502
NM,1.0,21292,COLQUITT,15856.0,0.0,2022-08-31,0.0,16020.0,765.0,164.0,1973-10-19,5,5,6,ALBANY GA,21292_20250930,DIF,1973-10-19,0,PEOPLESSOUTH BANK,PEOPLESSOUTH BANCSHARES INC,32313.0,5,33,0,0,FDIC,2025-09-30,1866155.0,4,GA,0,0,39837
NM,1.0,21329,FORT WORTH,8038.0,0.0,2022-08-31,59.0,8654.0,510.0,557.0,1973-11-29,13,13,11,DALLAS,21329_20250930,DIF,1973-11-29,0,NBT FINANCIAL BANK,HORIZON BANKSHARES INC,17664.0,5,5,0,0,FDIC,2025-09-30,1133026.0,4,TX,0,0,76106
NM,1.0,21342,BRENTWOOD,5203.0,0.0,2024-05-20,1.0,5282.0,471.0,78.0,1890-01-01,13,13,6,NASHVILLE,21342_20250930,DIF,1973-11-27,0,SONATA BANK,SONATA FINANCIAL HOLDINGS INC,5909.0,5,2,0,0,FDIC,2025-09-30,1134229.0,4,TN,0,0,37027
SM,1.0,21379,MCGEHEE,1461.0,0.0,2022-08-31,0.0,1461.0,0.0,0.0,1974-01-02,13,13,8,LITTLE ROCK,21379_20250930,DIF,1974-01-02,0,FIRST NATURALSTATE BANK,FIRST NATIONAL FINANCIAL CORP,2803.0,5,3,0,0,FED,2025-09-30,3386880.0,8,AR,0,1,71654
N,1.0,2138,LOUISVILLE,23497.0,0.0,2022-08-31,11.0,24081.0,2100.0,573.0,1902-01-01,5,5,6,ATLANTA,2138_20250930,DIF,1934-01-01,0,QUEENSBOROUGH NATIONAL BANK & TRUST COMPANY,QUEENSBOROUGH CO THE,55880.0,5,25,0,0,OCC,2025-09-30,1130904.0,4,GA,0,1,30434
NM,1.0,21448,SALT LAKE CITY,948.0,0.0,2025-08-11,0.0,948.0,62.0,0.0,1974-02-20,14,14,12,SALT LAKE CITY,21448_20250930,DIF,1974-02-20,0,REDEMPTION BANK,REDEMPTION HOLDING CO,2567.0,4,1,0,0,FDIC,2025-09-30,5835412.0,4,UT,0,1,84117
NM,1.0,21455,WACO,1113.0,0.0,2022-08-31,0.0,1304.0,173.0,191.0,1974-03-01,13,13,11,DALLAS,21455_20250930,DIF,1974-03-01,0,FIDELITY BANK OF TEXAS,FIDELITY BANCSHARES INC,4918.0,5,2,0,0,FDIC,2025-09-30,1108501.0,4,TX,0,0,76708
NM,1.0,2145,MONTICELLO,1223.0,0.0,2022-08-31,0.0,1223.0,133.0,0.0,1909-01-01,5,5,6,ATLANTA,2145_20250930,DIF,1934-01-01,0,BANK OF MONTICELLO,MONTICELLO BANCSHARES INC,6335.0,5,1,0,0,FDIC,2025-09-30,2412139.0,4,GA,1,0,31064
NM,1.0,21486,EFFINGHAM,2587.0,0.0,2022-08-31,0.0,2613.0,201.0,26.0,1974-03-12,9,9,8,MOUNT VERNON,21486_20250930,DIF,1974-03-12,0,CROSSROADS BANK,OMNI BCORP INC,4634.0,3,2,0,0,FDIC,2025-09-30,1139859.0,4,IL,0,1,62401
SM,1.0,214,WASHINGTON,9249.0,0.0,2024-06-30,32.0,9822.0,770.0,541.0,1932-04-18,11,11,7,CEDAR RAPIDS,214_20250930,DIF,1934-01-01,0,WASHINGTON STATE BANK,W S B INC,13466.0,4,5,0,0,FED,2025-09-30,1207468.0,2,IA,0,1,52353
NM,1.0,21525,MONTGOMERY,2828.0,0.0,2022-08-31,2.0,2991.0,376.0,161.0,1974-04-08,11,11,9,MANKATO,21525_20250930,DIF,1974-04-08,0,CORNERSTONE STATE BANK,CORNERSTONE BCORP INC,4943.0,3,7,0,0,FDIC,2025-09-30,1125423.0,8,MN,1,0,56069
NM,1.0,21526,THOMASTON,1201.0,0.0,2022-08-31,0.0,1201.0,167.0,0.0,1974-04-15,5,5,6,ATLANTA,21526_20250930,DIF,1974-04-15,0,WEST CENTRAL GEORGIA BANK,WCG BANCSHARES INC,4742.0,5,2,0,0,FDIC,2025-09-30,1083998.0,8,GA,0,0,30286
NM,1.0,21529,OAK RIDGE,2101.0,0.0,2022-08-31,0.0,2103.0,174.0,2.0,1910-10-01,13,13,11,SHREVEPORT,21529_20250930,DIF,1974-04-11,0,BANK OF OAK RIDGE,OAK RIDGE BANCSHARES INC,3419.0,5,3,0,0,FDIC,2025-09-30,1109900.0,4,LA,1,0,71264
NM,1.0,2154,SANDERSVILLE,140.0,0.0,2022-08-31,0.0,140.0,135.0,0.0,1871-01-01,5,5,6,ATLANTA,2154_20250930,DIF,1934-01-01,0,THE GEO. D. WARTHEN BANK,GDW BANKSHARES INC,8022.0,5,1,0,0,FDIC,2025-09-30,4519126.0,8,GA,0,0,31082
NM,1.0,21557,KALISPELL,4372.0,0.0,2022-08-31,0.0,4715.0,-224.0,343.0,1974-05-01,14,14,9,BILLINGS,21557_20250930,DIF,1974-05-01,0,THREE RIVERS BANK OF MONTANA,KING KALISPELL LLC,9781.0,4,3,0,0,FDIC,2025-09-30,4404277.0,4,MT,0,0,59901
N,1.0,21567,DALLAS,14274.0,0.0,2022-08-31,0.0,15327.0,4545.0,1053.0,1974-05-02,13,13,11,DALLAS,21567_20250930,DIF,1974-05-02,0,"AMERICAN BANK, NATIONAL ASSOCIATION",BRIGHT FORCE HOLDING INC,22114.0,5,3,0,0,OCC,2025-09-30,5164448.0,4,TX,0,0,75220
NM,1.0,21573,KINGSPORT,24387.0,0.0,2022-08-31,22.0,24450.0,70.0,41.0,1974-05-13,13,13,6,KNOXVILLE,21573_20250930,DIF,1974-05-13,0,BANK OF TENNESSEE,BANCTENN CORP,52212.0,5,25,0,0,FDIC,2025-09-30,1135002.0,4,TN,1,0,37660
NM,1.0,2157,CUTHBERT,1182.0,0.0,2022-08-31,0.0,1182.0,12.0,0.0,1900-10-03,5,5,6,ALBANY GA,2157_20250930,DIF,1934-01-01,0,FIRST STATE BANK OF RANDOLPH COUNTY,Unknown,1580.0,5,2,0,0,FDIC,2025-09-30,0.0,2,GA,1,0,39840
SB,1.0,21591,CATSKILL,39866.0,0.0,2022-08-31,0.0,40135.0,1321.0,269.0,1974-05-18,2,2,2,SYRACUSE,21591_20250930,DIF,1989-08-09,0,THE BANK OF GREENE COUNTY,GREENE COUNTY BCORP MHC,52297.0,1,19,0,0,OCC,2025-09-30,2728595.0,4,NY,0,0,12414
NM,1.0,21606,RIVERSIDE,8300.0,0.0,2023-11-18,0.0,8300.0,185.0,0.0,1974-06-03,14,14,12,ORANGE,21606_20250930,DIF,1974-06-03,0,HCN BANK,HEMET BCORP,27874.0,4,6,0,0,FDIC,2025-09-30,3058057.0,4,CA,1,0,92506
N,1.0,2160,WAYNESBORO,1814.0,0.0,2022-08-31,0.0,1814.0,180.0,0.0,1905-01-01,5,5,6,ATLANTA,2160_20250930,DIF,1934-01-01,0,THE FIRST NATIONAL BANK OF WAYNESBORO,FIRST BURKE BANKING CO,8092.0,5,2,0,0,OCC,2025-09-30,1137752.0,8,GA,0,0,30830
NM,1.0,21635,BOURBONNAIS,915.0,0.0,2022-08-31,7.0,922.0,5.0,0.0,1974-06-21,9,9,7,CHAMPAIGN,21635_20250930,DIF,1974-06-21,0,THE BANK OF BOURBONNAIS,ILLINOIS STATE BCORP INC,2060.0,3,1,0,0,FDIC,2025-09-30,1889565.0,4,IL,0,1,60914
NM,1.0,21692,GRACEVILLE,1540.0,0.0,2022-08-31,4.0,1569.0,0.0,25.0,1974-07-12,5,5,6,MONTGOMERY,21692_20250930,DIF,1974-07-12,0,PEOPLES BANK OF GRACEVILLE,PBG FINANCIAL SERVICES INC,1897.0,5,1,0,0,FDIC,2025-09-30,1085415.0,7,FL,1,0,32440
NM,1.0,21693,ROCKWALL,6288.0,0.0,2022-08-31,0.0,6610.0,-46.0,322.0,1974-07-12,13,13,11,DALLAS,21693_20250930,DIF,1974-07-12,0,LAKESIDE BANK,PFBS HOLDINGS INC,8849.0,5,2,0,0,FDIC,2025-09-30,5375785.0,4,TX,1,0,75032
NM,1.0,21714,MAPLEWOOD,14007.0,0.0,2022-08-31,0.0,14948.0,402.0,941.0,1974-08-01,11,11,9,MINNEAPOLIS,21714_20250930,DIF,1974-08-01,0,PREMIER BANK,PB BANCSHARES INC,31236.0,3,8,0,0,FDIC,2025-09-30,5537079.0,4,MN,0,0,55109
NM,0.0,21716,ONTARIO,76259.0,0.0,2022-08-31,4831.0,98569.0,0.0,17479.0,1974-08-09,14,14,12,LOS ANGELES,21716_20250930,DIF,1974-08-09,0,CITIZENS BUSINESS BANK,CVB FINANCIAL CORP,337617.0,4,70,0,0,FDIC,2025-09-30,1029222.0,4,CA,0,1,91764
NM,1.0,21721,SCHAUMBURG,940.0,0.0,2022-08-31,0.0,940.0,0.0,0.0,1974-08-08,9,9,7,CHICAGO,21721_20250930,DIF,1974-08-08,0,HERITAGE BANK OF SCHAUMBURG,SCHAUMBURG BANCSHARES INC,3465.0,3,1,0,0,FDIC,2025-09-30,1204609.0,4,IL,1,0,60194
NM,1.0,21728,LANGDON,1602.0,0.0,2024-06-30,18.0,2308.0,10.0,688.0,1974-08-12,11,11,9,FARGO,21728_20250930,DIF,1974-08-12,0,FARMERS AND MERCHANTS STATE BANK,F&M BANCSHARES INC,3082.0,3,1,0,0,FDIC,2025-09-30,2622219.0,2,ND,1,0,58249
NM,1.0,21752,WATONGA,902.0,0.0,2022-08-31,0.0,902.0,59.0,0.0,1974-09-05,13,13,10,OKLAHOMA CITY,21752_20250930,DIF,1974-09-05,0,FIRST STATE BANK,FIRST ST BCORP OF WATONGA INC,2815.0,5,1,0,0,FDIC,2025-09-30,1061110.0,2,OK,1,0,73772
SM,0.0,21761,DEARBORN,18.0,0.0,2022-08-31,0.0,18.0,0.0,0.0,1974-09-16,9,16,7,DETROIT,21761_20250930,DIF,1974-09-16,0,"JPMORGAN CHASE BANK, DEARBORN",JPMORGAN CHASE&CO,2310.0,3,1,0,0,FED,2025-09-30,1039502.0,7,MI,0,0,48126
NM,1.0,21784,BAINBRIDGE,10102.0,0.0,2022-08-31,0.0,10102.0,520.0,0.0,1974-10-07,5,5,6,ALBANY GA,21784_20250930,DIF,1974-10-07,0,FIRST PORT CITY BANK,PORT CITY HOLDING CO INC,17848.0,5,6,0,0,FDIC,2025-09-30,1082601.0,4,GA,0,0,39819
SM,1.0,21805,DE QUEEN,9402.0,0.0,2022-08-31,3.0,10198.0,292.0,793.0,1974-11-01,13,13,8,LITTLE ROCK,21805_20250930,DIF,1974-11-01,0,FIRST STATE BANK OF DEQUEEN,FIRST STATE BANCSHARES INC,10642.0,5,7,0,0,FED,2025-09-30,2032724.0,2,AR,1,0,71832
NM,1.0,21807,LOVELADY,399.0,0.0,2016-12-27,0.0,399.0,15.0,0.0,1974-11-04,13,13,11,HOUSTON,21807_20250930,DIF,1974-11-04,0,LOVELADY STATE BANK,Unknown,1726.0,5,1,0,0,FDIC,2025-09-30,0.0,8,TX,1,0,75851
SM,1.0,21843,NEW YORK,131914.0,0.0,2022-08-31,0.0,131914.0,-4362.0,0.0,1974-11-29,2,2,2,NEW YORK CITY,21843_20250930,DIF,1974-11-29,0,MIZUHO BANK (USA),MIZUHO FINANCIAL GROUP INC,107024.0,1,1,0,0,FED,2025-09-30,3185355.0,9,NY,0,1,10020
NM,1.0,21848,OKLAHOMA CITY,12457.0,0.0,2022-08-31,1.0,12460.0,300.0,2.0,1974-12-04,13,13,10,OKLAHOMA CITY,21848_20250930,DIF,1974-12-04,0,QUAIL CREEK BANK,QUAIL CREEK BANCSHARES INC,24952.0,5,1,0,0,FDIC,2025-09-30,1057962.0,4,OK,1,0,73120
N,0.0,21868,NEW YORK,95875.0,0.0,2022-08-31,0.0,95875.0,0.0,0.0,1974-12-20,2,2,2,NEW YORK CITY,21868_20250930,DIF,1974-12-20,0,"BESSEMER TRUST COMPANY, NATIONAL ASSOCIATION",BESSEMER GROUP INC THE,26699.0,1,1,0,0,OCC,2025-09-30,1246159.0,9,NY,0,1,10020
NM,1.0,21874,JEFFERSON CITY,2151.0,0.0,2022-08-31,195.0,2357.0,0.0,11.0,1975-01-02,13,13,6,KNOXVILLE,21874_20250930,DIF,1975-01-02,0,FIRST PEOPLES BANK OF TENNESSEE,FIRST PEOPLES BCORP INC,5641.0,5,5,0,0,FDIC,2025-09-30,4166397.0,4,TN,0,0,37760
SM,1.0,21883,GRUNDY,4128.0,0.0,2022-08-31,99.0,4582.0,107.0,355.0,1975-01-02,5,5,5,RICHMOND,21883_20250930,DIF,1975-01-02,0,TRUPOINT BANK,MINERS&MERCHANTS BCORP INC,12364.0,1,12,0,0,FED,2025-09-30,2227687.0,4,VA,0,0,24614
NM,1.0,21897,PACIFIC,1851.0,0.0,2022-08-31,0.0,2443.0,-155.0,592.0,1975-01-15,11,11,8,ST. LOUIS,21897_20250930,DIF,1975-01-15,0,BANK STAR,BANCSTAR INC,5288.0,4,3,0,0,FDIC,2025-09-30,1097445.0,4,MO,0,0,63069
SM,1.0,21906,MAGEE,14539.0,0.0,2022-08-31,85.0,15312.0,1056.0,688.0,1975-01-27,13,13,6,JACKSON MS,21906_20250930,DIF,1975-01-27,0,PRIORITYONE BANK,PRIORITYONE CAPITAL CORP,37200.0,5,18,0,0,FED,2025-09-30,1084575.0,4,MS,1,1,39111
NM,1.0,21928,BISMARCK,4461.0,0.0,2024-06-30,0.0,4466.0,150.0,5.0,1975-02-18,11,11,9,FARGO,21928_20250930,DIF,1975-02-18,0,KIRKWOOD BANK & TRUST CO.,KIRKWOOD BCORP CO,8677.0,3,4,0,0,FDIC,2025-09-30,1843558.0,4,ND,1,1,58503
NM,0.0,21943,CHICO,86104.0,0.0,2022-08-31,0.0,87168.0,9063.0,1064.0,1975-03-11,14,14,12,SACRAMENTO,21943_20250930,DIF,1975-03-11,0,TRI COUNTIES BANK,TRICO BANCSHARES,263257.0,4,77,0,0,FDIC,2025-09-30,1030170.0,4,CA,0,0,95973
SM,1.0,21955,WICHITA,4343.0,0.0,2022-08-31,1.0,4492.0,345.0,148.0,1975-03-14,11,11,10,WICHITA,21955_20250930,DIF,1975-03-14,0,STRYV BANK,CHISHOLM TRAIL FINANCIAL CORP,7870.0,4,2,0,0,FED,2025-09-30,1061772.0,4,KS,1,0,67219
NM,1.0,21956,SANTA BARBARA,13002.0,0.0,2022-08-31,1.0,15263.0,0.0,2260.0,1975-03-17,14,14,12,LOS ANGELES,21956_20250930,DIF,1975-03-17,0,MONTECITO BANK & TRUST,MONTECITO BCORP,49944.0,4,17,0,0,FDIC,2025-09-30,1138919.0,4,CA,0,1,93101
NM,1.0,21978,OKLAHOMA CITY,12819.0,0.0,2022-08-31,0.0,13715.0,225.0,896.0,1975-04-14,13,13,10,OKLAHOMA CITY,21978_20250930,DIF,1975-04-14,0,FRONTIER STATE BANK,Unknown,14398.0,5,1,0,0,FDIC,2025-09-30,0.0,4,OK,1,0,73129
NM,1.0,21988,ROCK FALLS,3507.0,0.0,2022-08-31,55.0,3562.0,250.0,0.0,1975-04-24,9,9,7,PRINCETON,21988_20250930,DIF,1975-04-24,0,COMMUNITY STATE BANK OF ROCK FALLS,COMMUNITY ILLINOIS CORP,7438.0,3,5,0,0,FDIC,2025-09-30,1427659.0,2,IL,0,0,61071
NM,1.0,21998,COLLINS,1437.0,0.0,2022-08-31,0.0,1437.0,0.0,0.0,1975-05-01,13,13,6,JACKSON MS,21998_20250930,DIF,1975-05-01,0,COVINGTON COUNTY BANK,COVINGTON CAPITAL CORP,3208.0,5,2,0,0,FDIC,2025-09-30,2228590.0,2,MS,0,1,39428
NM,1.0,22015,GREENEVILLE,7117.0,0.0,2022-08-31,0.0,7117.0,396.0,0.0,1975-05-12,13,13,6,KNOXVILLE,22015_20250930,DIF,1975-05-12,0,ANDREW JOHNSON BANK,ANDREW JOHNSON BANCSHARES INC,17244.0,5,8,0,0,FDIC,2025-09-30,1083185.0,4,TN,0,0,37743
SM,1.0,22020,BROWNSVILLE,7639.0,0.0,2022-08-31,7.0,7907.0,35.0,261.0,1869-01-01,13,13,8,NASHVILLE,22020_20250930,DIF,1975-05-15,0,INSOUTH BANK,INDEPENDENT S BANCSHARES INC,16175.0,5,7,0,0,FED,2025-09-30,1100000.0,4,TN,0,1,38012
N,1.0,22046,BOUTTE,1597.0,0.0,2023-04-20,0.0,1609.0,0.0,12.0,1975-06-23,13,13,6,BATON ROUGE,22046_20250930,DIF,1975-06-23,0,FIRST NATIONAL BANK USA,FIRST ST CHARLES BANCSHARES,7831.0,5,2,0,0,OCC,2025-09-30,1140190.0,4,LA,0,0,70039
NM,1.0,2205,HELENA,2512.0,0.0,2023-09-01,3.0,3081.0,385.0,566.0,1883-08-01,14,14,9,BILLINGS,2205_20250930,DIF,1934-01-01,0,BANK OF THE ROCKIES,COUNTRICORP,8691.0,4,7,0,0,FDIC,2025-09-30,1134470.0,2,MT,1,0,59601
SM,1.0,22065,TULSA,8972.0,0.0,2022-08-31,0.0,9512.0,180.0,540.0,1975-07-21,13,13,10,OKLAHOMA CITY,22065_20250930,DIF,1975-07-21,0,GRAND BANK,GRAND CAPITAL CORP,18802.0,5,4,0,0,FED,2025-09-30,1065967.0,4,OK,0,0,74114
NM,1.0,22086,ALBUQUERQUE,2843.0,0.0,2022-08-31,0.0,3283.0,40.0,440.0,1975-08-05,13,13,10,ALBUQUERQUE,22086_20250930,DIF,1975-08-05,0,MAIN BANK,MAIN BANC INC,7699.0,4,1,0,0,FDIC,2025-09-30,3365296.0,4,NM,1,0,87110
SM,1.0,2208,BUFFALO,11812.0,0.0,2023-03-25,2.0,12735.0,633.0,921.0,1885-02-02,14,14,10,BILLINGS,2208_20250930,DIF,1934-01-01,0,FIRST NORTHERN BANK OF WYOMING,FIRST NATL BUFFALO BANKSHARES,24238.0,4,5,0,0,FED,2025-09-30,1057243.0,4,WY,1,1,82834
NM,1.0,22090,MANCHESTER,6778.0,0.0,2022-08-31,0.0,6897.0,544.0,119.0,1975-08-15,13,13,6,NASHVILLE,22090_20250930,DIF,1975-08-15,0,COFFEE COUNTY BANK,COFFEE COUNTY BANCSHARES INC,13108.0,5,4,0,0,FDIC,2025-09-30,1083091.0,4,TN,1,1,37355
N,1.0,22092,CHATSWORTH,8798.0,0.0,2022-08-31,24.0,8822.0,2405.0,0.0,1975-08-18,5,5,6,ATLANTA,22092_20250930,DIF,1975-08-18,0,FIRST NATIONAL COMMUNITY BANK,FIRST CHATSWORTH BANKSHARES,25232.0,5,11,0,0,OCC,2025-09-30,1084481.0,4,GA,0,0,30705
NM,0.0,22134,LOGAN,59124.0,0.0,2022-08-31,0.0,59124.0,4500.0,0.0,1975-10-02,14,14,12,SALT LAKE CITY,22134_20250930,DIF,1975-10-02,0,CACHE VALLEY BANK,CACHE VALLEY BANKING CO,100292.0,4,24,0,0,FDIC,2025-09-30,2324997.0,4,UT,0,0,84321
NM,1.0,22138,CLAYTON,4620.0,0.0,2022-08-31,0.0,4620.0,65.0,0.0,1975-10-10,5,5,6,ATLANTA,22138_20250930,DIF,1975-10-10,0,RABUN COUNTY BANK,LIBERTY BCORP OF GEORGIA INC,9483.0,5,4,0,0,FDIC,2025-09-30,1085228.0,4,GA,0,1,30525
NM,1.0,22139,MONROE,9241.0,0.0,2022-08-31,0.0,9263.0,3.0,22.0,1975-10-10,13,13,11,SHREVEPORT,22139_20250930,DIF,1975-10-10,0,PROGRESSIVE BANK,PROGRESSIVE BCORP INC,19128.0,5,9,0,0,FDIC,2025-09-30,1108659.0,4,LA,0,1,71201
SM,0.0,22180,BLOOMINGTON,10408.0,0.0,2022-08-31,7383.0,18921.0,1857.0,1130.0,1975-12-15,11,11,9,MINNEAPOLIS,22180_20250930,DIF,1975-12-15,0,UNITED BANKERS' BANK,UNITED BANKERS BCORP INC,20785.0,3,1,0,0,FED,2025-09-30,2291727.0,4,MN,0,1,55431
NM,1.0,22205,BARWICK,11641.0,0.0,2022-08-31,5.0,12285.0,1275.0,639.0,1934-01-01,5,5,6,ALBANY GA,22205_20250930,DIF,1976-01-06,0,BARWICK BANKING COMPANY,BARWICK BCORP INC,16594.0,5,6,0,0,FDIC,2025-09-30,5786185.0,4,GA,0,0,31720
N,1.0,22229,MOBILE,313.0,0.0,2022-08-31,0.0,313.0,0.0,0.0,1976-02-19,5,5,6,MONTGOMERY,22229_20250930,DIF,1976-02-19,0,COMMONWEALTH NATIONAL BANK,CNB BCORP INC,1761.0,5,2,0,0,OCC,2025-09-30,3635328.0,4,AL,0,0,36617
NM,1.0,22242,MINNEAPOLIS,162.0,0.0,2022-08-31,247.0,665.0,270.0,256.0,1976-03-15,11,11,9,MINNEAPOLIS,22242_20250930,DIF,1976-03-15,0,UNION BANK AND TRUST COMPANY,Unknown,6234.0,3,1,0,0,FDIC,2025-09-30,0.0,4,MN,0,1,55414
N,1.0,2224,BRIDGER,9762.0,0.0,2022-08-31,0.0,9846.0,505.0,84.0,1906-05-01,14,14,9,BILLINGS,2224_20250930,DIF,1934-01-01,0,"BANK OF BRIDGER, NATIONAL ASSOCIATION",BRIDGER CO THE,16420.0,4,12,0,0,OCC,2025-09-30,1122310.0,2,MT,0,0,59014
NM,1.0,22257,FITZGERALD,34737.0,0.0,2022-08-31,0.0,40427.0,2850.0,5690.0,1976-04-15,5,5,6,ALBANY GA,22257_20250930,DIF,1976-04-15,0,COLONY BANK,COLONY BANKCORP INC,68684.0,5,29,0,0,FDIC,2025-09-30,1085170.0,4,GA,0,0,31750
SM,1.0,22263,GRYGLA,884.0,0.0,2024-06-30,0.0,884.0,18.0,0.0,1976-04-30,11,11,9,FARGO,22263_20250930,DIF,1976-04-30,0,AMERICAN STATE BANK OF GRYGLA,GRYGLA FINANCIAL CORP,2098.0,3,2,0,0,FED,2025-09-30,1857760.0,2,MN,1,0,56727
N,1.0,22271,HAMILTON,1658.0,0.0,2022-08-31,0.0,1658.0,537.0,0.0,1976-05-06,5,5,6,SHELBY,22271_20250930,DIF,1976-05-06,0,FIRST NATIONAL BANK,MARION COUNTY BANCSHARES INC,12150.0,5,5,0,0,OCC,2025-09-30,1131376.0,8,AL,1,0,35570
NM,1.0,22273,WILLIAMSON,1944.0,0.0,2024-11-12,0.0,2042.0,30.0,98.0,1976-05-17,5,5,5,SCOTT DEPOT,22273_20250930,DIF,1976-05-17,0,GUARANTY BANK INC.,Unknown,4686.0,1,3,0,0,FDIC,2025-09-30,0.0,4,WV,0,0,25661
NM,1.0,22282,CHICAGO,10502.0,0.0,2022-08-31,239.0,10832.0,0.0,91.0,1976-06-07,9,9,7,CHICAGO,22282_20250930,DIF,1976-06-07,0,FIRST NATIONS BANK,ILLINOIS STATE BCORP INC,12347.0,3,3,0,0,FDIC,2025-09-30,1889565.0,4,IL,0,1,60631
SM,1.0,2228,RAWLINS,2614.0,0.0,2023-01-19,0.0,2615.0,0.0,1.0,1898-01-01,14,14,10,BILLINGS,2228_20250930,DIF,1934-01-01,0,RNB STATE BANK,CARBON COUNTY HOLDING CO,7287.0,4,5,0,0,FED,2025-09-30,2043346.0,4,WY,1,1,82301
SM,1.0,2229,ROCK SPRINGS,3102.0,0.0,2022-10-03,18.0,3226.0,45.0,106.0,1892-05-23,14,14,10,BILLINGS,2229_20250930,DIF,1934-01-01,0,RSNB BANK,RSNB BCORP,7757.0,4,2,0,0,FED,2025-09-30,2718167.0,4,WY,1,1,82901
SM,0.0,22308,HUDSONVILLE,15380.0,0.0,2022-10-09,484.0,16752.0,4186.0,888.0,1976-07-21,9,9,7,DETROIT,22308_20250930,DIF,1976-07-21,0,WEST MICHIGAN COMMUNITY BANK,NORTHSTAR FINANCIAL GROUP INC,29521.0,3,8,0,0,FED,2025-09-30,2958990.0,4,MI,0,1,49426
SM,1.0,22319,MOUNTAIN GROVE,41560.0,0.0,2022-08-31,0.0,42947.0,250.0,1387.0,1907-10-17,11,11,8,SPRINGFIELD MO,22319_20250930,DIF,1976-08-17,0,LEGACY BANK & TRUST COMPANY,CENTURY BANCSHARES INC,44821.0,4,9,0,0,FED,2025-09-30,1095469.0,4,MO,0,0,65711
NM,0.0,2232,CODY,14241.0,0.0,2022-08-31,40.0,14634.0,335.0,353.0,1918-04-06,14,11,10,BILLINGS,2232_20250930,DIF,1934-01-01,0,PINNACLE BANK - WYOMING,PINNACLE BCORP INC,31545.0,4,15,0,0,FDIC,2025-09-30,1053272.0,2,WY,0,1,82414
SM,1.0,22334,OREGON,36502.0,0.0,2025-08-01,5.0,44090.0,1305.0,7583.0,1976-09-15,9,9,7,MADISON,22334_20250930,DIF,1976-09-15,0,ONE COMMUNITY BANK,BOSSHARD FINANCIAL GROUP INC,56115.0,3,20,0,0,FED,2025-09-30,1205473.0,4,WI,0,1,53575
NM,1.0,22340,GUYMON,8350.0,0.0,2024-05-01,45.0,8395.0,810.0,0.0,1976-10-12,13,13,10,OKLAHOMA CITY,22340_20250930,DIF,1976-10-12,0,PANHANDLE FIRST BANK,PANHANDLE BANCSHARES INC,17773.0,5,4,0,0,FDIC,2025-09-30,2623001.0,2,OK,1,0,73942
SM,1.0,22354,HARROGATE,28666.0,0.0,2024-07-01,118.0,30130.0,0.0,1346.0,1976-11-01,13,13,6,KNOXVILLE,22354_20250930,DIF,1976-11-01,0,COMMERCIAL BANK,ROBERTSON HOLDING CO L P,61336.0,5,40,0,0,FED,2025-09-30,2492485.0,4,TN,0,0,37752
NM,1.0,22355,PIKEVILLE,796.0,0.0,2024-01-15,0.0,870.0,40.0,74.0,1976-10-26,9,9,4,LEXINGTON,22355_20250930,DIF,1976-10-26,0,"PINNACLE BANK, INC.",Unknown,1627.0,3,3,0,0,FDIC,2025-09-30,0.0,4,KY,0,0,41501
NM,1.0,22358,GREENSBORO,1403.0,0.0,2022-06-30,0.0,1403.0,70.0,0.0,1976-11-01,5,5,6,SHELBY,22358_20250930,DIF,1976-11-01,0,THE CITIZENS BANK,CITIZENS BANCSHARES INC,2632.0,5,1,0,0,FDIC,2025-09-30,1086382.0,2,AL,0,0,36744
NM,1.0,22366,LOS ANGELES,12598.0,0.0,2022-08-31,0.0,13397.0,-200.0,799.0,1976-11-15,14,14,12,LOS ANGELES,22366_20250930,DIF,1976-11-15,0,GBC INTERNATIONAL BANK,GBC HOLDINGS INC,14830.0,4,8,0,0,FDIC,2025-09-30,2017673.0,4,CA,0,0,90071
N,1.0,22373,WICHITA FALLS,50088.0,0.0,2022-08-31,0.0,50089.0,2700.0,1.0,1976-11-29,13,13,11,DALLAS,22373_20250930,DIF,1976-11-29,0,AMERICAN NATIONAL BANK & TRUST,AMERIBANCSHARES INC,49457.0,5,14,0,0,OCC,2025-09-30,2507183.0,4,TX,0,1,76308
N,1.0,22381,ANAHUAC,2340.0,0.0,2006-03-31,0.0,2357.0,90.0,17.0,1976-12-20,13,13,11,HOUSTON,22381_20250930,DIF,1976-12-20,0,ANAHUAC NATIONAL BANK,ANAHUAC BANCSHARES INC,6285.0,5,5,0,0,OCC,2025-09-30,2622116.0,7,TX,1,0,77514
NM,1.0,22394,GREENVILLE,9378.0,0.0,2022-08-31,0.0,9401.0,810.0,23.0,1977-01-03,11,11,8,ST. LOUIS,22394_20250930,DIF,1977-01-03,0,PEOPLES COMMUNITY BANK,GREENVILLE BANCSHARES INC,22063.0,4,16,0,0,FDIC,2025-09-30,1119431.0,4,MO,1,0,63944
N,1.0,22396,WACO,19823.0,0.0,2022-08-31,0.0,20011.0,1356.0,188.0,1977-01-10,13,13,11,DALLAS,22396_20250930,DIF,1977-01-10,0,CENTRAL NATIONAL BANK,CENTRABANC CORP,37326.0,5,4,0,0,OCC,2025-09-30,1106132.0,4,TX,1,0,76712
N,1.0,22398,NEW YORK,14952.0,0.0,2022-08-31,0.0,17205.0,10837.0,2253.0,1977-01-01,2,2,2,NEW YORK CITY,22398_20250930,DIF,1977-01-01,0,"MODERN BANK, NATIONAL ASSOCIATION",MODERN BANK MANAGEMENT LLC,12645.0,1,2,0,0,OCC,2025-09-30,3720000.0,4,NY,0,0,10022
NM,1.0,2240,ARTESIA,12037.0,0.0,2022-08-31,218.0,12646.0,3402.0,391.0,1903-01-01,13,13,11,ALBUQUERQUE,2240_20250930,DIF,1934-01-01,0,FIRST AMERICAN BANK,FIRST ARTESIA BANCSHARES INC,63376.0,4,21,0,0,FDIC,2025-09-30,1108967.0,4,NM,1,1,88210
NM,1.0,2241,CARLSBAD,8856.0,0.0,2022-08-31,0.0,8856.0,1570.0,0.0,1924-08-01,13,13,11,ALBUQUERQUE,2241_20250930,DIF,1934-01-01,0,CNB BANK,CARLSBAD BCORP INC,31019.0,4,3,0,0,FDIC,2025-09-30,1131527.0,4,NM,1,1,88220
NM,1.0,22430,BURNS FLAT,857.0,0.0,2015-05-13,0.0,906.0,46.0,49.0,1977-03-11,13,13,10,OKLAHOMA CITY,22430_20250930,DIF,1977-03-11,0,WASHITA STATE BANK,Unknown,1484.0,5,1,0,0,FDIC,2025-09-30,0.0,4,OK,1,0,73624
N,1.0,22434,CHAMPAIGN,2745.0,0.0,2022-08-31,78.0,3090.0,186.0,267.0,1977-03-14,9,9,7,CHAMPAIGN,22434_20250930,DIF,1977-03-14,0,"BANKCHAMPAIGN, NATIONAL ASSOCIATION",MARKET PLACE BANCSHARES INC,7468.0,3,2,0,0,OCC,2025-09-30,1249048.0,4,IL,1,1,61820
NM,1.0,22447,WRAY,4636.0,0.0,2022-08-31,0.0,4682.0,270.0,46.0,1977-04-11,13,13,10,DENVER,22447_20250930,DIF,1977-04-11,0,WRAY STATE BANK,HOTC INVESTMENT CO,7720.0,4,3,0,0,FDIC,2025-09-30,3685891.0,2,CO,0,0,80758
NM,1.0,22448,TAHLEQUAH,1540.0,0.0,2022-08-31,0.0,1558.0,64.0,18.0,1977-04-13,13,13,10,OKLAHOMA CITY,22448_20250930,DIF,1977-04-13,0,FIRST STATE BANK,MAXLOU BANCSHARES INC,2015.0,5,2,0,0,FDIC,2025-09-30,2550602.0,4,OK,1,0,74464
NM,1.0,2244,PORTALES,3000.0,0.0,2022-08-31,755.0,3756.0,500.0,1.0,1906-07-30,13,13,11,ALBUQUERQUE,2244_20250930,DIF,1934-01-01,0,THE JAMES POLK STONE COMMUNITY BANK,JAMES POLK STONE CMTY BANCSHARES,13400.0,4,9,0,0,FDIC,2025-09-30,1104978.0,8,NM,1,0,88130
NM,1.0,22451,NASHVILLE,22496.0,0.0,2025-03-04,0.0,22931.0,332.0,435.0,1977-04-15,13,13,6,NASHVILLE,22451_20250930,DIF,1977-04-15,0,VOLUNTEER BANK,LAWRENCE BANCSHARES INC,41669.0,5,18,0,0,FDIC,2025-09-30,1080803.0,4,TN,1,0,37203
NM,1.0,22460,MONTEREY,2800.0,0.0,2024-12-20,0.0,3461.0,507.0,661.0,1977-05-05,14,14,12,SAN FRANCISCO,22460_20250930,DIF,1977-05-05,0,MONTEREY COUNTY BANK,PCB FINANCIAL INC,5722.0,4,4,0,0,FDIC,2025-09-30,5900516.0,4,CA,0,0,93940
NM,1.0,2247,ROSWELL,26.0,0.0,2022-08-31,4.0,30.0,29.0,0.0,1930-03-18,13,13,11,ALBUQUERQUE,2247_20250930,DIF,1934-01-01,0,BANK OF THE SOUTHWEST,NEW MEXICO NATL FINL INC,9201.0,4,13,0,0,FDIC,2025-09-30,2013947.0,4,NM,1,0,88201
SM,1.0,2249,LORDSBURG,1225.0,0.0,2022-08-31,0.0,1238.0,0.0,13.0,1907-09-29,13,13,11,ALBUQUERQUE,2249_20250930,DIF,1934-01-01,0,WESTERN BANK,LORDSBURG FINANCIAL CORP,8259.0,4,5,0,0,FED,2025-09-30,1417454.0,2,NM,1,0,88045
SM,1.0,22502,BUTTE,374.0,0.0,2022-08-31,143.0,523.0,44.0,6.0,1977-07-27,14,14,9,BILLINGS,22502_20250930,DIF,1977-07-27,0,FIRST CITIZENS BANK OF BUTTE,BUTTE BANK SHARES INC,2297.0,4,1,0,0,FED,2025-09-30,2351247.0,8,MT,1,0,59701
SM,1.0,22514,SALINA,1472.0,0.0,2022-08-31,0.0,1472.0,971.0,0.0,1977-08-29,14,14,12,SALT LAKE CITY,22514_20250930,DIF,1977-08-29,0,UTAH INDEPENDENT BANK,Unknown,7165.0,4,4,0,0,FED,2025-09-30,0.0,4,UT,1,0,84654
NM,1.0,22526,LONGVIEW,3219.0,0.0,2022-08-31,0.0,3410.0,376.0,191.0,1977-09-19,13,13,11,DALLAS,22526_20250930,DIF,1977-09-19,0,SPRING HILL STATE BANK,SPRING HILL HOLDINGS CORP,8013.0,5,2,0,0,FDIC,2025-09-30,2693929.0,4,TX,0,0,75604
NM,1.0,22536,PALOS HILLS,7329.0,0.0,2022-08-31,0.0,7335.0,0.0,6.0,1977-10-21,9,9,7,CHICAGO,22536_20250930,DIF,1977-10-21,0,FIRST SECURE BANK AND TRUST CO.,FIRST SECURE BANK GROUP INC,7990.0,3,6,0,0,FDIC,2025-09-30,2805544.0,4,IL,0,1,60465
NM,1.0,22537,CULLMAN,14255.0,0.0,2023-08-31,0.0,14257.0,314.0,2.0,1977-10-24,5,5,6,SHELBY,22537_20250930,DIF,1977-10-24,0,PEOPLES BANK OF ALABAMA,ALTRUST FINANCIAL SERVICES INC,45591.0,5,28,0,0,FDIC,2025-09-30,1136595.0,4,AL,1,1,35055
SM,1.0,22549,BREWTON,10.0,0.0,2022-06-30,0.0,10.0,40.0,0.0,1977-11-10,5,5,6,MONTGOMERY,22549_20250930,DIF,1977-11-10,0,FIRST PROGRESSIVE BANK,Unknown,698.0,5,1,0,0,FED,2025-09-30,0.0,7,AL,0,0,36426
NM,1.0,22559,DICKINSON,48118.0,0.0,2024-06-30,2.0,50298.0,4224.0,2178.0,1977-12-01,11,11,9,FARGO,22559_20250930,DIF,1977-12-01,0,BRAVERA BANK,BRAVERA HOLDINGS CORP,80766.0,3,31,0,0,FDIC,2025-09-30,1133781.0,2,ND,0,0,58601
NM,1.0,22567,SHELBINA,1497.0,0.0,2024-06-30,0.0,1709.0,126.0,212.0,1977-11-28,11,11,8,COLUMBIA MO,22567_20250930,DIF,1977-11-28,0,COMMUNITY STATE BANK,COMMUNITY STATE BANCSHARES INC,3124.0,4,2,0,0,FDIC,2025-09-30,2516961.0,8,MO,0,0,63468
NM,1.0,22578,SALT LAKE CITY,3028.0,0.0,2022-08-31,0.0,3332.0,371.0,304.0,1978-01-03,14,14,12,SALT LAKE CITY,22578_20250930,DIF,1978-01-03,0,BRIGHTON BANK,BRIGHTON BCORP,11258.0,4,6,0,0,FDIC,2025-09-30,1027947.0,4,UT,1,0,84121
NM,0.0,22597,PORTERVILLE,28304.0,0.0,2023-11-18,1087.0,32121.0,6960.0,2730.0,1978-01-19,14,14,12,SACRAMENTO,22597_20250930,DIF,1978-01-19,0,BANK OF THE SIERRA,SIERRA BCORP,95987.0,4,36,0,0,FDIC,2025-09-30,2976396.0,4,CA,0,0,93257
SM,1.0,22598,FLORA,1940.0,0.0,2022-08-31,0.0,1942.0,24.0,2.0,1978-01-19,9,9,8,MOUNT VERNON,22598_20250930,DIF,1978-01-19,0,FLORA BANK & TRUST,CLAY BANCSHARES INC,1913.0,3,4,0,0,FED,2025-09-30,2186186.0,8,IL,0,1,62839
NM,1.0,22600,ROSWELL,2273.0,0.0,2022-08-31,0.0,2273.0,500.0,0.0,1978-02-01,13,13,11,ALBUQUERQUE,22600_20250930,DIF,1978-02-01,0,VALLEY BANK OF COMMERCE,COMMERCE BANCSHARES ROSWELL EMPLOYEE STK OWNERSHIP PLAN,11989.0,4,3,0,0,FDIC,2025-09-30,5659506.0,8,NM,1,0,88201
NM,1.0,22601,BUTLER,1590.0,0.0,2022-08-31,0.0,1590.0,90.0,0.0,1926-01-04,11,11,10,KANSAS CITY,22601_20250930,DIF,1978-01-27,0,CITIZENS BANK,AMSTERDAM BANCSHARES INC,8657.0,4,10,0,0,FDIC,2025-09-30,1064317.0,2,MO,1,0,64730
NM,1.0,22636,MARSHALL,3255.0,0.0,2024-06-30,16.0,3271.0,71.0,0.0,1978-05-01,11,11,10,COLUMBIA MO,22636_20250930,DIF,1978-05-01,0,COMMUNITY BANK OF MARSHALL,MARSHALL CMTY BANCSHARES INC,5071.0,4,7,0,0,FDIC,2025-09-30,2647360.0,2,MO,0,0,65340
SM,1.0,22639,RAWLINS,1704.0,0.0,2012-01-01,34.0,1738.0,0.0,0.0,1978-04-20,14,14,10,BILLINGS,22639_20250930,DIF,1978-04-20,0,BANK OF COMMERCE,RAWLINS BANKSHARES INC,5830.0,4,2,0,0,FED,2025-09-30,1067701.0,4,WY,0,0,82301
SM,0.0,22653,PROVO,4099.0,0.0,2022-08-31,0.0,5076.0,18786.0,977.0,1978-05-15,14,14,12,SALT LAKE CITY,22653_20250930,DIF,1978-05-15,0,GREEN DOT BANK DBA BONNEVILLE BANK,GREEN DOT CORP,189374.0,4,1,0,0,FED,2025-09-30,4057262.0,9,UT,0,0,84604
NM,1.0,22657,ROMA,1077.0,0.0,2022-08-31,94.0,1171.0,-10.0,0.0,1978-05-15,13,13,11,HOUSTON,22657_20250930,DIF,1978-05-15,0,CITIZENS STATE BANK,Unknown,2023.0,5,2,0,0,FDIC,2025-09-30,0.0,8,TX,0,0,78584
NM,1.0,22669,CALIENTE,937.0,0.0,2023-11-18,0.0,937.0,54.0,0.0,1978-06-21,14,14,12,PHOENIX,22669_20250930,DIF,1978-06-21,0,NEVADA BANK AND TRUST COMPANY,Unknown,5276.0,4,4,0,0,FDIC,2025-09-30,0.0,4,NV,0,0,89008
NM,1.0,226,PANORA,3892.0,0.0,2024-06-30,138.0,5285.0,156.0,1255.0,1931-10-17,11,11,7,DES MOINES,226_20250930,DIF,1934-01-01,0,GUTHRIE COUNTY STATE BANK,GUTHRIE COUNTY BANCSHARES INC,5548.0,4,2,0,0,FDIC,2025-09-30,1208380.0,2,IA,1,1,50216
N,0.0,2270,SALT LAKE CITY,964247.0,0.0,2025-03-24,41569.0,1198722.0,66248.0,192906.0,1873-07-06,14,14,12,SALT LAKE CITY,2270_20250930,DIF,1934-01-01,0,"ZIONS BANCORPORATION, N.A.",Unknown,1958356.0,4,415,0,0,OCC,2025-09-30,0.0,4,UT,0,1,84133
SM,1.0,22717,ARDMORE,2896.0,0.0,2022-08-31,101.0,3406.0,50.0,409.0,1978-09-18,13,13,10,OKLAHOMA CITY,22717_20250930,DIF,1978-09-18,0,CITIZENS BANK AND TRUST COMPANY OF ARDMORE,CITIZENS COMMERCE CORP,7912.0,5,4,0,0,FED,2025-09-30,1064139.0,4,OK,1,1,73401
NM,1.0,22738,SALT LAKE CITY,13819.0,0.0,2022-08-31,0.0,15402.0,2590.0,1583.0,1978-10-19,14,14,12,SALT LAKE CITY,22738_20250930,DIF,1978-10-19,0,FIRST UTAH BANK,FIRST UTAH BCORP,28064.0,4,7,0,0,FDIC,2025-09-30,1027992.0,4,UT,0,0,84109
NM,1.0,22739,SAINT FRANCISVIL,5771.0,0.0,2022-08-31,0.0,6246.0,465.0,475.0,1978-10-30,13,13,6,BATON ROUGE,22739_20250930,DIF,1978-10-30,0,BANK OF ST. FRANCISVILLE,SAINT FRANCISVILLE BANCSHARES,11293.0,5,2,0,0,FDIC,2025-09-30,1082544.0,4,LA,1,0,70775
N,1.0,2273,ELY,1137.0,0.0,2022-08-31,0.0,1137.0,9.0,0.0,1907-02-23,14,14,12,PHOENIX,2273_20250930,DIF,1934-01-01,0,THE FIRST NATIONAL BANK OF ELY,FNBELY BCORP,2465.0,4,1,0,0,OCC,2025-09-30,5192393.0,7,NV,1,1,89301
NM,1.0,22756,BYRDSTOWN,6364.0,0.0,2022-08-31,0.0,6364.0,1325.0,0.0,1978-11-27,13,13,6,KNOXVILLE,22756_20250930,DIF,1978-11-27,0,PEOPLE'S BANK AND TRUST COMPANY OF PICKETT COUNTY,EMPLOYEE STK OWNERSHIP TR PEOPLES B&T PICKETT CNTY,10592.0,5,3,0,0,FDIC,2025-09-30,1426782.0,4,TN,0,0,38549
NM,1.0,22811,LINCOLNWOOD,1736.0,0.0,2022-08-31,0.0,2579.0,-50.0,843.0,1979-02-26,9,9,7,CHICAGO,22811_20250930,DIF,1979-02-26,0,BRICKYARD BANK,BRICKYARD BCORP INC,4910.0,3,3,0,0,FDIC,2025-09-30,2447935.0,4,IL,0,0,60712
NM,1.0,22835,HALLS,643.0,0.0,2022-08-31,0.0,643.0,35.0,0.0,1979-04-04,13,13,8,NASHVILLE,22835_20250930,DIF,1979-04-04,0,THE LAUDERDALE COUNTY BANK,LAUDERDALE CNTY BANCSHARES INC,1797.0,5,2,0,0,FDIC,2025-09-30,2020691.0,8,TN,0,0,38040
NM,1.0,22839,WILBURTON,325.0,0.0,2022-08-31,0.0,325.0,0.0,0.0,1979-04-09,13,13,10,OKLAHOMA CITY,22839_20250930,DIF,1979-04-09,0,LATIMER STATE BANK,FIRST LATIMER CORP,1970.0,5,1,0,0,FDIC,2025-09-30,1066964.0,7,OK,1,0,74578
SM,1.0,2284,ZANESVILLE,4909.0,0.0,2024-10-26,0.0,5049.0,39.0,140.0,1904-11-04,9,9,4,COLUMBUS,2284_20250930,DIF,1934-01-01,0,NORTH VALLEY BANK,NORTH VALLEY BANCSHARES INC,11873.0,3,11,0,0,FED,2025-09-30,3264193.0,4,OH,0,0,43701
SM,1.0,22855,ROFF,1551.0,0.0,2025-09-18,0.0,1760.0,821.0,209.0,1979-05-07,13,13,10,OKLAHOMA CITY,22855_20250930,DIF,1979-05-07,0,OKLAHOMA HERITAGE BANK,CHICKASAW BANC HOLDING CO,2499.0,5,4,0,0,FED,2025-09-30,3045721.0,4,OK,1,0,74865
SM,0.0,22858,FAIRFAX,419444.0,0.0,2025-01-11,3968.0,424629.0,44816.0,1217.0,1979-05-10,5,5,5,RICHMOND,22858_20250930,DIF,1979-05-10,0,UNITED BANK,UNITED BANKSHARES INC,831093.0,1,236,0,0,FED,2025-09-30,1076217.0,4,VA,0,1,22030
SM,1.0,2285,GENOA,10469.0,0.0,2022-08-31,5.0,10893.0,497.0,419.0,1902-09-09,9,9,4,COLUMBUS,2285_20250930,DIF,1934-01-01,0,THE GENOA BANKING COMPANY,GENBANC INC,16916.0,3,9,0,0,FED,2025-09-30,1071388.0,4,OH,0,0,43430
NM,1.0,22867,RAYMORE,3494.0,0.0,2022-08-31,0.0,3494.0,852.0,0.0,1979-05-15,11,11,10,KANSAS CITY,22867_20250930,DIF,1979-05-15,0,COMMUNITY BANK OF RAYMORE,LOLYN FINANCIAL CORP,6866.0,4,3,0,0,FDIC,2025-09-30,1974630.0,7,MO,1,1,64083
NM,1.0,2286,POWELL,6760.0,0.0,2023-08-15,2.0,7300.0,574.0,538.0,1885-01-01,9,9,4,COLUMBUS,2286_20250930,DIF,1934-01-01,0,BUCKEYE STATE BANK,BUCKEYE STATE BANCSHARES INC,11344.0,3,6,0,0,FDIC,2025-09-30,5314748.0,4,OH,0,0,43065
NM,1.0,22874,DECATUR,7487.0,0.0,2022-08-31,7.0,7648.0,0.0,154.0,1979-06-04,9,9,7,CHAMPAIGN,22874_20250930,DIF,1979-06-04,0,HICKORY POINT BANK AND TRUST,FIRST ILLINOIS CORP,18535.0,3,9,0,0,FDIC,2025-09-30,4305477.0,4,IL,0,1,62523
NM,1.0,22876,CARTHAGE,11839.0,0.0,2022-08-31,837.0,12676.0,825.0,0.0,1979-06-11,11,11,10,SPRINGFIELD MO,22876_20250930,DIF,1979-06-11,0,SOUTHWEST MISSOURI BANK,SOUTHWEST MISSOURI BCORP INC,29288.0,4,11,0,0,FDIC,2025-09-30,1063552.0,9,MO,0,1,64836
SM,1.0,22888,PENNINGTON GAP,1292.0,0.0,2022-08-31,0.0,1292.0,84.0,0.0,1979-07-02,5,5,5,RICHMOND,22888_20250930,DIF,1979-07-02,0,FARMERS AND MINERS BANK,Unknown,6393.0,1,6,0,0,FED,2025-09-30,0.0,4,VA,0,0,24277
NM,1.0,22895,UNIONVILLE,5738.0,0.0,2024-06-30,0.0,5738.0,75.0,0.0,1979-07-05,11,11,10,COLUMBIA MO,22895_20250930,DIF,1979-07-05,0,PUTNAM COUNTY STATE BANK,PUTNAM COUNTY BANCSHARES INC,7803.0,4,2,0,0,FDIC,2025-09-30,1820746.0,2,MO,0,0,63565
NM,1.0,228,SIOUX CENTER,26071.0,0.0,2024-06-30,0.0,29208.0,6025.0,3137.0,1913-09-01,11,11,7,SIOUX CITY,228_20250930,DIF,1934-01-01,0,AMERICAN STATE BANK,AMBANK CO INC,32382.0,4,11,0,0,FDIC,2025-09-30,1201457.0,2,IA,1,1,51250
NM,1.0,2290,SPENCER,2936.0,0.0,2022-08-31,0.0,2936.0,0.0,0.0,1925-01-01,9,9,4,COLUMBUS,2290_20250930,DIF,1934-01-01,0,THE FARMERS SAVINGS BANK,Unknown,6576.0,3,2,0,0,FDIC,2025-09-30,0.0,5,OH,1,0,44275
SM,1.0,22918,LEBANON,70149.0,0.0,2022-08-31,0.0,70674.0,9214.0,525.0,1979-08-03,5,5,5,RICHMOND,22918_20250930,DIF,1979-08-03,0,THE FIRST BANK AND TRUST COMPANY,FIRST BCORP INC,112228.0,1,34,0,0,FED,2025-09-30,1988646.0,2,VA,0,1,24266
NM,1.0,22925,INDEPENDENCE,3306.0,0.0,2022-08-31,0.0,3306.0,0.0,0.0,1979-08-15,9,9,4,COLUMBUS,22925_20250930,DIF,1979-08-15,0,INDEPENDENCE BANK,INDEPENDENCE BANCCORP,4053.0,3,1,0,0,FDIC,2025-09-30,1070970.0,4,OH,0,0,44131
N,1.0,22942,MOUNT PLEASANT,1525.0,0.0,2022-08-31,3.0,1567.0,180.0,39.0,1979-08-31,13,13,11,DALLAS,22942_20250930,DIF,1979-08-31,0,THE AMERICAN NATIONAL BANK OF MOUNT PLEASANT,NORTHEAST TEXAS BANCSHARES INC,4994.0,5,1,0,0,OCC,2025-09-30,4552356.0,4,TX,1,0,75455
N,1.0,22953,CORAL GABLES,152809.0,0.0,2024-11-08,1.0,174556.0,39106.0,21746.0,1979-09-17,5,5,6,SOUTH FLORIDA,22953_20250930,DIF,1979-09-17,0,"AMERANT BANK, NATIONAL ASSOCIATION",AMERANT BCORP INC,275614.0,5,22,0,0,OCC,2025-09-30,1135972.0,4,FL,0,1,33134
NM,1.0,22954,MORGANTOWN,457.0,0.0,2024-01-02,4.0,466.0,15.0,5.0,1979-09-20,5,5,5,SCOTT DEPOT,22954_20250930,DIF,1979-09-20,0,"CITIZENS BANK OF MORGANTOWN, INC.",MORGANTOWN BANCSHARES INC,1661.0,1,1,0,0,FDIC,2025-09-30,2638582.0,5,WV,0,0,26505
N,1.0,22957,MIDLAND,39549.0,0.0,2017-01-31,0.0,39554.0,10857.0,5.0,1979-09-24,13,13,11,LUBBOCK,22957_20250930,DIF,1979-09-24,0,WEST TEXAS NATIONAL BANK,FIRST WEST TX BANCSHARES INC,77196.0,5,13,0,0,OCC,2025-09-30,1109834.0,4,TX,1,0,79705
NM,1.0,22964,SAN BENITO,6659.0,0.0,2022-08-31,364.0,7371.0,540.0,348.0,1979-10-01,13,13,11,HOUSTON,22964_20250930,DIF,1979-10-01,0,FIRST COMMUNITY BANK,FIRST SAN BENITO BANCSHARES,23342.0,5,9,0,0,FDIC,2025-09-30,1107009.0,4,TX,0,1,78586
NM,1.0,22971,WONDER LAKE,2807.0,0.0,2024-04-01,0.0,2814.0,175.0,7.0,1979-10-22,9,9,7,CHICAGO,22971_20250930,DIF,1979-10-22,0,FIRST SECURE STATE BANK,FIRST SECURE BANK GROUP INC,7409.0,3,7,0,0,FDIC,2025-09-30,2805544.0,4,IL,0,0,60097
NM,1.0,22993,LEWISTON,1726.0,0.0,2022-08-31,0.0,1726.0,4.0,0.0,1979-11-15,14,14,12,SALT LAKE CITY,22993_20250930,DIF,1979-11-15,0,TWIN RIVER BANK,TWIN RIVER FINANCIAL CORP,6307.0,4,4,0,0,FDIC,2025-09-30,2081722.0,4,ID,1,0,83501
SM,1.0,23007,FLORENCE,6911.0,0.0,2022-08-31,0.0,7172.0,792.0,261.0,1979-12-17,14,14,12,PORTLAND,23007_20250930,DIF,1979-12-17,0,OREGON PACIFIC BANKING COMPANY DBA OREGON PACIFIC BANK,OREGON PACIFIC BCORP,22376.0,4,6,0,0,FED,2025-09-30,3152423.0,4,OR,0,1,97439
NM,1.0,2300,MAGNOLIA,522.0,0.0,2022-08-31,0.0,522.0,31.0,0.0,1899-04-19,9,9,4,COLUMBUS,2300_20250930,DIF,1934-01-01,0,THE BANK OF MAGNOLIA COMPANY,MAGNOLIA BCORP INC,3682.0,3,3,0,0,FDIC,2025-09-30,2402813.0,8,OH,0,0,44643
NM,1.0,2301,BOISE CITY,2596.0,0.0,2023-09-29,1.0,2810.0,150.0,213.0,1915-08-06,13,13,10,OKLAHOMA CITY,2301_20250930,DIF,1934-01-01,0,THE FIRST STATE BANK,Unknown,4729.0,5,1,0,0,FDIC,2025-09-30,0.0,2,OK,1,0,73933
NM,0.0,23030,FRESNO,31711.0,0.0,2024-04-01,0.0,34915.0,3239.0,3204.0,1980-01-10,14,14,12,SACRAMENTO,23030_20250930,DIF,1980-01-10,0,COMMUNITY WEST BANK,COMMUNITY WEST BANCSHARES,103855.0,4,31,0,0,FDIC,2025-09-30,2935405.0,4,CA,0,0,93720
NM,1.0,23041,ABERDEEN,7960.0,0.0,2022-08-31,0.0,7960.0,422.0,0.0,1979-12-26,14,14,12,SEATTLE,23041_20250930,DIF,1979-12-26,0,BANK OF THE PACIFIC,PACIFIC FINANCIAL CORP,36127.0,4,20,0,0,FDIC,2025-09-30,2560236.0,4,WA,0,0,98520
N,1.0,23086,ALHAMBRA,10823.0,0.0,2022-08-31,0.0,10823.0,305.0,0.0,1980-02-12,14,14,12,LOS ANGELES,23086_20250930,DIF,1980-02-12,0,"NEW OMNI BANK, NATIONAL ASSOCIATION",CKH CAPITAL INC,16597.0,4,4,0,0,OCC,2025-09-30,4357252.0,4,CA,0,0,91801
NM,1.0,2308,FORT COBB,703.0,0.0,2022-08-31,0.0,703.0,140.0,0.0,1902-07-09,13,13,10,OKLAHOMA CITY,2308_20250930,DIF,1934-01-01,0,WASHITA VALLEY BANK,FORT COBB BANCSHARES INC,1693.0,5,1,0,0,FDIC,2025-09-30,1061932.0,2,OK,0,0,73038
NM,1.0,23091,GLENWOOD SPRINGS,63276.0,0.0,2022-08-31,0.0,63277.0,5040.0,1.0,1980-04-01,13,13,10,DENVER,23091_20250930,DIF,1980-04-01,0,ALPINE BANK,ALPINE BANKS OF COLORADO,170290.0,4,47,0,0,FDIC,2025-09-30,1061679.0,4,CO,0,1,81601
NM,1.0,23099,PROTECTION,1133.0,0.0,2022-08-31,2.0,1342.0,50.0,207.0,1980-04-02,11,11,10,WICHITA,23099_20250930,DIF,1980-04-02,0,THE BANK OF PROTECTION,PROTECTION BK HOLDING CO INC,2854.0,4,3,0,0,FDIC,2025-09-30,1062939.0,2,KS,0,0,67127
NM,1.0,230,SPENCER,3177.0,0.0,2024-06-30,9.0,3696.0,0.0,510.0,1914-01-01,11,11,7,SIOUX CITY,230_20250930,DIF,1934-01-01,0,COMMUNITY STATE BANK,COMMUNITY STATE BCORP,7448.0,4,7,0,0,FDIC,2025-09-30,1131424.0,2,IA,1,1,51301
SM,1.0,23123,BARTLETT,4778.0,0.0,2022-08-31,790.0,7115.0,360.0,1547.0,1980-05-19,13,13,8,NASHVILLE,23123_20250930,DIF,1980-05-19,0,BANK OF BARTLETT,WEST TENNESSEE BANCSHARES INC,14414.0,5,7,0,0,FED,2025-09-30,1097249.0,5,TN,0,0,38134
SM,1.0,23126,ROGERS CITY,906.0,0.0,2022-08-31,0.0,906.0,-17.0,0.0,1980-05-12,9,9,7,DETROIT,23126_20250930,DIF,1980-05-12,0,HURON STATE BANK,HURON NATIONAL BCORP INC,2197.0,3,1,0,0,FED,2025-09-30,1491771.0,8,MI,0,0,49779
NM,1.0,23144,HOUMA,6633.0,0.0,2022-08-31,0.0,7409.0,500.0,776.0,1980-06-30,13,13,6,BATON ROUGE,23144_20250930,DIF,1980-06-30,0,SOUTH LOUISIANA BANK,SOUTH LOUISIANA FINANCIAL CORP,20910.0,5,10,0,0,FDIC,2025-09-30,1086298.0,4,LA,0,1,70360
NM,1.0,23152,LUVERNE,3969.0,0.0,2022-08-31,109.0,4097.0,450.0,19.0,1980-07-08,5,5,6,MONTGOMERY,23152_20250930,DIF,1980-07-08,0,FIRST CITIZENS BANK,FIRST CITIZENS-CRENSHAW BANCSHARES,11101.0,5,5,0,0,FDIC,2025-09-30,1143379.0,4,AL,0,0,36049
SM,0.0,2315,MUSKOGEE,37173.0,0.0,2025-04-21,0.0,37200.0,2639.0,27.0,1910-03-15,13,13,10,OKLAHOMA CITY,2315_20250930,DIF,1934-01-01,0,ARMSTRONG BANK,IRONHORSE FINANCIAL GROUP INC,62762.0,5,29,0,0,FED,2025-09-30,3488485.0,4,OK,0,1,74401
SM,1.0,2317,WYANDOTTE,4556.0,0.0,2022-08-31,0.0,4952.0,1126.0,396.0,1902-09-27,13,13,10,OKLAHOMA CITY,2317_20250930,DIF,1934-01-01,0,METHOD BANK,METHOD BANCSHARES INC,6105.0,5,2,0,0,FED,2025-09-30,5786868.0,5,OK,0,0,74370
NM,1.0,23189,MUSCATINE,3241.0,0.0,2024-06-30,5.0,3319.0,180.0,73.0,1980-08-11,11,11,7,CEDAR RAPIDS,23189_20250930,DIF,1980-08-11,0,COMMUNITY BANK AND TRUST COMPANY,C-B-G INC,7158.0,4,5,0,0,FDIC,2025-09-30,1201448.0,2,IA,1,1,52761
SM,1.0,231,CARROLL,4307.0,0.0,2024-06-30,42.0,5075.0,214.0,726.0,1917-01-01,11,11,7,DES MOINES,231_20250930,DIF,1934-01-01,0,COMMERCIAL SAVINGS BANK,COMMERCIAL BAN CORP,7181.0,4,2,0,0,FED,2025-09-30,1132971.0,4,IA,1,1,51401
NM,1.0,2320,STILWELL,1950.0,0.0,2022-08-31,3.0,2351.0,0.0,398.0,1903-02-03,13,13,10,OKLAHOMA CITY,2320_20250930,DIF,1934-01-01,0,CARSON COMMUNITY BANK,CARSON FINL HOLDING CO INC,5985.0,5,4,0,0,FDIC,2025-09-30,2606321.0,4,OK,1,0,74960
SM,0.0,23210,DENVER,5529.0,0.0,2022-08-31,1805.0,7334.0,79.0,0.0,1980-10-01,13,13,10,DENVER,23210_20250930,DIF,1980-10-01,0,BANKERS' BANK OF THE WEST,BANKERS BK OF THE W BCORP INC,11149.0,4,1,0,0,FED,2025-09-30,2249401.0,4,CO,0,0,80202
N,0.0,23220,THE WOODLANDS,82126.0,0.0,2022-08-31,6.0,82132.0,48300.0,0.0,1980-09-05,13,13,11,HOUSTON,23220_20250930,DIF,1980-09-05,0,WOODFOREST NATIONAL BANK,WOODFOREST FINL GROUP EMPLOYEE STK OWNERSHIP PLAN WITH 401 K PROVISIONS AMENDED&RESTATED EFF 01 01 21,290243.0,5,743,0,0,OCC,2025-09-30,4199229.0,4,TX,1,0,77380
NM,1.0,23242,HAYWARD,721.0,0.0,2025-01-21,0.0,721.0,0.0,0.0,1980-10-16,14,14,12,LOS ANGELES,23242_20250930,DIF,1980-10-16,0,CALIFORNIA PACIFIC BANK,Unknown,4445.0,4,2,0,0,FDIC,2025-09-30,0.0,4,CA,0,0,94545
NM,1.0,23257,GALVA,5442.0,0.0,2022-10-01,0.0,5442.0,225.0,0.0,1980-11-24,9,9,7,PRINCETON,23257_20250930,DIF,1980-11-24,0,COMMUNITY STATE BANK,CSB FINANCIAL HOLDINGS INC,10146.0,3,6,0,0,FDIC,2025-09-30,1207860.0,4,IL,1,0,61434
NM,1.0,2326,BROKEN ARROW,5987.0,0.0,2022-08-31,0.0,6534.0,59.0,547.0,1905-02-16,13,13,10,OKLAHOMA CITY,2326_20250930,DIF,1934-01-01,0,AVB BANK,ARKANSAS VALLEY BANCSHARES INC,16010.0,5,4,0,0,FDIC,2025-09-30,1057980.0,4,OK,0,0,74012
SM,1.0,23270,SOUTH SIOUX CITY,1023.0,0.0,2024-06-30,0.0,1023.0,0.0,0.0,1980-12-01,11,11,10,SIOUX CITY,23270_20250930,DIF,1980-12-01,0,SIOUXLAND BANK,SIOUXLAND NATIONAL CORP,2142.0,4,1,0,0,FED,2025-09-30,2313058.0,7,NE,0,0,68776
SM,1.0,23275,QUINCY,8064.0,0.0,2025-07-01,397.0,8461.0,6484.0,0.0,1980-12-13,14,14,12,SACRAMENTO,23275_20250930,DIF,1980-12-13,0,PLUMAS BANK,PLUMAS BCORP,63131.0,4,20,0,0,FED,2025-09-30,3098576.0,4,CA,0,0,95971
SM,1.0,2327,HULBERT,7094.0,0.0,2024-08-12,0.0,7587.0,170.0,493.0,1908-12-01,13,13,10,OKLAHOMA CITY,2327_20250930,DIF,1934-01-01,0,LOCAL BANK,GRANDVIEW BANKSHARES INC,9556.0,5,5,0,0,FED,2025-09-30,2355870.0,4,OK,0,0,74441
SM,1.0,23286,FALL RIVER,21658.0,0.0,2024-11-17,0.0,32738.0,7.0,11080.0,1855-04-10,2,2,1,SOUTH BOSTON,23286_20250930,DIF,1981-01-02,0,FALL RIVER FIVE CENTS SAVINGS BANK,BANKFIVE MHC,29016.0,1,19,0,0,FED,2025-09-30,3320978.0,4,MA,0,0,02720
NM,0.0,23287,HYANNIS,67350.0,0.0,2024-11-17,0.0,83168.0,0.0,15818.0,1855-03-16,2,2,1,SOUTH BOSTON,23287_20250930,DIF,1981-01-02,0,THE CAPE COD FIVE CENTS SAVINGS BANK,MUTUAL BCORP,105537.0,1,23,0,0,FDIC,2025-09-30,4369808.0,5,MA,0,1,02601
NM,1.0,2328,LINDSAY,662.0,0.0,2022-08-31,0.0,677.0,0.0,15.0,1924-01-01,13,13,10,OKLAHOMA CITY,2328_20250930,DIF,1934-01-01,0,"AMERICAN EXCHANGE BANK, LINDSAY, OKLAHOMA",GRIFFITH FAMILY FINL HOLDINGS L L C,2442.0,5,2,0,0,FDIC,2025-09-30,2816858.0,7,OK,0,0,73052
SI,1.0,23293,FLORENCE,15947.0,0.0,2022-08-31,0.0,17893.0,780.0,1946.0,1873-02-14,2,2,1,WINDSOR,23293_20250930,DIF,1981-01-02,0,FLORENCE BANK,FLORENCE BCORP MHC,37383.0,1,13,0,0,FDIC,2025-09-30,3367106.0,9,MA,0,0,01062
NM,0.0,23296,SALEM,112038.0,0.0,2024-11-17,1210.0,149183.0,8280.0,35935.0,1855-03-09,2,2,1,NORTH BOSTON,23296_20250930,DIF,1981-01-02,0,SALEM FIVE CENTS SAVINGS BANK,SALEM FIVE BCORP,142094.0,1,34,0,0,FDIC,2025-09-30,3365858.0,4,MA,0,1,01970
SM,1.0,23298,WATERTOWN,14374.0,0.0,2024-11-17,0.0,14374.0,0.0,0.0,1870-04-18,2,2,1,NORTH BOSTON,23298_20250930,DIF,1981-01-02,1,WATERTOWN SAVINGS BANK,Unknown,27222.0,1,10,0,0,FED,2025-09-30,0.0,5,MA,0,0,02472
NM,1.0,232,SOLON,1034.0,0.0,2024-06-30,210.0,1498.0,350.0,254.0,1932-03-17,11,11,7,CEDAR RAPIDS,232_20250930,DIF,1934-01-01,0,SOLON STATE BANK,SOLON FINANCIAL INC,4313.0,4,3,0,0,FDIC,2025-09-30,1137903.0,4,IA,1,1,52333
NM,1.0,2331,RYAN,187.0,0.0,2008-07-17,0.0,192.0,195.0,5.0,1906-03-05,13,13,10,OKLAHOMA CITY,2331_20250930,DIF,1934-01-01,0,PEOPLES BANK AND TRUST COMPANY,Unknown,370.0,5,2,0,0,FDIC,2025-09-30,0.0,4,OK,0,1,73565
NM,1.0,23373,NEW YORK,1075.0,0.0,2022-08-31,0.0,1514.0,0.0,439.0,1981-04-09,2,2,2,NEW YORK CITY,23373_20250930,DIF,1981-04-09,0,UNITED ORIENT BANK,Unknown,3191.0,1,2,0,0,FDIC,2025-09-30,0.0,4,NY,0,0,10038
NM,1.0,23376,STEVENSON,7901.0,0.0,2022-08-31,31.0,8625.0,269.0,693.0,1981-04-10,5,5,6,SHELBY,23376_20250930,DIF,1981-04-10,0,"FIRST JACKSON BANK, INC.",1ST JACKSON BANCSHARES INC,10992.0,5,7,0,0,FDIC,2025-09-30,2306993.0,4,AL,0,0,35772
N,1.0,23404,EVERGREEN,541.0,0.0,2022-08-31,0.0,541.0,0.0,0.0,1981-04-15,13,13,10,DENVER,23404_20250930,DIF,1981-04-15,0,EVERGREEN NATIONAL BANK,EVERGREEN BCORP,5015.0,4,3,0,0,OCC,2025-09-30,1129627.0,4,CO,0,0,80439
N,1.0,23430,BURLESON,2096.0,0.0,2006-03-31,0.0,2096.0,-85.0,0.0,1981-04-20,13,13,11,DALLAS,23430_20250930,DIF,1981-04-20,0,FIRST NATIONAL BANK OF BURLESON,CITADEL BCORP INC,8767.0,5,2,0,0,OCC,2025-09-30,1130191.0,4,TX,1,0,76028
N,0.0,23472,LOS ANGELES,0.0,0.0,2022-08-31,0.0,0.0,459.0,0.0,1981-07-01,14,16,12,LOS ANGELES,23472_20250930,DIF,1981-07-01,0,"THE BANK OF NEW YORK MELLON TRUST COMPANY, NATIONAL ASSOCIATION",BANK OF NY MELLON CORP THE,10915.0,4,10,0,0,OCC,2025-09-30,3587146.0,9,CA,0,1,90071
SM,0.0,23473,OKLAHOMA CITY,38802.0,0.0,2022-08-31,0.0,42927.0,1500.0,4125.0,1981-07-01,13,13,10,OKLAHOMA CITY,23473_20250930,DIF,1981-07-01,0,FIRST FIDELITY BANK,FIRST FIDELITY BCORP INC,65102.0,5,26,0,0,FED,2025-09-30,1064728.0,4,OK,0,1,73118
N,1.0,23474,TERRELL,59904.0,0.0,2022-08-31,5.0,72441.0,3200.0,12532.0,1981-07-01,13,13,11,DALLAS,23474_20250930,DIF,1981-07-01,0,THE AMERICAN NATIONAL BANK OF TEXAS,A N B HOLDING CO LTD,104350.0,5,27,0,0,OCC,2025-09-30,1895007.0,4,TX,0,1,75160
SI,0.0,23498,DALLAS,47434.0,0.0,2025-05-08,0.0,54435.0,4864.0,7001.0,1981-07-15,13,13,11,DALLAS,23498_20250930,DIF,1981-07-15,0,"TBK BANK, SSB",TRIUMPH FINANCIAL INC,265843.0,5,65,0,0,FDIC,2025-09-30,3233126.0,4,TX,0,1,75251
NM,1.0,234,POCAHONTAS,1389.0,0.0,2024-06-30,0.0,1389.0,0.0,0.0,1926-07-01,11,11,7,DES MOINES,234_20250930,DIF,1934-01-01,0,POCAHONTAS STATE BANK,DENTEL BCORP,2216.0,4,2,0,0,FDIC,2025-09-30,1133615.0,2,IA,1,1,50574
NM,1.0,23523,ROBERTSDALE,1726.0,0.0,2022-08-31,22.0,1751.0,30.0,3.0,1981-09-08,5,5,6,MONTGOMERY,23523_20250930,DIF,1981-09-08,0,"CITIZENS' BANK, INC.",CITIZENS CAPITAL CORP,3808.0,5,3,0,0,FDIC,2025-09-30,1144040.0,4,AL,1,0,36567
SM,0.0,23537,MADISON,19556.0,0.0,2022-09-16,338.0,28580.0,3800.0,8686.0,1981-09-01,9,9,7,MADISON,23537_20250930,DIF,1981-09-01,0,BANKERS' BANK,BANKERS BCORP INC,22536.0,3,1,0,0,FED,2025-09-30,1209958.0,4,WI,0,1,53717
NM,1.0,23546,BOURBONNAIS,2821.0,0.0,2022-08-31,290.0,3114.0,0.0,3.0,1981-10-02,9,9,7,CHAMPAIGN,23546_20250930,DIF,1981-10-02,0,MUNICIPAL TRUST AND SAVINGS BANK,Unknown,11791.0,3,2,0,0,FDIC,2025-09-30,0.0,4,IL,1,1,60914
NM,1.0,23551,EL DORADO SPRING,1581.0,0.0,2022-08-31,0.0,1581.0,42.0,0.0,1981-10-01,11,11,10,SPRINGFIELD MO,23551_20250930,DIF,1981-10-01,0,COMMUNITY BANK OF EL DORADO SPRINGS,Unknown,3765.0,4,1,0,0,FDIC,2025-09-30,0.0,2,MO,1,0,64744
N,1.0,23597,PARIS,3857.0,0.0,2022-08-31,234.0,4337.0,370.0,246.0,1981-10-26,13,13,11,DALLAS,23597_20250930,DIF,1981-10-26,0,LAMAR NATIONAL BANK,LAMAR BCORP INC,10729.0,5,6,0,0,OCC,2025-09-30,1136906.0,4,TX,0,0,75460
NM,1.0,2359,JIM THORPE,8478.0,0.0,2022-08-31,10.0,9293.0,1021.0,805.0,1902-08-25,2,2,3,PHILADELPHIA,2359_20250930,DIF,1934-01-01,0,MAUCH CHUNK TRUST COMPANY,MAUCH CHUNK TR FINANCIAL CORP,11210.0,1,8,0,0,FDIC,2025-09-30,3045011.0,8,PA,0,1,18229
NM,1.0,235,SUTHERLAND,6135.0,0.0,2024-06-30,0.0,9156.0,725.0,3021.0,1931-01-01,11,11,7,SIOUX CITY,235_20250930,DIF,1934-01-01,0,SECURITY STATE BANK,OLD O BRIEN BANC SHARES INC,12893.0,4,5,0,0,FDIC,2025-09-30,1209172.0,2,IA,1,1,51058
SI,1.0,23620,DEDHAM,33096.0,0.0,2024-11-17,0.0,42691.0,3170.0,9595.0,1831-03-19,2,2,1,SOUTH BOSTON,23620_20250930,DIF,1982-01-02,0,DEDHAM INSTITUTION FOR SAVINGS,CHARLESBRIDGE MHC,48398.0,1,15,0,0,FDIC,2025-09-30,5164989.0,4,MA,0,1,02026
NM,0.0,23622,TAUNTON,37377.0,0.0,2024-11-17,0.0,37639.0,3798.0,262.0,1846-03-02,2,2,1,SOUTH BOSTON,23622_20250930,DIF,1982-01-02,0,BRISTOL COUNTY SAVINGS BANK,BEACON BCORP,70426.0,1,17,0,0,FDIC,2025-09-30,2388878.0,4,MA,0,1,02780
NM,1.0,23623,WESTERLY,93835.0,0.0,2024-11-17,0.0,137625.0,8600.0,43790.0,1800-01-01,2,2,1,SOUTH BOSTON,23623_20250930,DIF,1982-01-02,0,"THE WASHINGTON TRUST COMPANY, OF WESTERLY",WASHINGTON TRUST BCORP INC,113479.0,1,30,0,0,FDIC,2025-09-30,1115349.0,4,RI,0,1,02891
NM,0.0,23627,LOUISVILLE,65331.0,0.0,2023-07-01,392.0,79428.0,21508.0,13705.0,1982-01-11,9,9,8,LOUISVILLE,23627_20250930,DIF,1982-01-11,0,REPUBLIC BANK & TRUST COMPANY,REPUBLIC BCORP INC,255557.0,3,48,0,0,FDIC,2025-09-30,1097025.0,4,KY,0,1,40202
N,0.0,23647,FARMERS BRANCH,71251.0,0.0,2022-08-31,987.0,72250.0,4782.0,12.0,1982-01-21,13,13,11,DALLAS,23647_20250930,DIF,1982-01-21,0,TIB NATIONAL ASSOCIATION,TIB INC,55970.0,5,5,0,0,OCC,2025-09-30,1109094.0,9,TX,0,0,75234
N,1.0,23737,TULSA,9959.0,0.0,2022-08-31,0.0,10093.0,-5.0,134.0,1982-02-16,13,13,10,OKLAHOMA CITY,23737_20250930,DIF,1982-02-16,0,"VAST BANK, NATIONAL ASSOCIATION",VAST HOLDINGS INC,12703.0,5,4,0,0,OCC,2025-09-30,1951891.0,4,OK,0,0,74120
N,1.0,23749,SAN FRANCISCO,4716.0,0.0,2022-08-31,0.0,4922.0,240.0,206.0,1982-02-16,14,14,12,SAN FRANCISCO,23749_20250930,DIF,1982-02-16,0,MISSION NATIONAL BANK,MNB HOLDINGS CORP,4692.0,4,1,0,0,OCC,2025-09-30,3195297.0,4,CA,0,0,94103
SM,1.0,23764,FORT MORGAN,4358.0,0.0,2023-08-23,0.0,4377.0,2241.0,19.0,1982-04-12,13,13,10,DENVER,23764_20250930,DIF,1982-04-12,0,FMS BANK,MORGAN CAPITAL CORP,12796.0,4,2,0,0,FED,2025-09-30,1066049.0,4,CO,1,0,80701
NM,0.0,23772,LAREDO,9500.0,0.0,2022-09-30,0.0,9500.0,102.0,0.0,1982-03-31,13,13,11,HOUSTON,23772_20250930,DIF,1982-03-31,0,COMMERCE BANK,INTERNATIONAL BANCSHARES CORP,16241.0,5,3,0,0,FDIC,2025-09-30,1104231.0,5,TX,0,0,78041
N,1.0,23798,BROKEN BOW,5599.0,0.0,2022-08-31,0.0,5599.0,90.0,0.0,1982-04-23,13,13,10,OKLAHOMA CITY,23798_20250930,DIF,1982-04-23,0,MCCURTAIN COUNTY NATIONAL BANK,MCCURTAIN CNTY BANCSHARES INC,9677.0,5,5,0,0,OCC,2025-09-30,2642196.0,8,OK,0,0,74728
SM,1.0,23799,TEXAS CITY,24694.0,0.0,2022-08-31,0.0,26900.0,975.0,2206.0,1982-04-23,13,13,11,HOUSTON,23799_20250930,DIF,1982-04-23,0,TEXAS FIRST BANK,TEXAS IND BANCSHARES INC,58671.0,5,27,0,0,FED,2025-09-30,1103878.0,4,TX,1,0,77590
NM,1.0,2379,GLEASON,1872.0,0.0,2022-08-31,0.0,1872.0,23.0,0.0,1901-01-01,13,13,8,NASHVILLE,2379_20250930,DIF,1934-01-01,0,BANK OF GLEASON,BANCSHARES OF GLEASON INC,3260.0,5,2,0,0,FDIC,2025-09-30,1098808.0,8,TN,0,1,38229
NM,1.0,23805,CITY OF INDUSTRY,3708.0,0.0,2022-08-31,0.0,3711.0,-14.0,3.0,1982-05-11,14,14,12,LOS ANGELES,23805_20250930,DIF,1982-05-11,0,UNITED PACIFIC BANK,Unknown,5045.0,4,2,0,0,FDIC,2025-09-30,0.0,4,CA,0,0,91748
NM,1.0,23806,LOLO,10538.0,0.0,2022-08-31,0.0,14715.0,1430.0,4177.0,1982-05-17,14,14,9,BILLINGS,23806_20250930,DIF,1982-05-17,0,TRAILWEST BANK,BITTERROOT HOLDING CO,28011.0,4,15,0,0,FDIC,2025-09-30,1128880.0,4,MT,1,0,59847
SM,1.0,2380,HUNTINGDON,10411.0,0.0,2022-08-31,0.0,10412.0,438.0,1.0,1907-09-09,13,13,8,NASHVILLE,2380_20250930,DIF,1934-01-01,0,CARROLL BANK AND TRUST,CARROLL FINANCIAL SERVICES INC,15719.0,5,9,0,0,FED,2025-09-30,1848825.0,4,TN,0,1,38344
NM,1.0,23815,FORT PAYNE,2547.0,0.0,2022-08-31,0.0,2860.0,511.0,313.0,1982-05-19,5,5,6,SHELBY,23815_20250930,DIF,1982-05-19,0,FIRST STATE BANK OF DEKALB COUNTY,FIRST ST BANCSHARES DEKALB CNTY,13474.0,5,5,0,0,FDIC,2025-09-30,2115449.0,8,AL,0,0,35967
SM,0.0,23826,JACKSON,29.0,0.0,2022-10-01,0.0,29.0,27.0,0.0,1982-06-01,14,13,10,BILLINGS,23826_20250930,DIF,1982-06-01,0,BANK OF JACKSON HOLE TRUST,NATIONAL BANK HOLDINGS CORP,612.0,4,1,0,0,FED,2025-09-30,3973888.0,7,WY,0,1,83001
NM,1.0,23864,OAKLAND,1539.0,0.0,2022-08-31,0.0,1539.0,300.0,0.0,1982-07-01,14,14,12,SAN FRANCISCO,23864_20250930,DIF,1982-07-01,0,SUMMIT BANK,SUMMIT BANCSHARES INC,10156.0,4,3,0,0,FDIC,2025-09-30,1029295.0,4,CA,0,0,94611
N,1.0,23886,WACO,8266.0,0.0,2022-08-31,0.0,8266.0,135.0,0.0,1982-06-11,13,13,11,DALLAS,23886_20250930,DIF,1982-06-11,0,"AMERICAN BANK, NATIONAL ASSOCIATION",AMERICAN NATL BANCSHARES INC,15913.0,5,4,0,0,OCC,2025-09-30,1110045.0,4,TX,1,0,76712
SM,1.0,2391,NEWBERN,2172.0,0.0,2022-08-31,116.0,2288.0,25.0,0.0,1931-01-01,13,13,8,NASHVILLE,2391_20250930,DIF,1934-01-01,0,SECURITY BANK,SECURITY BCORP OF TN INC,4358.0,5,7,0,0,FED,2025-09-30,1135374.0,4,TN,0,1,38059
NM,1.0,23966,BOSTON,6222.0,0.0,2022-08-31,0.0,6937.0,3.0,715.0,1982-08-02,2,14,1,LOS ANGELES,23966_20250930,DIF,1982-08-02,0,ONEUNITED BANK,Unknown,11013.0,1,5,0,0,FDIC,2025-09-30,0.0,4,MA,0,0,02110
SM,1.0,23986,DELANO,271.0,0.0,2022-08-31,0.0,309.0,1259.0,38.0,1982-06-24,11,11,9,MINNEAPOLIS,23986_20250930,DIF,1982-06-24,0,MINNESOTA LAKES BANK,WILCOX BANCSHARES INC,4897.0,3,2,0,0,FED,2025-09-30,1125245.0,4,MN,1,0,55328
SM,1.0,23989,COEBURN,611.0,0.0,2022-08-31,0.0,611.0,13.0,0.0,1982-07-08,5,5,5,RICHMOND,23989_20250930,DIF,1982-07-08,0,MINERS EXCHANGE BANK,Unknown,3102.0,1,5,0,0,FED,2025-09-30,0.0,8,VA,0,0,24230
SI,1.0,23992,WARE,19770.0,0.0,2022-12-08,57.0,28952.0,1346.0,9125.0,1850-07-01,2,2,1,WINDSOR,23992_20250930,DIF,1982-08-16,1,COUNTRY BANK FOR SAVINGS,Unknown,47723.0,1,15,0,0,FDIC,2025-09-30,0.0,4,MA,0,0,01082
NM,1.0,23998,LOS ANGELES,28418.0,0.0,2022-08-31,0.0,28454.0,1875.0,36.0,1982-09-03,14,14,12,LOS ANGELES,23998_20250930,DIF,1982-09-03,0,STATE BANK OF INDIA (CALIFORNIA),STATE BANK OF INDIA,26500.0,4,8,0,0,FDIC,2025-09-30,1242562.0,4,CA,0,0,90017
NM,1.0,24015,BALTIMORE,2565.0,0.0,2022-08-31,0.0,2565.0,500.0,0.0,1982-09-13,2,2,5,BALTIMORE,24015_20250930,DIF,1982-09-13,0,THE HARBOR BANK OF MARYLAND,HARBOR BANKSHARES CORP,11934.0,1,7,0,0,FDIC,2025-09-30,2008130.0,4,MD,0,0,21201
N,1.0,24038,RICHWOOD,6.0,0.0,2022-08-31,0.0,6.0,-140.0,0.0,1982-08-02,13,13,11,HOUSTON,24038_20250930,DIF,1982-08-02,0,BRAZOS NATIONAL BANK,GULFPORT BANCSHARES OF DE INC,1454.0,5,1,0,0,OCC,2025-09-30,3530218.0,5,TX,0,0,77531
SM,0.0,24045,LOS ANGELES,428545.0,0.0,2023-12-01,904.0,494452.0,58100.0,65003.0,1982-08-26,14,14,12,ORANGE,24045_20250930,DIF,1982-08-26,0,BANC OF CALIFORNIA,BANC OF CALIFORNIA INC,765248.0,4,88,0,0,FED,2025-09-30,3153130.0,4,CA,0,0,90049
NM,1.0,24064,PLEASANTON,739.0,0.0,2022-08-31,0.0,739.0,40.0,0.0,1982-09-07,13,13,11,AUSTIN,24064_20250930,DIF,1982-09-07,0,ATASCOSA BANK,Unknown,2010.0,5,1,0,0,FDIC,2025-09-30,0.0,7,TX,0,0,78064
N,1.0,24085,CROCKETT,232.0,0.0,2022-08-31,0.0,232.0,-74.0,0.0,1982-09-07,13,13,11,HOUSTON,24085_20250930,DIF,1982-09-07,0,CITIZENS NATIONAL BANK,CITIZENS BCORP INC,2905.0,5,1,0,0,OCC,2025-09-30,1131460.0,7,TX,1,0,75835
NM,1.0,24156,MIAMI,112424.0,0.0,2022-08-31,0.0,122693.0,7750.0,10269.0,1982-12-09,5,5,6,SOUTH FLORIDA,24156_20250930,DIF,1982-12-09,0,OCEAN BANK,OCEAN BANKSHARES INC,172142.0,5,24,0,0,FDIC,2025-09-30,1136661.0,4,FL,0,0,33126
NM,0.0,24170,LOS ANGELES,124728.0,0.0,2022-08-31,4.0,127760.0,12497.0,3028.0,1982-12-15,14,14,12,LOS ANGELES,24170_20250930,DIF,1982-12-15,0,HANMI BANK,HANMI FINANCIAL CORP,176658.0,4,34,0,0,FDIC,2025-09-30,2900261.0,4,CA,0,0,90010
N,1.0,24199,LANSING,1497.0,0.0,2022-08-31,0.0,1497.0,0.0,0.0,1982-11-22,9,9,7,DETROIT,24199_20250930,DIF,1982-11-22,0,CAPITOL NATIONAL BANK,Unknown,7621.0,3,2,0,0,OCC,2025-09-30,0.0,4,MI,0,0,48933
N,1.0,24211,WHITTIER,3883.0,0.0,2022-08-31,0.0,3883.0,99.0,0.0,1982-12-20,14,14,12,LOS ANGELES,24211_20250930,DIF,1982-12-20,0,"BANK OF WHITTIER, NATIONAL ASSOCIATION",GREATER PACIFIC BANCSHARES,2810.0,4,2,0,0,OCC,2025-09-30,1398692.0,4,CA,0,0,90603
NM,1.0,24303,RICHARDSON,426.0,0.0,2022-08-31,0.0,435.0,0.0,9.0,1983-01-17,13,13,11,DALLAS,24303_20250930,DIF,1983-01-17,0,PAVILLION BANK,ODOM AMTEX HOLDINGS TRUST THE,3213.0,5,1,0,0,FDIC,2025-09-30,5679326.0,4,TX,0,0,75080
N,1.0,24305,LLANO,2996.0,0.0,2022-08-31,0.0,3212.0,0.0,216.0,1983-01-17,13,13,11,AUSTIN,24305_20250930,DIF,1983-01-17,0,LLANO NATIONAL BANK,HILL COUNTRY BANCSHARES INC,7595.0,5,4,0,0,OCC,2025-09-30,4575047.0,8,TX,0,0,78643
NM,1.0,24332,LOS ANGELES,7476.0,0.0,2024-05-17,0.0,7477.0,-2213.0,1.0,1983-02-18,14,14,12,LOS ANGELES,24332_20250930,DIF,1983-02-18,0,FIRST CREDIT BANK,Unknown,25516.0,4,1,0,0,FDIC,2025-09-30,0.0,4,CA,1,0,90069
N,1.0,24347,PHARR,37118.0,0.0,2022-08-31,612.0,37734.0,286.0,4.0,1983-01-24,13,13,11,HOUSTON,24347_20250930,DIF,1983-01-24,0,LONE STAR NATIONAL BANK,LONE STAR NATL BANCSHARES--TEXAS,80942.0,5,36,0,0,OCC,2025-09-30,2325350.0,4,TX,0,1,78577
NM,1.0,24353,CORPUS CHRISTI,6904.0,0.0,2022-08-31,0.0,6932.0,300.0,28.0,1983-02-07,13,13,11,HOUSTON,24353_20250930,DIF,1983-02-07,0,FIRST COMMUNITY BANK,COASTAL BEND BANCSHARES INC,22642.0,5,14,0,0,FDIC,2025-09-30,2505929.0,4,TX,1,1,78401
N,1.0,24367,CORSICANA,655.0,0.0,2022-08-31,0.0,662.0,0.0,7.0,1983-02-28,13,13,11,DALLAS,24367_20250930,DIF,1983-02-28,0,CITY NATIONAL BANK,CITY BANCSHARES INC,1598.0,5,1,0,0,OCC,2025-09-30,3218543.0,8,TX,1,1,75110
N,0.0,24387,NEW YORK,54227.0,0.0,2022-08-31,0.0,55294.0,0.0,1067.0,1983-02-14,2,2,2,NEW YORK CITY,24387_20250930,DIF,1983-02-14,0,"INDUSTRIAL AND COMMERCIAL BANK OF CHINA USA, NATIONAL ASSOCIATION",CHINA INVESTMENT CORP,62090.0,1,14,0,0,OCC,2025-09-30,4097978.0,4,NY,0,0,10036
SM,1.0,2443,BRUCETON MILLS,10918.0,0.0,2024-01-02,0.0,11519.0,791.0,601.0,1931-01-01,5,5,5,SCOTT DEPOT,2443_20250930,DIF,1934-01-01,0,CLEAR MOUNTAIN BANK,STATE BCORP INC,29938.0,1,11,0,0,FED,2025-09-30,1076150.0,4,WV,0,0,26525
N,1.0,24443,MANSFIELD,1324.0,0.0,2022-08-31,0.0,1324.0,57.0,0.0,1983-03-28,13,13,11,SHREVEPORT,24443_20250930,DIF,1983-03-28,0,PROGRESSIVE NATIONAL BANK,CALDWELL HOLDING CO,3597.0,5,6,0,0,OCC,2025-09-30,1108985.0,8,LA,1,0,71052
NM,1.0,2444,CLAY,1444.0,0.0,2024-01-02,0.0,1444.0,0.0,0.0,1902-06-04,5,5,5,SCOTT DEPOT,2444_20250930,DIF,1934-01-01,0,"CLAY COUNTY BANK, INC.",FIRST CLAY COUNTY BANC CORP,3487.0,1,2,0,0,FDIC,2025-09-30,1427211.0,8,WV,0,0,25043
SM,1.0,24472,ARDMORE,10751.0,0.0,2022-08-31,0.0,12027.0,393.0,1276.0,1983-05-02,13,13,10,OKLAHOMA CITY,24472_20250930,DIF,1983-05-02,0,AMERICAN NATION BANK,AMCORP FINANCIAL INC,17394.0,5,10,0,0,FED,2025-09-30,1131853.0,4,OK,1,0,73401
NM,1.0,2448,IAEGER,1755.0,0.0,2024-01-02,0.0,1755.0,0.0,0.0,1931-09-20,5,5,5,SCOTT DEPOT,2448_20250930,DIF,1934-01-01,0,"PIONEER COMMUNITY BANK, INC.",PIONEER COMMUNITY GROUP INC,4893.0,1,6,0,0,FDIC,2025-09-30,2356514.0,4,WV,0,0,24844
NM,1.0,24498,GRAHAM,3519.0,0.0,2022-08-31,0.0,3609.0,334.0,90.0,1983-05-26,13,13,11,DALLAS,24498_20250930,DIF,1983-05-26,0,FIRST STATE BANK,WOODSON BANCSHARES INC,7563.0,5,8,0,0,FDIC,2025-09-30,1133044.0,2,TX,1,0,76450
NM,1.0,24516,NEW YORK,38969.0,0.0,2022-08-31,1.0,41295.0,925.0,2325.0,1983-06-14,2,2,2,NEW YORK CITY,24516_20250930,DIF,1983-06-14,0,INTERAUDI BANK,Unknown,53713.0,1,2,0,0,FDIC,2025-09-30,0.0,4,NY,0,0,10022
NM,1.0,2452,WEST UNION,3187.0,0.0,2024-01-02,155.0,3345.0,171.0,3.0,1893-04-01,5,5,5,SCOTT DEPOT,2452_20250930,DIF,1934-01-01,0,WEST UNION BANK,TRI-COUNTY BCORP INC,6834.0,1,5,0,0,FDIC,2025-09-30,3068289.0,4,WV,0,0,26456
NM,1.0,2453,ELKINS,2113.0,0.0,2024-01-02,0.0,3298.0,183.0,1185.0,1901-06-17,5,5,5,SCOTT DEPOT,2453_20250930,DIF,1934-01-01,0,DAVIS TRUST COMPANY,DAVIS TRUST FINANCIAL CORP,6674.0,1,2,0,0,FDIC,2025-09-30,2878294.0,4,WV,0,1,26241
NM,1.0,24540,SALEM,35286.0,0.0,2024-11-17,0.0,35357.0,354.0,71.0,1983-06-24,2,2,1,CONCORD,24540_20250930,DIF,1983-06-24,0,BANK OF NEW ENGLAND,Unknown,53317.0,1,9,0,0,FDIC,2025-09-30,0.0,4,NH,0,0,03079
SM,1.0,2455,BRODHEAD,5704.0,0.0,2022-08-31,32.0,6597.0,186.0,861.0,1896-04-30,9,9,7,MADISON,2455_20250930,DIF,1934-01-01,0,THE BANK OF BRODHEAD,BRODHEAD BANCSHARES INC,8152.0,3,4,0,0,FED,2025-09-30,5371853.0,4,WI,0,0,53520
SM,1.0,24563,LAREDO,22679.0,0.0,2022-08-31,4.0,22684.0,1350.0,1.0,1983-06-20,13,13,11,HOUSTON,24563_20250930,DIF,1983-06-20,0,TEXAS COMMUNITY BANK,VISION BANCSHARES INC,68526.0,5,11,0,0,FED,2025-09-30,3211012.0,4,TX,0,0,78041
NM,1.0,245,PERRY,7486.0,0.0,2024-06-30,0.0,7567.0,450.0,81.0,1927-01-01,11,11,7,DES MOINES,245_20250930,DIF,1934-01-01,0,RACCOON VALLEY BANK,GREENE INVESTMENT CO,11802.0,4,4,0,0,FDIC,2025-09-30,1205905.0,4,IA,1,1,50220
N,1.0,24603,SEGUIN,5757.0,0.0,2022-08-31,0.0,5775.0,50.0,18.0,1983-07-01,13,13,11,AUSTIN,24603_20250930,DIF,1983-07-01,0,"FIRST COMMERCIAL BANK, NATIONAL ASSOCIATION",FIRST COML FINL CORP,14786.0,5,7,0,0,OCC,2025-09-30,2299992.0,4,TX,1,0,78155
N,1.0,24677,TULSA,1585.0,0.0,2022-08-31,0.0,1654.0,0.0,69.0,1983-08-29,13,13,10,OKLAHOMA CITY,24677_20250930,DIF,1983-08-29,0,"TRIAD BANK, NATIONAL ASSOCIATION",TRIAD BANCSHARES INC,8058.0,5,2,0,0,OCC,2025-09-30,1129690.0,4,OK,1,0,74133
NM,1.0,2467,CADOTT,2606.0,0.0,2023-05-08,3.0,3119.0,503.0,510.0,1902-08-20,9,9,9,EAU CLAIRE,2467_20250930,DIF,1934-01-01,0,CITIZENS STATE BANK,CITIZENS BCORP INC,6862.0,3,8,0,0,FDIC,2025-09-30,3559862.0,4,WI,0,0,54727
SM,1.0,2468,CHIPPEWA FALLS,5157.0,0.0,2022-08-31,4.0,8136.0,0.0,2975.0,1904-01-01,9,9,9,EAU CLAIRE,2468_20250930,DIF,1934-01-01,0,NORTHWESTERN BANK,NW BANCSHARES INC,19088.0,3,7,0,0,FED,2025-09-30,1246542.0,4,WI,1,0,54729
NM,1.0,2469,FORT ATKINSON,1770.0,0.0,2022-08-31,1.0,2083.0,63.0,312.0,1884-01-07,9,9,7,MILWAUKEE,2469_20250930,DIF,1934-01-01,0,BADGER BANK,CITIZENS FINL EMPLOYEE STK OWNERSHIP PLAN&TR,4984.0,3,4,0,0,FDIC,2025-09-30,1247727.0,4,WI,0,1,53538
NM,1.0,2477,DEERFIELD,4488.0,0.0,2025-05-19,4.0,4766.0,90.0,274.0,1887-01-01,9,9,7,MADISON,2477_20250930,DIF,1934-01-01,0,BANK OF DEERFIELD,DEERFIELD FINANCIAL CORP,7062.0,3,2,0,0,FDIC,2025-09-30,1416738.0,4,WI,1,0,53531
NM,1.0,24823,MIAMI,18202.0,0.0,2022-08-31,11.0,18261.0,1692.0,48.0,1983-11-30,5,5,6,SOUTH FLORIDA,24823_20250930,DIF,1983-11-30,0,INTERNATIONAL FINANCE BANK,IFB BCORP INC,37594.0,5,3,0,0,FDIC,2025-09-30,5419205.0,4,FL,0,0,33135
SM,0.0,24829,CAMP HILL,11760.0,0.0,2022-11-21,5281.0,18711.0,498.0,1670.0,1983-11-21,2,2,3,HARRISBURG,24829_20250930,DIF,1983-11-21,0,ATLANTIC COMMUNITY BANKERS BANK,ATLANTIC CMTY BANCSHARES INC,19091.0,1,3,0,0,FED,2025-09-30,4923497.0,4,PA,0,1,17011
NM,1.0,2482,NEKOOSA,3975.0,0.0,2022-08-31,0.0,3975.0,0.0,0.0,1913-12-13,9,9,7,APPLETON,2482_20250930,DIF,1934-01-01,0,NEKOOSA PORT EDWARDS STATE BANK,NEKOOSA PORT EDWARDS BCORP INC,5776.0,3,3,0,0,FDIC,2025-09-30,1204074.0,8,WI,1,0,54457
NM,1.0,24865,SILVER CITY,701.0,0.0,2022-08-31,0.0,701.0,145.0,0.0,1984-01-04,13,13,11,ALBUQUERQUE,24865_20250930,DIF,1984-01-04,0,FIRST NEW MEXICO BANK OF SILVER CITY,FIRST NM FINANCIAL CORP,5327.0,4,4,0,0,FDIC,2025-09-30,1107830.0,4,NM,0,0,88061
NM,0.0,24867,WILMINGTON,5.0,0.0,2024-03-25,0.0,5.0,-214.0,0.0,1983-12-31,2,2,3,CLAYMONT,24867_20250930,DIF,1983-12-31,0,BNY MELLON TRUST OF DELAWARE,BANK OF NY MELLON CORP THE,4998.0,1,1,0,0,FDIC,2025-09-30,3587146.0,7,DE,0,1,19809
N,1.0,24897,MIDLAND,17553.0,0.0,2022-08-31,0.0,17553.0,1972.0,0.0,1984-01-03,13,13,11,LUBBOCK,24897_20250930,DIF,1984-01-03,0,COMMUNITY NATIONAL BANK,MIDLAND BANCSHARES INC,89205.0,5,11,0,0,OCC,2025-09-30,2868950.0,4,TX,0,0,79701
NM,1.0,248,WEST DES MOINES,3413.0,0.0,2024-06-30,37.0,4754.0,660.0,1304.0,1894-07-04,11,11,7,DES MOINES,248_20250930,DIF,1934-01-01,0,STATE SAVINGS BANK,SSB HOLDING CO INC,7224.0,4,2,0,0,FDIC,2025-09-30,1201729.0,4,IA,1,0,50265
N,1.0,24902,SOUTH PADRE ISLA,324.0,0.0,2022-08-31,2.0,326.0,0.0,0.0,1983-12-20,13,13,11,HOUSTON,24902_20250930,DIF,1983-12-20,0,FIRST NATIONAL BANK OF SOUTH PADRE ISLAND,LAGUNA MADRE BANCSHARES INC,3004.0,5,2,0,0,OCC,2025-09-30,2524210.0,8,TX,1,0,78597
SM,1.0,24919,ALBEMARLE,13140.0,0.0,2022-08-31,0.0,13140.0,711.0,0.0,1984-01-26,5,5,5,CHARLOTTE,24919_20250930,DIF,1984-01-26,0,UWHARRIE BANK,UWHARRIE CAPITAL CORP,29796.0,1,10,0,0,FED,2025-09-30,2082532.0,4,NC,0,0,28001
NM,0.0,24920,NEW YORK,63724.0,0.0,2022-08-31,0.0,65846.0,1469.0,2122.0,1984-01-27,2,2,2,NEW YORK CITY,24920_20250930,DIF,1984-01-27,0,WOORI AMERICA BANK,WOORI FINANCIAL GROUP INC,80093.0,1,22,0,0,FDIC,2025-09-30,5309306.0,4,NY,0,0,10001
NM,1.0,24922,HEBER CITY,6215.0,0.0,2022-08-31,3.0,6248.0,45.0,30.0,1983-12-13,14,13,12,SALT LAKE CITY,24922_20250930,DIF,1983-12-13,0,GRAND VALLEY BANK,SAGEBRUSH PARTNERS LLLP,15275.0,4,9,0,0,FDIC,2025-09-30,3701269.0,2,UT,0,0,84032
NM,0.0,24961,ZAPATA,4737.0,0.0,2022-09-30,336.0,5171.0,530.0,98.0,1984-02-06,13,13,11,HOUSTON,24961_20250930,DIF,1984-02-06,0,INTERNATIONAL BANK OF COMMERCE,INTERNATIONAL BANCSHARES CORP,11177.0,5,9,0,0,FDIC,2025-09-30,1104231.0,5,TX,0,0,78076
SM,1.0,24966,RONAN,1654.0,0.0,2022-08-31,0.0,1654.0,90.0,0.0,1984-02-21,14,14,9,BILLINGS,24966_20250930,DIF,1984-02-21,0,VALLEY BANK OF RONAN,VALLEY HOLDING CO,6468.0,4,7,0,0,FED,2025-09-30,1141580.0,4,MT,0,0,59864
N,1.0,2496,SALISBURY,3733.0,0.0,2022-08-31,0.0,3756.0,172.0,23.0,1847-08-17,2,2,1,WINDSOR,2496_20250930,DIF,1934-01-01,0,THE NATIONAL IRON BANK,IRON BANCSHARES INC,5972.0,1,4,0,0,OCC,2025-09-30,2606693.0,5,CT,1,0,06068
SM,0.0,24998,KANSAS CITY,222801.0,0.0,2022-08-31,58565.0,282923.0,40145.0,1557.0,1984-02-21,11,11,10,KANSAS CITY,24998_20250930,DIF,1984-02-21,0,COMMERCE BANK,COMMERCE BANCSHARES INC,818631.0,4,144,0,0,FED,2025-09-30,1049341.0,4,MO,0,1,64106
N,1.0,25054,HULETT,1449.0,0.0,2022-08-31,0.0,1449.0,0.0,0.0,1984-02-28,14,14,10,BILLINGS,25054_20250930,DIF,1984-02-28,0,SUMMIT NATIONAL BANK,MODE ELEVEN BCORP,1606.0,4,3,0,0,OCC,2025-09-30,3402511.0,8,WY,0,0,82720
NM,1.0,25093,NEW YORK,46450.0,19978.0,2023-09-18,0.0,69114.0,250.0,2686.0,1984-04-16,2,2,2,NEW YORK CITY,25093_20250930,DIF,1984-04-16,0,HABIB AMERICAN BANK,MAHAM BETEILIGUNGSGESELLSCHAFT AG,37266.0,1,6,0,0,FDIC,2025-09-30,2817930.0,4,NY,0,1,10017
NM,0.0,25103,LUBBOCK,59815.0,0.0,2022-08-31,0.0,59815.0,3420.0,0.0,1984-04-13,13,13,11,LUBBOCK,25103_20250930,DIF,1984-04-13,0,CITY BANK,SOUTH PLAINS FINANCIAL INC,128696.0,5,34,0,0,FDIC,2025-09-30,2033226.0,4,TX,0,1,79407
NM,0.0,25158,HONOLULU,13320.0,0.0,2023-11-18,0.0,15652.0,-39.0,2332.0,1952-05-14,14,14,12,SAN FRANCISCO,25158_20250930,DIF,1984-06-04,0,"FINANCE FACTORS, LTD.",Unknown,12312.0,4,13,1,0,FDIC,2025-09-30,0.0,4,HI,0,0,96813
N,1.0,25161,OKARCHE,1613.0,0.0,2006-03-31,1.0,1640.0,0.0,26.0,1984-05-18,13,13,10,OKLAHOMA CITY,25161_20250930,DIF,1984-05-18,0,COMMUNITY NATIONAL BANK OF OKARCHE,NORTHWEST SOONER BANCSHARES,2335.0,5,2,0,0,OCC,2025-09-30,2015857.0,2,OK,1,0,73762
NM,1.0,25173,BRANDENBURG,6690.0,0.0,2022-08-31,1.0,7849.0,160.0,1158.0,1984-06-07,9,9,8,LOUISVILLE,25173_20250930,DIF,1984-06-07,0,MEADE COUNTY BANK,MEADE BCORP INC,10160.0,3,4,0,0,FDIC,2025-09-30,1100309.0,4,KY,0,0,40108
N,0.0,25178,SAN FRANCISCO,227000.0,0.0,2022-08-31,0.0,256000.0,-1000.0,29000.0,1984-05-18,14,16,12,SAN FRANCISCO,25178_20250930,DIF,1984-05-18,0,"BANK OF AMERICA CALIFORNIA, NATIONAL ASSOCIATION",BANK OF AMERICA CORP,174000.0,4,1,0,0,OCC,2025-09-30,1073757.0,5,CA,0,0,94104
NM,1.0,251,MAPLETON,427.0,0.0,2024-06-30,0.0,427.0,0.0,0.0,1878-10-03,11,11,7,SIOUX CITY,251_20250930,DIF,1934-01-01,0,FIRST SECURITY BANK,BEULAH BCORP INC,1542.0,4,2,0,0,FDIC,2025-09-30,1919976.0,2,IA,1,1,51034
N,0.0,25247,BATON ROUGE,165.0,0.0,2022-08-31,13164.0,13329.0,0.0,0.0,1984-07-02,13,13,6,BATON ROUGE,25247_20250930,DIF,1984-07-02,0,FIRST NATIONAL BANKER'S BANK,FIRST NATL BANKERS BANKSHARES,23522.0,5,5,0,0,OCC,2025-09-30,1086131.0,4,LA,0,0,70809
N,1.0,25249,ENCINITAS,11814.0,0.0,2023-11-18,0.0,12346.0,0.0,532.0,1984-06-01,14,14,12,ORANGE,25249_20250930,DIF,1984-06-01,0,"C3BANK, NATIONAL ASSOCIATION",C3 BCORP,24819.0,4,5,0,0,OCC,2025-09-30,4970268.0,4,CA,0,0,92024
N,1.0,25258,CORAL GABLES,30139.0,0.0,2022-11-10,0.0,31758.0,2195.0,1619.0,1984-07-02,5,5,6,SOUTH FLORIDA,25258_20250930,DIF,1984-07-02,0,"INTERCREDIT BANK, NATIONAL ASSOCIATION",Unknown,19465.0,5,4,0,0,OCC,2025-09-30,0.0,4,FL,0,1,33134
NM,1.0,25267,INDIANOLA,4638.0,0.0,2024-06-30,1539.0,6546.0,405.0,369.0,1883-01-01,11,11,7,DES MOINES,25267_20250930,DIF,1984-07-11,0,TRUBANK,COMMUNITY BANCSHARES CORP,11346.0,4,8,0,0,FDIC,2025-09-30,2048789.0,4,IA,0,1,50125
NM,1.0,25291,BELLWOOD,10242.0,0.0,2024-06-30,3.0,11033.0,-110.0,788.0,1984-05-11,11,11,10,OMAHA,25291_20250930,DIF,1984-05-11,0,BANK OF THE VALLEY,BELLWOOD COMMUNITY HOLDING CO,13814.0,4,7,0,0,FDIC,2025-09-30,1983070.0,2,NE,0,0,68624
SM,1.0,252,MARSHALLTOWN,4131.0,0.0,2024-06-30,45.0,4243.0,175.0,67.0,1927-05-05,11,11,7,DES MOINES,252_20250930,DIF,1934-01-01,0,PINNACLE BANK,IOWA RIVER BCORP INC,7389.0,4,1,0,0,FED,2025-09-30,3916317.0,4,IA,0,1,50158
SM,1.0,25328,MCLEAN,4133.0,0.0,2022-08-31,17.0,4150.0,96.0,0.0,1984-08-16,13,13,11,LUBBOCK,25328_20250930,DIF,1984-08-16,0,BOC BANK,Unknown,6444.0,5,4,0,0,FED,2025-09-30,0.0,4,TX,1,0,79057
NM,1.0,253,LUANA,38808.0,0.0,2024-06-30,2.0,41875.0,0.0,3065.0,1908-08-01,11,11,7,CEDAR RAPIDS,253_20250930,DIF,1934-01-01,0,LUANA SAVINGS BANK,LUANA BCORP,25994.0,4,6,0,0,FDIC,2025-09-30,1209211.0,4,IA,1,1,52156
NM,1.0,254,ATLANTIC,3848.0,0.0,2024-06-30,4.0,4104.0,0.0,252.0,1907-01-01,11,11,7,DES MOINES,254_20250930,DIF,1934-01-01,0,FIRST WHITNEY BANK AND TRUST,WHITNEY CORP OF IOWA,5350.0,4,2,0,0,FDIC,2025-09-30,1200571.0,2,IA,1,1,50022
NM,1.0,25591,FORDYCE,399.0,0.0,2024-06-30,0.0,424.0,100.0,25.0,1984-09-04,11,11,10,SIOUX CITY,25591_20250930,DIF,1984-09-04,0,CEDAR SECURITY BANK,CEDAR FINANCIAL HOLDING INC,1905.0,4,3,0,0,FDIC,2025-09-30,1398861.0,2,NE,0,0,68736
N,0.0,25620,LAS VEGAS,32307.0,0.0,2022-08-31,0.0,32315.0,144070.0,8.0,1984-07-30,14,14,12,PHOENIX,25620_20250930,DIF,1984-07-30,0,"CREDIT ONE BANK, NATIONAL ASSOCIATION",Unknown,285981.0,4,1,0,0,OCC,2025-09-30,0.0,3,NV,1,0,89113
NM,1.0,25621,GONZALES,8285.0,0.0,2022-08-31,0.0,8285.0,360.0,0.0,1984-07-12,13,13,11,AUSTIN,25621_20250930,DIF,1984-07-12,0,"SAGE CAPITAL BANK,",ANB BANCSHARES INC,19910.0,5,8,0,0,FDIC,2025-09-30,2536642.0,4,TX,0,0,78629
N,1.0,25644,SAN FRANCISCO,1496.0,0.0,2022-08-31,1.0,1871.0,54.0,374.0,1984-08-21,14,14,12,SAN FRANCISCO,25644_20250930,DIF,1984-08-21,0,"BEACON BUSINESS BANK, NATIONAL ASSOCIATION",TRANS PACIFIC BCORP,4185.0,4,2,0,0,OCC,2025-09-30,1031515.0,4,CA,1,0,94104
N,1.0,25665,SENECA,10705.0,0.0,2022-08-31,461.0,11169.0,176.0,3.0,1984-10-04,11,11,10,KANSAS CITY,25665_20250930,DIF,1984-10-04,0,COMMUNITY NATIONAL BANK,COMMUNITY BANCSHARES INC,18454.0,4,6,0,0,OCC,2025-09-30,1067532.0,4,KS,1,0,66538
NM,0.0,25679,BROWNSVILLE,43777.0,0.0,2022-09-30,757.0,44738.0,4610.0,204.0,1984-10-09,13,13,11,HOUSTON,25679_20250930,DIF,1984-10-09,0,INTERNATIONAL BANK OF COMMERCE,INTERNATIONAL BANCSHARES CORP,108085.0,5,41,0,0,FDIC,2025-09-30,1104231.0,4,TX,0,0,78521
NM,1.0,25703,THOMAS,2927.0,0.0,2006-03-31,0.0,2928.0,0.0,1.0,1984-10-19,13,13,10,OKLAHOMA CITY,25703_20250930,DIF,1984-10-19,0,THE BANK OF THE WEST,BANCWEST INC,6396.0,5,4,0,0,FDIC,2025-09-30,1993547.0,2,OK,1,0,73669
NM,1.0,25726,FRESNO,8307.0,0.0,2022-08-31,0.0,8625.0,357.0,318.0,1984-02-01,14,14,12,SACRAMENTO,25726_20250930,DIF,1984-10-29,0,MURPHY BANK,Unknown,11690.0,4,2,0,0,FDIC,2025-09-30,0.0,4,CA,1,0,93704
SM,1.0,25738,SHAWNEE,20611.0,0.0,2023-05-23,14.0,21563.0,850.0,938.0,1984-10-29,13,13,10,OKLAHOMA CITY,25738_20250930,DIF,1984-10-29,0,SOVEREIGN BANK,SOVEREIGN BCORP INC,38031.0,5,9,0,0,FED,2025-09-30,5875511.0,4,OK,0,1,74804
SM,1.0,25744,LENEXA,1467.0,0.0,2022-08-31,0.0,1467.0,1455.0,0.0,1984-11-07,11,11,10,KANSAS CITY,25744_20250930,DIF,1984-11-07,0,SMALL BUSINESS BANK,GARDNER BANCSHARES INC,1378.0,4,1,0,0,FED,2025-09-30,1067617.0,2,KS,0,0,66215
N,1.0,25749,NEW YORK,2640.0,0.0,2022-08-31,0.0,2786.0,0.0,146.0,1984-11-26,2,2,2,NEW YORK CITY,25749_20250930,DIF,1984-11-26,0,"EASTBANK, NATIONAL ASSOCIATION",EVERGREEN HOLDINGS LLC,3223.0,1,1,0,0,OCC,2025-09-30,2698906.0,4,NY,0,1,10013
NM,1.0,25750,ALVA,2335.0,0.0,2022-08-31,5.0,2341.0,500.0,1.0,1984-07-16,13,13,10,OKLAHOMA CITY,25750_20250930,DIF,1984-07-16,0,COMMUNITY BANK,COMMUNITY BANCSHARES ALVA INC,2140.0,5,1,0,0,FDIC,2025-09-30,1249570.0,2,OK,1,0,73717
NM,1.0,25752,LONGVIEW,2694.0,0.0,2022-08-31,0.0,2694.0,0.0,0.0,1984-10-15,13,13,11,DALLAS,25752_20250930,DIF,1984-10-15,0,COMMUNITY BANK,EAST TEXAS BCORP INC,9351.0,5,6,0,0,FDIC,2025-09-30,2475590.0,4,TX,1,1,75605
NM,1.0,25795,BUFORD,5939.0,0.0,2022-08-31,0.0,5939.0,186.0,0.0,1984-12-13,5,5,6,ATLANTA,25795_20250930,DIF,1984-12-13,0,PEOPLES BANK & TRUST,PEOPLES BANKTRUST INC,14136.0,5,1,0,0,FDIC,2025-09-30,3466504.0,4,GA,0,0,30518
NM,1.0,25796,LAGRANGE,5352.0,0.0,2022-08-31,302.0,5654.0,4226.0,0.0,1984-12-15,5,5,6,ATLANTA,25796_20250930,DIF,1984-12-15,0,COMMUNITY BANK AND TRUST - WEST GEORGIA,COMMUNITY BANKSHARES INC,7149.0,5,3,0,0,FDIC,2025-09-30,1081873.0,4,GA,0,0,30240
NM,0.0,25803,SAN MARCOS,1350.0,0.0,2024-01-02,0.0,2251.0,423.0,901.0,1982-01-02,14,2,12,ORANGE,25803_20250930,DIF,1984-12-17,0,HATCH BANK,Unknown,5647.0,4,1,0,26647,FDIC,2025-09-30,0.0,6,CA,1,0,92078
SM,0.0,25849,JEFFERSON CITY,4049.0,0.0,2024-06-30,902.0,4951.0,0.0,0.0,1985-01-07,11,11,8,COLUMBIA MO,25849_20250930,DIF,1985-01-07,0,MIDWEST INDEPENDENT BANKERSBANK,MIDWEST IND BANCSHARES INC,8972.0,4,2,0,0,FED,2025-09-30,1142309.0,4,MO,0,0,65101
SM,0.0,25858,ANDOVER,64457.0,0.0,2025-07-02,563.0,72016.0,8464.0,6996.0,1985-01-21,11,11,10,WICHITA,25858_20250930,DIF,1985-01-21,0,EQUITY BANK,EQUITY BANCSHARES INC,167776.0,4,78,0,0,FED,2025-09-30,3180547.0,4,KS,0,0,67002
NM,1.0,25869,OAKLAND,4763.0,0.0,2022-08-31,0.0,5051.0,61.0,288.0,1983-09-01,14,14,12,SAN FRANCISCO,25869_20250930,DIF,1984-12-17,0,METROPOLITAN BANK,MET FINANCIAL CORP,6379.0,4,4,0,0,FDIC,2025-09-30,1139439.0,4,CA,0,0,94606
SM,1.0,25883,CHICAGO,6514.0,0.0,2022-08-31,0.0,6840.0,-55.0,326.0,1985-02-14,9,9,7,CHICAGO,25883_20250930,DIF,1985-02-14,0,FIRST EAGLE BANK,FIRST EAGLE BANCSHARES INC,17541.0,3,2,0,0,FED,2025-09-30,1492956.0,4,IL,1,0,60607
NM,1.0,25886,MCALLEN,11471.0,0.0,2025-05-30,19.0,16804.0,548.0,5314.0,1985-02-11,13,13,11,HOUSTON,25886_20250930,DIF,1985-02-11,0,RIO BANK,RIO FINANCIAL SERVICES INC,31130.0,5,25,0,0,FDIC,2025-09-30,3193033.0,4,TX,0,1,78501
N,1.0,25894,OLDHAM,5253.0,0.0,2024-06-30,0.0,5384.0,13115.0,131.0,1985-02-15,11,11,9,SIOUX FALLS,25894_20250930,DIF,1985-02-15,0,FIRST NATIONAL BANK,FULDA BCORP INC,27909.0,4,12,0,0,OCC,2025-09-30,1133567.0,2,SD,0,1,57051
NM,0.0,258,LOUISVILLE,111386.0,0.0,2022-08-31,2241.0,124146.0,5050.0,10519.0,1904-06-01,9,9,8,LOUISVILLE,258_20250930,DIF,1934-01-01,0,STOCK YARDS BANK & TRUST COMPANY,STOCK YARDS BCORP INC,222292.0,3,77,0,0,FDIC,2025-09-30,1249730.0,4,KY,0,1,40206
NM,1.0,26021,RUSSELLVILLE,1541.0,0.0,2022-08-31,0.0,1541.0,180.0,0.0,1985-04-01,5,5,6,SHELBY,26021_20250930,DIF,1985-04-01,0,VALLEY STATE BANK,VALLEY BANCSHARES INC,4375.0,5,3,0,0,FDIC,2025-09-30,1493609.0,8,AL,0,0,35653
N,1.0,2608,MARBLEHEAD,5181.0,0.0,2024-11-17,0.0,6184.0,-14.0,1003.0,1831-01-01,2,2,1,NORTH BOSTON,2608_20250930,DIF,1934-01-01,0,THE NATIONAL GRAND BANK OF MARBLEHEAD,GRAND BANK CORP,7122.0,1,2,0,0,OCC,2025-09-30,1115406.0,5,MA,0,1,01945
N,1.0,2616,MILLBURY,2242.0,0.0,2022-08-31,0.0,2522.0,35.0,280.0,1933-11-15,2,2,1,WINDSOR,2616_20250930,DIF,1934-01-01,0,MILLBURY NATIONAL BANK,Unknown,4394.0,1,1,0,0,OCC,2025-09-30,0.0,4,MA,0,0,01527
N,1.0,26181,JACKSONVILLE,16955.0,0.0,2022-08-31,0.0,16955.0,2300.0,0.0,1985-03-19,13,13,11,DALLAS,26181_20250930,DIF,1985-03-19,0,TEXAS NATIONAL BANK OF JACKSONVILLE,TEXAS NATIONAL BCORP,24139.0,5,9,0,0,OCC,2025-09-30,2716471.0,4,TX,0,0,75766
SM,1.0,26185,WEST POINT,8664.0,0.0,2024-06-30,21.0,9137.0,388.0,452.0,1985-04-01,11,11,10,OMAHA,26185_20250930,DIF,1985-04-01,0,CHARTER WEST BANK,NATIONWIDE BANKSHARES INC,13938.0,4,6,0,0,FED,2025-09-30,1132579.0,2,NE,1,0,68788
SM,0.0,26189,RADNOR,4161.0,0.0,2022-08-31,0.0,4161.0,0.0,0.0,1985-02-01,2,2,3,PHILADELPHIA,26189_20250930,DIF,1987-04-01,0,THE HAVERFORD TRUST COMPANY,DREXEL MORGAN&CO,2831.0,1,1,0,0,FED,2025-09-30,4046640.0,8,PA,1,1,19087
SM,1.0,26217,CHANUTE,5599.0,0.0,2023-09-01,6.0,5682.0,94.0,77.0,1985-05-02,11,11,10,SPRINGFIELD MO,26217_20250930,DIF,1985-05-02,0,BANK OF COMMERCE,SOUTHEAST BANCSHARES INC,11654.0,4,15,0,0,FED,2025-09-30,2124795.0,2,KS,1,1,66720
N,1.0,26223,HOUSTON,48478.0,0.0,2024-10-25,1.0,49999.0,2140.0,1520.0,1985-05-03,13,13,11,HOUSTON,26223_20250930,DIF,1985-05-03,0,"GOLDEN BANK, NATIONAL ASSOCIATION",Unknown,59147.0,5,11,0,0,OCC,2025-09-30,0.0,4,TX,0,0,77036
N,1.0,26228,DUBLIN,832.0,0.0,2022-08-31,0.0,836.0,175.0,4.0,1985-05-07,13,13,11,DALLAS,26228_20250930,DIF,1985-05-07,0,FIRST NATIONAL BANK OF DUBLIN,DUBLIN BANCSHARES INC,5842.0,5,3,0,0,OCC,2025-09-30,1246953.0,2,TX,1,0,76446
N,1.0,26260,MARLOW,791.0,0.0,2022-08-31,135.0,926.0,517.0,0.0,1985-01-24,13,13,10,OKLAHOMA CITY,26260_20250930,DIF,1985-01-24,0,THE FIRST NATIONAL BANK IN MARLOW,LEADER FIRST BCORP INC,2194.0,5,4,0,0,OCC,2025-09-30,2096164.0,4,OK,1,0,73055
NM,1.0,26271,SAN DIEGO,5561.0,0.0,2023-11-18,0.0,6146.0,0.0,585.0,1981-10-31,14,11,12,ORANGE,26271_20250930,DIF,1985-06-03,0,HOME BANK OF CALIFORNIA,Unknown,7772.0,4,1,0,0,FDIC,2025-09-30,0.0,4,CA,1,0,92123
N,0.0,26299,MIAMI,27007.0,0.0,2022-08-31,1.0,29614.0,802.0,2606.0,1985-07-22,5,5,6,SOUTH FLORIDA,26299_20250930,DIF,1985-07-22,0,PACIFIC NATIONAL BANK,Unknown,33087.0,5,5,0,0,OCC,2025-09-30,0.0,4,FL,0,0,33131
NM,1.0,262,MOUNT VERNON,3544.0,0.0,2021-12-31,1.0,3866.0,180.0,321.0,1904-01-01,9,9,4,LEXINGTON,262_20250930,DIF,1934-01-01,0,CITIZENS BANK,ROCKCASTLE BCORP INC,6896.0,3,5,0,0,FDIC,2025-09-30,2262268.0,4,KY,1,0,40456
SB,0.0,26312,SANTA ANA,46095.0,0.0,2023-11-18,0.0,46098.0,0.0,3.0,1985-07-30,14,14,12,ORANGE,26312_20250930,DIF,1989-08-09,0,"FIRST AMERICAN TRUST, FSB",FIRST AMERICAN FINANCIAL CORP,144678.0,4,10,0,0,OCC,2025-09-30,1250101.0,9,CA,0,1,92707
N,1.0,26323,JACKSONVILLE,7581.0,0.0,2022-08-31,0.0,7659.0,325.0,78.0,1985-08-12,5,5,6,TAMPA,26323_20250930,DIF,1985-08-12,0,"FLORIDA CAPITAL BANK, NATIONAL ASSOCIATION",FLORIDA CAPITAL GROUP INC,18369.0,5,5,0,0,OCC,2025-09-30,3223828.0,4,FL,0,0,32256
NM,1.0,26333,ROCHESTER,19447.0,0.0,2022-08-31,0.0,24055.0,1477.0,4608.0,1985-08-12,2,2,2,SYRACUSE,26333_20250930,DIF,1985-08-12,0,GENESEE REGIONAL BANK,GREATER ROCHESTER BCORP INC,26544.0,1,3,0,0,FDIC,2025-09-30,3644722.0,4,NY,0,0,14618
SI,1.0,26336,NEWTON,36972.0,0.0,2025-09-11,0.0,40391.0,456.0,3419.0,1910-05-01,2,2,1,SOUTH BOSTON,26336_20250930,DIF,1985-08-12,1,THE VILLAGE BANK,Unknown,31575.0,1,11,0,0,FDIC,2025-09-30,0.0,4,MA,0,0,02464
NM,1.0,26340,ESKRIDGE,1714.0,0.0,2022-08-31,7.0,1721.0,60.0,0.0,1985-07-18,11,11,10,WICHITA,26340_20250930,DIF,1985-07-18,0,FLINT HILLS BANK,Unknown,3110.0,4,4,0,0,FDIC,2025-09-30,0.0,2,KS,1,0,66423
N,0.0,26342,ATLANTA,22791.0,0.0,2022-08-31,206.0,23235.0,9320.0,238.0,1985-08-30,5,14,6,ATLANTA,26342_20250930,DIF,1985-08-30,0,"RBC BANK, (GEORGIA) NATIONAL ASSOCIATION",ROYAL BANK OF CANADA,212149.0,5,1,0,0,OCC,2025-09-30,1232497.0,5,GA,0,0,30326
N,1.0,26351,HOUSTON,4135.0,0.0,2022-08-31,55.0,4190.0,562.0,0.0,1985-08-01,13,13,11,HOUSTON,26351_20250930,DIF,1985-08-01,0,UNITY NATIONAL BANK OF HOUSTON,Unknown,4269.0,5,2,0,0,OCC,2025-09-30,0.0,4,TX,0,0,77004
NM,1.0,26358,SPRINGFIELD,1691.0,0.0,2022-08-31,117.0,1808.0,0.0,0.0,1985-09-16,11,11,8,SPRINGFIELD MO,26358_20250930,DIF,1985-09-16,0,STATE BANK OF SOUTHWEST MISSOURI,STATE BANCSHARES INC,4727.0,4,1,0,0,FDIC,2025-09-30,1404678.0,5,MO,1,0,65804
NM,0.0,26363,CLAREMONT,9240.0,0.0,2022-08-31,0.0,9890.0,-76.0,650.0,1976-10-01,14,14,12,LOS ANGELES,26363_20250930,DIF,1985-09-10,0,COMMUNITY COMMERCE BANK,Unknown,8484.0,4,4,0,0,FDIC,2025-09-30,0.0,4,CA,0,0,91711
N,1.0,26379,MCCOMB,5553.0,0.0,2022-08-31,0.0,5553.0,368.0,0.0,1985-09-30,13,13,6,JACKSON MS,26379_20250930,DIF,1985-09-30,0,PIKE NATIONAL BANK,PCNB CORP,9667.0,5,10,0,0,OCC,2025-09-30,3447428.0,4,MS,0,0,39648
N,1.0,26381,BOSSIER CITY,22673.0,0.0,2024-04-26,6.0,24704.0,400.0,2025.0,1985-10-07,13,13,11,SHREVEPORT,26381_20250930,DIF,1985-10-07,0,"BONVENU BANK, NATIONAL ASSOCIATION",BONVENU BCORP INC,31692.0,5,14,0,0,OCC,2025-09-30,2344856.0,4,LA,0,0,71111
NM,0.0,26392,NEWARK,99.0,0.0,2022-10-13,0.0,99.0,0.0,0.0,1985-10-07,2,2,3,CLAYMONT,26392_20250930,DIF,1985-10-07,0,DEUTSCHE BANK TRUST COMPANY DELAWARE,DEUTSCHE BK AKTIENGESELLSCHAFT,3578.0,1,1,0,0,FDIC,2025-09-30,1242423.0,7,DE,0,1,19713
SI,1.0,26393,PITTSFIELD,3626.0,0.0,2022-08-31,0.0,5233.0,-249.0,1607.0,1889-01-01,2,2,1,WINDSOR,26393_20250930,DIF,1985-10-08,1,THE PITTSFIELD CO-OPERATIVE BANK,Unknown,8056.0,1,5,0,0,FDIC,2025-09-30,0.0,5,MA,0,0,01201
SI,1.0,26395,FRAMINGHAM,19230.0,0.0,2024-11-17,0.0,22329.0,24949.0,3099.0,1889-01-01,2,2,1,SOUTH BOSTON,26395_20250930,DIF,1985-10-11,1,MUTUALONE BANK,Unknown,31474.0,1,3,0,0,FDIC,2025-09-30,0.0,4,MA,0,0,01701
SM,1.0,26397,GREENFIELD,8625.0,0.0,2022-08-31,0.0,8666.0,-120.0,41.0,1905-01-01,2,2,1,WINDSOR,26397_20250930,DIF,1985-10-22,0,GREENFIELD CO-OPERATIVE BANK,GREENFIELD BCORP MHC,18001.0,1,10,0,0,FED,2025-09-30,3736690.0,5,MA,0,0,01301
SI,1.0,26411,HAVERHILL,8716.0,0.0,2024-11-17,0.0,10493.0,203.0,1777.0,1877-01-01,2,2,1,NORTH BOSTON,26411_20250930,DIF,1985-10-24,0,HAVERHILL BANK,HB HOLDINGS MHC,10587.0,1,7,0,0,FDIC,2025-09-30,5462975.0,4,MA,0,1,01830
NM,1.0,26416,CANTON,936.0,0.0,2022-08-31,0.0,950.0,60.0,14.0,1985-10-10,13,13,10,OKLAHOMA CITY,26416_20250930,DIF,1985-10-10,0,COMMUNITY STATE BANK OF CANTON,CANTON BANCSHARES INC,2369.0,5,2,0,0,FDIC,2025-09-30,1137293.0,2,OK,0,0,73724
N,1.0,26442,MIAMI,6185.0,0.0,2022-08-31,0.0,6185.0,367.0,0.0,1985-11-21,5,5,6,SOUTH FLORIDA,26442_20250930,DIF,1985-11-21,0,"TERRABANK, NATIONAL ASSOCIATION",Unknown,19881.0,5,4,0,0,OCC,2025-09-30,0.0,4,FL,0,0,33145
SI,1.0,26444,EVERETT,27687.0,0.0,2024-11-17,0.0,34763.0,1293.0,7076.0,1890-01-01,2,2,1,NORTH BOSTON,26444_20250930,DIF,1985-11-26,0,EVERETT CO-OPERATIVE BANK,ECB BCORP INC,22378.0,1,3,0,0,FDIC,2025-09-30,5723621.0,4,MA,0,0,02149
SM,1.0,26450,CANTON,2081.0,0.0,2024-11-17,0.0,2258.0,0.0,177.0,1891-01-01,2,2,1,SOUTH BOSTON,26450_20250930,DIF,1985-12-05,1,CANTON CO-OPERATIVE BANK,Unknown,3065.0,1,1,0,0,FED,2025-09-30,0.0,5,MA,0,0,02021
SI,1.0,26451,LEOMINSTER,24975.0,0.0,2025-07-01,0.0,25440.0,21404.0,465.0,1888-01-01,2,2,1,SOUTH BOSTON,26451_20250930,DIF,1985-12-06,0,FIDELITY CO-OPERATIVE BANK,MUTUAL BCORP,42616.0,1,13,0,0,FDIC,2025-09-30,4369808.0,4,MA,0,0,01453
SI,1.0,26455,SOUTHBRIDGE,7366.0,0.0,2022-08-31,0.0,12190.0,2299.0,4824.0,1910-01-01,2,2,1,WINDSOR,26455_20250930,DIF,1985-11-26,1,SAVERS CO-OPERATIVE BANK,Unknown,15499.0,1,7,0,0,FDIC,2025-09-30,0.0,4,MA,0,0,01550
SM,1.0,26483,NEEDHAM,95202.0,0.0,2024-11-17,0.0,102272.0,5715.0,7070.0,1892-01-01,2,2,1,SOUTH BOSTON,26483_20250930,DIF,1986-01-13,1,NEEDHAM BANK,NB BCORP INC,132489.0,1,12,0,0,FED,2025-09-30,5860236.0,4,MA,0,0,02492
SM,0.0,26484,PEABODY,31800.0,0.0,2024-11-17,0.0,35042.0,76.0,3242.0,1888-01-01,2,2,1,NORTH BOSTON,26484_20250930,DIF,1986-01-10,0,"NORTH SHORE BANK, A CO-OPERATIVE BANK",HOMETOWN FINANCIAL GROUP MHC,82557.0,1,26,0,0,FED,2025-09-30,3728930.0,4,MA,0,0,01960
SM,1.0,26487,WALPOLE,10415.0,0.0,2024-11-17,0.0,10729.0,135.0,314.0,1912-01-01,2,2,1,SOUTH BOSTON,26487_20250930,DIF,1986-01-13,1,WALPOLE CO-OPERATIVE BANK,Unknown,14355.0,1,1,0,0,FED,2025-09-30,0.0,4,MA,0,0,02081
N,1.0,26499,BAXTER,7826.0,0.0,2022-08-31,4.0,10064.0,-19.0,2234.0,1983-05-01,11,11,9,MINNEAPOLIS,26499_20250930,DIF,1986-01-02,0,AMERICAN NATIONAL BANK OF MINNESOTA,AMERICAN BCORP OF MN INC,13740.0,3,10,0,0,OCC,2025-09-30,3047172.0,4,MN,1,0,56425
SI,1.0,26512,METHUEN,1627.0,0.0,2024-11-17,0.0,1627.0,-51.0,0.0,1923-01-01,2,2,1,NORTH BOSTON,26512_20250930,DIF,1986-01-23,1,METHUEN CO-OPERATIVE BANK,Unknown,3027.0,1,1,0,0,FDIC,2025-09-30,0.0,5,MA,0,0,01844
SM,1.0,26513,STOUGHTON,1663.0,0.0,2024-11-17,0.0,1767.0,0.0,104.0,1886-01-01,2,2,1,SOUTH BOSTON,26513_20250930,DIF,1986-01-21,1,STOUGHTON CO-OPERATIVE BANK,Unknown,2553.0,1,1,0,0,FED,2025-09-30,0.0,5,MA,0,0,02072
SI,1.0,26517,YARMOUTH PORT,22705.0,0.0,2025-09-24,0.0,25624.0,0.0,2919.0,1921-01-01,2,2,1,SOUTH BOSTON,26517_20250930,DIF,1986-01-22,0,CAPE & COAST BANK,COASTAL AFFILIATES MHC,31752.0,1,11,0,0,FDIC,2025-09-30,3444801.0,4,MA,0,0,02675
NM,1.0,26519,FROST,1106.0,0.0,2022-08-31,1.0,1107.0,350.0,0.0,1985-12-20,11,11,9,MANKATO,26519_20250930,DIF,1985-12-20,0,FROST STATE BANK,Unknown,1699.0,3,1,0,0,FDIC,2025-09-30,0.0,2,MN,0,0,56033
NM,1.0,26520,CASSVILLE,2119.0,0.0,2022-08-31,0.0,2119.0,175.0,0.0,1985-12-13,11,11,8,SPRINGFIELD MO,26520_20250930,DIF,1985-12-13,0,SECURITY BANK OF SOUTHWEST MISSOURI,Unknown,4818.0,4,3,0,0,FDIC,2025-09-30,0.0,8,MO,1,0,65625
NM,1.0,26522,OBERLIN,5653.0,0.0,2025-01-01,0.0,5653.0,1255.0,0.0,1985-11-21,11,11,10,HAYS,26522_20250930,DIF,1985-11-21,0,THE BANK,DECATUR INVESTMENT INC,20905.0,4,16,0,0,FDIC,2025-09-30,1137855.0,2,KS,1,1,67749
SM,0.0,26523,OXFORD,16117.0,0.0,2024-05-31,0.0,17278.0,406.0,1161.0,1889-01-01,2,2,1,WINDSOR,26523_20250930,DIF,1986-02-03,0,BANKHOMETOWN,HOMETOWN FINANCIAL GROUP MHC,40681.0,1,16,0,0,FED,2025-09-30,3728930.0,4,MA,0,1,01540
NM,1.0,26530,FAIRBANKS,3787.0,0.0,2022-08-31,0.0,4011.0,1450.0,224.0,1986-02-03,14,14,12,SEATTLE,26530_20250930,DIF,1986-02-03,0,DENALI STATE BANK,DENALI BCORP INC,20046.0,4,5,0,0,FDIC,2025-09-30,1989241.0,4,AK,0,0,99701
SI,1.0,26536,GLOUCESTER,4336.0,0.0,2024-11-17,0.0,5613.0,341.0,1277.0,1887-01-01,2,2,1,NORTH BOSTON,26536_20250930,DIF,1986-02-10,1,BANKGLOUCESTER,Unknown,9556.0,1,3,0,0,FDIC,2025-09-30,0.0,4,MA,0,0,01930
NM,1.0,26539,KOLONIA,1067.0,0.0,2023-11-18,0.0,1067.0,495.0,0.0,1986-02-07,14,14,12,SAN FRANCISCO,26539_20250930,DIF,1986-02-07,0,BANK OF THE FEDERATED STATES OF MICRONESIA,Unknown,8384.0,4,0,5,0,FDIC,2025-09-30,0.0,7,FM,0,0,96941
N,1.0,26542,DE SOTO,4522.0,0.0,2022-08-31,0.0,4522.0,600.0,0.0,1986-01-27,13,13,11,DALLAS,26542_20250930,DIF,1986-01-27,0,"BANK OF DESOTO, NATIONAL ASSOCIATION",D BCORP INC,9619.0,5,1,0,0,OCC,2025-09-30,2127022.0,8,TX,1,0,75115
N,1.0,26543,WICHITA FALLS,26355.0,0.0,2022-08-31,21.0,29103.0,164.0,2727.0,1986-01-29,13,13,11,DALLAS,26543_20250930,DIF,1986-01-29,0,FIRST NATIONAL BANK,WICHITA FALLS BANCSHARES INC,28799.0,5,8,0,0,OCC,2025-09-30,1137538.0,4,TX,0,0,76310
SM,1.0,26554,NORTH EASTON,3553.0,0.0,2024-11-17,0.0,3614.0,42.0,61.0,1889-01-01,2,2,1,SOUTH BOSTON,26554_20250930,DIF,1986-02-04,1,BANK OF EASTON,Unknown,3219.0,1,3,0,0,FED,2025-09-30,0.0,5,MA,0,0,02356
SI,1.0,26555,NORWOOD,15991.0,0.0,2024-11-17,0.0,17140.0,770.0,1149.0,1889-01-01,2,2,1,SOUTH BOSTON,26555_20250930,DIF,1986-02-13,0,ONELOCAL BANK,1889 BCORP MHC,23897.0,1,4,0,0,FDIC,2025-09-30,3960897.0,4,MA,0,0,02062
SI,1.0,26559,STONEHAM,12478.0,0.0,2024-11-17,0.0,14308.0,48.0,1830.0,1887-01-01,2,2,1,NORTH BOSTON,26559_20250930,DIF,1986-02-14,1,"STONEHAMBANK, A CO-OPERATIVE BANK",Unknown,16263.0,1,2,0,0,FDIC,2025-09-30,0.0,4,MA,0,1,02180
NM,1.0,26564,VIDALIA,7864.0,0.0,2022-08-31,8.0,8510.0,925.0,638.0,1986-01-10,13,13,11,SHREVEPORT,26564_20250930,DIF,1986-01-10,0,DELTA BANK,CENTRAL LOUISIANA CAPITAL CORP,17400.0,5,7,0,0,FDIC,2025-09-30,1109571.0,2,LA,1,0,71373
SI,1.0,26567,CAMBRIDGE,623.0,0.0,2024-11-17,0.0,623.0,-79.0,0.0,1912-01-01,2,2,1,NORTH BOSTON,26567_20250930,DIF,1986-02-05,1,NORTH CAMBRIDGE CO-OPERATIVE BANK,Unknown,1802.0,1,1,0,0,FDIC,2025-09-30,0.0,5,MA,0,0,02140
SI,1.0,26576,WRENTHAM,2714.0,0.0,2024-11-17,0.0,2714.0,6.0,0.0,1901-01-01,2,2,1,SOUTH BOSTON,26576_20250930,DIF,1986-03-03,1,WRENTHAM CO-OPERATIVE BANK,Unknown,2268.0,1,3,0,0,FDIC,2025-09-30,0.0,5,MA,0,0,02093
NM,1.0,26588,DARLINGTON,948.0,0.0,2022-08-31,0.0,960.0,72.0,12.0,1986-03-10,5,5,5,COLUMBIA SC,26588_20250930,DIF,1986-03-10,0,DEDICATED COMMUNITY BANK,DARLINGTON CNTY BANCSHARES INC,3154.0,1,2,0,0,FDIC,2025-09-30,2798440.0,4,SC,0,0,29532
SM,1.0,26591,WEYMOUTH,11437.0,0.0,2024-11-17,0.0,13864.0,174.0,2427.0,1889-01-01,2,2,1,SOUTH BOSTON,26591_20250930,DIF,1986-03-11,0,COASTAL HERITAGE BANK,EQUITABLE BCORP MHC,18190.0,1,12,0,0,FED,2025-09-30,3398315.0,4,MA,0,0,02188
SM,1.0,26602,MEDWAY,3541.0,0.0,2024-11-17,0.0,3541.0,33.0,0.0,1915-01-01,2,2,1,SOUTH BOSTON,26602_20250930,DIF,1986-03-25,0,CHARLES RIVER BANK,CHARLES RIVER BCORP MHC,7011.0,1,4,0,0,FED,2025-09-30,3966022.0,4,MA,0,0,02053
NM,0.0,26610,LOS ANGELES,347862.0,0.0,2025-04-02,0.0,348855.0,28510.0,993.0,1986-03-18,14,14,12,LOS ANGELES,26610_20250930,DIF,1986-03-18,0,BANK OF HOPE,HOPE BCORP INC,352452.0,4,79,0,0,FDIC,2025-09-30,2961879.0,4,CA,0,0,90010
SM,1.0,26620,READING,15319.0,0.0,2025-05-01,0.0,17581.0,638.0,2262.0,1886-01-01,2,2,1,NORTH BOSTON,26620_20250930,DIF,1986-03-27,1,READING CO-OPERATIVE BANK,Unknown,23247.0,1,13,0,0,FED,2025-09-30,0.0,4,MA,0,0,01867
SM,1.0,26626,DALLAS,20099.0,0.0,2022-08-31,11.0,22999.0,1900.0,2889.0,1986-04-07,13,13,11,DALLAS,26626_20250930,DIF,1986-04-07,0,UNITED TEXAS BANK,UTB FINANCIAL HOLDING CO,24189.0,5,3,0,0,FED,2025-09-30,4378529.0,4,TX,0,0,75240
NM,1.0,26627,GRAPEVINE,8899.0,0.0,2022-08-31,0.0,8899.0,452.0,0.0,1986-04-01,13,13,11,DALLAS,26627_20250930,DIF,1986-04-01,0,BANK OF THE WEST,GREATER SW BANCSHARES INC,25021.0,5,11,0,0,FDIC,2025-09-30,1141384.0,4,TX,1,0,76051
SI,1.0,26634,TAUNTON,11530.0,0.0,2024-11-17,0.0,13125.0,255.0,1595.0,1877-01-01,2,2,1,SOUTH BOSTON,26634_20250930,DIF,1986-04-17,0,MECHANICS COOPERATIVE BANK,MECHANICS BCORP MHC,24290.0,1,11,0,0,FDIC,2025-09-30,4262347.0,4,MA,0,0,02780
SI,0.0,26647,CONSHOHOCKEN,67876.0,0.0,2022-08-31,1596.0,83413.0,1464.0,13941.0,1934-01-01,2,2,3,PHILADELPHIA,26647_20250930,DIF,1986-03-19,0,FIRSTRUST SAVINGS BANK,Unknown,162036.0,1,18,0,0,FDIC,2025-09-30,0.0,4,PA,1,1,19428
NM,1.0,26653,BANDERA,501.0,0.0,2015-06-17,0.0,501.0,18.0,0.0,1986-04-24,13,13,11,AUSTIN,26653_20250930,DIF,1986-04-24,0,BANDERA BANK,BANDERA BANCSHARES INC,3252.0,5,1,0,0,FDIC,2025-09-30,1139671.0,8,TX,1,0,78003
NM,1.0,26658,DEL RIO,488.0,0.0,2022-08-31,0.0,496.0,5.0,8.0,1986-04-25,13,13,11,AUSTIN,26658_20250930,DIF,1986-04-25,0,AMISTAD BANK,PATRONS HOLDINGS INC,1958.0,5,1,0,0,FDIC,2025-09-30,5861662.0,4,TX,0,0,78840
SM,0.0,26677,OKLAHOMA CITY,4544.0,0.0,2022-08-31,842.0,5386.0,450.0,0.0,1986-05-28,13,13,10,OKLAHOMA CITY,26677_20250930,DIF,1986-05-28,0,THE BANKERS BANK,BANKERS BCORP OF OKLAHOMA INC,7790.0,5,2,0,0,FED,2025-09-30,1138209.0,4,OK,0,0,73120
NM,1.0,26687,NICEVILLE,1108.0,0.0,2022-08-31,0.0,1108.0,0.0,0.0,1986-06-16,5,5,6,MONTGOMERY,26687_20250930,DIF,1986-06-16,0,PNB COMMUNITY BANK,BANKSHARES CORP OF NICEVILLE,5451.0,5,3,0,0,FDIC,2025-09-30,1363793.0,4,FL,0,0,32578
NM,1.0,26689,ALMA,2169.0,0.0,2022-08-31,0.0,2169.0,0.0,0.0,1986-06-20,9,9,9,EAU CLAIRE,26689_20250930,DIF,1986-06-20,0,BANK OF ALMA,DAIRYLAND BANK HOLDING CORP,11986.0,3,4,0,0,FDIC,2025-09-30,2029368.0,4,WI,0,0,54610
NM,1.0,26703,LOUISVILLE,10458.0,0.0,2022-08-31,7.0,11098.0,168.0,633.0,1986-06-26,9,9,8,LOUISVILLE,26703_20250930,DIF,1986-06-26,0,"RIVER CITY BANK, INC.",FIRST BRECKINRIDGE BANCSHARES,11227.0,3,7,0,0,FDIC,2025-09-30,1119404.0,4,KY,0,0,40202
NM,0.0,26704,CHULA VISTA,12195.0,0.0,2023-11-18,0.0,12195.0,5339.0,0.0,1980-12-11,14,14,12,ORANGE,26704_20250930,DIF,1986-07-03,0,BALBOA THRIFT AND LOAN ASSOCIATION,Unknown,14571.0,4,4,0,0,FDIC,2025-09-30,0.0,4,CA,0,0,91910
NM,1.0,26708,FORT WORTH,1911.0,0.0,2022-08-31,1.0,1914.0,42.0,2.0,1986-06-30,13,13,11,DALLAS,26708_20250930,DIF,1986-06-30,0,SPECTRA BANK,RIVERBEND FINANCIAL CORP,2417.0,5,2,0,0,FDIC,2025-09-30,3391679.0,4,TX,1,0,76118
NM,1.0,26725,MIAMI,39002.0,0.0,2022-08-31,0.0,39027.0,4526.0,25.0,1986-07-24,5,5,6,SOUTH FLORIDA,26725_20250930,DIF,1986-07-24,0,BANCO DO BRASIL AMERICAS,BANCO DO BRASIL SA,88296.0,5,4,0,0,FDIC,2025-09-30,1242076.0,5,FL,0,0,33131
NM,1.0,26727,MCALLEN,1816.0,0.0,2022-08-31,0.0,1816.0,115.0,0.0,1986-07-08,13,13,11,HOUSTON,26727_20250930,DIF,1986-07-08,0,BANK OF SOUTH TEXAS,Unknown,7944.0,5,7,0,0,FDIC,2025-09-30,0.0,4,TX,0,0,78504
NM,1.0,26738,EDEN,821.0,0.0,2024-03-27,0.0,841.0,459.0,20.0,1986-07-31,13,13,11,LUBBOCK,26738_20250930,DIF,1986-07-31,0,TEXAS FINANCIAL BANK,PATRONS HOLDINGS INC,6578.0,5,4,0,0,FDIC,2025-09-30,5861662.0,4,TX,0,0,76837
NM,0.0,26755,ROCHESTER,695.0,0.0,2024-06-30,0.0,716.0,0.0,21.0,1956-01-01,11,11,9,MINNEAPOLIS,26755_20250930,DIF,1986-08-07,0,"MINNESOTA FIRST CREDIT AND SAVINGS, INCORPORATED",Unknown,840.0,3,4,0,0,FDIC,2025-09-30,0.0,5,MN,1,0,55901
NM,1.0,26760,IOWA FALLS,12649.0,0.0,2024-06-30,0.0,12864.0,263.0,215.0,1986-07-31,11,11,7,DES MOINES,26760_20250930,DIF,1986-07-31,0,GREEN BELT BANK & TRUST,GREEN BELT BCORP,16423.0,4,9,0,0,FDIC,2025-09-30,1140958.0,2,IA,1,1,50126
N,1.0,26790,FORT LEE,12241.0,0.0,2023-12-19,1.0,12242.0,335.0,0.0,1986-09-16,2,2,2,JAMESBURG,26790_20250930,DIF,1986-09-16,0,"HANA BANK USA, NATIONAL ASSOCIATION",HANA FINANCIAL GROUP INC,13509.0,1,4,0,0,OCC,2025-09-30,3400937.0,4,NJ,0,0,07024
NM,1.0,26798,SALT LAKE CITY,2769.0,0.0,2022-08-31,0.0,2880.0,12.0,111.0,1979-01-01,14,14,12,SALT LAKE CITY,26798_20250930,DIF,1986-10-03,0,HOME SAVINGS BANK,JGS JR FAMILY HOLDING CORP,3237.0,4,1,0,0,FDIC,2025-09-30,5421422.0,4,UT,0,0,84115
NM,1.0,26799,EVA,7753.0,0.0,2022-08-31,0.0,8011.0,1150.0,258.0,1986-10-13,5,5,6,SHELBY,26799_20250930,DIF,1986-10-13,0,EVABANK,Unknown,19946.0,5,7,0,0,FDIC,2025-09-30,0.0,4,AL,0,0,35621
NM,1.0,267,CATLETTSBURG,2914.0,0.0,2022-08-31,0.0,2914.0,73.0,0.0,1931-01-01,9,9,4,LEXINGTON,267_20250930,DIF,1934-01-01,0,KENTUCKY FARMERS BANK CORPORATION,KFB HOLDINGS INC,9324.0,3,5,0,0,FDIC,2025-09-30,5907083.0,8,KY,1,1,41129
NM,0.0,26816,SALT LAKE CITY,270.0,0.0,2024-07-11,0.0,270.0,0.0,0.0,1956-11-05,14,14,12,SALT LAKE CITY,26816_20250930,DIF,1986-10-20,0,"LIBERTY BANK, INC.",CACHE VALLEY BANKING CO,71.0,4,1,0,0,FDIC,2025-09-30,2324997.0,7,UT,0,0,84111
N,1.0,26829,DADE CITY,4160.0,0.0,2011-09-21,0.0,4848.0,0.0,688.0,1986-11-03,5,5,6,TAMPA,26829_20250930,DIF,1986-11-03,0,FIRST NATIONAL BANK OF PASCO,FLORIDA BANCSHARES INC,7624.0,5,4,0,0,OCC,2025-09-30,2552400.0,4,FL,0,0,33525
N,1.0,2682,BROOKSVILLE,432.0,0.0,2022-08-31,32.0,538.0,23.0,74.0,1907-07-07,9,9,4,LEXINGTON,2682_20250930,DIF,1934-01-01,0,THE FIRST NATIONAL BANK OF BROOKSVILLE,FNB BANCSHARES INC,2091.0,3,2,0,0,OCC,2025-09-30,2262503.0,8,KY,1,1,41004
NM,1.0,26847,CHESTERTOWN,925.0,0.0,2022-08-31,55.0,1117.0,125.0,137.0,1986-12-15,2,2,5,BALTIMORE,26847_20250930,DIF,1986-12-15,0,THE CHESAPEAKE BANK & TRUST CO.,CHESAPEAKE BCORP EMPLOYEE STK OWNERSHIP PLAN WITH 401 K PROVISIONS,4385.0,1,3,0,0,FDIC,2025-09-30,2857758.0,8,MD,1,0,21620
NM,1.0,26856,LAREDO,28193.0,0.0,2022-08-31,2.0,28195.0,1205.0,0.0,1986-12-10,13,13,11,HOUSTON,26856_20250930,DIF,1986-12-10,0,FALCON INTERNATIONAL BANK,FALCON BANCSHARES INC,58263.0,5,19,0,0,FDIC,2025-09-30,2270254.0,4,TX,0,1,78045
SM,0.0,26871,MIDLOTHIAN,1718.0,0.0,2022-08-31,210.0,2158.0,0.0,230.0,1987-01-02,5,5,5,RICHMOND,26871_20250930,DIF,1987-01-02,0,COMMUNITY BANKERS' BANK,CBB FINANCIAL CORP,2823.0,1,1,0,0,FED,2025-09-30,3848632.0,4,VA,0,0,23113
N,0.0,26876,NEW YORK,234005.0,178.0,2023-10-01,0.0,234183.0,-143.0,0.0,1987-01-01,2,2,2,NEW YORK CITY,26876_20250930,DIF,1987-01-01,0,SAFRA NATIONAL BANK OF NEW YORK,SNBNY HOLDINGS LTD,163357.0,1,6,0,0,OCC,2025-09-30,2368106.0,9,NY,0,0,10036
N,0.0,26881,COTTONWOOD HEIGH,728256.0,0.0,2023-12-31,0.0,777135.0,24912.0,48879.0,1986-12-29,14,14,12,SALT LAKE CITY,26881_20250930,DIF,1986-12-29,0,"SOFI BANK, NATIONAL ASSOCIATION",SOFI TECHNOLOGIES INC,1586912.0,4,4,0,0,OCC,2025-09-30,5586871.0,6,UT,0,0,84121
SM,1.0,26891,SAINT CLOUD,1262.0,0.0,2022-08-31,0.0,1263.0,0.0,1.0,1987-01-01,11,11,9,MINNEAPOLIS,26891_20250930,DIF,1987-01-01,0,LIBERTY BANK MINNESOTA,LIBERTY FINL SERVICES ST CLOUD,6013.0,3,6,0,0,FED,2025-09-30,3800658.0,5,MN,1,0,56301
SM,0.0,26906,HARLINGEN,42222.0,0.0,2022-07-01,1.0,41833.0,2160.0,-390.0,1987-03-05,13,13,11,HOUSTON,26906_20250930,DIF,1987-03-05,0,TEXAS REGIONAL BANK,TEXAS STATE BANKSHARES INC,65800.0,5,35,0,0,FED,2025-09-30,4076937.0,4,TX,0,1,78552
NM,1.0,26912,CHARLESTON,3933.0,0.0,2022-08-31,0.0,3933.0,310.0,0.0,1987-02-26,5,5,5,COLUMBIA SC,26912_20250930,DIF,1987-02-26,0,THE BANK OF SOUTH CAROLINA,BANK OF SOUTH CAROLINA CORP,17852.0,1,6,0,0,FDIC,2025-09-30,2297701.0,4,SC,0,0,29401
N,1.0,2691,LONDON,10343.0,0.0,2022-08-31,0.0,10343.0,500.0,0.0,1904-01-01,9,9,4,LEXINGTON,2691_20250930,DIF,1934-01-01,0,CUMBERLAND VALLEY NATIONAL BANK & TRUST COMPANY,CUMBERLAND VALLEY FINL CORP,20978.0,3,14,0,0,OCC,2025-09-30,1071463.0,4,KY,0,1,40741
SI,1.0,26922,ROSLINDALE,7054.0,0.0,2024-11-17,0.0,8213.0,-82.0,1159.0,1898-01-01,2,2,1,SOUTH BOSTON,26922_20250930,DIF,1987-03-18,1,THE COOPERATIVE BANK,Unknown,10252.0,1,4,0,0,FDIC,2025-09-30,0.0,4,MA,0,0,02131
NM,1.0,26941,DEER LODGE,413.0,0.0,2022-08-31,0.0,423.0,0.0,10.0,1987-04-09,14,14,9,BILLINGS,26941_20250930,DIF,1987-04-09,0,PEOPLES BANK OF DEER LODGE,SANDQUIST CORP,1629.0,4,1,0,0,FDIC,2025-09-30,1144077.0,2,MT,1,0,59722
SM,1.0,26944,OSCEOLA,3549.0,0.0,2024-06-30,29.0,4640.0,180.0,1062.0,1987-04-23,11,11,7,DES MOINES,26944_20250930,DIF,1987-04-23,0,AMERICAN STATE BANK,OSCEOLA BCORP,9503.0,4,4,0,0,FED,2025-09-30,1144095.0,2,IA,1,0,50213
N,1.0,2695,GRAYSON,2805.0,0.0,2022-08-31,15.0,2820.0,226.0,0.0,1902-01-01,9,9,4,LEXINGTON,2695_20250930,DIF,1934-01-01,0,THE FIRST NATIONAL BANK OF GRAYSON,FIRST GRAYSON BCORP INC,11519.0,3,7,0,0,OCC,2025-09-30,1823747.0,4,KY,0,0,41143
NM,1.0,26960,OSAGE BEACH,48526.0,0.0,2022-08-31,0.0,52739.0,8801.0,4213.0,1987-05-15,11,11,8,SPRINGFIELD MO,26960_20250930,DIF,1987-05-15,0,FIRST BANK OF THE LAKE,FBOL BANCSHARES INC,45560.0,4,1,0,0,FDIC,2025-09-30,5781500.0,4,MO,1,0,65065
NM,1.0,26962,LEBANON,97457.0,0.0,2025-04-25,1.0,97572.0,5870.0,114.0,1987-05-11,13,13,6,NASHVILLE,26962_20250930,DIF,1987-05-11,0,WILSON BANK AND TRUST,WILSON BANK HOLDING CO,141869.0,5,32,0,0,FDIC,2025-09-30,2004141.0,4,TN,0,0,37087
N,1.0,2700,LANCASTER,8428.0,0.0,2022-08-31,30.0,8458.0,563.0,0.0,1865-04-13,9,9,4,LEXINGTON,2700_20250930,DIF,1934-01-01,0,FIRST SOUTHERN NATIONAL BANK,FIRST SOUTHERN BCORP INC,37954.0,3,17,0,0,OCC,2025-09-30,1247987.0,4,KY,0,0,40444
NM,1.0,27010,DENVER,140.0,0.0,2022-08-31,0.0,140.0,3.0,0.0,1987-08-03,13,13,10,DENVER,27010_20250930,DIF,1987-08-03,0,YOUNG AMERICANS BANK,YOUNG AMERICANS EDUCATION FOUNDATION,435.0,4,2,0,0,FDIC,2025-09-30,1840883.0,7,CO,0,0,80206
SB,1.0,27015,CANTON,4039.0,0.0,2024-11-17,0.0,5157.0,0.0,1118.0,1967-01-01,2,2,1,SOUTH BOSTON,27015_20250930,DIF,1989-08-09,0,42 NORTH PRIVATE BANK,42 NORTH PRIVATE HOLDINGS INC,2940.0,1,1,0,0,OCC,2025-09-30,1250138.0,5,MA,0,0,02021
N,1.0,27026,DENVER,2327.0,0.0,2022-08-31,0.0,2327.0,200.0,0.0,1987-07-27,13,13,10,DENVER,27026_20250930,DIF,1987-07-27,0,"NATIVE AMERICAN BANK, NATIONAL ASSOCIATION",NATIVE AMERICAN BCORP CO THE,14729.0,4,3,0,0,OCC,2025-09-30,2943419.0,8,CO,0,1,80203
SM,1.0,27043,SANGER,2822.0,0.0,2024-02-20,0.0,2822.0,22.0,0.0,1987-09-08,13,13,11,DALLAS,27043_20250930,DIF,1987-09-08,0,SANGER BANK,SANGER BANCSHARES INC,6073.0,5,2,0,0,FED,2025-09-30,2497837.0,4,TX,0,0,76266
N,1.0,27046,CHANUTE,34028.0,0.0,2025-07-18,714.0,35718.0,4612.0,976.0,1987-09-04,11,11,10,SPRINGFIELD MO,27046_20250930,DIF,1987-09-04,0,COMMUNITY NATIONAL BANK & TRUST,COMMUNITY BCORP INC,58798.0,4,44,0,0,OCC,2025-09-30,1247398.0,4,KS,0,1,66720
N,0.0,27052,SAINT CHARLES,55256.0,0.0,2022-08-31,62.0,57868.0,306.0,2550.0,1987-09-21,9,9,7,CHICAGO,27052_20250930,DIF,1987-09-21,0,"ST. CHARLES BANK & TRUST COMPANY, NATIONAL ASSOCIATION",WINTRUST FINANCIAL CORP,70408.0,3,10,0,0,OCC,2025-09-30,2260406.0,4,IL,0,1,60174
NM,0.0,27054,HOBOKEN,46880.0,0.0,2022-08-31,0.0,46880.0,0.0,0.0,1987-09-21,2,2,2,NEW YORK CITY,27054_20250930,DIF,1987-09-21,0,SUMITOMO MITSUI TRUST BANK (U.S.A.) LIMITED,SUMITOMO MITSUI TR GROUP INC,69657.0,1,1,0,0,FDIC,2025-09-30,4224297.0,9,NJ,0,1,07030
NM,0.0,27074,IRVING,73243.0,0.0,2023-10-11,0.0,75172.0,1128.0,1929.0,1987-10-19,13,13,11,DALLAS,27074_20250930,DIF,1987-10-19,0,STATE BANK OF TEXAS,SBT BANCSHARES INC,103900.0,5,7,0,0,FDIC,2025-09-30,3308677.0,4,TX,1,1,75039
N,1.0,2708,MANCHESTER,2847.0,0.0,2022-08-31,0.0,2847.0,15.0,0.0,1905-02-05,9,9,4,LEXINGTON,2708_20250930,DIF,1934-01-01,0,THE FIRST NATIONAL BANK OF MANCHESTER,FIRST NATIONAL FINANCIAL CORP,7075.0,3,5,0,0,OCC,2025-09-30,1427220.0,4,KY,0,0,40962
NM,1.0,27118,CULLMAN,3939.0,0.0,2022-08-31,0.0,3939.0,350.0,0.0,1987-11-30,5,5,6,SHELBY,27118_20250930,DIF,1987-11-30,0,PREMIER BANK OF THE SOUTH,FCB BANCSHARES INC,10661.0,5,9,0,0,FDIC,2025-09-30,2226484.0,8,AL,1,0,35055
NM,1.0,2711,MOUNT STERLING,37754.0,0.0,2022-08-31,750.0,38721.0,1426.0,217.0,1902-03-17,9,9,4,LEXINGTON,2711_20250930,DIF,1934-01-01,0,"TRADITIONAL BANK, INC.",TRADITIONAL BCORP INC,48381.0,3,19,0,0,FDIC,2025-09-30,1070420.0,4,KY,0,1,40353
SM,1.0,27132,FRESNO,8694.0,0.0,2022-08-31,155.0,8849.0,5106.0,0.0,1987-12-21,14,14,12,SACRAMENTO,27132_20250930,DIF,1987-12-21,0,UNITED SECURITY BANK,UNITED SECURITY BANCSHARES,37091.0,4,14,0,0,FED,2025-09-30,3015975.0,4,CA,0,0,93721
SB,1.0,27153,TRENTON,754.0,0.0,2022-08-31,0.0,754.0,119.0,0.0,1988-01-18,5,5,6,ATLANTA,27153_20250930,DIF,1996-02-01,0,"CITIZENS BANK & TRUST, INC.",TAG BANCSHARES INC,4919.0,5,3,0,0,OCC,2025-09-30,3839313.0,8,GA,0,0,30752
SM,1.0,2718,PAINTSVILLE,6026.0,0.0,2022-08-31,3.0,6029.0,110.0,0.0,1910-01-01,9,9,4,LEXINGTON,2718_20250930,DIF,1934-01-01,0,"CITIZENS BANK OF KENTUCKY, INC.",CITIZENS NATIONAL CORP,15470.0,3,12,0,0,FED,2025-09-30,1071623.0,4,KY,0,1,41240
NM,1.0,27201,HENNESSEY,483.0,0.0,2022-08-31,0.0,502.0,3.0,19.0,1988-03-24,13,13,10,OKLAHOMA CITY,27201_20250930,DIF,1988-03-24,0,COMMUNITY STATE BANK,WARRIOR BANK CORP INC,2056.0,5,3,0,0,FDIC,2025-09-30,1249749.0,5,OK,1,0,73742
SM,0.0,2720,PIKEVILLE,85014.0,0.0,2022-08-31,7291.0,92601.0,9528.0,296.0,1903-11-17,9,9,4,LEXINGTON,2720_20250930,DIF,1934-01-01,0,"COMMUNITY TRUST BANK, INC.",COMMUNITY TRUST BCORP INC,162694.0,3,81,0,0,FED,2025-09-30,1070644.0,4,KY,0,1,41501
SM,1.0,27210,OKLAHOMA CITY,76755.0,0.0,2022-08-31,0.0,76771.0,0.0,16.0,1988-03-31,13,13,10,OKLAHOMA CITY,27210_20250930,DIF,1988-03-31,0,INTERBANK,OLNEY BANCSHARES OF TEXAS INC,185876.0,5,47,0,0,FED,2025-09-30,2233950.0,4,OK,1,0,73112
NM,1.0,27211,SHELBYVILLE,13491.0,0.0,2022-08-31,52.0,16561.0,95.0,3018.0,1988-04-01,13,13,6,NASHVILLE,27211_20250930,DIF,1988-04-01,0,FIRST COMMUNITY BANK OF TENNESSEE,FIRST COMMUNITY BCORP INC,27514.0,5,5,0,0,FDIC,2025-09-30,2016340.0,4,TN,0,0,37160
SM,0.0,27219,FRANKFORT,872.0,0.0,2022-10-31,1898.0,2770.0,51.0,0.0,1988-04-12,9,9,8,LEXINGTON,27219_20250930,DIF,1988-04-12,0,"INDEPENDENT CORRESPONDENT BANKERS' BANK, INC.",INDEPENDENT CMTY BCORP INC,3238.0,3,1,0,0,FED,2025-09-30,1248005.0,4,KY,0,0,40601
NM,1.0,27233,BOAZ,6445.0,0.0,2022-08-31,0.0,6445.0,175.0,0.0,1988-05-02,5,5,6,SHELBY,27233_20250930,DIF,1988-05-02,0,PEOPLES INDEPENDENT BANK,PEOPLES IND BANCSHARES INC,12315.0,5,9,0,0,FDIC,2025-09-30,1918755.0,4,AL,1,0,35957
NM,1.0,27235,FORT WAYNE,37943.0,0.0,2024-01-09,22.0,40594.0,670.0,2629.0,1988-05-02,9,9,7,INDIANAPOLIS,27235_20250930,DIF,1988-05-02,0,STAR FINANCIAL BANK,STAR FINANCIAL GROUP INC,66834.0,3,37,0,0,FDIC,2025-09-30,1141647.0,4,IN,0,1,46802
NM,0.0,27237,CLAYTON,180860.0,0.0,2022-08-31,4802.0,189242.0,17101.0,3580.0,1988-05-09,11,11,8,ST. LOUIS,27237_20250930,DIF,1988-05-09,0,ENTERPRISE BANK & TRUST,ENTERPRISE FINL SERVICES CORP,466764.0,4,45,0,0,FDIC,2025-09-30,2303910.0,4,MO,0,1,63105
SI,1.0,27238,WINCHESTER,15217.0,0.0,2024-11-17,0.0,17285.0,188.0,2068.0,1893-01-01,2,2,1,NORTH BOSTON,27238_20250930,DIF,1988-04-22,1,WINCHESTER CO-OPERATIVE BANK,Unknown,12928.0,1,2,0,0,FDIC,2025-09-30,0.0,5,MA,0,0,01890
N,1.0,2723,SALYERSVILLE,1444.0,0.0,2022-08-31,38.0,1496.0,0.0,14.0,1902-10-10,9,9,4,LEXINGTON,2723_20250930,DIF,1934-01-01,0,THE SALYERSVILLE NATIONAL BANK,SNB BCORP INC,4701.0,3,2,0,0,OCC,2025-09-30,2896207.0,4,KY,0,1,41465
NM,1.0,27254,WAYCROSS,2941.0,0.0,2022-08-31,0.0,3013.0,74.0,72.0,1988-06-01,5,5,6,ALBANY GA,27254_20250930,DIF,1988-06-01,0,WAYCROSS BANK & TRUST,WB&T BANKSHARES INC,5694.0,5,1,0,0,FDIC,2025-09-30,1493636.0,4,GA,1,0,31501
N,1.0,2725,SOMERSET,6132.0,0.0,2022-08-31,2970.0,9102.0,225.0,0.0,1919-01-01,9,9,4,LEXINGTON,2725_20250930,DIF,1934-01-01,0,THE CITIZENS NATIONAL BANK OF SOMERSET,CITIZENS BANCSHARES INC,15119.0,3,11,0,0,OCC,2025-09-30,1070484.0,8,KY,1,1,42501
NM,1.0,27267,FLUSHING,17948.0,0.0,2022-08-31,9.0,18681.0,-62.0,724.0,1988-06-20,2,2,2,NEW YORK CITY,27267_20250930,DIF,1988-06-20,0,AMERASIA BANK,Unknown,33062.0,1,7,0,0,FDIC,2025-09-30,0.0,4,NY,0,0,11355
SI,1.0,27269,FRANKLIN,3830.0,0.0,2024-11-17,0.0,5104.0,0.0,1274.0,1889-01-01,2,2,1,SOUTH BOSTON,27269_20250930,DIF,1988-05-11,1,DEAN CO-OPERATIVE BANK,Unknown,9944.0,1,4,0,0,FDIC,2025-09-30,0.0,5,MA,0,0,02038
SB,0.0,27314,DRAPER,2611000.0,0.0,2022-08-31,0.0,3003000.0,3827000.0,392000.0,1988-08-01,14,16,12,SALT LAKE CITY,27314_20250930,DIF,1988-08-01,0,SYNCHRONY BANK,SYNCHRONY FINANCIAL,10413000.0,4,2,0,0,OCC,2025-09-30,4504654.0,3,UT,0,0,84020
SM,1.0,2733,BUFFALO,1752.0,0.0,2022-08-31,0.0,2691.0,476.0,939.0,1901-01-07,9,9,8,LOUISVILLE,2733_20250930,DIF,1934-01-01,0,BANK OF BUFFALO,BUFFALO BANCSHARES INC,2687.0,3,3,0,0,FED,2025-09-30,1096297.0,8,KY,1,0,42716
SM,0.0,27351,WICHITA,919.0,0.0,2022-08-31,1479.0,2520.0,1176.0,122.0,1988-10-05,11,11,10,WICHITA,27351_20250930,DIF,1988-10-05,0,BANKERS' BANK OF KANSAS,BBOK BANCSHARES INC,7151.0,4,1,0,0,FED,2025-09-30,1250754.0,4,KS,0,0,67208
N,1.0,2735,CARROLLTON,2976.0,0.0,2022-08-31,0.0,3188.0,250.0,212.0,1881-01-01,9,9,8,LOUISVILLE,2735_20250930,DIF,1934-01-01,0,FIRST NATIONAL BANK OF KENTUCKY,PORT WILLIAM BANCSHARES INC,6874.0,3,6,0,0,OCC,2025-09-30,2744849.0,4,KY,1,1,41008
NM,1.0,27362,SPRINGFIELD,5726.0,0.0,2022-08-31,1.0,5727.0,146.0,0.0,1988-11-04,9,9,7,SPRINGFIELD IL,27362_20250930,DIF,1988-11-04,0,PRAIRIE STATE BANK AND TRUST,AMERICAN CNTL FINL GROUP INC,20713.0,3,18,0,0,FDIC,2025-09-30,1095414.0,4,IL,1,1,62711
NM,1.0,27381,MUSCLE SHOALS,10335.0,0.0,2022-08-31,0.0,10335.0,71.0,0.0,1988-11-07,5,5,6,SHELBY,27381_20250930,DIF,1988-11-07,0,FIRST METRO BANK,FIRST METRO BCORP,27202.0,5,11,0,0,FDIC,2025-09-30,1980846.0,4,AL,0,0,35661
SI,1.0,27385,PHILADELPHIA,943.0,0.0,2022-08-31,0.0,1180.0,7.0,237.0,1919-01-01,2,2,3,PHILADELPHIA,27385_20250930,DIF,1988-11-21,1,PORT RICHMOND SAVINGS,Unknown,3393.0,1,1,0,0,FDIC,2025-09-30,0.0,4,PA,0,0,19134
N,0.0,27389,LAS VEGAS,160476.0,0.0,2022-08-31,12.0,160488.0,-559.0,0.0,1988-12-01,14,16,12,PHOENIX,27389_20250930,DIF,1988-12-01,0,WELLS FARGO NATIONAL BANK WEST,WELLS FARGO&COMPANY,114222.0,4,1,0,0,OCC,2025-09-30,1120754.0,5,NV,0,0,89102
N,1.0,2738,SOMERSET,5655.0,0.0,2021-08-29,6.0,6209.0,70.0,548.0,1903-10-15,9,9,4,LOUISVILLE,2738_20250930,DIF,1934-01-01,0,"FIRST & FARMERS NATIONAL BANK, INC.",PINE KNOB HOLDINGS LLC,18911.0,3,11,0,0,OCC,2025-09-30,5623570.0,8,KY,0,0,42501
NM,1.0,27394,DUNCAN,10674.0,0.0,2024-10-18,2.0,10676.0,979.0,0.0,1988-12-08,13,13,10,OKLAHOMA CITY,27394_20250930,DIF,1988-12-08,0,FIRST BANK & TRUST CO.,Unknown,31406.0,5,14,0,0,FDIC,2025-09-30,0.0,4,OK,1,1,73533
NM,1.0,27398,PARIS,1886.0,0.0,2022-08-31,1.0,2005.0,20.0,118.0,1988-12-15,13,13,11,DALLAS,27398_20250930,DIF,1988-12-15,0,PEOPLES BANK,TEXAS PEOPLES NATL BANCSHARES,4740.0,5,2,0,0,FDIC,2025-09-30,1406953.0,4,TX,1,0,75460
NM,1.0,27409,SAINT LOUIS,2784.0,0.0,2022-08-31,0.0,3337.0,170.0,553.0,1988-12-21,11,11,8,ST. LOUIS,27409_20250930,DIF,1988-12-21,0,COMMERCIAL BANK,COMMERCIAL BANCSHARES INC,6527.0,4,4,0,0,FDIC,2025-09-30,3101560.0,4,MO,0,0,63146
N,1.0,2740,DANVILLE,13070.0,0.0,2022-08-31,0.0,13088.0,692.0,18.0,1879-02-10,9,9,8,LEXINGTON,2740_20250930,DIF,1934-01-01,0,THE FARMERS NATIONAL BANK OF DANVILLE,BOYLE BCORP INC,28539.0,3,15,0,0,OCC,2025-09-30,1119244.0,4,KY,0,1,40422
SB,1.0,27417,WARWICK,11986.0,0.0,2024-11-17,0.0,12249.0,2700.0,263.0,1979-01-01,2,2,1,SOUTH BOSTON,27417_20250930,DIF,1994-12-30,0,SHOREHAM BANK,JAMESTOWN TRUST#3,17237.0,1,4,0,0,OCC,2025-09-30,5278411.0,4,RI,1,0,02886
N,0.0,27471,SANDY,4615994.0,0.0,2022-08-31,0.0,5172267.0,3171243.0,556273.0,1989-03-20,14,16,12,SALT LAKE CITY,27471_20250930,DIF,1989-03-20,0,AMERICAN EXPRESS NATIONAL BANK,AMERICAN EXPRESS CO,12378192.0,4,1,0,0,OCC,2025-09-30,1275216.0,3,UT,0,0,84070
SM,0.0,27476,OKLAHOMA CITY,170860.0,0.0,2023-08-11,145.0,171017.0,6178.0,12.0,1989-04-01,13,13,10,OKLAHOMA CITY,27476_20250930,DIF,1989-04-01,0,BANCFIRST,BANCFIRST CORP,305441.0,5,116,0,0,FED,2025-09-30,1133286.0,4,OK,0,1,73102
NM,1.0,27496,WALTERBORO,5401.0,0.0,2022-08-31,5.0,5479.0,275.0,73.0,1989-05-01,5,5,5,COLUMBIA SC,27496_20250930,DIF,1989-05-01,0,BANK OF THE LOWCOUNTRY,COMMUNITYCORP,10168.0,1,5,0,0,FDIC,2025-09-30,2352842.0,4,SC,0,0,29488
NM,0.0,27499,WILMINGTON,109995.0,0.0,2022-09-30,0.0,230296.0,267098.0,120301.0,1989-05-01,2,2,3,CLAYMONT,27499_20250930,DIF,1989-05-01,0,COMENITY BANK,Unknown,1140188.0,1,1,0,0,FDIC,2025-09-30,0.0,3,DE,0,0,19803
NM,1.0,27503,NEW YORK,4975.0,0.0,2022-08-31,0.0,4975.0,500.0,0.0,1989-05-08,2,2,2,NEW YORK CITY,27503_20250930,DIF,1989-05-08,0,THE BERKSHIRE BANK,BERKSHIRE BCORP INC,15442.0,1,8,0,0,FDIC,2025-09-30,2728157.0,7,NY,0,0,10016
N,1.0,2750,HODGENVILLE,4316.0,0.0,2021-12-31,0.0,4596.0,161.0,280.0,1930-07-20,9,9,8,LOUISVILLE,2750_20250930,DIF,1934-01-01,0,THE LINCOLN NATIONAL BANK OF HODGENVILLE,HAMBAC INC,13766.0,3,5,0,0,OCC,2025-09-30,1118911.0,6,KY,0,0,42748
NM,1.0,27510,PELL CITY,12973.0,0.0,2022-08-31,0.0,12973.0,0.0,0.0,1989-05-30,5,5,6,SHELBY,27510_20250930,DIF,1989-05-30,0,METRO BANK,Unknown,30138.0,5,9,0,0,FDIC,2025-09-30,0.0,4,AL,0,0,35128
SM,1.0,2753,LEBANON,1955.0,0.0,2025-01-01,26.0,2007.0,0.0,26.0,1889-01-01,9,9,8,LOUISVILLE,2753_20250930,DIF,1934-01-01,0,"CITIZENS BANK AND TRUST OF LEBANON, INC.",CNB OF LEBANON BCORP INC,3246.0,3,1,0,0,FED,2025-09-30,1098639.0,7,KY,1,1,40033
N,1.0,2754,LEBANON,1650.0,0.0,2022-08-31,0.0,1650.0,2.0,0.0,1890-04-01,9,9,8,LOUISVILLE,2754_20250930,DIF,1934-01-01,0,THE FARMERS NATIONAL BANK OF LEBANON,LEBANON BANCSHARES INC,3753.0,3,2,0,0,OCC,2025-09-30,1098451.0,4,KY,0,1,40033
NM,1.0,27556,CHICAGO,1976.0,0.0,2022-08-31,1.0,2167.0,277.0,190.0,1989-08-07,9,9,7,CHICAGO,27556_20250930,DIF,1989-08-07,0,BURLING BANK,BURLING BCORP INC,7496.0,3,1,0,0,FDIC,2025-09-30,4352444.0,4,IL,1,1,60604
NM,1.0,27560,HAZEL GREEN,2508.0,0.0,2022-08-31,0.0,2599.0,80.0,91.0,1989-08-14,5,13,6,SHELBY,27560_20250930,DIF,1989-08-14,0,NORTH ALABAMA BANK,BOLC CORP,6481.0,5,4,0,0,FDIC,2025-09-30,5140312.0,4,AL,0,0,35750
SI,1.0,27567,GLEN BURNIE,2263.0,0.0,2022-08-31,0.0,2263.0,0.0,0.0,1896-05-05,2,2,5,BALTIMORE,27567_20250930,DIF,1989-08-08,1,THE GLEN BURNIE MUTUAL SAVINGS BANK,Unknown,1006.0,1,1,0,0,FDIC,2025-09-30,0.0,5,MD,0,0,21061
N,0.0,27589,LAKE FOREST,124333.0,0.0,2022-08-31,31.0,150067.0,3514.0,25703.0,1986-05-21,9,9,7,CHICAGO,27589_20250930,DIF,1991-12-26,0,"LAKE FOREST BANK & TRUST COMPANY, NATIONAL ASSOCIATION",WINTRUST FINANCIAL CORP,214726.0,3,10,0,0,OCC,2025-09-30,2260406.0,4,IL,0,1,60045
NM,1.0,2759,MAYFIELD,10541.0,0.0,2022-08-31,0.0,10541.0,400.0,0.0,1875-01-01,9,9,8,MOUNT VERNON,2759_20250930,DIF,1934-01-01,0,"FNB BANK, INC.",JACKSON FINANCIAL CORP,17374.0,3,11,0,0,FDIC,2025-09-30,1119347.0,4,KY,0,1,42066
NM,1.0,275,MORGANTOWN,6758.0,0.0,2022-08-31,15.0,7508.0,338.0,735.0,1880-09-01,9,9,8,LOUISVILLE,275_20250930,DIF,1934-01-01,0,"MORGANTOWN BANK & TRUST COMPANY, INCORPORATED",MORGANTOWN DEPOSIT BCORP INC,9773.0,3,8,0,0,FDIC,2025-09-30,1119217.0,4,KY,0,1,42261
SL,1.0,27619,WINSTON SALEM,17691.0,0.0,2024-01-02,0.0,20450.0,210.0,2759.0,1903-01-01,5,5,5,CHARLOTTE,27619_20250930,DIF,1989-08-09,0,PIEDMONT FEDERAL SAVINGS BANK,PIEDMONT FINANCIAL HOLDING CO,18835.0,1,11,0,0,OCC,2025-09-30,5726556.0,5,NC,0,1,27103
SB,1.0,27643,GALION,2334.0,0.0,2022-08-31,0.0,2334.0,878.0,0.0,1891-01-01,9,9,4,COLUMBUS,27643_20250930,DIF,1989-08-09,1,FIRST FEDERAL BANK OF OHIO,Unknown,5670.0,3,9,0,0,OCC,2025-09-30,0.0,5,OH,0,0,44833
SB,1.0,27654,SHREVEPORT,7939.0,0.0,2023-02-01,0.0,7939.0,95.0,0.0,1924-01-01,13,13,11,SHREVEPORT,27654_20250930,DIF,1989-08-09,0,HOME FEDERAL BANK,HOME FEDERAL BCORP INC OF LA,15131.0,5,11,0,0,OCC,2025-09-30,4253121.0,4,LA,0,0,71105
NM,1.0,2765,PRINCETON,3028.0,0.0,2022-08-31,11.0,3201.0,225.0,162.0,1900-01-01,9,9,8,MOUNT VERNON,2765_20250930,DIF,1934-01-01,0,FARMERS BANK AND TRUST COMPANY,UNITED BCORP OF PRINCETON INC,5764.0,3,4,0,0,FDIC,2025-09-30,1098554.0,4,KY,1,1,42445
SB,1.0,27664,STERLING,4113.0,0.0,2022-08-31,0.0,6627.0,1349.0,2514.0,1885-01-01,9,9,7,PRINCETON,27664_20250930,DIF,1989-08-09,0,"STERLING FEDERAL BANK, F.S.B.",Unknown,12220.0,3,9,0,0,OCC,2025-09-30,0.0,4,IL,0,0,61081
SM,0.0,27677,ASHEVILLE,58694.0,0.0,2025-05-23,0.0,59608.0,4858.0,914.0,1926-01-01,5,5,5,CHARLOTTE,27677_20250930,DIF,1989-08-09,0,HOMETRUST BANK,HOMETRUST BANCSHARES INC,133173.0,1,33,0,0,FED,2025-09-30,4366003.0,4,NC,0,0,28801
SI,1.0,27678,PARIS,8272.0,0.0,2022-08-31,0.0,8272.0,261.0,0.0,1922-01-01,13,13,11,DALLAS,27678_20250930,DIF,1989-08-09,1,"FIRST FEDERAL COMMUNITY BANK, SSB",Unknown,15522.0,5,4,0,0,FDIC,2025-09-30,0.0,4,TX,0,0,75460
N,1.0,2767,RUSSELL SPRINGS,7790.0,0.0,2021-08-29,0.0,7790.0,290.0,0.0,1906-01-01,9,9,8,LOUISVILLE,2767_20250930,DIF,1934-01-01,0,THE FIRST NATIONAL BANK OF RUSSELL SPRINGS,FIRST BCORP INC,9902.0,3,3,0,0,OCC,2025-09-30,1099140.0,4,KY,0,0,42642
SB,1.0,27683,WAUKEGAN,2615.0,0.0,2022-08-31,0.0,2823.0,-30.0,208.0,1921-01-01,9,9,7,CHICAGO,27683_20250930,DIF,1989-08-09,0,NORTH SHORE TRUST AND SAVINGS,NSTS BCORP INC,5531.0,3,3,0,0,OCC,2025-09-30,5654323.0,5,IL,0,1,60085
SI,1.0,27686,STRABANE,12704.0,0.0,2022-08-31,0.0,12717.0,46.0,13.0,1925-01-01,2,2,4,WEXFORD,27686_20250930,DIF,1989-08-09,1,SLOVENIAN SAVINGS AND LOAN ASSOCIATION OF CANONSBURG,Unknown,9035.0,1,1,0,0,FDIC,2025-09-30,0.0,8,PA,0,0,15363
SB,1.0,27697,NEW ORLEANS,6952.0,0.0,2024-07-31,0.0,6952.0,0.0,0.0,1926-01-01,13,13,6,BATON ROUGE,27697_20250930,DIF,1989-08-09,0,FIFTH DISTRICT SAVINGS BANK,FIFTH DISTRICT BCORP INC,9403.0,5,7,0,0,OCC,2025-09-30,5926918.0,5,LA,0,0,70114
SI,1.0,27711,ALTOONA,3439.0,0.0,2022-08-31,0.0,3455.0,205.0,16.0,1927-01-01,2,2,3,WEXFORD,27711_20250930,DIF,1989-08-09,1,ALTOONA FIRST SAVINGS BANK,Unknown,8069.0,1,5,0,0,FDIC,2025-09-30,0.0,4,PA,0,0,16602
SB,1.0,27716,METAIRIE,190.0,0.0,2025-01-14,0.0,190.0,0.0,0.0,1910-01-01,13,13,6,BATON ROUGE,27716_20250930,DIF,1989-08-09,0,MUTUAL SAVINGS AND LOAN ASSOCIATION,MAGNOLIA BCORP INC,994.0,5,2,0,0,OCC,2025-09-30,5975167.0,5,LA,0,0,70006
SI,1.0,27723,SPRINGFIELD,1661.0,0.0,2025-07-31,0.0,1669.0,8.0,8.0,1906-01-01,9,9,7,SPRINGFIELD IL,27723_20250930,DIF,1989-08-09,1,"SECURITY BANK, S.B.",SECURITY MIDWEST BCORP INC,5873.0,3,3,0,0,FDIC,2025-09-30,5975868.0,4,IL,0,0,62701
SB,1.0,27727,LYONS,2471.0,0.0,2022-08-31,3.0,2528.0,183.0,54.0,1913-01-01,11,11,10,HAYS,27727_20250930,DIF,1989-08-09,1,LYONS FEDERAL BANK,Unknown,4974.0,4,4,0,0,OCC,2025-09-30,0.0,2,KS,0,0,67554
SI,1.0,27742,FRANKLIN,3888.0,0.0,2022-08-31,0.0,5414.0,14.0,1526.0,1890-01-01,9,9,7,INDIANAPOLIS,27742_20250930,DIF,1989-08-09,0,MUTUAL SAVINGS BANK,THIRD CENTURY BCORP,6845.0,3,4,0,0,FDIC,2025-09-30,3252659.0,4,IN,0,1,46131
SL,1.0,27752,NEW ORLEANS,4842.0,0.0,2022-08-31,0.0,4865.0,55.0,23.0,1886-01-01,13,13,6,BATON ROUGE,27752_20250930,DIF,1989-08-09,1,HIBERNIA BANK,Unknown,3792.0,5,5,0,0,FDIC,2025-09-30,0.0,4,LA,0,0,70130
SI,1.0,27760,PITTSBURGH,1543.0,0.0,2022-08-31,0.0,6709.0,67.0,5166.0,1908-01-01,2,2,4,WEXFORD,27760_20250930,DIF,1989-08-09,0,WEST VIEW SAVINGS BANK,WVS FINANCIAL CORP,4513.0,1,5,0,0,FDIC,2025-09-30,2140115.0,5,PA,0,0,15237
SI,1.0,27763,INDIANA,10874.0,0.0,2022-08-31,0.0,10888.0,469.0,14.0,1922-01-01,2,2,4,WEXFORD,27763_20250930,DIF,1989-08-09,0,INFIRST BANK,INFIRST BCORP MHC,16213.0,1,11,0,0,FDIC,2025-09-30,4442224.0,4,PA,0,0,15701
SB,1.0,27767,KEWANEE,1598.0,0.0,2022-08-31,0.0,1598.0,-56.0,0.0,1890-01-01,9,9,7,PRINCETON,27767_20250930,DIF,1989-08-09,1,UNION FEDERAL SAVINGS AND LOAN ASSOCIATION,Unknown,3240.0,3,6,0,0,OCC,2025-09-30,0.0,4,IL,0,0,61443
SB,1.0,27774,FARGO,33797.0,0.0,2024-06-30,0.0,36455.0,5184.0,2658.0,1923-01-01,11,11,9,FARGO,27774_20250930,DIF,1989-08-09,0,GATE CITY BANK,Unknown,90239.0,3,46,0,0,OCC,2025-09-30,0.0,5,ND,0,0,58102
NM,1.0,2777,DOTHAN,9460.0,0.0,2022-08-31,0.0,9460.0,150.0,0.0,1912-01-01,5,5,6,MONTGOMERY,2777_20250930,DIF,1934-01-01,0,MIDSOUTH BANK,MIDSOUTH BCORP,17197.0,5,13,0,0,FDIC,2025-09-30,1136689.0,4,AL,1,0,36301
N,1.0,2779,ATMORE,2505.0,0.0,2022-08-31,0.0,2505.0,683.0,0.0,1915-01-01,5,5,6,MONTGOMERY,2779_20250930,DIF,1934-01-01,0,THE FIRST NATIONAL BANK AND TRUST,FIRST SUNCOAST TR BANCSHARES,5452.0,5,4,0,0,OCC,2025-09-30,1141302.0,4,AL,1,1,36502
SB,1.0,27806,LANCASTER,3025.0,0.0,2022-08-31,0.0,3033.0,0.0,8.0,1895-01-01,9,9,4,COLUMBUS,27806_20250930,DIF,1989-08-09,1,FAIRFIELD FEDERAL SAVINGS AND LOAN ASSOCIATION OF LANCASTER,Unknown,5993.0,3,3,0,0,OCC,2025-09-30,0.0,5,OH,0,0,43130
SM,0.0,27811,GRAND RAPIDS,64471.0,0.0,2022-10-09,0.0,65056.0,4022.0,585.0,1890-01-01,9,9,7,DETROIT,27811_20250930,DIF,1989-08-09,0,INDEPENDENT BANK,INDEPENDENT BANK CORP,137725.0,3,59,0,0,FED,2025-09-30,1201925.0,4,MI,0,0,49525
SL,1.0,27824,SALEM,7028.0,0.0,2024-11-17,0.0,10933.0,402.0,3905.0,1922-01-01,2,2,1,CONCORD,27824_20250930,DIF,1989-08-09,1,SALEM CO-OPERATIVE BANK,Unknown,8030.0,1,2,0,0,FDIC,2025-09-30,0.0,5,NH,0,0,03079
SB,1.0,27841,COVINGTON,722.0,0.0,2022-08-31,0.0,789.0,0.0,67.0,1886-01-01,9,9,4,LEXINGTON,27841_20250930,DIF,1989-08-09,1,CITIZENS FEDERAL SAVINGS AND LOAN ASSOCIATION,Unknown,646.0,3,1,0,0,OCC,2025-09-30,0.0,5,KY,0,0,41011
NM,1.0,27847,CLEVELAND,1022.0,0.0,2022-08-31,0.0,1494.0,-37.0,472.0,1922-01-01,9,9,4,COLUMBUS,27847_20250930,DIF,1938-06-02,0,THE PIONEER SAVINGS BANK,Unknown,638.0,3,1,0,0,FDIC,2025-09-30,0.0,5,OH,0,0,44102
NM,1.0,2784,BOAZ,2781.0,0.0,2022-08-31,0.0,3096.0,0.0,315.0,1906-01-01,5,5,6,SHELBY,2784_20250930,DIF,1934-01-01,0,FIRST BANK OF BOAZ,FIRST BOAZ BCORP,4698.0,5,1,0,0,FDIC,2025-09-30,1082889.0,7,AL,0,0,35957
SB,1.0,27872,ROSWELL,3531.0,0.0,2022-08-31,0.0,6239.0,3844.0,2708.0,1901-02-18,13,13,11,ALBUQUERQUE,27872_20250930,DIF,1989-08-09,0,PIONEER BANK,PIONEER BCORP INC,37245.0,4,11,0,0,OCC,2025-09-30,3798933.0,4,NM,1,1,88201
NM,1.0,2787,CAMDEN,1917.0,0.0,2022-08-31,0.0,1917.0,225.0,0.0,1906-04-01,5,5,6,MONTGOMERY,2787_20250930,DIF,1934-01-01,0,COMMUNITY NEIGHBOR BANK,FIRST CAMDEN BANCSHARES INC,5695.0,5,4,0,0,FDIC,2025-09-30,1836475.0,8,AL,0,0,36726
SB,1.0,27884,HUNTINGTON,8226.0,0.0,2024-01-02,0.0,9624.0,0.0,1398.0,1929-01-01,5,5,5,SCOTT DEPOT,27884_20250930,DIF,1989-08-09,1,HUNTINGTON FEDERAL SAVINGS BANK,Unknown,4472.0,1,5,0,0,OCC,2025-09-30,0.0,5,WV,0,0,25701
SI,1.0,27897,BLACK MOUNTAIN,690.0,0.0,2022-08-31,0.0,690.0,0.0,0.0,1923-04-04,5,5,5,CHARLOTTE,27897_20250930,DIF,1989-08-09,1,"BLACK MOUNTAIN SAVINGS BANK, SSB",Unknown,619.0,1,1,0,0,FDIC,2025-09-30,0.0,5,NC,0,0,28711
SL,1.0,27898,NORBORNE,2085.0,0.0,2022-08-31,0.0,2215.0,60.0,130.0,1919-01-01,11,11,10,KANSAS CITY,27898_20250930,DIF,1989-08-09,0,"HOME SAVINGS AND LOAN ASSOCIATION OF CARROLL COUNTY, F.A.",Unknown,2640.0,4,2,0,0,OCC,2025-09-30,0.0,8,MO,0,0,64668
SB,1.0,27910,CHICAGO,1866.0,0.0,2022-08-31,0.0,2047.0,2.0,181.0,1893-01-01,9,9,7,CHICAGO,27910_20250930,DIF,1989-08-09,1,"CENTRAL SAVINGS, F.S.B.",Unknown,3393.0,3,2,0,0,OCC,2025-09-30,0.0,4,IL,0,0,60657
SI,1.0,27943,BETHEL PARK,13857.0,0.0,2022-08-31,0.0,20419.0,807.0,6562.0,1922-01-01,2,2,4,WEXFORD,27943_20250930,DIF,1989-08-09,0,BRENTWOOD BANK,MUTUAL HOLDING CO OF W PA,16201.0,1,14,0,0,FDIC,2025-09-30,2394628.0,4,PA,0,0,15102
NM,1.0,2794,DOZIER,569.0,0.0,2023-07-01,0.0,569.0,14.0,0.0,1910-03-10,5,5,6,MONTGOMERY,2794_20250930,DIF,1934-01-01,0,DOZIER BANK,FIRST DOZIER BANCSHARES INC,1232.0,5,1,0,0,FDIC,2025-09-30,3013793.0,4,AL,0,0,36028
SB,1.0,27965,GREENVILLE,3369.0,0.0,2022-08-31,0.0,3404.0,109.0,35.0,1883-01-01,9,9,4,COLUMBUS,27965_20250930,DIF,1989-08-09,0,GREENVILLE FEDERAL,GREENVILLE FEDERAL MHC,5542.0,3,4,0,0,OCC,2025-09-30,3828595.0,4,OH,0,0,45331
SB,1.0,27969,CALDWELL,5582.0,0.0,2022-08-31,1.0,6219.0,815.0,636.0,1885-01-01,9,9,4,COLUMBUS,27969_20250930,DIF,1989-08-09,0,COMMUNITY SAVINGS,DOUBLE BOTTOMLINE CORP,9786.0,3,1,0,0,OCC,2025-09-30,5614420.0,5,OH,0,0,43724
SB,1.0,27981,TOPEKA,109230.0,0.0,2022-08-31,0.0,164927.0,67.0,55697.0,1893-01-01,11,11,10,KANSAS CITY,27981_20250930,DIF,1989-08-09,0,CAPITOL FEDERAL SAVINGS BANK,CAPITOL FEDERAL FINANCIAL INC,137532.0,4,46,0,0,OCC,2025-09-30,4226910.0,5,KS,0,0,66603
NM,1.0,27989,OTTAWA,4597.0,0.0,2022-08-31,0.0,5100.0,-165.0,503.0,1871-01-01,9,9,7,PRINCETON,27989_20250930,DIF,1989-08-09,0,OSB COMMUNITY BANK,OTTAWA BCORP INC,7834.0,3,3,0,0,FDIC,2025-09-30,5009204.0,4,IL,0,0,61350
SI,1.0,27998,WEST CHESTER,29238.0,0.0,2022-08-31,0.0,29238.0,0.0,0.0,1895-01-01,9,9,4,COLUMBUS,27998_20250930,DIF,1989-08-09,0,GUARDIAN SAVINGS BANK,BECK FAMILY TRUST,25506.0,3,13,0,0,FDIC,2025-09-30,3828018.0,5,OH,1,0,45069
SI,1.0,28035,BELMONT,1960.0,0.0,2022-08-31,0.0,2728.0,48.0,768.0,1915-01-01,5,5,5,CHARLOTTE,28035_20250930,DIF,1989-08-09,1,"BELMONT SAVINGS BANK, SSB",Unknown,2363.0,1,1,0,0,FDIC,2025-09-30,0.0,5,NC,0,0,28012
N,1.0,2804,HARTFORD,1653.0,0.0,2022-08-31,0.0,1652.0,173.0,-1.0,1905-01-01,5,5,6,MONTGOMERY,2804_20250930,DIF,1934-01-01,0,THE FIRST NATIONAL BANK OF HARTFORD,FIRST HARTFORD BANCSHARES INC,4771.0,5,3,0,0,OCC,2025-09-30,1084052.0,8,AL,1,0,36344
NM,1.0,2805,HEADLAND,3737.0,0.0,2022-08-31,0.0,3743.0,396.0,6.0,1933-08-16,5,5,6,MONTGOMERY,2805_20250930,DIF,1934-01-01,0,HNB FIRST BANK,HNB HOLDING CO INC,7446.0,5,4,0,0,FDIC,2025-09-30,2081834.0,4,AL,1,0,36345
SB,1.0,28060,BELLEFONTAINE,2602.0,0.0,2022-10-24,0.0,2609.0,0.0,7.0,1885-01-01,9,9,4,COLUMBUS,28060_20250930,DIF,1989-08-09,1,CITIZENS FEDERAL SAVINGS AND LOAN ASSOCIATION,Unknown,3019.0,3,1,0,0,OCC,2025-09-30,0.0,5,OH,0,0,43311
SB,1.0,28063,COVINGTON,380.0,0.0,2022-08-31,0.0,380.0,0.0,0.0,1886-01-01,9,9,4,COLUMBUS,28063_20250930,DIF,1989-08-09,0,THE COVINGTON SAVINGS AND LOAN ASSOCIATION,COVINGTON FINANCIAL CORP MHC,2152.0,3,3,0,0,OCC,2025-09-30,3828120.0,5,OH,0,0,45318
SL,1.0,28080,HARRISON,3154.0,0.0,2022-08-31,0.0,3673.0,150.0,519.0,1916-01-01,9,9,4,COLUMBUS,28080_20250930,DIF,1989-08-09,1,THE HARRISON BUILDING AND LOAN ASSOCIATION,Unknown,5697.0,3,3,0,0,FDIC,2025-09-30,0.0,8,OH,0,0,45030
NM,0.0,28088,SEATTLE,442557.0,0.0,2025-09-25,0.0,492006.0,7750.0,49449.0,1917-01-01,14,14,12,SEATTLE,28088_20250930,DIF,1989-08-09,0,WAFD BANK,WAFD INC,507765.0,4,211,0,0,FDIC,2025-09-30,3065617.0,4,WA,0,0,98101
N,0.0,28094,LAFAYETTE,39569.0,0.0,2022-08-31,0.0,43312.0,-316.0,3743.0,1908-01-01,13,13,6,BATON ROUGE,28094_20250930,DIF,1989-08-09,0,"HOME BANK, NATIONAL ASSOCIATION",HOME BCORP INC,101740.0,5,43,0,0,OCC,2025-09-30,3851191.0,4,LA,0,0,70508
SB,1.0,28103,COLLINSVILLE,1488.0,0.0,2022-08-31,0.0,1488.0,0.0,0.0,1885-01-01,9,9,8,MOUNT VERNON,28103_20250930,DIF,1989-08-09,1,COLLINSVILLE BUILDING AND LOAN ASSOCIATION,Unknown,1992.0,3,1,0,0,OCC,2025-09-30,0.0,5,IL,0,0,62234
N,1.0,28105,ROBINSON,4313.0,0.0,2022-08-31,734.0,5047.0,698.0,0.0,1884-01-01,9,9,8,MOUNT VERNON,28105_20250930,DIF,1989-08-09,0,"FIRST ROBINSON SAVINGS BANK, NATIONAL ASSOCIATION",FIRST ROBINSON FINANCIAL CORP,11344.0,3,5,0,0,OCC,2025-09-30,2558194.0,8,IL,0,1,62454
SI,1.0,28116,YAKIMA,23472.0,0.0,2022-08-31,0.0,25096.0,492.0,1624.0,1905-01-01,14,14,12,SEATTLE,28116_20250930,DIF,1989-08-09,1,YAKIMA FEDERAL SAVINGS AND LOAN ASSOCIATION,Unknown,28487.0,4,10,0,0,FDIC,2025-09-30,0.0,5,WA,0,0,98901
SM,1.0,28155,ROCHESTER,2558.0,0.0,2024-11-17,0.0,2596.0,0.0,38.0,1907-01-01,2,2,1,CONCORD,28155_20250930,DIF,1989-08-09,0,PROFILE BANK,PROFILE BCORP MHC,6049.0,1,5,0,0,FED,2025-09-30,3846496.0,4,NH,0,0,03867
SL,1.0,28157,CINCINNATI,2341.0,0.0,2022-08-31,0.0,2428.0,12.0,87.0,1885-01-01,9,9,4,COLUMBUS,28157_20250930,DIF,1989-08-09,0,THE CINCINNATUS SAVINGS & LOAN CO.,CINCINNATUS CMTY BCORP MHC,4278.0,3,3,0,0,FDIC,2025-09-30,4301394.0,4,OH,0,0,45211
SI,0.0,28178,WARREN,146160.0,0.0,2025-07-25,276.0,153516.0,47860.0,7080.0,1896-01-01,2,9,4,COLUMBUS,28178_20250930,DIF,1989-08-09,0,NORTHWEST BANK,NORTHWEST BANCSHARES INC,396713.0,1,166,0,0,FDIC,2025-09-30,4122722.0,4,PA,0,1,16365
SI,1.0,28186,MILROY,2090.0,0.0,2022-08-31,0.0,2144.0,609.0,54.0,1923-01-01,2,2,3,HARRISBURG,28186_20250930,DIF,1989-08-09,1,MCS BANK,Unknown,6082.0,1,10,0,0,FDIC,2025-09-30,0.0,4,PA,0,0,17063
NM,1.0,281,HYDEN,1311.0,0.0,2022-08-31,95.0,1419.0,0.0,13.0,1904-09-01,9,9,4,LEXINGTON,281_20250930,DIF,1934-01-01,0,HYDEN CITIZENS BANK,MIDDLEFORK FINANCIAL GROUP INC,3948.0,3,4,0,0,FDIC,2025-09-30,1071539.0,4,KY,1,0,41749
SB,1.0,28208,ALAMOSA,767.0,0.0,2022-08-31,0.0,863.0,266.0,96.0,1899-01-01,13,13,10,DENVER,28208_20250930,DIF,1989-08-09,1,SAN LUIS VALLEY FEDERAL BANK,COLORADO MUTUAL HOLDING CO,11782.0,4,3,0,0,OCC,2025-09-30,5373398.0,5,CO,0,0,81101
SB,1.0,28213,SOMERVILLE,4416.0,0.0,2024-11-17,0.0,6886.0,-64.0,2470.0,1906-01-01,2,2,1,NORTH BOSTON,28213_20250930,DIF,1989-08-09,1,"WINTER HILL BANK, FSB",Unknown,7812.0,1,3,0,0,OCC,2025-09-30,0.0,5,MA,0,0,02145
SB,0.0,28217,CINCINNATI,1365.0,0.0,2023-11-16,0.0,2004.0,-40.0,639.0,1893-01-01,9,9,4,COLUMBUS,28217_20250930,DIF,1989-08-09,0,WARSAW FEDERAL SAVINGS AND LOAN ASSOCIATION,FIRST MUTUAL HOLDING CO,1412.0,3,1,0,0,OCC,2025-09-30,4843090.0,5,OH,0,0,45205
SI,1.0,28222,HADDON HEIGHTS,6716.0,0.0,2022-08-31,0.0,8250.0,129.0,1534.0,1905-01-01,2,2,3,JAMESBURG,28222_20250930,DIF,1989-08-09,1,HADDON SAVINGS BANK,Unknown,4377.0,1,2,0,0,FDIC,2025-09-30,0.0,5,NJ,0,0,08035
SB,1.0,28246,CHANUTE,1365.0,0.0,2022-08-31,1.0,1479.0,80.0,113.0,1886-01-01,11,11,10,SPRINGFIELD MO,28246_20250930,DIF,1989-08-09,1,HOME SAVINGS BANK,Unknown,2983.0,4,1,0,0,OCC,2025-09-30,0.0,5,KS,0,0,66720
N,1.0,28263,COLUMBUS,45400.0,0.0,2023-02-28,0.0,46520.0,7078.0,1120.0,1892-01-01,9,9,4,COLUMBUS,28263_20250930,DIF,1989-08-09,0,"CFBANK, NATIONAL ASSOCIATION",CF BANKSHARES INC,43302.0,3,8,0,0,OCC,2025-09-30,3828577.0,4,OH,0,0,43081
SI,1.0,28266,RAYMOND,639.0,0.0,2024-05-17,0.0,905.0,29.0,266.0,1925-01-01,14,14,12,PORTLAND,28266_20250930,DIF,1989-08-09,1,CONNECT COMMUNITY BANK,Unknown,1421.0,4,3,0,0,FDIC,2025-09-30,0.0,5,WA,0,0,98577
SB,1.0,28277,FARMINGTON,3842.0,0.0,2022-08-31,0.0,5049.0,180.0,1207.0,1930-01-01,11,11,8,ST. LOUIS,28277_20250930,DIF,1989-08-09,1,OZARKS FEDERAL SAVINGS AND LOAN ASSOCIATION,Unknown,6248.0,4,5,0,0,OCC,2025-09-30,0.0,5,MO,0,0,63640
SB,1.0,28288,AUBURN,1287.0,0.0,2024-11-17,0.0,1834.0,0.0,547.0,1887-01-01,2,2,1,CONCORD,28288_20250930,DIF,1989-08-09,0,"AUBURN SAVINGS BANK, FSB",AUBURN BCORP MHC,2041.0,1,2,0,0,OCC,2025-09-30,3799369.0,5,ME,0,0,04210
NM,1.0,2828,SLOCOMB,2293.0,0.0,2022-08-31,0.0,2293.0,117.0,0.0,1905-10-01,5,5,6,MONTGOMERY,2828_20250930,DIF,1934-01-01,0,FRIEND BANK,SNB HOLDINGS INC,6692.0,5,5,0,0,FDIC,2025-09-30,2848653.0,4,AL,1,0,36375
NM,1.0,2829,STEVENSON,11883.0,0.0,2022-08-31,0.0,11883.0,445.0,0.0,1910-10-01,5,5,6,SHELBY,2829_20250930,DIF,1934-01-01,0,FIRST SOUTHERN STATE BANK,FIRST BANCSHARES STEVENSON INC,20387.0,5,11,0,0,FDIC,2025-09-30,1869987.0,4,AL,0,0,35772
SB,1.0,28302,CHICAGO,727.0,0.0,2022-08-31,0.0,1328.0,0.0,601.0,1905-01-01,9,9,7,CHICAGO,28302_20250930,DIF,1989-08-09,0,MUTUAL FEDERAL BANK,MUTUAL FEDERAL BCORP MHC,2593.0,3,1,0,0,OCC,2025-09-30,3849013.0,5,IL,0,0,60608
SI,1.0,28314,ROANOKE RAPIDS,1274.0,0.0,2022-08-31,0.0,1388.0,25.0,114.0,1914-01-01,5,5,5,RALEIGH,28314_20250930,DIF,1989-08-09,1,"RIVERSIDE SAVINGS BANK, SSB",Unknown,1851.0,1,2,0,0,FDIC,2025-09-30,0.0,4,NC,0,0,27870
SL,1.0,28315,MONTE VISTA,1101.0,0.0,2022-08-31,0.0,1218.0,18.0,117.0,1905-01-01,13,13,10,DENVER,28315_20250930,DIF,1989-08-09,1,"RG BANK, A SAVINGS AND LOAN ASSOCIATION",Unknown,3851.0,4,3,0,0,FDIC,2025-09-30,0.0,5,CO,0,0,81144
SI,1.0,28316,NEW ORLEANS,11106.0,0.0,2024-10-22,0.0,13134.0,1251.0,2028.0,1908-01-01,13,13,6,BATON ROUGE,28316_20250930,DIF,1989-08-09,0,FIDELITY BANK,FB BCORP INC,39848.0,5,33,0,0,FDIC,2025-09-30,5926413.0,4,LA,0,0,70130
NM,1.0,2832,TALLADEGA,16266.0,0.0,2022-10-01,4.0,16270.0,2661.0,0.0,1848-01-01,5,5,6,SHELBY,2832_20250930,DIF,1934-01-01,0,FIRST BANK OF ALABAMA,FIRSTBANC OF ALABAMA INC,31120.0,5,14,0,0,FDIC,2025-09-30,1135356.0,4,AL,0,1,35160
SM,0.0,28332,POPLAR BLUFF,86379.0,0.0,2023-02-25,580.0,90197.0,7931.0,3238.0,1887-01-01,11,11,8,ST. LOUIS,28332_20250930,DIF,1989-08-09,0,SOUTHERN BANK,SOUTHERN MISSOURI BCORP INC,123370.0,4,70,0,0,FED,2025-09-30,3266227.0,4,MO,0,0,63901
NM,1.0,28348,BELLAIRE,8331.0,0.0,2023-08-07,241.0,9709.0,440.0,1137.0,1886-01-01,9,9,4,COLUMBUS,28348_20250930,DIF,1989-08-09,1,BELMONT SAVINGS BANK,Unknown,8669.0,3,4,0,0,FDIC,2025-09-30,0.0,8,OH,0,0,43906
SB,1.0,28349,NILES,1890.0,0.0,2022-08-31,0.0,3518.0,-93.0,1628.0,1897-01-01,9,9,4,COLUMBUS,28349_20250930,DIF,1989-08-09,0,HOME FEDERAL SAVINGS AND LOAN ASSOCIATION OF NILES,FIRST NILES FINANCIAL INC,2467.0,3,1,0,0,OCC,2025-09-30,3828634.0,5,OH,0,0,44446
N,1.0,28359,TOMS RIVER,156761.0,0.0,2022-08-31,1284.0,196679.0,12472.0,38634.0,1902-01-01,2,2,3,JAMESBURG,28359_20250930,DIF,1989-08-09,0,"OCEANFIRST BANK, NATIONAL ASSOCIATION",OCEANFIRST FINANCIAL CORP,272108.0,1,41,0,0,OCC,2025-09-30,2609975.0,4,NJ,0,1,08753
NM,1.0,28362,SANTA FE,11448.0,0.0,2022-08-31,0.0,11448.0,9688.0,0.0,1910-01-01,13,13,10,ALBUQUERQUE,28362_20250930,DIF,1989-08-09,0,CENTURY BANK,CENTURY FINL SERVICES CORP,43399.0,4,9,0,0,FDIC,2025-09-30,3632756.0,4,NM,1,1,87501
SB,1.0,28368,SOMERVILLE,3597.0,0.0,2024-11-17,0.0,3920.0,525.0,323.0,1890-01-01,2,2,1,NORTH BOSTON,28368_20250930,DIF,1989-08-09,1,"MIDDLESEX FEDERAL SAVINGS, F.A.",MIDDLESEX FEDERAL MHC,18163.0,1,4,0,0,OCC,2025-09-30,5399950.0,4,MA,0,0,02144
SB,1.0,28369,ROCKLAND,1161.0,0.0,2024-11-17,3.0,1535.0,-45.0,371.0,1888-01-01,2,2,1,CONCORD,28369_20250930,DIF,1989-08-09,1,"ROCKLAND SAVINGS BANK, FSB",Unknown,2303.0,1,1,0,0,OCC,2025-09-30,0.0,5,ME,0,0,04841
SM,1.0,28380,UTICA,5671.0,0.0,2022-08-31,12.0,5730.0,210.0,47.0,1898-01-01,2,2,2,SYRACUSE,28380_20250930,DIF,1989-08-09,0,ADIRONDACK BANK,ADIRONDACK BCORP INC,25639.0,1,19,0,0,FED,2025-09-30,2467474.0,4,NY,0,0,13501
NM,1.0,2838,MONTGOMERY,3913.0,0.0,2022-08-31,0.0,3953.0,468.0,40.0,1916-01-02,5,5,6,MONTGOMERY,2838_20250930,DIF,1934-01-01,0,AMERIFIRST BANK,USAL BCORP INC,10755.0,5,5,0,0,FDIC,2025-09-30,2685577.0,4,AL,0,0,36116
SB,0.0,28390,SAINT LOUIS,14.0,0.0,2022-08-31,0.0,158.0,0.0,144.0,1896-01-01,11,11,8,ST. LOUIS,28390_20250930,DIF,1989-08-09,0,EDWARD JONES TRUST COMPANY,Unknown,3495.0,4,1,0,0,OCC,2025-09-30,0.0,7,MO,0,1,63131
NM,1.0,28396,CAMDEN,13848.0,0.0,2025-08-18,0.0,13848.0,0.0,0.0,1904-01-01,5,5,5,COLUMBIA SC,28396_20250930,DIF,1989-08-09,0,FIRST PALMETTO BANK,FIRST PALMETTO FINANCIAL CORP,24273.0,1,22,0,0,FDIC,2025-09-30,3834701.0,4,SC,0,0,29020
NM,1.0,28400,WAUKESHA,4421.0,0.0,2023-02-21,0.0,4421.0,0.0,0.0,1926-01-01,9,9,7,MILWAUKEE,28400_20250930,DIF,1989-08-09,0,WESTBURY BANK,WESTBURY BCORP INC,22026.0,3,9,0,0,FDIC,2025-09-30,4472249.0,4,WI,0,0,53188
SI,1.0,28401,LA SALLE,3570.0,0.0,2022-08-31,0.0,4242.0,28.0,672.0,1885-01-01,9,9,7,PRINCETON,28401_20250930,DIF,1989-08-09,1,EUREKA SAVINGS BANK,Unknown,9123.0,3,5,0,0,FDIC,2025-09-30,0.0,8,IL,0,0,61301
NM,1.0,28405,PORT ANGELES,28372.0,0.0,2022-08-31,0.0,36689.0,6752.0,8317.0,1923-01-01,14,14,12,SEATTLE,28405_20250930,DIF,1989-08-09,0,FIRST FED BANK,FIRST NORTHWEST BCORP,44204.0,4,15,0,0,FDIC,2025-09-30,4438366.0,4,WA,0,0,98362
SB,1.0,28425,CICERO,2634.0,0.0,2022-08-31,0.0,2942.0,0.0,308.0,1892-01-01,9,9,7,CHICAGO,28425_20250930,DIF,1989-08-09,1,CENTRAL FEDERAL SAVINGS AND LOAN ASSOCIATION,Unknown,3580.0,3,3,0,0,OCC,2025-09-30,0.0,5,IL,0,0,60804
SB,1.0,28445,CHAMPAIGN,28.0,0.0,2022-08-31,0.0,28.0,45.0,0.0,1908-01-01,9,9,7,CHAMPAIGN,28445_20250930,DIF,1989-08-09,0,FIRST FEDERAL SAVINGS BANK OF CHAMPAIGN URBANA,GREAT AMERICAN BCORP INC,7812.0,3,2,0,0,OCC,2025-09-30,2507642.0,8,IL,0,0,61820
SI,1.0,28453,HOQUIAM,23188.0,0.0,2022-08-31,0.0,23790.0,908.0,602.0,1915-01-01,14,14,12,SEATTLE,28453_20250930,DIF,1989-08-09,0,TIMBERLAND BANK,TIMBERLAND BCORP INC,53207.0,4,23,0,0,FDIC,2025-09-30,2621548.0,4,WA,0,0,98550
SL,1.0,28463,IRONTON,374.0,0.0,2022-08-31,0.0,374.0,12.0,0.0,1896-01-01,9,9,4,COLUMBUS,28463_20250930,DIF,1989-08-09,0,LIBERTY BANK,LIBERTY FEDERAL BCORP MHC,1460.0,3,2,0,0,FDIC,2025-09-30,4099365.0,8,OH,0,0,45638
SI,1.0,28471,ROXBORO,4061.0,0.0,2022-08-31,0.0,4275.0,306.0,214.0,1923-01-01,5,5,5,RALEIGH,28471_20250930,DIF,1989-08-09,1,"ROXBORO SAVINGS BANK, SSB",Unknown,7478.0,1,2,0,0,FDIC,2025-09-30,0.0,5,NC,0,1,27573
SI,1.0,28478,BLOOMFIELD,1572.0,0.0,2022-08-31,0.0,1616.0,113.0,44.0,1892-01-01,9,9,8,INDIANAPOLIS,28478_20250930,DIF,1989-08-09,1,FARMERS AND MECHANICS FEDERAL SAVINGS BANK,Unknown,2362.0,3,4,0,0,FDIC,2025-09-30,0.0,8,IN,0,1,47424
SL,1.0,28480,MILWAUKEE,92.0,0.0,2022-08-31,0.0,92.0,0.0,0.0,1924-01-01,9,9,7,MILWAUKEE,28480_20250930,DIF,1989-08-09,1,COLUMBIA SAVINGS AND LOAN ASSOCIATION,Unknown,786.0,3,1,0,0,FDIC,2025-09-30,0.0,4,WI,0,0,53205
SB,1.0,28481,QUINCY,4000.0,0.0,2024-11-17,0.0,4351.0,180.0,351.0,1889-01-01,2,2,1,SOUTH BOSTON,28481_20250930,DIF,1989-08-09,0,COLONIAL FEDERAL SAVINGS BANK,15 BEACH MHC,5649.0,1,4,0,0,OCC,2025-09-30,5651443.0,5,MA,0,0,02170
NM,0.0,28489,WALLA WALLA,151766.0,0.0,2022-08-31,3107.0,160630.0,10604.0,5757.0,1890-01-01,14,14,12,SEATTLE,28489_20250930,DIF,1989-08-09,0,BANNER BANK,BANNER CORP,439830.0,4,145,0,0,FDIC,2025-09-30,2126977.0,4,WA,0,0,99362
NM,1.0,284,AUBURN,1796.0,0.0,2023-05-08,31.0,2006.0,73.0,179.0,1929-01-01,9,9,8,LOUISVILLE,284_20250930,DIF,1934-01-01,0,AUBURN BANKING COMPANY,FIRST COMMUNITY BCORP INC,4179.0,3,2,0,0,FDIC,2025-09-30,2151670.0,8,KY,1,0,42206
SB,1.0,28507,KANSAS CITY,1173.0,0.0,2022-08-31,0.0,1400.0,21.0,227.0,1906-01-01,11,11,10,KANSAS CITY,28507_20250930,DIF,1989-08-09,1,ARGENTINE FEDERAL SAVINGS,Unknown,1213.0,4,2,0,0,OCC,2025-09-30,0.0,5,KS,0,0,66106
NM,1.0,2850,BUHL,4755.0,0.0,2022-08-31,0.0,4876.0,31.0,121.0,1917-05-11,14,14,12,SALT LAKE CITY,2850_20250930,DIF,1934-01-01,0,FARMERS BANK,FARMERS BCORP INC,17038.0,4,6,0,0,FDIC,2025-09-30,2142306.0,2,ID,0,0,83316
SI,1.0,28513,WAUWATOSA,32880.0,0.0,2022-08-31,0.0,45027.0,-836.0,12147.0,1921-01-01,9,9,7,MILWAUKEE,28513_20250930,DIF,1989-08-09,0,"WATERSTONE BANK, SSB",WATERSTONE FINANCIAL INC,41746.0,3,16,0,0,FDIC,2025-09-30,4523431.0,4,WI,0,0,53226
SI,1.0,28515,CUERO,4516.0,0.0,2022-08-31,0.0,4868.0,244.0,352.0,1921-01-01,13,13,11,AUSTIN,28515_20250930,DIF,1989-08-09,0,"TRUSTTEXAS BANK, SSB",TRUSTTEXAS MUTUAL HOLDING CO,6763.0,5,6,0,0,FDIC,2025-09-30,3601332.0,8,TX,0,0,77954
SI,1.0,28530,MARSHFIELD,10834.0,0.0,2024-05-03,50.0,12556.0,600.0,1672.0,1919-01-01,9,9,7,EAU CLAIRE,28530_20250930,DIF,1989-08-09,0,FORWARD BANK,FORWARD MUTUAL HOLDING CO,31932.0,3,15,0,0,FDIC,2025-09-30,3851388.0,4,WI,0,0,54449
NM,1.0,28533,RICHMOND,23673.0,0.0,2022-08-31,0.0,31974.0,1744.0,8301.0,1887-01-01,9,9,7,INDIANAPOLIS,28533_20250930,DIF,1989-08-09,0,FIRST BANK RICHMOND,RICHMOND MUTUAL BCORP INC,31944.0,3,13,0,0,FDIC,2025-09-30,5371947.0,4,IN,0,1,47374
NM,1.0,28543,BROKEN BOW,1618.0,0.0,2024-06-30,0.0,1966.0,0.0,348.0,1925-01-01,11,11,10,GRAND ISLAND,28543_20250930,DIF,1989-08-09,0,CUSTER FEDERAL STATE BANK,CFSB HOLDING CO,2916.0,4,2,0,0,FDIC,2025-09-30,4843755.0,2,NE,1,0,68822
SL,1.0,28555,LIBERTY TOWNSHIP,2440.0,0.0,2021-12-31,0.0,2660.0,0.0,220.0,1884-01-01,9,9,4,COLUMBUS,28555_20250930,DIF,1989-08-09,0,VALLEY CENTRAL BANK,VALLEY CENTRAL MHC,4370.0,3,3,0,0,FDIC,2025-09-30,4352574.0,4,OH,0,0,45011
SB,1.0,28585,HORNELL,2127.0,0.0,2022-08-31,0.0,2205.0,5.0,78.0,1905-01-01,2,2,2,SYRACUSE,28585_20250930,DIF,1989-08-09,0,"MAPLE CITY SAVINGS BANK, FSB",MAPLE CITY SAVINGS MHC,2561.0,1,3,0,0,OCC,2025-09-30,3793497.0,5,NY,0,0,14843
NM,1.0,28593,STURGIS,11374.0,0.0,2022-10-09,0.0,12259.0,-104.0,885.0,1905-01-01,9,9,7,DETROIT,28593_20250930,DIF,1989-08-09,0,STURGIS BANK & TRUST COMPANY,STURGIS BCORP INC,24812.0,3,17,0,0,FDIC,2025-09-30,3051571.0,4,MI,0,1,49091
SI,1.0,28599,OLYMPIA,10322.0,0.0,2022-08-31,0.0,15589.0,150.0,5267.0,1906-01-01,14,14,12,SEATTLE,28599_20250930,DIF,1989-08-09,1,OLYMPIA FEDERAL SAVINGS AND LOAN ASSOCIATION,Unknown,17069.0,4,8,0,0,FDIC,2025-09-30,0.0,5,WA,0,0,98501
SI,1.0,28614,WAUWATOSA,4276.0,0.0,2022-08-31,1.0,4503.0,-15.0,226.0,1927-01-01,9,9,7,MILWAUKEE,28614_20250930,DIF,1989-08-09,0,"THE EQUITABLE BANK, S.S.B.",TEB MHC,6435.0,3,6,0,0,FDIC,2025-09-30,5301533.0,4,WI,0,0,53226
NM,1.0,28635,OLATHE,2841.0,0.0,2022-08-31,0.0,2983.0,0.0,142.0,1923-01-01,11,11,10,KANSAS CITY,28635_20250930,DIF,1989-08-09,0,FIRST FEDERAL SAVINGS AND LOAN BANK,FIRST FED OF OLATHE BCORP INC,3908.0,4,1,0,0,FDIC,2025-09-30,3308051.0,5,KS,1,0,66061
SB,1.0,28637,MILTON,717.0,0.0,2022-08-31,0.0,931.0,145.0,214.0,1920-01-01,2,2,3,HARRISBURG,28637_20250930,DIF,1989-08-09,1,MILTON SAVINGS BANK,Unknown,1671.0,1,1,0,0,OCC,2025-09-30,0.0,5,PA,0,0,17847
SB,1.0,28652,FAIRVIEW,610.0,0.0,2022-08-31,0.0,615.0,0.0,5.0,1901-01-01,13,13,10,OKLAHOMA CITY,28652_20250930,DIF,1989-08-09,1,FAIRVIEW SAVINGS AND LOAN ASSOCIATION,Unknown,1769.0,5,1,0,0,OCC,2025-09-30,0.0,2,OK,0,0,73737
NM,1.0,28663,BROOKVILLE,468.0,0.0,2022-08-31,0.0,468.0,0.0,0.0,1903-01-01,9,9,4,COLUMBUS,28663_20250930,DIF,1989-08-09,1,THE BROOKVILLE BUILDING AND SAVINGS ASSOCIATION,Unknown,975.0,3,2,0,0,FDIC,2025-09-30,0.0,5,OH,0,0,45309
SB,1.0,28667,ALBION,252.0,0.0,2022-10-09,0.0,252.0,27.0,0.0,1889-01-01,9,9,7,DETROIT,28667_20250930,DIF,1989-08-09,1,HOMESTEAD SAVINGS BANK,Unknown,2252.0,3,3,0,0,OCC,2025-09-30,0.0,4,MI,0,0,49224
SL,1.0,28677,CONNEAUT,540.0,0.0,2022-08-31,0.0,577.0,0.0,37.0,1888-01-01,9,9,4,COLUMBUS,28677_20250930,DIF,1989-08-09,0,CONNEAUT SAVINGS BANK,CONNEAUT BCORP MHC,1713.0,3,1,0,0,FDIC,2025-09-30,4028897.0,5,OH,0,0,44030
SI,1.0,28679,BROOKFIELD,23049.0,0.0,2022-09-23,0.0,23349.0,120.0,300.0,1923-01-01,9,9,7,MILWAUKEE,28679_20250930,DIF,1989-08-09,1,NORTH SHORE BANK,Unknown,67692.0,3,45,0,0,FDIC,2025-09-30,0.0,4,WI,0,0,53005
SI,1.0,28701,AMBLER,6350.0,0.0,2022-08-31,0.0,7106.0,0.0,756.0,1899-01-01,2,2,3,PHILADELPHIA,28701_20250930,DIF,1989-08-09,1,AMBLER SAVINGS BANK,Unknown,9406.0,1,7,0,0,FDIC,2025-09-30,0.0,8,PA,0,0,19002
SL,1.0,28703,VERSAILLES,612.0,0.0,2022-08-31,0.0,617.0,57.0,5.0,1887-12-13,9,9,4,COLUMBUS,28703_20250930,DIF,1989-08-09,0,VERSAILLES SAVINGS AND LOAN COMPANY,VERSAILLES FINANCIAL CORP,1590.0,3,1,0,0,FDIC,2025-09-30,4151544.0,5,OH,0,0,45380
SB,1.0,28706,WAYNESBURG,10558.0,0.0,2022-08-31,0.0,10558.0,41.0,0.0,1924-01-01,2,2,4,WEXFORD,28706_20250930,DIF,1989-08-09,1,FIRST FEDERAL SAVINGS AND LOAN ASSOCIATION OF GREENE CO,Unknown,18696.0,1,7,0,0,OCC,2025-09-30,0.0,5,PA,0,0,15370
SI,1.0,28708,GUTTENBERG,2699.0,0.0,2022-08-31,0.0,3113.0,45.0,414.0,1907-01-01,2,2,2,JAMESBURG,28708_20250930,DIF,1989-08-09,1,GSL SAVINGS BANK,Unknown,2582.0,1,2,0,0,FDIC,2025-09-30,0.0,4,NJ,0,0,07093
SB,1.0,28710,STATEN ISLAND,60778.0,0.0,2024-12-27,12.0,83417.0,5903.0,22627.0,1887-01-01,2,2,2,NEW YORK CITY,28710_20250930,DIF,1989-08-09,0,NORTHFIELD BANK,NORTHFIELD BCORP INC,102046.0,1,37,0,0,OCC,2025-09-30,3132863.0,4,NY,0,0,10308
SL,1.0,28712,MIDDLETOWN,1628.0,0.0,2022-08-31,0.0,1628.0,4.0,0.0,1888-01-01,2,2,2,NEW YORK CITY,28712_20250930,DIF,1989-08-09,0,FIRST FEDERAL SAVINGS OF MIDDLETOWN,Unknown,6774.0,1,1,0,0,OCC,2025-09-30,0.0,4,NY,0,0,10940
SB,1.0,28722,KENTLAND,91.0,0.0,2022-08-31,0.0,87.0,0.0,-4.0,1920-01-01,9,9,7,INDIANAPOLIS,28722_20250930,DIF,1989-08-09,1,KENTLAND FEDERAL SAVINGS AND LOAN ASSOCIATION,Unknown,21.0,3,1,0,0,OCC,2025-09-30,0.0,5,IN,0,0,47951
SI,1.0,28729,GLEN ROCK,6291.0,0.0,2022-08-31,0.0,7916.0,-185.0,1625.0,1922-01-01,2,2,2,JAMESBURG,28729_20250930,DIF,1989-08-09,1,ASCENDIA BANK,Unknown,5980.0,1,5,0,0,FDIC,2025-09-30,0.0,4,NJ,0,0,07452
SB,1.0,28735,HAYS,3464.0,0.0,2022-08-31,0.0,4496.0,155.0,1032.0,1920-01-01,11,11,10,HAYS,28735_20250930,DIF,1989-08-09,0,"GOLDEN BELT BANK, FSA",MID-AMERICA FINANCIAL CORP,8991.0,4,3,0,0,OCC,2025-09-30,3835230.0,8,KS,1,0,67601
SI,1.0,28747,CHICAGO,4891.0,0.0,2022-08-31,0.0,4891.0,405.0,0.0,1887-01-01,9,9,7,CHICAGO,28747_20250930,DIF,1989-08-09,1,HOYNE SAVINGS BANK,HOYNE SAVINGS MHC,9916.0,3,7,0,0,FDIC,2025-09-30,3293223.0,4,IL,0,0,60630
SI,1.0,28765,KEARNY,102689.0,0.0,2022-08-31,3076.0,135457.0,2366.0,29692.0,1884-01-01,2,2,2,JAMESBURG,28765_20250930,DIF,1989-08-09,0,KEARNY BANK,KEARNY FINANCIAL CORP,106597.0,1,43,0,0,FDIC,2025-09-30,3099443.0,4,NJ,0,0,07032
SB,1.0,28769,ANGOLA,507.0,0.0,2022-08-31,0.0,530.0,1.0,23.0,1933-01-01,9,9,7,INDIANAPOLIS,28769_20250930,DIF,1989-08-09,1,FIRST FEDERAL SAVINGS BANK OF ANGOLA,Unknown,3545.0,3,1,0,0,OCC,2025-09-30,0.0,5,IN,0,0,46703
NM,1.0,28778,BOUND BROOK,11795.0,0.0,2023-09-19,0.0,12895.0,457.0,1100.0,1887-01-01,2,2,2,JAMESBURG,28778_20250930,DIF,1989-08-09,0,SOMERSET REGAL BANK,SR BCORP INC,22243.0,1,14,0,0,FDIC,2025-09-30,5805657.0,4,NJ,0,0,08805
SB,1.0,28780,GLEN BURNIE,5767.0,0.0,2022-08-31,0.0,7087.0,0.0,1320.0,1906-01-01,2,2,5,BALTIMORE,28780_20250930,DIF,1989-08-09,1,ARUNDEL FEDERAL SAVINGS BANK,Unknown,8140.0,1,6,0,0,OCC,2025-09-30,0.0,5,MD,0,0,21061
SI,1.0,28788,STONE HARBOR,6924.0,0.0,2022-08-31,0.0,7706.0,-401.0,782.0,1922-01-01,2,2,3,JAMESBURG,28788_20250930,DIF,1989-08-09,1,STURDY SAVINGS BANK,Unknown,24467.0,1,13,0,0,FDIC,2025-09-30,0.0,4,NJ,0,0,08247
SI,1.0,28790,SUPERIOR,954.0,0.0,2022-08-31,0.0,1001.0,90.0,47.0,1924-01-01,9,9,9,EAU CLAIRE,28790_20250930,DIF,1989-08-09,1,SUPERIOR SAVINGS BANK,Unknown,2448.0,3,1,0,0,FDIC,2025-09-30,0.0,5,WI,0,0,54880
SI,1.0,28793,SPRINGFIELD,2004.0,0.0,2022-08-31,0.0,2273.0,71.0,269.0,1873-01-01,2,2,3,PHILADELPHIA,28793_20250930,DIF,1989-08-09,0,SHARON BANK,SHARON MUTUAL HOLDING CO,4223.0,1,5,0,0,FDIC,2025-09-30,3845668.0,4,PA,0,0,19064
SM,1.0,287,BENTON,22291.0,0.0,2022-08-31,1.0,23284.0,1350.0,992.0,1890-01-01,9,9,8,MOUNT VERNON,287_20250930,DIF,1934-01-01,0,COMMUNITY FINANCIAL SERVICES BANK,COMMUNITY FINL SERVICES EMPLOYEE STK OWNERSHIP PLAN,32613.0,3,8,0,0,FED,2025-09-30,2052067.0,9,KY,0,1,42025
SB,1.0,28805,IRVINGTON,1072.0,0.0,2022-08-31,0.0,1072.0,258.0,0.0,1929-01-01,2,2,2,NEW YORK CITY,28805_20250930,DIF,1989-08-09,0,SUNNYSIDE FEDERAL SAVINGS AND LOAN ASSOCIATION OF IRVINGTON,VECTA PARTNERS LLC,2189.0,1,1,0,0,OCC,2025-09-30,5620636.0,4,NY,0,0,10533
N,1.0,28808,OLYMPIA FIELDS,13679.0,0.0,2022-08-31,0.0,14186.0,1691.0,507.0,1924-01-01,9,9,7,CHICAGO,28808_20250930,DIF,1989-08-09,0,"BANKFINANCIAL, NATIONAL ASSOCIATION",BANKFINANCIAL CORP,35307.0,3,19,0,0,OCC,2025-09-30,3035928.0,4,IL,0,1,60461
SM,1.0,28812,FORREST CITY,7389.0,0.0,2022-08-31,0.0,7597.0,340.0,208.0,1919-01-01,13,13,8,LITTLE ROCK,28812_20250930,DIF,1989-08-09,0,ARMOR BANK,BIG CREEK BANCSHARES INC,11788.0,5,13,0,0,FED,2025-09-30,5046816.0,4,AR,0,0,72335
SI,1.0,28818,WILDWOOD,6326.0,0.0,2022-08-31,0.0,6643.0,131.0,317.0,1919-01-01,2,2,3,JAMESBURG,28818_20250930,DIF,1989-08-09,0,CREST SAVINGS BANK,CREST SAVINGS BCORP MHC,11503.0,1,8,0,0,FDIC,2025-09-30,3836901.0,5,NJ,0,0,08260
SB,1.0,28834,FAIR LAWN,149058.0,0.0,2024-10-05,0.0,186722.0,7856.0,37664.0,1926-01-01,2,2,2,JAMESBURG,28834_20250930,DIF,1989-08-09,0,COLUMBIA BANK,COLUMBIA BANK MHC,164523.0,1,69,0,0,OCC,2025-09-30,2571120.0,4,NJ,0,0,07410
SI,1.0,28836,PHILADELPHIA,4705.0,0.0,2022-08-31,165.0,4870.0,0.0,0.0,1923-01-01,2,2,3,PHILADELPHIA,28836_20250930,DIF,1989-08-09,1,UNITED SAVINGS BANK,Unknown,9161.0,1,6,0,0,FDIC,2025-09-30,0.0,7,PA,0,0,19145
SM,1.0,28837,BRATTLEBORO,2377.0,0.0,2022-08-31,0.0,2377.0,-53.0,0.0,1912-01-01,2,2,1,WINDSOR,28837_20250930,DIF,1989-08-09,0,THE BRATTLEBORO SAVINGS AND LOAN ASSOCIATION,Unknown,8213.0,1,5,0,0,FED,2025-09-30,0.0,4,VT,0,1,05301
SI,1.0,28841,CHICAGO,5359.0,0.0,2022-08-31,0.0,5359.0,45.0,0.0,1925-01-01,9,9,7,CHICAGO,28841_20250930,DIF,1989-08-09,1,COMMUNITY SAVINGS BANK,Unknown,5600.0,3,2,0,0,FDIC,2025-09-30,0.0,8,IL,0,1,60641
SB,1.0,28845,TWIN FALLS,17927.0,0.0,2022-08-31,104.0,19895.0,433.0,1864.0,1916-01-01,14,14,12,SALT LAKE CITY,28845_20250930,DIF,1989-08-09,1,FIRST FEDERAL SAVINGS BANK OF TWIN FALLS,Unknown,35215.0,4,14,0,0,OCC,2025-09-30,0.0,4,ID,0,0,83301
SB,1.0,28859,GAFFNEY,2465.0,0.0,2022-08-31,0.0,2465.0,0.0,0.0,1933-01-01,5,5,5,COLUMBIA SC,28859_20250930,DIF,1989-08-09,1,FIRST PIEDMONT FEDERAL SAVINGS AND LOAN ASSOCIATION OF GAFFNEY,Unknown,19848.0,1,7,0,0,OCC,2025-09-30,0.0,5,SC,0,0,29341
SL,1.0,28860,TRINIDAD,568.0,0.0,2022-08-31,0.0,654.0,-24.0,86.0,1903-01-01,13,13,10,DENVER,28860_20250930,DIF,1989-08-09,1,CENTURY SAVINGS AND LOAN ASSOCIATION,Unknown,1220.0,4,1,0,0,FDIC,2025-09-30,0.0,5,CO,0,0,81082
SB,1.0,28865,MINNEAPOLIS,13002.0,0.0,2024-10-01,0.0,14452.0,17.0,1450.0,1933-01-01,11,11,9,MINNEAPOLIS,28865_20250930,DIF,1989-08-09,0,MIDCOUNTRY BANK,MIDCOUNTRY ACQUISITION CORP,27438.0,3,16,0,0,OCC,2025-09-30,5281989.0,4,MN,0,0,55439
SI,1.0,28868,MINEOLA,5395.0,0.0,2023-12-04,0.0,6903.0,558.0,1508.0,1934-04-01,13,13,11,DALLAS,28868_20250930,DIF,1989-08-09,0,BROADSTREET BANK S S B,TEXAS COMMUNITY BANCSHARES INC,9841.0,5,7,0,0,FDIC,2025-09-30,5586862.0,4,TX,0,1,75773
SB,1.0,28870,WALLKILL,5883.0,0.0,2022-08-31,0.0,6260.0,677.0,377.0,1913-01-01,2,2,2,SYRACUSE,28870_20250930,DIF,1989-08-09,0,WALLKILL VALLEY FEDERAL SAVINGS AND LOAN ASSOCIATION,WALLKILL VALLEY BCORP MHC,10441.0,1,9,0,0,OCC,2025-09-30,5117592.0,4,NY,0,0,12589
SB,1.0,28894,LOGANSPORT,6063.0,0.0,2022-08-31,0.0,6444.0,178.0,381.0,1934-04-01,9,9,7,INDIANAPOLIS,28894_20250930,DIF,1989-08-09,0,SECURITY FEDERAL SAVINGS BANK,SECURITY FEDERAL MUTUAL BCORP,10169.0,3,8,0,0,OCC,2025-09-30,5626964.0,4,IN,0,1,46947
NM,1.0,288,CAMPTON,583.0,0.0,2022-08-31,49.0,720.0,23.0,88.0,1902-01-01,9,9,4,LEXINGTON,288_20250930,DIF,1934-01-01,0,FARMERS & TRADERS BANK OF CAMPTON,MIDDLEFORK FINANCIAL GROUP INC,1807.0,3,1,0,0,FDIC,2025-09-30,1071539.0,4,KY,1,0,41301
SM,1.0,28905,EL DORADO,31848.0,0.0,2022-11-08,2.0,33440.0,3100.0,1590.0,1934-04-01,13,13,8,LITTLE ROCK,28905_20250930,DIF,1989-08-09,0,FIRST FINANCIAL BANK,FIRST FINANCIAL BANC CORP,55461.0,5,19,0,0,FED,2025-09-30,2568102.0,2,AR,1,0,71730
SI,1.0,28908,ASTON,2860.0,0.0,2022-08-31,0.0,3160.0,1.0,300.0,1879-01-01,2,2,3,PHILADELPHIA,28908_20250930,DIF,1989-08-09,1,IRON WORKERS SAVINGS BANK,Unknown,3381.0,1,3,0,0,FDIC,2025-09-30,0.0,5,PA,0,0,19014
SB,1.0,28914,GRANTS PASS,5675.0,0.0,2022-08-31,0.0,5739.0,284.0,64.0,1934-06-01,14,14,12,PORTLAND,28914_20250930,DIF,1989-08-09,1,EVERGREEN FEDERAL BANK,Unknown,15017.0,4,6,0,0,OCC,2025-09-30,0.0,4,OR,0,0,97526
SB,1.0,28924,OTTAWA,4603.0,0.0,2022-08-31,0.0,5972.0,270.0,1369.0,1889-01-01,9,9,7,PRINCETON,28924_20250930,DIF,1989-08-09,1,FIRST FEDERAL SAVINGS BANK,Unknown,8101.0,3,12,0,0,OCC,2025-09-30,0.0,5,IL,0,0,61350
SI,1.0,28925,MONMOUTH,2256.0,0.0,2022-08-31,0.0,2264.0,190.0,8.0,1882-01-01,9,9,7,PRINCETON,28925_20250930,DIF,1989-08-09,0,SECURITY SAVINGS BANK,SECURITY BCORP MHC,5920.0,3,2,0,0,FDIC,2025-09-30,2823696.0,2,IL,0,0,61462
SM,1.0,28930,BROOKFIELD,8169.0,0.0,2025-07-26,0.0,8786.0,1157.0,617.0,1934-05-01,11,11,10,COLUMBIA MO,28930_20250930,DIF,1989-08-09,0,VERIMORE BANK,FIRST MISSOURI BANCSHARES INC,16893.0,4,8,0,0,FED,2025-09-30,3963526.0,4,MO,1,0,64628
N,1.0,28942,CARTHAGE,3887.0,0.0,2022-08-31,0.0,4041.0,55.0,154.0,1888-01-01,2,2,2,SYRACUSE,28942_20250930,DIF,1989-08-09,0,"CARTHAGE SAVINGS AND LOAN, NATIONAL ASSOCIATION",RIVERBANK FINANCIAL CORP MHC,5836.0,1,4,0,0,OCC,2025-09-30,3793862.0,5,NY,0,0,13619
SB,1.0,28949,AMORY,1471.0,0.0,2022-08-31,2.0,1473.0,65.0,0.0,1934-06-01,13,13,8,JACKSON MS,28949_20250930,DIF,1989-08-09,1,AMORY FEDERAL SAVINGS AND LOAN ASSOCIATION,Unknown,1285.0,5,1,0,0,OCC,2025-09-30,0.0,5,MS,0,0,38821
SB,1.0,28983,LADYSMITH,740.0,0.0,2022-08-31,0.0,1193.0,28.0,453.0,1934-06-01,9,9,9,EAU CLAIRE,28983_20250930,DIF,1989-08-09,1,LADYSMITH FEDERAL SAVINGS AND LOAN ASSOCIATION,Unknown,1999.0,3,1,0,0,OCC,2025-09-30,0.0,5,WI,0,0,54848
NM,1.0,28989,WEBSTER CITY,3640.0,0.0,2024-06-30,2.0,4659.0,90.0,1017.0,1934-06-01,11,11,7,DES MOINES,28989_20250930,DIF,1989-08-09,0,WCF FINANCIAL BANK,WCF BCORP INC,3995.0,4,3,0,0,FDIC,2025-09-30,4974631.0,2,IA,0,0,50595
NM,1.0,289,HINDMAN,3400.0,0.0,2022-08-31,638.0,4360.0,2.0,322.0,1903-01-01,9,9,4,LEXINGTON,289_20250930,DIF,1934-01-01,0,BANK OF HINDMAN,COMMUNITY EXC BANCSHARES INC,3185.0,3,3,0,0,FDIC,2025-09-30,3923306.0,4,KY,0,0,41822
SB,1.0,29005,CENTERBURG,294.0,0.0,2022-08-31,0.0,294.0,0.0,0.0,1934-06-01,9,9,4,COLUMBUS,29005_20250930,DIF,1989-08-09,1,FIRST FEDERAL SAVINGS AND LOAN ASSOCIATION,Unknown,385.0,3,1,0,0,OCC,2025-09-30,0.0,5,OH,0,0,43011
SI,1.0,29009,CHICAGO,7509.0,0.0,2022-08-31,0.0,7514.0,0.0,5.0,1898-01-01,9,9,7,CHICAGO,29009_20250930,DIF,1989-08-09,1,LIBERTY BANK FOR SAVINGS,Unknown,15358.0,3,5,0,0,FDIC,2025-09-30,0.0,5,IL,0,0,60647
NM,1.0,29011,MANSFIELD,7178.0,0.0,2022-08-31,0.0,7280.0,201.0,102.0,1886-01-01,9,9,4,COLUMBUS,29011_20250930,DIF,1989-08-09,0,MECHANICS BANK,MECHANICS FINANCIAL CORP,18540.0,3,9,0,0,FDIC,2025-09-30,2395326.0,5,OH,0,1,44902
NM,0.0,29012,OLYMPIA,59768.0,0.0,2023-09-08,0.0,67921.0,2782.0,8153.0,1927-01-01,14,14,12,SEATTLE,29012_20250930,DIF,1989-08-09,0,HERITAGE BANK,HERITAGE FINANCIAL CORP,167453.0,4,50,0,0,FDIC,2025-09-30,2166124.0,4,WA,0,0,98501
SI,1.0,29024,BEDFORD,4338.0,0.0,2022-08-31,0.0,4671.0,499.0,333.0,1934-07-01,9,9,8,INDIANAPOLIS,29024_20250930,DIF,1989-08-09,1,BEDFORD FEDERAL SAVINGS BANK,Unknown,7281.0,3,2,0,0,FDIC,2025-09-30,0.0,4,IN,0,0,47421
SB,1.0,29035,CHESTER,4178.0,0.0,2024-01-02,0.0,4410.0,351.0,232.0,1899-01-01,5,5,4,SCOTT DEPOT,29035_20250930,DIF,1989-08-09,1,"HANCOCK COUNTY SAVINGS BANK, F.S.B.",Unknown,11977.0,1,3,0,0,OCC,2025-09-30,0.0,5,WV,0,0,26034
SI,1.0,29047,LEES SUMMIT,13382.0,0.0,2024-04-23,0.0,19826.0,170.0,6444.0,1934-07-01,11,11,10,KANSAS CITY,29047_20250930,DIF,1989-08-09,1,FIRST FEDERAL BANK OF KANSAS CITY,COSPERITY BCORP INC,16645.0,4,9,0,0,FDIC,2025-09-30,5863264.0,5,MO,0,0,64081
NM,1.0,29056,EVANSVILLE,9249.0,0.0,2022-08-31,1.0,10713.0,0.0,1463.0,1934-07-01,9,9,8,INDIANAPOLIS,29056_20250930,DIF,1989-08-09,0,FIRST FEDERAL SAVINGS BANK,FIRST BCORP OF INDIANA INC,11892.0,3,10,0,0,FDIC,2025-09-30,3832284.0,4,IN,0,0,47715
SB,1.0,29059,TUCUMCARI,684.0,0.0,2022-08-31,0.0,751.0,-9.0,67.0,1934-07-01,13,13,11,ALBUQUERQUE,29059_20250930,DIF,1989-08-09,1,TUCUMCARI FEDERAL SAVINGS AND LOAN ASSOCIATION,Unknown,927.0,4,1,0,0,OCC,2025-09-30,0.0,5,NM,0,0,88401
SI,1.0,29061,TARBORO,1174.0,0.0,2022-08-31,0.0,1212.0,0.0,38.0,1906-01-01,5,5,5,RALEIGH,29061_20250930,DIF,1989-08-09,1,"TARBORO SAVINGS BANK, SSB",Unknown,637.0,1,1,0,0,FDIC,2025-09-30,0.0,5,NC,0,0,27886
SL,1.0,29066,DEL NORTE,1605.0,0.0,2022-08-31,0.0,1856.0,45.0,251.0,1921-01-01,13,13,10,DENVER,29066_20250930,DIF,1989-08-09,0,DEL NORTE BANK,DEL NORTE M H C,4657.0,4,2,0,0,FDIC,2025-09-30,4097969.0,2,CO,0,1,81132
SL,1.0,29087,SCOTTSDALE,15386.0,0.0,2024-03-25,0.0,15471.0,-3450.0,85.0,1934-08-01,14,14,12,PHOENIX,29087_20250930,DIF,1989-08-09,0,SOUTHWEST HERITAGE BANK,BANCORP 34 INC,24759.0,4,9,0,0,OCC,2025-09-30,5009026.0,4,AZ,0,0,85255
SB,1.0,29089,NEWPORT,3574.0,0.0,2022-08-31,0.0,3574.0,0.0,0.0,1934-08-01,13,13,6,KNOXVILLE,29089_20250930,DIF,1989-08-09,0,NEWPORT FEDERAL BANK,UNITED TENNESSEE BANKSHARES,4933.0,5,2,0,0,OCC,2025-09-30,3842108.0,8,TN,0,0,37821
SB,1.0,29090,NEWARK,5598.0,0.0,2022-08-31,0.0,5612.0,59.0,14.0,1934-08-01,9,9,4,COLUMBUS,29090_20250930,DIF,1989-08-09,1,FIRST FEDERAL SAVINGS AND LOAN ASSOCIATION,Unknown,5716.0,3,6,0,0,OCC,2025-09-30,0.0,5,OH,0,0,43055
SM,1.0,29093,CHILLICOTHE,1310.0,0.0,2022-08-31,0.0,1444.0,15.0,134.0,1934-08-01,11,11,10,KANSAS CITY,29093_20250930,DIF,1989-08-09,0,INVESTORS COMMUNITY BANK,GREY MOUNTAIN HOLDINGS INC,1978.0,4,1,0,0,FED,2025-09-30,5561748.0,4,MO,0,0,64601
SB,1.0,29120,GREENFIELD,6767.0,0.0,2022-08-31,0.0,9293.0,300.0,2526.0,1892-01-01,9,9,7,MILWAUKEE,29120_20250930,DIF,1989-08-09,0,"PYRAMAX BANK, FSB",1895 BCORP OF WISCONSIN INC,11271.0,3,6,0,0,OCC,2025-09-30,5589939.0,4,WI,0,0,53220
SI,1.0,29121,FREEPORT,1558.0,0.0,2022-08-31,0.0,1558.0,0.0,0.0,1883-01-01,9,9,7,PRINCETON,29121_20250930,DIF,1989-08-09,0,UNION SAVINGS BANK,UNION BANCSHARES MHC,4054.0,3,4,0,0,FDIC,2025-09-30,2887296.0,8,IL,0,1,61032
SB,1.0,29135,VAN WERT,2570.0,0.0,2022-08-31,0.0,2641.0,26.0,71.0,1893-01-01,9,9,4,COLUMBUS,29135_20250930,DIF,1989-08-09,0,FIRST FEDERAL SAVINGS AND LOAN ASSOCIATION OF VAN WERT,FIRST FS&LA OF VAN WERT MHC,3319.0,3,2,0,0,OCC,2025-09-30,4028860.0,5,OH,0,0,45891
SB,1.0,29140,FARGO,7880.0,0.0,2024-06-30,0.0,10721.0,0.0,2841.0,1891-01-01,11,11,9,FARGO,29140_20250930,DIF,1989-08-09,0,AMERICAN FEDERAL BANK,AMERICAN FEDERAL CORP,21343.0,3,13,0,0,OCC,2025-09-30,3802858.0,2,ND,1,0,58102
NM,1.0,29143,SPRINGFIELD,3260.0,0.0,2024-12-10,1.0,3388.0,578.0,127.0,1923-01-01,11,11,8,SPRINGFIELD MO,29143_20250930,DIF,1989-08-09,0,ARLO BANK,ARLO FINANCIAL HOLDINGS INC,3771.0,4,1,0,0,FDIC,2025-09-30,5950119.0,4,MO,0,0,65806
SI,1.0,29147,WHITE PLAINS,37915.0,0.0,2022-08-31,0.0,40423.0,237.0,2508.0,1934-09-01,2,2,2,NEW YORK CITY,29147_20250930,DIF,1989-08-09,0,NORTHEAST COMMUNITY BANK,NORTHEAST COMMUNITY BCORP INC,74439.0,1,12,0,0,FDIC,2025-09-30,3435742.0,4,NY,0,0,10601
SB,1.0,29164,VALDOSTA,3031.0,0.0,2022-08-31,0.0,3813.0,90.0,782.0,1934-09-01,5,5,6,ALBANY GA,29164_20250930,DIF,1989-08-09,1,FIRST FEDERAL SAVINGS AND LOAN ASSOCIATION OF VALDOSTA,Unknown,7537.0,5,4,0,0,OCC,2025-09-30,0.0,5,GA,0,0,31601
SI,1.0,29170,CARTERET,5068.0,0.0,2022-08-31,0.0,6305.0,457.0,1237.0,1914-01-01,2,2,2,JAMESBURG,29170_20250930,DIF,1989-08-09,0,UNITED ROOSEVELT SAVINGS BANK,UNITED ROOSEVELT MHC,6517.0,1,2,0,0,FDIC,2025-09-30,2589666.0,4,NJ,0,0,07008
SB,1.0,29173,NEW CARLISLE,4301.0,0.0,2022-08-31,0.0,5760.0,394.0,1459.0,1883-01-01,9,9,4,COLUMBUS,29173_20250930,DIF,1989-08-09,1,NEW CARLISLE FEDERAL SAVINGS BANK,Unknown,7550.0,3,3,0,0,OCC,2025-09-30,0.0,4,OH,0,0,45344
SM,1.0,29177,COLLIERVILLE,10903.0,0.0,2022-08-31,0.0,11477.0,150.0,574.0,1934-10-01,13,13,8,NASHVILLE,29177_20250930,DIF,1989-08-09,0,BANKTENNESSEE,BANKTENNESSEE BANCSHARES INC,14997.0,5,11,0,0,FED,2025-09-30,3610437.0,4,TN,1,0,38017
SI,1.0,29186,LAWRENCEBURG,1684.0,0.0,2022-08-31,0.0,1684.0,36.0,0.0,1934-10-01,13,13,6,NASHVILLE,29186_20250930,DIF,1989-08-09,1,LAWRENCEBURG FEDERAL BANK,Unknown,2138.0,5,1,0,0,FDIC,2025-09-30,0.0,5,TN,0,0,38464
SI,1.0,29188,FOND DU LAC,4238.0,0.0,2022-12-31,0.0,4739.0,30.0,501.0,1934-10-01,9,9,7,APPLETON,29188_20250930,DIF,1989-08-09,0,FOX VALLEY SAVINGS BANK,FVSB MUTUAL BCORP MHC,5881.0,3,3,0,0,FDIC,2025-09-30,5754205.0,4,WI,0,0,54935
NM,1.0,291,MC KEE,757.0,0.0,2022-08-31,25.0,782.0,40.0,0.0,1904-10-05,9,9,4,LEXINGTON,291_20250930,DIF,1934-01-01,0,JACKSON COUNTY BANK,Unknown,5716.0,3,3,0,0,FDIC,2025-09-30,0.0,2,KY,0,0,40447
SI,1.0,29206,GRAHAM,2541.0,0.0,2022-08-31,0.0,2855.0,-33.0,314.0,1934-11-27,13,13,11,DALLAS,29206_20250930,DIF,1989-08-09,0,"GRAHAM SAVINGS AND LOAN, SSB",GRAHAM SAVINGS FINANCIAL CORP,3698.0,5,3,0,0,FDIC,2025-09-30,3799006.0,2,TX,1,0,76450
SI,1.0,29208,DALHART,1695.0,0.0,2022-08-31,0.0,2558.0,112.0,863.0,1934-10-01,13,13,11,LUBBOCK,29208_20250930,DIF,1989-08-09,0,"DALHART FEDERAL SAVINGS & LOAN ASSOCIATION, SSB",DALHART FED MUTUAL HOLDING CO,2419.0,5,2,0,0,FDIC,2025-09-30,3823451.0,5,TX,0,0,79022
NM,1.0,29209,DALLAS,221545.0,0.0,2022-09-30,0.0,273223.0,6561.0,51678.0,1934-11-30,13,13,11,DALLAS,29209_20250930,DIF,1989-08-09,0,NEXBANK,SLHC TRUST THE,220930.0,5,3,0,0,FDIC,2025-09-30,4970802.0,5,TX,0,0,75201
SI,1.0,29227,EFFINGHAM,8074.0,0.0,2022-08-31,8.0,8433.0,50.0,351.0,1883-01-01,9,9,8,MOUNT VERNON,29227_20250930,DIF,1989-08-09,0,WASHINGTON SAVINGS BANK,WASHINGTON SAVINGS MHC,9643.0,3,4,0,0,FDIC,2025-09-30,4841069.0,4,IL,0,1,62401
SB,1.0,29231,ESSINGTON,525.0,0.0,2022-08-31,0.0,525.0,2.0,0.0,1920-01-01,2,2,3,PHILADELPHIA,29231_20250930,DIF,1989-08-09,1,COUNTY SAVINGS BANK,Unknown,2216.0,1,3,0,0,OCC,2025-09-30,0.0,5,PA,0,0,19029
SB,1.0,29238,WOODRUFF,1424.0,0.0,2022-08-31,0.0,1424.0,0.0,0.0,1934-12-14,5,5,5,COLUMBIA SC,29238_20250930,DIF,1989-08-09,1,WOODRUFF FEDERAL SAVINGS AND LOAN ASSOCIATION,Unknown,1536.0,1,1,0,0,OCC,2025-09-30,0.0,5,SC,0,0,29388
SB,1.0,29241,HENDERSON,1657.0,0.0,2022-08-31,0.0,1657.0,30.0,0.0,1934-11-01,13,13,11,DALLAS,29241_20250930,DIF,1989-08-09,1,HENDERSON FEDERAL SAVINGS BANK,Unknown,3007.0,5,1,0,0,OCC,2025-09-30,0.0,5,TX,0,0,75652
SB,1.0,29268,METAIRIE,1469.0,0.0,2022-08-31,0.0,1568.0,0.0,99.0,1884-01-01,13,13,6,BATON ROUGE,29268_20250930,DIF,1989-08-09,0,EUREKA HOMESTEAD,EUREKA HOMESTEAD BCORP INC,1135.0,5,1,0,0,OCC,2025-09-30,5371705.0,5,LA,0,0,70005
SB,1.0,29293,CUMBERLAND,6195.0,0.0,2022-08-31,0.0,6761.0,330.0,566.0,1934-01-01,9,9,9,EAU CLAIRE,29293_20250930,DIF,1989-08-09,1,"CUMBERLAND FEDERAL BANK, FSB",CFB MUTUAL HOLDING CO,6470.0,3,2,0,0,OCC,2025-09-30,5924709.0,5,WI,0,0,54829
SB,1.0,29294,MEDFORD,12716.0,0.0,2022-09-30,7.0,15482.0,1085.0,2759.0,1935-02-18,9,9,9,EAU CLAIRE,29294_20250930,DIF,1989-08-09,0,PREVAIL BANK,PREVAIL MUTUAL HOLDINGS INC,15897.0,3,9,0,0,OCC,2025-09-30,5735437.0,4,WI,0,0,54451
SM,1.0,292,MONTICELLO,12451.0,0.0,2022-08-31,0.0,16460.0,0.0,4009.0,1895-01-01,9,9,8,LEXINGTON,292_20250930,DIF,1934-01-01,0,THE MONTICELLO BANKING COMPANY,MONTICELLO BANKSHARES INC,27362.0,3,20,0,0,FED,2025-09-30,1097922.0,4,KY,0,1,42633
SL,1.0,29331,THOMASVILLE,8875.0,0.0,2022-08-31,0.0,9282.0,-107.0,407.0,1934-01-01,5,5,6,ALBANY GA,29331_20250930,DIF,1989-08-09,0,TC FEDERAL BANK,TC BANCSHARES INC,13004.0,5,4,0,0,OCC,2025-09-30,5587421.0,4,GA,0,0,31792
NM,1.0,29332,FLORENCE,11206.0,0.0,2023-06-06,0.0,12424.0,6700.0,1218.0,1934-01-01,5,5,6,SHELBY,29332_20250930,DIF,1989-08-09,0,FIRST SOUTHERN BANK,FIRST SOUTHERN BANCSHARES INC,17301.0,5,10,0,0,FDIC,2025-09-30,2313704.0,2,AL,0,1,35630
SB,1.0,29345,DELTA,1286.0,0.0,2022-08-31,0.0,1286.0,0.0,0.0,1934-01-01,9,9,4,COLUMBUS,29345_20250930,DIF,1989-08-09,0,FIRST FEDERAL SAVINGS AND LOAN ASSOCIATION,FIRST FEDDELTA BANCSHARES MHC,5933.0,3,6,0,0,OCC,2025-09-30,4151919.0,5,OH,0,0,43515
SB,1.0,29357,PELHAM,2043.0,0.0,2022-08-31,0.0,2043.0,341.0,0.0,1931-01-01,5,5,6,ALBANY GA,29357_20250930,DIF,1989-08-09,1,FAMILY BANK,Unknown,5513.0,5,3,0,0,OCC,2025-09-30,0.0,5,GA,0,0,31779
SB,1.0,29379,SIDNEY,318.0,0.0,2024-06-30,0.0,318.0,0.0,0.0,1899-01-01,11,11,10,GRAND ISLAND,29379_20250930,DIF,1989-08-09,0,SIDNEY FEDERAL SAVINGS AND LOAN ASSOCIATION,Unknown,684.0,4,1,0,0,OCC,2025-09-30,0.0,7,NE,0,0,69162
SB,1.0,29384,PERU,2455.0,0.0,2023-10-17,0.0,2455.0,153.0,0.0,1887-01-01,9,9,7,PRINCETON,29384_20250930,DIF,1989-08-09,0,PERU FEDERAL SAVINGS BANK,PFS BCORP INC,4146.0,3,2,0,0,OCC,2025-09-30,5837489.0,8,IL,0,0,61354
SB,1.0,29399,CHICAGO,435.0,0.0,2024-07-03,0.0,435.0,-48.0,0.0,1934-01-01,9,9,7,CHICAGO,29399_20250930,DIF,1989-08-09,0,GN BANK,Unknown,1875.0,3,1,0,0,OCC,2025-09-30,0.0,8,IL,0,0,60653
SB,1.0,29426,WORTHINGTON,1507.0,0.0,2025-08-27,0.0,1655.0,25.0,148.0,1935-05-03,11,11,9,SIOUX FALLS,29426_20250930,DIF,1989-08-09,1,"WORTHINGTON FEDERAL SAVINGS BANK, FSB",Unknown,1941.0,3,3,0,0,OCC,2025-09-30,0.0,5,MN,0,0,56187
SI,1.0,29430,WILMERDING,1198.0,0.0,2022-08-31,0.0,1289.0,0.0,91.0,1934-01-01,2,2,4,WEXFORD,29430_20250930,DIF,1989-08-09,1,COMPASS SAVINGS BANK,Unknown,541.0,1,1,0,0,FDIC,2025-09-30,0.0,5,PA,0,0,15148
SB,1.0,29449,CHICAGO,226.0,0.0,2022-08-31,0.0,376.0,0.0,150.0,1934-01-01,9,9,7,CHICAGO,29449_20250930,DIF,1989-08-09,1,NORTH SIDE FEDERAL SAVINGS AND LOAN ASSOCIATION OF CHICAGO,Unknown,1039.0,3,1,0,0,OCC,2025-09-30,0.0,5,IL,0,0,60640
NM,1.0,2945,SPOKANE VALLEY,557.0,0.0,2022-08-31,0.0,557.0,0.0,0.0,1902-01-01,14,14,12,SEATTLE,2945_20250930,DIF,1934-01-01,0,STATE BANK NORTHWEST,STATE BCORP NORTHWEST,9627.0,4,6,0,0,FDIC,2025-09-30,3658729.0,2,WA,1,0,99216
SI,1.0,29471,FORD CITY,2136.0,0.0,2022-08-31,0.0,2263.0,5.0,127.0,1925-01-01,2,2,4,WEXFORD,29471_20250930,DIF,1989-08-09,1,ARMSTRONG COUNTY BUILDING AND LOAN ASSOCIATION,Unknown,771.0,1,1,0,0,FDIC,2025-09-30,0.0,5,PA,0,0,16226
SB,1.0,29476,GRAND ISLAND,6508.0,0.0,2024-06-30,2.0,6544.0,229.0,34.0,1935-06-01,11,11,10,GRAND ISLAND,29476_20250930,DIF,1989-08-09,0,HOME FEDERAL SAVINGS AND LOAN ASSOCIATION OF GRAND ISLAND,CENTRAL PLAINS BANCSHARES INC,13166.0,4,8,0,0,OCC,2025-09-30,5860179.0,4,NE,0,0,68801
SB,1.0,29486,KINGSTREE,714.0,0.0,2022-08-31,0.0,714.0,-2.0,0.0,1926-01-01,5,5,5,COLUMBIA SC,29486_20250930,DIF,1989-08-09,0,KINGSTREE FEDERAL SAVINGS AND LOAN ASSOCIATION,KINGSTREE BANCSHARES M H C,413.0,1,1,0,0,OCC,2025-09-30,3834729.0,5,SC,0,0,29556
SB,0.0,29488,LAKEWOOD,39598.0,0.0,2022-08-31,0.0,51138.0,-849.0,11540.0,1935-07-19,9,9,4,COLUMBUS,29488_20250930,DIF,1989-08-09,0,FIRST FEDERAL SAVINGS AND LOAN ASSOCIATION OF LAKEWOOD,FIRST MUTUAL HOLDING CO,45643.0,3,20,0,0,OCC,2025-09-30,4843090.0,5,OH,0,0,44107
SB,1.0,29490,RAVENSWOOD,579.0,0.0,2024-01-02,0.0,579.0,0.0,0.0,1934-01-01,5,5,5,SCOTT DEPOT,29490_20250930,DIF,1989-08-09,1,FIRST FEDERAL SAVINGS & LOAN ASSOCIATION OF RAVENSWOOD,Unknown,419.0,1,1,0,0,OCC,2025-09-30,0.0,5,WV,0,0,26164
SB,1.0,29495,VAN WERT,8909.0,0.0,2024-08-01,0.0,9434.0,444.0,525.0,1889-01-01,9,9,4,COLUMBUS,29495_20250930,DIF,1989-08-09,0,GREENWAY BANK,VWF BCORP INC,6850.0,3,2,0,0,OCC,2025-09-30,5723760.0,8,OH,0,0,45891
SB,1.0,29496,BALDWINSVILLE,3119.0,0.0,2022-08-31,0.0,4246.0,701.0,1127.0,1928-01-01,2,2,2,SYRACUSE,29496_20250930,DIF,1989-08-09,0,SENECA SAVINGS,SENECA FINANCIAL MHC,6558.0,1,5,0,0,OCC,2025-09-30,5125373.0,4,NY,0,0,13027
N,1.0,29510,COVINGTON,13397.0,0.0,2023-09-15,0.0,15072.0,96.0,1675.0,1928-01-01,5,5,6,ATLANTA,29510_20250930,DIF,1989-08-09,0,"AFFINITY BANK, NATIONAL ASSOCIATION",AFFINITY BANCSHARES INC,22693.0,5,3,0,0,OCC,2025-09-30,5535301.0,4,GA,0,0,30014
SL,1.0,29517,DEER LODGE,1048.0,0.0,2024-01-16,0.0,1309.0,-104.0,261.0,1912-01-01,14,14,9,BILLINGS,29517_20250930,DIF,1989-08-09,1,PIONEER FEDERAL SAVINGS AND LOAN ASSOCIATION,Unknown,2635.0,4,2,0,0,FDIC,2025-09-30,0.0,5,MT,0,0,59722
SI,1.0,29520,WASHINGTON,18929.0,0.0,2022-08-31,0.0,18968.0,897.0,39.0,1899-01-01,2,2,4,WEXFORD,29520_20250930,DIF,1989-08-09,0,WASHINGTON FINANCIAL BANK,WFSB MUTUAL HOLDING CO,31923.0,1,10,0,0,FDIC,2025-09-30,3831326.0,4,PA,0,0,15301
SB,1.0,29521,DELAWARE,1197.0,0.0,2022-08-31,0.0,1708.0,0.0,511.0,1887-01-01,9,9,4,COLUMBUS,29521_20250930,DIF,1989-08-09,0,FIDELITY FEDERAL SAVINGS AND LOAN ASSOCIATION OF DELAWARE,FIDELITY FS&LA MHC,2308.0,3,2,0,0,OCC,2025-09-30,4253000.0,5,OH,0,0,43015
NM,1.0,29523,MUNSTER,23821.0,0.0,2022-08-31,1110.0,26650.0,-121.0,1719.0,1916-01-01,9,9,7,INDIANAPOLIS,29523_20250930,DIF,1989-08-09,0,PEOPLES BANK,FINWARD BCORP,41700.0,3,26,0,0,FDIC,2025-09-30,2237118.0,4,IN,0,1,46321
SI,1.0,29535,CLINTON,2015.0,0.0,2022-08-31,0.0,2281.0,137.0,266.0,1887-01-01,9,9,7,CHAMPAIGN,29535_20250930,DIF,1989-08-09,1,DEWITT SAVINGS BANK,Unknown,2945.0,3,2,0,0,FDIC,2025-09-30,0.0,8,IL,0,0,61727
SB,1.0,29537,SHERIDAN,10320.0,0.0,2022-08-31,0.0,10433.0,781.0,113.0,1935-10-16,14,14,10,BILLINGS,29537_20250930,DIF,1989-08-09,1,FIRST FEDERAL BANK & TRUST,Unknown,13988.0,4,3,0,0,OCC,2025-09-30,0.0,4,WY,0,1,82801
NM,0.0,29546,REEDS SPRING,72952.0,0.0,2022-08-31,1041.0,86035.0,-837.0,12042.0,1923-01-01,11,11,8,SPRINGFIELD MO,29546_20250930,DIF,1989-08-09,0,GREAT SOUTHERN BANK,GREAT SOUTHERN BCORP INC,155131.0,4,112,0,0,FDIC,2025-09-30,2339133.0,4,MO,0,0,65737
NM,1.0,29548,JASPER,2932.0,0.0,2022-08-31,0.0,3095.0,0.0,163.0,1935-11-01,5,5,6,SHELBY,29548_20250930,DIF,1989-08-09,0,PINNACLE BANK,PINNACLE BANCSHARES INC,8703.0,5,7,0,0,FDIC,2025-09-30,2520605.0,7,AL,0,0,35501
SB,0.0,29566,EVANSVILLE,164044.0,1118.0,2025-05-02,0.0,168006.0,18065.0,2844.0,1931-01-01,9,9,8,INDIANAPOLIS,29566_20250930,DIF,1989-08-09,0,"UNITED FIDELITY BANK, FSB",PEDCOR FINANCIAL LLC,-32351.0,3,20,2,0,OCC,2025-09-30,3848931.0,4,IN,0,0,47708
NM,1.0,29571,KENTON,3715.0,0.0,2023-03-02,0.0,3925.0,55.0,210.0,1888-01-01,9,9,4,COLUMBUS,29571_20250930,DIF,1989-08-09,1,"THE HOME SAVINGS AND LOAN COMPANY OF KENTON, OHIO, DBA HSLC",Unknown,5588.0,3,3,0,0,FDIC,2025-09-30,0.0,4,OH,0,0,43326
SL,1.0,29577,COVINGTON,3494.0,0.0,2022-10-18,0.0,3815.0,0.0,321.0,1924-01-01,13,13,6,BATON ROUGE,29577_20250930,DIF,1989-08-09,0,HERITAGE BANK OF ST TAMMANY,HERITAGE NOLA BCORP INC,3697.0,5,4,0,0,OCC,2025-09-30,5110324.0,4,LA,0,0,70433
SB,1.0,29578,TIPP CITY,1436.0,0.0,2024-10-23,4.0,1797.0,29.0,357.0,1875-01-01,9,9,4,COLUMBUS,29578_20250930,DIF,1989-08-09,0,MONROE FEDERAL SAVINGS AND LOAN ASSOCIATION,MONROE FEDERAL BCORP INC,2792.0,3,4,0,0,OCC,2025-09-30,5951965.0,5,OH,0,0,45371
SB,1.0,29582,MARION,132.0,0.0,2024-10-21,0.0,132.0,0.0,0.0,1935-12-11,5,5,5,COLUMBIA SC,29582_20250930,DIF,1989-08-09,0,PEE DEE FEDERAL SAVINGS BANK,Unknown,1128.0,1,1,0,0,OCC,2025-09-30,0.0,5,SC,0,0,29571
SL,1.0,29613,NOTTINGHAM,17745.0,0.0,2025-07-30,0.0,17745.0,460.0,0.0,1908-01-01,2,2,5,BALTIMORE,29613_20250930,DIF,1989-08-09,0,ROSEDALE BANK,Unknown,21430.0,1,15,0,0,OCC,2025-09-30,0.0,4,MD,0,0,21236
SB,0.0,29617,BELPRE,593.0,0.0,2022-08-31,0.0,932.0,8.0,339.0,1906-01-01,9,9,4,COLUMBUS,29617_20250930,DIF,1989-08-09,0,"FIRST MUTUAL BANK, FSB",FIRST MUTUAL HOLDING CO,2139.0,3,4,0,0,OCC,2025-09-30,4843090.0,5,OH,0,0,45714
SL,1.0,29624,MCMINNVILLE,6344.0,0.0,2022-08-31,0.0,6805.0,178.0,461.0,1922-01-01,14,14,12,PORTLAND,29624_20250930,DIF,1989-08-09,0,FIRST FEDERAL SAVINGS AND LOAN ASSOCIATION OF MCMINNVILLE,Unknown,12926.0,4,6,0,0,OCC,2025-09-30,0.0,8,OR,0,0,97128
SB,1.0,29627,PHILADELPHIA,718.0,0.0,2022-08-31,0.0,928.0,-29.0,210.0,1924-01-01,2,2,3,PHILADELPHIA,29627_20250930,DIF,1989-08-09,1,SECOND FEDERAL SAVINGS AND LOAN ASSOCIATION OF PHILADELPHIA,Unknown,1051.0,1,1,0,0,OCC,2025-09-30,0.0,4,PA,0,0,19103
SL,1.0,29632,WINDSOR,6524.0,0.0,2024-01-02,3.0,7832.0,979.0,1305.0,1935-01-01,2,2,1,WINDSOR,29632_20250930,DIF,1989-08-09,0,WINDSOR FEDERAL BANK,WINDSOR FEDERAL MHC,19716.0,1,11,0,0,OCC,2025-09-30,3920118.0,4,CT,0,0,06095
SB,1.0,29636,BATH,1306.0,0.0,2024-11-17,0.0,1776.0,2.0,470.0,1935-01-01,2,2,1,CONCORD,29636_20250930,DIF,1989-08-09,1,FIRST FEDERAL SAVINGS AND LOAN ASSOCIATION OF BATH,Unknown,4524.0,1,5,0,0,OCC,2025-09-30,0.0,5,ME,0,0,04530
SB,1.0,29637,GREYBULL,3864.0,0.0,2022-08-31,123.0,4195.0,163.0,208.0,1935-01-01,14,14,10,BILLINGS,29637_20250930,DIF,1989-08-09,1,BIG HORN FEDERAL SAVINGS BANK,Unknown,7655.0,4,6,0,0,OCC,2025-09-30,0.0,8,WY,0,0,82426
SI,1.0,29645,SHELBYVILLE,3031.0,0.0,2024-05-30,0.0,3273.0,168.0,242.0,1906-01-01,9,9,7,CHAMPAIGN,29645_20250930,DIF,1989-08-09,1,"FIRST FEDERAL SAVINGS AND LOAN ASSOCIATION OF CENTRAL ILLINOIS, S.B.",Unknown,6260.0,3,3,0,0,FDIC,2025-09-30,0.0,4,IL,0,0,62565
SI,1.0,29657,BROOKFIELD,15124.0,0.0,2022-08-31,0.0,21658.0,0.0,6534.0,1936-03-25,9,9,7,MILWAUKEE,29657_20250930,DIF,1989-08-09,1,"GREAT MIDWEST BANK, S.S.B.",Unknown,17800.0,3,8,0,0,FDIC,2025-09-30,0.0,5,WI,0,0,53005
SB,1.0,29672,CHARLEROI,12122.0,0.0,2022-08-31,0.0,13431.0,0.0,1309.0,1935-01-01,2,2,4,WEXFORD,29672_20250930,DIF,1989-08-09,0,CFSBANK,CHARLEROI FINANCIAL MHC,10597.0,1,10,0,0,OCC,2025-09-30,3831269.0,5,PA,0,0,15022
SB,1.0,29675,WATSEKA,12517.0,0.0,2022-08-31,400.0,15524.0,-676.0,2607.0,1883-01-01,9,9,7,CHAMPAIGN,29675_20250930,DIF,1989-08-09,0,IROQUOIS FEDERAL SAVINGS AND LOAN ASSOCIATION,IF BCORP INC,17061.0,3,8,0,0,OCC,2025-09-30,4299316.0,4,IL,0,0,60970
SL,1.0,29676,WISCONSIN RAPIDS,2366.0,0.0,2024-06-07,0.0,2918.0,0.0,552.0,1933-01-01,9,9,7,APPLETON,29676_20250930,DIF,1989-08-09,1,"PAPER CITY SAVINGS BANK, S.A.",Unknown,5451.0,3,3,0,0,FDIC,2025-09-30,0.0,4,WI,0,0,54494
SI,1.0,29677,NASHVILLE,1310.0,0.0,2022-08-31,0.0,1310.0,100.0,0.0,1893-01-01,9,9,8,MOUNT VERNON,29677_20250930,DIF,1989-08-09,1,NASHVILLE SAVINGS BANK,Unknown,2386.0,3,1,0,0,FDIC,2025-09-30,0.0,4,IL,0,0,62263
SB,1.0,29679,PLAQUEMINE,3245.0,0.0,2022-10-31,0.0,3397.0,0.0,152.0,1915-01-01,13,13,6,BATON ROUGE,29679_20250930,DIF,1989-08-09,0,ANTHEM BANK & TRUST,Unknown,5934.0,5,4,0,0,OCC,2025-09-30,0.0,4,LA,1,0,70764
SB,1.0,29683,KNOXVILLE,23165.0,0.0,2022-08-31,887.0,25762.0,225.0,1710.0,1936-06-15,13,13,6,KNOXVILLE,29683_20250930,DIF,1989-08-09,0,HOME FEDERAL BANK OF TENNESSEE,Unknown,39724.0,5,23,0,0,OCC,2025-09-30,0.0,9,TN,0,1,37902
SB,0.0,29685,MARTINSVILLE,425.0,0.0,2022-08-31,0.0,425.0,4.0,0.0,1924-01-01,5,9,5,RICHMOND,29685_20250930,DIF,1989-08-09,0,MARTINSVILLE FIRST SAVINGS BANK,FIRST MUTUAL HOLDING CO,709.0,1,1,0,0,OCC,2025-09-30,4843090.0,5,VA,0,0,24112
NM,1.0,29690,HUNTINGTON,8116.0,0.0,2022-08-31,0.0,9668.0,785.0,1552.0,1932-01-01,9,9,7,INDIANAPOLIS,29690_20250930,DIF,1989-08-09,0,FIRST FEDERAL SAVINGS BANK,NORTHEAST INDIANA BCORP INC,13498.0,3,8,0,0,FDIC,2025-09-30,2514136.0,4,IN,0,1,46750
SI,1.0,29691,WISCONSIN RAPIDS,1707.0,0.0,2022-08-31,0.0,2315.0,70.0,608.0,1920-01-01,9,9,7,APPLETON,29691_20250930,DIF,1989-08-09,1,KEYSAVINGS BANK,Unknown,2616.0,3,2,0,0,FDIC,2025-09-30,0.0,5,WI,0,0,54494
SB,1.0,29692,LINCOLN,8101.0,0.0,2024-06-30,0.0,8177.0,0.0,76.0,1906-01-01,11,11,10,OMAHA,29692_20250930,DIF,1989-08-09,0,LINCOLN FSB OF NEBRASKA,LINCOLN FEDERAL BCORP M H C,4982.0,4,13,0,0,OCC,2025-09-30,3824346.0,4,NE,0,0,68520
SL,1.0,29695,COSHOCTON,4621.0,0.0,2022-08-31,0.0,5569.0,605.0,948.0,1882-01-01,9,9,4,COLUMBUS,29695_20250930,DIF,1989-08-09,0,THE HOME LOAN SAVINGS BANK,HOME LOAN FINANCIAL CORP,12860.0,3,5,0,0,FDIC,2025-09-30,3828111.0,4,OH,0,0,43812
SM,1.0,29696,BUFFALO,2492.0,0.0,2022-08-31,0.0,2736.0,164.0,244.0,1936-05-01,14,14,10,BILLINGS,29696_20250930,DIF,1989-08-09,0,BUFFALO FEDERAL BANK,CRAZY WOMAN CREEK BCORP INC,5754.0,4,3,0,0,FED,2025-09-30,3835100.0,4,WY,0,0,82834
NM,1.0,296,BROWNSVILLE,3730.0,0.0,2022-08-31,2.0,4118.0,30.0,386.0,1925-01-01,9,9,8,LOUISVILLE,296_20250930,DIF,1934-01-01,0,BANK OF EDMONSON COUNTY,EDMONSON BANCSHARES INC,7358.0,3,3,0,0,FDIC,2025-09-30,2155397.0,8,KY,1,0,42210
SB,1.0,29700,RUSTON,10214.0,0.0,2022-08-31,0.0,10220.0,563.0,6.0,1905-01-01,13,13,11,SHREVEPORT,29700_20250930,DIF,1989-08-09,0,CENTURY NEXT BANK,CENTURY NEXT FINANCIAL CORP,29140.0,5,7,0,0,OCC,2025-09-30,4211831.0,4,LA,0,0,71270
SL,1.0,29705,BUCYRUS,4360.0,0.0,2024-12-18,2.0,5762.0,192.0,1400.0,1887-01-01,9,9,4,COLUMBUS,29705_20250930,DIF,1989-08-09,0,FIRST FEDERAL COMMUNITY BANK OF BUCYRUS,COMMUNITY INVESTORS BCORP INC,8718.0,3,6,0,0,OCC,2025-09-30,3827918.0,4,OH,0,0,44820
SB,1.0,29708,GRANDVIEW,48277.0,0.0,2022-08-31,0.0,67407.0,505.0,19130.0,1923-01-01,11,11,10,KANSAS CITY,29708_20250930,DIF,1989-08-09,0,"NORTH AMERICAN SAVINGS BANK, F.S.B.",NASB FINANCIAL INC,61245.0,4,10,0,0,OCC,2025-09-30,3841941.0,5,MO,0,0,64030
SI,1.0,29710,WASHINGTON,1205.0,0.0,2021-08-29,0.0,1460.0,68.0,255.0,1895-01-01,9,9,8,INDIANAPOLIS,29710_20250930,DIF,1989-08-09,1,FIRST FEDERAL SAVINGS BANK OF WASHINGTON,Unknown,2066.0,3,1,0,0,FDIC,2025-09-30,0.0,5,IN,0,0,47501
NM,1.0,29731,GADSDEN,2051.0,0.0,2022-08-31,0.0,2051.0,424.0,0.0,1936-06-01,5,5,6,SHELBY,29731_20250930,DIF,1989-08-09,0,THE SOUTHERN BANK COMPANY,SOUTHERN BANC CO INC THE,6732.0,5,4,0,0,FDIC,2025-09-30,2496193.0,4,AL,0,0,35901
SB,1.0,29743,CARIBOU,3441.0,0.0,2024-11-17,0.0,3577.0,107.0,136.0,1936-07-29,2,2,1,CONCORD,29743_20250930,DIF,1989-08-09,1,AROOSTOOK COUNTY FEDERAL SAVINGS AND LOAN ASSOCIATION,Unknown,3941.0,1,2,0,0,OCC,2025-09-30,0.0,5,ME,0,0,04736
SB,1.0,29744,DOVER,5606.0,0.0,2024-11-17,0.0,9995.0,50.0,4389.0,1890-01-01,2,2,1,CONCORD,29744_20250930,DIF,1989-08-09,0,FIRST SEACOAST BANK,FIRST SEACOAST BCORP INC,10148.0,1,5,0,0,OCC,2025-09-30,5371479.0,5,NH,0,1,03820
SI,1.0,29745,WAUSAU,2288.0,0.0,2022-08-31,0.0,2755.0,14.0,467.0,1902-01-01,9,9,7,APPLETON,29745_20250930,DIF,1989-08-09,0,MARATHON BANK,MARATHON BCORP INC,5092.0,3,5,0,0,FDIC,2025-09-30,5557518.0,4,WI,0,0,54403
SB,1.0,29749,LEESBURG,2092.0,0.0,2022-08-31,0.0,2092.0,23.0,0.0,1884-01-01,9,9,4,COLUMBUS,29749_20250930,DIF,1989-08-09,1,SOUTHERN HILLS COMMUNITY BANK,Unknown,5570.0,3,8,0,0,OCC,2025-09-30,0.0,8,OH,0,0,45135
SI,1.0,29771,SMITHFIELD,10423.0,0.0,2022-08-31,27.0,10522.0,802.0,72.0,1924-01-01,5,5,5,RALEIGH,29771_20250930,DIF,1989-08-09,0,"KS BANK, INC.",KS BCORP INC,21136.0,1,12,0,0,FDIC,2025-09-30,2155276.0,4,NC,0,1,27577
SB,1.0,29772,VIDALIA,2548.0,0.0,2022-08-31,0.0,3368.0,0.0,820.0,1936-09-01,5,5,6,ALBANY GA,29772_20250930,DIF,1989-08-09,1,VIDALIA FEDERAL SAVINGS BANK,Unknown,1804.0,5,2,0,0,OCC,2025-09-30,0.0,8,GA,0,0,30474
SB,1.0,29774,CARROLLTON,336.0,0.0,2022-08-31,0.0,336.0,0.0,0.0,1890-01-01,9,9,8,LOUISVILLE,29774_20250930,DIF,1989-08-09,1,CARROLLTON FEDERAL BANK,Unknown,1058.0,3,1,0,0,OCC,2025-09-30,0.0,5,KY,0,0,41008
SI,1.0,29782,DICKSON,11315.0,0.0,2022-08-31,0.0,11481.0,1776.0,166.0,1936-10-16,13,13,6,NASHVILLE,29782_20250930,DIF,1989-08-09,0,FIRST FEDERAL BANK,SOUTHEASTERN BCORP INC,24387.0,5,17,0,0,FDIC,2025-09-30,3842050.0,9,TN,1,0,37055
SM,1.0,29783,SALIDA,3850.0,0.0,2022-08-31,0.0,5274.0,1200.0,1424.0,1886-01-01,13,13,10,DENVER,29783_20250930,DIF,1989-08-09,0,HIGH COUNTRY BANK,HIGH COUNTRY BCORP INC,16874.0,4,5,0,0,FED,2025-09-30,3833834.0,4,CO,0,0,81201
N,1.0,29787,DOVER,11317.0,0.0,2024-06-27,1.0,11491.0,719.0,173.0,1898-01-01,9,9,4,COLUMBUS,29787_20250930,DIF,1989-08-09,0,"FIRST FEDERAL COMMUNITY BANK, NATIONAL ASSOCIATION",FFD FINANCIAL CORP,22454.0,3,8,0,0,OCC,2025-09-30,2506805.0,4,OH,0,0,44622
SM,1.0,297,LEWISBURG,2077.0,0.0,2022-08-31,298.0,2389.0,107.0,14.0,1894-02-10,9,9,8,LOUISVILLE,297_20250930,DIF,1934-01-01,0,LEWISBURG BANKING COMPANY,LEWISBURG BANCSHARES CORP,6282.0,3,5,0,0,FED,2025-09-30,1250071.0,8,KY,1,0,42256
SI,1.0,29800,LISLE,6971.0,0.0,2022-08-31,0.0,7571.0,-21.0,600.0,1917-01-01,9,9,7,CHICAGO,29800_20250930,DIF,1989-08-09,1,LISLE SAVINGS BANK,Unknown,6971.0,3,4,0,0,FDIC,2025-09-30,0.0,5,IL,0,0,60532
SB,1.0,29804,OPELOUSAS,2849.0,0.0,2022-08-31,0.0,3065.0,-36.0,216.0,1922-01-01,13,13,6,BATON ROUGE,29804_20250930,DIF,1989-08-09,0,CATALYST BANK,CATALYST BCORP INC,7229.0,5,6,0,0,OCC,2025-09-30,5587775.0,4,LA,0,0,70570
SI,1.0,29809,CHICAGO,11235.0,0.0,2022-08-31,0.0,11235.0,-81.0,0.0,1914-01-01,9,9,7,CHICAGO,29809_20250930,DIF,1989-08-09,1,FIRST SAVINGS BANK OF HEGEWISCH,Unknown,9278.0,3,14,0,0,FDIC,2025-09-30,0.0,5,IL,0,1,60633
NM,1.0,29813,BUCYRUS,1668.0,0.0,2022-08-31,0.0,1668.0,20.0,0.0,1888-01-01,9,9,4,COLUMBUS,29813_20250930,DIF,1989-08-09,1,PEOPLES SAVINGS AND LOAN COMPANY,Unknown,2734.0,3,2,0,0,FDIC,2025-09-30,0.0,8,OH,0,0,44820
SB,1.0,29835,MILFORD,5673.0,0.0,2022-08-31,0.0,7608.0,157.0,1935.0,1937-01-01,2,2,1,WINDSOR,29835_20250930,DIF,1989-08-09,1,MILFORD FEDERAL BANK,Unknown,9361.0,1,4,0,0,OCC,2025-09-30,0.0,5,MA,0,0,01757
SB,1.0,29838,LORAIN,7142.0,0.0,2022-08-31,0.0,8216.0,-72.0,1074.0,1921-01-01,9,9,4,COLUMBUS,29838_20250930,DIF,1989-08-09,1,FIRST FEDERAL SAVINGS AND LOAN ASSOCIATION OF LORAIN,Unknown,7005.0,3,6,0,0,OCC,2025-09-30,0.0,5,OH,0,0,44053
NM,1.0,29839,WABASH,7457.0,0.0,2022-08-31,0.0,7927.0,200.0,470.0,1920-01-01,9,9,7,INDIANAPOLIS,29839_20250930,DIF,1989-08-09,0,CROSSROADS BANK,FFW CORP,13129.0,3,7,0,0,FDIC,2025-09-30,3848258.0,8,IN,0,1,46992
SM,1.0,29842,HYDE PARK,1983.0,0.0,2024-11-17,0.0,3169.0,40.0,1186.0,1886-01-01,2,2,1,SOUTH BOSTON,29842_20250930,DIF,1989-08-09,1,COMMONWEALTH CO-OPERATIVE BANK,Unknown,4027.0,1,3,0,0,FED,2025-09-30,0.0,5,MA,0,0,02136
SB,1.0,29846,CHARLOTTE,7040.0,0.0,2022-10-09,0.0,7073.0,212.0,33.0,1936-01-01,9,9,7,DETROIT,29846_20250930,DIF,1989-08-09,0,EATON COMMUNITY BANK,EATON FED MUTUAL HOLDING CO,11245.0,3,7,0,0,OCC,2025-09-30,5444935.0,8,MI,0,0,48813
NM,1.0,29847,WOOSTER,21056.0,0.0,2024-05-31,118.0,23835.0,1098.0,2661.0,1899-01-01,9,9,4,COLUMBUS,29847_20250930,DIF,1989-08-09,0,MAIN STREET BANK CORP.,MAIN STREET FINL SERVICES CORP,37559.0,3,20,0,0,FDIC,2025-09-30,3178900.0,4,OH,0,0,44691
SB,1.0,29857,FORT SCOTT,200.0,0.0,2022-08-31,0.0,200.0,0.0,0.0,1919-01-01,11,11,10,SPRINGFIELD MO,29857_20250930,DIF,1989-08-09,1,"THE LIBERTY SAVINGS ASSOCIATION, FSA",Unknown,662.0,4,1,0,0,OCC,2025-09-30,0.0,5,KS,0,0,66701
NM,1.0,29858,STRASBURG,5434.0,0.0,2022-08-31,0.0,5636.0,404.0,202.0,1924-01-01,9,9,4,COLUMBUS,29858_20250930,DIF,1989-08-09,0,SSB COMMUNITY BANK,STRASBURG BCORP INC,8090.0,3,4,0,0,FDIC,2025-09-30,2623234.0,4,OH,0,0,44680
SB,1.0,29874,DEARBORN,1702.0,0.0,2022-08-31,0.0,2528.0,100.0,826.0,1936-01-01,9,9,7,DETROIT,29874_20250930,DIF,1989-08-09,1,DEARBORN FEDERAL SAVINGS BANK,Unknown,5461.0,3,5,0,0,OCC,2025-09-30,0.0,5,MI,0,0,48124
NM,1.0,29878,SAINT JOHN,6634.0,0.0,2022-08-31,0.0,6634.0,42.0,0.0,1910-01-01,9,9,7,INDIANAPOLIS,29878_20250930,DIF,1989-08-09,0,AMERICAN COMMUNITY BANK OF INDIANA,AMB FINANCIAL CORP,9252.0,3,5,0,0,FDIC,2025-09-30,3848267.0,4,IN,0,0,46373
N,1.0,2987,WALLA WALLA,3850.0,0.0,2022-08-31,496.0,4379.0,200.0,33.0,1869-11-10,14,14,12,SEATTLE,2987_20250930,DIF,1934-01-01,0,BAKER-BOYER NATIONAL BANK,BAKER BOYER BCORP,16635.0,4,7,0,0,OCC,2025-09-30,1141870.0,4,WA,0,1,99362
SB,1.0,29881,MARTINSVILLE,3825.0,0.0,2022-08-31,0.0,4462.0,32.0,637.0,1890-01-01,9,9,7,INDIANAPOLIS,29881_20250930,DIF,1989-08-09,1,HOME BANK SB,Unknown,9599.0,3,6,0,0,OCC,2025-09-30,0.0,8,IN,0,0,46151
SB,1.0,29904,ELIZABETHTON,2632.0,0.0,2022-08-31,0.0,2632.0,60.0,0.0,1937-06-15,13,13,6,KNOXVILLE,29904_20250930,DIF,1989-08-09,1,ELIZABETHTON FEDERAL SAVINGS BANK,Unknown,6713.0,5,5,0,0,OCC,2025-09-30,0.0,8,TN,0,0,37643
NM,1.0,29907,LOGANSPORT,4391.0,0.0,2022-08-31,0.0,4754.0,0.0,363.0,1925-01-01,9,9,7,INDIANAPOLIS,29907_20250930,DIF,1989-08-09,0,LOGANSPORT SAVINGS BANK,LOGANSPORT FINANCIAL CORP,5877.0,3,1,0,0,FDIC,2025-09-30,3848397.0,2,IN,0,1,46947
SL,1.0,29910,SCOTTSBURG,939.0,0.0,2022-08-31,0.0,1072.0,0.0,133.0,1889-01-01,9,9,8,INDIANAPOLIS,29910_20250930,DIF,1989-08-09,0,SCOTTSBURG BUILDING AND LOAN ASSOCIATION,SCOTTSBURG B&L MHC,1173.0,3,1,0,0,FDIC,2025-09-30,3832202.0,5,IN,0,0,47170
NM,1.0,29922,VANCOUVER,12043.0,0.0,2024-10-30,0.0,15041.0,0.0,2998.0,1923-01-01,14,14,12,PORTLAND,29922_20250930,DIF,1989-08-09,0,RIVERVIEW BANK,RIVERVIEW BCORP INC,30217.0,4,18,0,0,FDIC,2025-09-30,3180060.0,4,WA,0,0,98660
SB,1.0,29933,CONNERSVILLE,3974.0,0.0,2022-08-31,0.0,3974.0,225.0,0.0,1937-08-01,9,9,7,INDIANAPOLIS,29933_20250930,DIF,1989-08-09,1,UNION SAVINGS AND LOAN ASSOCIATION,Unknown,7059.0,3,4,0,0,OCC,2025-09-30,0.0,5,IN,0,1,47331
SB,1.0,29937,FRANKFORT,5086.0,0.0,2022-08-31,0.0,6407.0,21.0,1321.0,1934-01-01,9,9,8,LEXINGTON,29937_20250930,DIF,1989-08-09,0,FIRST FEDERAL SAVINGS BANK OF KENTUCKY,FIRST FEDERAL MHC,5419.0,3,6,0,0,OCC,2025-09-30,3824476.0,5,KY,0,0,40601
SI,1.0,29941,TEANECK,16876.0,0.0,2022-08-31,0.0,21119.0,-130.0,4243.0,1893-01-01,2,2,2,JAMESBURG,29941_20250930,DIF,1989-08-09,0,BOGOTA SAVINGS BANK,BOGOTA FINANCIAL MHC,11030.0,1,10,0,0,FDIC,2025-09-30,5423547.0,5,NJ,0,0,07666
N,0.0,29950,WILMINGTON,1349236.0,0.0,2022-08-31,3515.0,1676608.0,240975.0,323857.0,1907-01-01,2,16,3,CLAYMONT,29950_20250930,DIF,1989-08-09,0,"SANTANDER BANK, N.A.",BANCO SANTANDER SA,1810012.0,1,381,0,0,OCC,2025-09-30,1239254.0,4,DE,0,1,19801
SM,1.0,29961,JEFFERSONVILLE,33173.0,0.0,2022-08-31,0.0,43627.0,776.0,10454.0,1938-01-07,9,9,8,INDIANAPOLIS,29961_20250930,DIF,1989-08-09,0,FIRST SAVINGS BANK,FIRST SVG FINANCIAL GROUP INC,51450.0,3,16,0,0,FED,2025-09-30,3908929.0,4,IN,0,0,47130
NM,1.0,29966,CADIZ,55.0,0.0,2022-08-31,0.0,55.0,0.0,0.0,1898-01-01,9,9,4,COLUMBUS,29966_20250930,DIF,1989-08-09,1,THE EQUITABLE SAVINGS AND LOAN COMPANY,Unknown,251.0,3,1,0,0,FDIC,2025-09-30,0.0,5,OH,0,0,43907
SL,1.0,29975,URBANA,2183.0,0.0,2022-08-31,0.0,2270.0,217.0,87.0,1892-01-01,9,9,4,COLUMBUS,29975_20250930,DIF,1989-08-09,1,THE PEOPLES SAVINGS BANK,Unknown,4332.0,3,2,0,0,FDIC,2025-09-30,0.0,5,OH,0,0,43078
SL,1.0,29980,BRIDGEVIEW,636.0,0.0,2025-04-07,0.0,636.0,200.0,0.0,1914-01-01,9,9,7,CHICAGO,29980_20250930,DIF,1989-08-09,0,MIDLAND FEDERAL SAVINGS AND LOAN ASSOCIATION,MIDLAND CAPITAL HOLDINGS CORP,3080.0,3,4,0,0,OCC,2025-09-30,2693992.0,7,IL,0,1,60455
SL,1.0,29988,LEAVENWORTH,4095.0,0.0,2022-08-31,0.0,5237.0,140.0,1142.0,1888-01-01,11,11,10,KANSAS CITY,29988_20250930,DIF,1989-08-09,1,MUTUAL SAVINGS ASSOCIATION,Unknown,9941.0,4,6,0,0,FDIC,2025-09-30,0.0,4,KS,0,0,66048
SI,1.0,29995,PHOENIXVILLE,6094.0,0.0,2022-08-31,0.0,7281.0,-330.0,1187.0,1911-01-01,2,2,3,PHILADELPHIA,29995_20250930,DIF,1989-08-09,1,PHOENIXVILLE FEDERAL BANK AND TRUST,Unknown,13790.0,1,7,0,0,FDIC,2025-09-30,0.0,4,PA,0,1,19460
SB,0.0,30012,CLEVELAND,230899.0,0.0,2022-08-31,0.0,358343.0,4000.0,127444.0,1938-08-04,9,9,4,COLUMBUS,30012_20250930,DIF,1989-08-09,0,THIRD FEDERAL SAVINGS AND LOAN ASSOCIATION OF CLEVELAND,THIRD FS&LA OF CLEVELAND MHC,219727.0,3,37,0,0,OCC,2025-09-30,3828036.0,5,OH,0,0,44105
SI,1.0,30031,HUNTINGDON,327.0,0.0,2022-08-31,0.0,327.0,0.0,0.0,1923-01-01,2,2,3,WEXFORD,30031_20250930,DIF,1998-11-01,1,HUNTINGDON SAVINGS BANK,Unknown,298.0,1,1,0,0,FDIC,2025-09-30,0.0,5,PA,0,0,16652
SI,1.0,30039,HOBOKEN,21146.0,0.0,2022-08-31,16.0,22363.0,235.0,1201.0,1938-01-01,2,2,2,JAMESBURG,30039_20250930,DIF,1989-08-09,0,HAVEN SAVINGS BANK,HAVEN BCORP MHC,9350.0,1,9,0,0,FDIC,2025-09-30,3948439.0,4,NJ,0,0,07030
SI,1.0,30043,BEARDSTOWN,820.0,0.0,2022-08-31,0.0,965.0,-115.0,145.0,1911-01-01,9,9,7,SPRINGFIELD IL,30043_20250930,DIF,1989-08-09,1,BEARDSTOWN SAVINGS S.B.,Unknown,1693.0,3,2,0,0,FDIC,2025-09-30,0.0,5,IL,0,0,62618
SI,1.0,30052,RUTHERFORD,27271.0,0.0,2022-06-30,0.0,36191.0,1253.0,8920.0,1939-04-10,2,2,2,JAMESBURG,30052_20250930,DIF,1989-08-09,0,BLUE FOUNDRY BANK,BLUE FOUNDRY BCORP,34200.0,1,21,0,0,FDIC,2025-09-30,5650781.0,4,NJ,0,0,07070
SB,1.0,30058,GREENSBURG,1498.0,0.0,2022-08-31,0.0,1498.0,0.0,0.0,1883-01-01,9,9,7,INDIANAPOLIS,30058_20250930,DIF,1989-08-09,1,FIRST FEDERAL SAVINGS AND LOAN ASSOCIATION OF GREENSBURG,Unknown,2742.0,3,3,0,0,OCC,2025-09-30,0.0,5,IN,0,0,47240
SL,1.0,30065,MONTICELLO,338.0,0.0,2022-08-31,0.0,648.0,0.0,310.0,1899-01-01,9,9,7,INDIANAPOLIS,30065_20250930,DIF,1989-08-09,1,"PEOPLES COMMUNITY BANK SB OF MONTICELLO, INDIANA",Unknown,1158.0,3,1,0,0,FDIC,2025-09-30,0.0,5,IN,0,0,47960
SM,1.0,30067,CLARINDA,685.0,0.0,2024-06-30,0.0,698.0,-76.0,13.0,1897-01-01,11,11,7,OMAHA,30067_20250930,DIF,1989-08-09,0,CORNERSTONE BANK,Unknown,1182.0,4,1,0,0,FED,2025-09-30,0.0,8,IA,0,0,51632
SI,1.0,30072,KEARNY,2137.0,0.0,2022-08-31,0.0,2323.0,0.0,186.0,1924-01-01,2,2,2,JAMESBURG,30072_20250930,DIF,1989-08-09,1,SCHUYLER SAVINGS BANK,Unknown,2333.0,1,2,0,0,FDIC,2025-09-30,0.0,5,NJ,0,0,07032
SL,1.0,30076,ELMWOOD PARK,61084.0,0.0,2022-08-31,0.0,71122.0,0.0,10038.0,1939-09-19,2,2,2,JAMESBURG,30076_20250930,DIF,1989-08-09,1,"SPENCER SAVINGS BANK, SLA",Unknown,67284.0,1,28,0,0,FDIC,2025-09-30,0.0,4,NJ,0,0,07407
NM,1.0,30084,CELINA,1384.0,0.0,2023-07-26,0.0,1945.0,71.0,561.0,1888-01-01,9,9,4,COLUMBUS,30084_20250930,DIF,1989-08-09,0,MERCER SAVINGS BANK,MERCER BCORP INC,5244.0,3,4,0,0,FDIC,2025-09-30,5838365.0,2,OH,0,0,45822
SI,1.0,30085,COATESVILLE,7675.0,0.0,2022-08-31,0.0,8782.0,96.0,1107.0,1919-01-01,2,2,3,PHILADELPHIA,30085_20250930,DIF,1989-08-09,0,PRESENCE BANK,PB BANKSHARES INC,9597.0,1,4,0,0,FDIC,2025-09-30,5587168.0,4,PA,0,0,19320
SI,1.0,30103,WILLIAMSTOWN,1317.0,0.0,2022-08-31,0.0,1574.0,168.0,257.0,1870-01-01,2,2,3,JAMESBURG,30103_20250930,DIF,1989-08-09,1,MONROE SAVINGS BANK,Unknown,2847.0,1,2,0,0,FDIC,2025-09-30,0.0,5,NJ,0,0,08094
SB,1.0,30111,SENECA,7627.0,0.0,2024-01-31,1.0,8889.0,173.0,1261.0,1924-02-14,5,5,5,COLUMBIA SC,30111_20250930,DIF,1989-08-09,0,OCONEE FEDERAL SAVINGS AND LOAN ASSOCIATION,OCONEE FEDERAL MHC,12466.0,1,8,0,0,OCC,2025-09-30,4234054.0,5,SC,0,0,29678
SI,1.0,30117,ALTOONA,7118.0,0.0,2025-03-26,842.0,8616.0,2061.0,656.0,1939-01-01,2,2,3,WEXFORD,30117_20250930,DIF,1989-08-09,0,RELIANCE SAVINGS BANK,RELIANCE BCORP MHC,14533.0,1,8,0,0,FDIC,2025-09-30,3788783.0,4,PA,0,0,16601
SI,1.0,30119,ALTOONA,1843.0,0.0,2022-10-14,0.0,2074.0,0.0,231.0,1939-01-01,2,2,3,WEXFORD,30119_20250930,DIF,1989-08-09,1,PENNCREST BANK,Unknown,4810.0,1,8,0,0,FDIC,2025-09-30,0.0,5,PA,0,0,16601
SI,1.0,30121,ALTOONA,853.0,0.0,2022-08-31,0.0,1041.0,1.0,188.0,1939-01-01,2,2,3,WEXFORD,30121_20250930,DIF,1989-08-09,1,INVESTMENT SAVINGS BANK,Unknown,1773.0,1,2,0,0,FDIC,2025-09-30,0.0,5,PA,0,0,16602
SI,1.0,30128,BOONVILLE,1073.0,0.0,2022-08-31,0.0,1433.0,87.0,360.0,1917-01-01,9,9,8,INDIANAPOLIS,30128_20250930,DIF,1989-08-09,1,BOONVILLE FEDERAL SAVINGS BANK,Unknown,1611.0,3,1,0,0,FDIC,2025-09-30,0.0,5,IN,0,1,47601
SB,1.0,30150,LEAVENWORTH,1625.0,0.0,2022-08-31,0.0,1903.0,35.0,278.0,1884-01-01,11,11,10,KANSAS CITY,30150_20250930,DIF,1989-08-09,1,CITIZENS FEDERAL SAVINGS BANK,Unknown,3682.0,4,3,0,0,OCC,2025-09-30,0.0,5,KS,0,0,66048
SI,1.0,30152,MILFORD,509.0,0.0,2022-08-31,0.0,509.0,24.0,0.0,1883-01-01,9,9,7,CHAMPAIGN,30152_20250930,DIF,1989-08-09,1,MILFORD BUILDING AND LOAN ASSOCIATION,Unknown,483.0,3,1,0,0,FDIC,2025-09-30,0.0,5,IL,0,0,60953
SI,1.0,30154,SEWICKLEY,4949.0,0.0,2022-08-31,0.0,5456.0,29.0,507.0,1884-01-01,2,2,4,WEXFORD,30154_20250930,DIF,1989-08-09,1,SEWICKLEY SAVINGS BANK,Unknown,4953.0,1,3,0,0,FDIC,2025-09-30,0.0,7,PA,0,0,15143
SB,1.0,30155,HATBORO,9150.0,0.0,2022-08-31,0.0,9150.0,366.0,0.0,1941-06-30,2,2,3,PHILADELPHIA,30155_20250930,DIF,1989-08-09,1,"HATBORO FEDERAL SAVINGS, FA",Unknown,10141.0,1,4,0,0,OCC,2025-09-30,0.0,5,PA,0,0,19040
NM,1.0,30166,CULLMAN,1063.0,0.0,2022-08-31,0.0,1302.0,0.0,239.0,1905-01-01,5,5,6,SHELBY,30166_20250930,DIF,1989-08-09,0,FIRST COMMUNITY BANK OF CULLMAN,SOUTHERN CMTY BANCSHARES EMPLOYEE STK OWNERSHIP PLAN,2477.0,5,2,0,0,FDIC,2025-09-30,4565721.0,4,AL,0,0,35055
SB,1.0,30167,CULLMAN,3720.0,0.0,2022-12-19,0.0,5348.0,48.0,1628.0,1937-01-01,5,5,6,SHELBY,30167_20250930,DIF,1989-08-09,0,CULLMAN SAVINGS BANK,CULLMAN BCORP INC,11795.0,5,5,0,0,OCC,2025-09-30,4096494.0,4,AL,0,0,35055
NM,1.0,30176,WAPAKONETA,392.0,0.0,2022-08-31,0.0,495.0,7.0,103.0,1941-11-24,9,9,4,COLUMBUS,30176_20250930,DIF,1989-08-09,1,HOME SAVINGS BANK OF WAPAKONETA,Unknown,1068.0,3,1,0,0,FDIC,2025-09-30,0.0,5,OH,0,0,45895
SM,1.0,3017,FLAGLER,6101.0,0.0,2022-08-31,0.0,6252.0,626.0,151.0,1908-01-01,13,13,10,DENVER,3017_20250930,DIF,1934-01-01,0,HIGH PLAINS BANK,HIGH PLAINS BANKING GROUP INC,13997.0,4,6,0,0,FED,2025-09-30,1062760.0,4,CO,1,0,80815
SM,1.0,30182,HELENA,21062.0,0.0,2022-08-31,0.0,25291.0,1142.0,4229.0,1922-01-01,14,14,9,BILLINGS,30182_20250930,DIF,1989-08-09,0,OPPORTUNITY BANK OF MONTANA,EAGLE BCORP MONTANA INC,56195.0,4,30,0,0,FED,2025-09-30,4126609.0,4,MT,0,0,59601
SI,1.0,30183,MILLVILLE,1041.0,0.0,2022-08-31,0.0,1041.0,60.0,0.0,1941-12-01,2,2,3,JAMESBURG,30183_20250930,DIF,1989-08-09,1,MILLVILLE SAVINGS BANK,Unknown,3461.0,1,2,0,0,FDIC,2025-09-30,0.0,8,NJ,0,0,08332
N,1.0,3018,FLEMING,501.0,0.0,2022-08-31,0.0,505.0,5.0,4.0,1917-01-01,13,13,10,DENVER,3018_20250930,DIF,1934-01-01,0,THE FIRST NATIONAL BANK OF FLEMING,FLEMING COMMUNITY AGENCY INC,836.0,4,1,0,0,OCC,2025-09-30,2561167.0,2,CO,0,0,80728
NM,1.0,3019,FLORENCE,1320.0,0.0,2022-08-31,0.0,1329.0,154.0,9.0,1900-05-31,13,13,10,DENVER,3019_20250930,DIF,1934-01-01,0,ROCKY MOUNTAIN BANK & TRUST,FIRST FLO CORP,3422.0,4,2,0,0,FDIC,2025-09-30,1067233.0,4,CO,0,1,81226
NM,1.0,30219,KENT,2790.0,0.0,2022-08-31,5.0,3138.0,78.0,343.0,1898-01-01,9,9,4,COLUMBUS,30219_20250930,DIF,1989-08-09,0,HOMETOWN BANK,HOMETOWN BCORP INC,5831.0,3,5,0,0,FDIC,2025-09-30,3311202.0,4,OH,0,0,44240
N,1.0,30220,CHESTER,1125.0,0.0,2022-08-31,0.0,1125.0,0.0,0.0,1919-01-01,9,9,8,MOUNT VERNON,30220_20250930,DIF,1989-08-09,0,CHESTER NATIONAL BANK,CHESTER BCORP INC,2259.0,3,3,0,0,OCC,2025-09-30,2434104.0,8,IL,0,0,62233
SI,1.0,30260,MIDDLE VILLAGE,4977.0,0.0,2022-08-31,0.0,4977.0,13.0,0.0,1888-01-01,2,2,2,NEW YORK CITY,30260_20250930,DIF,1989-08-09,1,CROSS COUNTY SAVINGS BANK,Unknown,13778.0,1,6,0,0,FDIC,2025-09-30,0.0,5,NY,0,0,11379
SI,1.0,30270,BOGALUSA,4715.0,0.0,2022-08-31,0.0,4715.0,240.0,0.0,1945-01-01,13,13,6,BATON ROUGE,30270_20250930,DIF,1989-08-09,1,CITIZENS SAVINGS BANK,Unknown,10062.0,5,5,0,0,FDIC,2025-09-30,0.0,8,LA,0,0,70427
SI,1.0,30291,LITTLEFIELD,863.0,0.0,2022-08-31,0.0,863.0,23.0,0.0,1946-06-01,13,13,11,LUBBOCK,30291_20250930,DIF,1989-08-09,0,"FIRST FEDERAL BANK LITTLEFIELD, TEXAS",Unknown,2084.0,5,1,0,0,FDIC,2025-09-30,0.0,2,TX,0,0,79339
N,1.0,3029,HUGO,1255.0,0.0,2022-08-31,1.0,1256.0,0.0,0.0,1903-11-16,13,13,10,DENVER,3029_20250930,DIF,1934-01-01,0,THE FIRST NATIONAL BANK OF HUGO,FIRST LIBERTY CAPITAL EMPLOYEE STK OWNERSHIP PLAN,2936.0,4,3,0,0,OCC,2025-09-30,1998702.0,2,CO,1,1,80821
SB,1.0,30303,MASPETH,19747.0,0.0,2022-08-31,0.0,19747.0,217.0,0.0,1947-01-01,2,2,2,NEW YORK CITY,30303_20250930,DIF,1989-08-09,1,MASPETH FEDERAL SAVINGS AND LOAN ASSOCIATION,Unknown,55797.0,1,7,0,0,OCC,2025-09-30,0.0,4,NY,0,0,11378
SI,1.0,30313,KAUKAUNA,3804.0,0.0,2022-08-31,0.0,4935.0,142.0,1131.0,1887-01-01,9,9,7,APPLETON,30313_20250930,DIF,1989-08-09,0,EAST WISCONSIN SAVINGS BANK,EWSB BCORP INC,3285.0,3,4,0,0,FDIC,2025-09-30,5930559.0,5,WI,0,0,54130
SB,1.0,30315,LINCOLNTON,5722.0,0.0,2022-08-31,0.0,6151.0,0.0,429.0,1940-01-01,5,5,5,CHARLOTTE,30315_20250930,DIF,1989-08-09,1,FIRST FEDERAL SAVINGS BANK OF LINCOLNTON,Unknown,10188.0,1,4,0,0,OCC,2025-09-30,0.0,5,NC,0,0,28092
NM,1.0,3031,WINDSOR,8191.0,0.0,2022-08-31,39.0,9014.0,600.0,784.0,1906-01-01,13,11,10,DENVER,3031_20250930,DIF,1934-01-01,0,POINTS WEST COMMUNITY BANK,FIRST NEBRASKA BANCS INC,21034.0,4,21,0,0,FDIC,2025-09-30,1051081.0,2,CO,1,0,80550
SI,1.0,30332,ABBEVILLE,953.0,0.0,2022-08-31,0.0,953.0,-68.0,0.0,1890-01-01,13,13,6,BATON ROUGE,30332_20250930,DIF,1989-08-09,1,ABBEVILLE BUILDING & LOAN (A STATE-CHARTERED SAVINGS BANK),Unknown,1540.0,5,1,0,0,FDIC,2025-09-30,0.0,8,LA,0,0,70510
SB,1.0,30339,DERIDDER,1012.0,0.0,2024-07-25,0.0,1182.0,23.0,170.0,1948-06-23,13,13,6,SHREVEPORT,30339_20250930,DIF,1989-08-09,0,BEAUREGARD FEDERAL SAVINGS BANK,HOMELAND BANCSHARES INC,2754.0,5,2,0,0,OCC,2025-09-30,3816547.0,4,LA,1,0,70634
N,1.0,3034,LAS ANIMAS,5750.0,0.0,2023-01-01,263.0,6630.0,90.0,617.0,1901-01-01,13,13,10,DENVER,3034_20250930,DIF,1934-01-01,0,FIRST NATIONAL BANK COLORADO,FIRST BANKSHARES LAS ANIMAS,17900.0,4,7,0,0,OCC,2025-09-30,1064027.0,2,CO,1,1,81054
SB,1.0,30350,BENNINGTON,6394.0,0.0,2022-08-31,0.0,8426.0,105.0,2032.0,1917-01-01,2,2,1,WINDSOR,30350_20250930,DIF,1989-08-09,0,THE BANK OF BENNINGTON,COMMUNITY FINANCIAL MHC,12275.0,1,5,0,0,OCC,2025-09-30,3846003.0,5,VT,0,0,05201
SI,1.0,30357,STREATOR,1446.0,0.0,2022-08-31,0.0,1582.0,24.0,136.0,1894-01-01,9,9,7,PRINCETON,30357_20250930,DIF,1989-08-09,1,STREATOR HOME SAVINGS BANK,Unknown,1527.0,3,1,0,0,FDIC,2025-09-30,0.0,7,IL,0,0,61364
SB,1.0,30358,MEBANE,1186.0,0.0,2022-08-31,0.0,1186.0,0.0,0.0,1909-01-01,5,5,5,RALEIGH,30358_20250930,DIF,1989-08-09,1,FIRST SAVINGS AND LOAN ASSOCIATION,Unknown,773.0,1,1,0,0,OCC,2025-09-30,0.0,5,NC,0,0,27302
SI,1.0,30367,SEA ISLE CITY,1756.0,0.0,2022-08-31,0.0,3203.0,81.0,1447.0,1882-01-01,2,2,3,JAMESBURG,30367_20250930,DIF,1989-08-09,0,1ST BANK OF SEA ISLE CITY,SEA ISLE FINANCIAL CORP MHC,7011.0,1,3,0,0,FDIC,2025-09-30,3848427.0,5,NJ,0,0,08243
NM,1.0,30387,SANTURCE,179104.0,1218.0,2025-05-21,7.0,192511.0,62990.0,12182.0,1949-01-17,2,2,2,SAN JUAN,30387_20250930,DIF,1989-08-09,0,FIRSTBANK PUERTO RICO,FIRST BCORP,645487.0,1,11,64,0,FDIC,2025-09-30,2744894.0,4,PR,0,1,00909
SL,1.0,30388,GUNNISON,1199.0,0.0,2022-08-31,0.0,1351.0,0.0,152.0,1911-01-01,13,13,10,DENVER,30388_20250930,DIF,1989-08-09,1,GUNNISON SAVINGS AND LOAN ASSOCIATION,Unknown,1578.0,4,1,0,0,FDIC,2025-09-30,0.0,5,CO,0,0,81230
SB,1.0,30394,NEW YORK,9712.0,0.0,2022-08-31,0.0,9873.0,335.0,161.0,1948-01-01,2,2,2,NEW YORK CITY,30394_20250930,DIF,1989-08-09,0,CARVER FEDERAL SAVINGS BANK,CARVER BCORP INC,16636.0,1,7,0,0,OCC,2025-09-30,2531245.0,4,NY,0,0,10027
SB,1.0,30395,TECUMSEH,562.0,0.0,2024-06-30,0.0,824.0,0.0,262.0,1904-01-01,11,11,10,OMAHA,30395_20250930,DIF,1989-08-09,1,TECUMSEH FEDERAL BANK,Unknown,814.0,4,1,0,0,OCC,2025-09-30,0.0,2,NE,0,0,68450
SB,1.0,30397,SYRACUSE,11001.0,0.0,2022-08-31,0.0,13137.0,91.0,2136.0,1948-01-01,2,2,2,SYRACUSE,30397_20250930,DIF,1989-08-09,1,GEDDES FEDERAL SAVINGS AND LOAN ASSOCIATION,Unknown,7365.0,1,1,0,0,OCC,2025-09-30,0.0,5,NY,0,0,13219
NM,1.0,303,WHITLEY CITY,5283.0,0.0,2022-08-31,75.0,5549.0,734.0,191.0,1906-01-01,9,9,4,LEXINGTON,303_20250930,DIF,1934-01-01,0,UNITED CUMBERLAND BANK,MCCREARY BANCSHARES INC,13158.0,3,7,0,0,FDIC,2025-09-30,1071342.0,4,KY,1,0,42653
SI,1.0,30401,DOYLESTOWN,42401.0,0.0,2022-08-31,0.0,51299.0,5007.0,8898.0,1922-01-01,2,2,3,PHILADELPHIA,30401_20250930,DIF,1989-08-09,0,PENN COMMUNITY BANK,PENN CMTY MUTUAL HOLDINGS INC,49920.0,1,22,0,0,FDIC,2025-09-30,3200463.0,4,PA,0,1,18902
SI,1.0,30402,PILESGROVE,2209.0,0.0,2022-08-31,0.0,2209.0,100.0,0.0,1861-01-01,2,2,3,JAMESBURG,30402_20250930,DIF,1989-08-09,1,FRANKLIN BANK,Unknown,8194.0,1,8,0,0,FDIC,2025-09-30,0.0,5,NJ,0,0,08098
SB,1.0,30422,WAUKESHA,2733.0,0.0,2023-04-13,0.0,2748.0,-80.0,15.0,1922-01-01,9,9,7,MILWAUKEE,30422_20250930,DIF,1989-08-09,0,FIRST FEDERAL BANK OF WISCONSIN,FFBW INC,8394.0,3,7,0,0,OCC,2025-09-30,5426847.0,4,WI,0,0,53186
SI,1.0,30428,VINELAND,2593.0,0.0,2022-08-31,0.0,4420.0,268.0,1827.0,1865-01-01,2,2,3,JAMESBURG,30428_20250930,DIF,1953-10-05,0,CENTURY SAVINGS BANK,CENTURY BCORP MHC,13867.0,1,6,0,0,FDIC,2025-09-30,2560508.0,4,NJ,0,0,08360
SB,1.0,30429,MASSENA,2926.0,0.0,2022-08-31,0.0,3349.0,33.0,423.0,1924-01-01,2,2,2,SYRACUSE,30429_20250930,DIF,1989-08-09,1,MASSENA SAVINGS AND LOAN,Unknown,4474.0,1,2,0,0,OCC,2025-09-30,0.0,5,NY,0,0,13662
SI,1.0,30431,PITTSBURGH,5628.0,0.0,2022-08-31,0.0,6308.0,538.0,680.0,1922-01-01,2,2,4,WEXFORD,30431_20250930,DIF,1989-08-09,0,SSB BANK,SSB BCORP MHC,7153.0,1,2,0,0,FDIC,2025-09-30,5161335.0,4,PA,0,0,15237
SI,1.0,30434,MORGANTON,550.0,0.0,2022-08-31,0.0,706.0,0.0,156.0,1903-01-01,5,5,5,CHARLOTTE,30434_20250930,DIF,1989-08-09,1,"MORGANTON SAVINGS BANK, S.S.B.",Unknown,2683.0,1,1,0,0,FDIC,2025-09-30,0.0,8,NC,0,0,28655
SL,1.0,30441,LAKE CHARLES,14697.0,0.0,2022-08-31,0.0,15035.0,1102.0,338.0,1949-10-31,13,13,6,SHREVEPORT,30441_20250930,DIF,1989-08-09,0,FIRST FEDERAL BANK OF LOUISIANA,Unknown,21401.0,5,16,0,0,OCC,2025-09-30,0.0,4,LA,0,0,70601
SL,1.0,30447,RAYNE,783.0,0.0,2022-08-31,0.0,784.0,-41.0,1.0,1900-01-01,13,13,6,BATON ROUGE,30447_20250930,DIF,1989-08-09,1,RAYNE BUILDING AND LOAN ASSOCIATION,Unknown,923.0,5,1,0,0,FDIC,2025-09-30,0.0,5,LA,0,0,70578
SI,1.0,30470,MANASQUAN,48266.0,0.0,2022-08-31,118.0,52404.0,266.0,4020.0,1874-01-01,2,2,2,JAMESBURG,30470_20250930,DIF,1989-08-09,0,MANASQUAN BANK,MB MUTUAL HOLDING CO,70952.0,1,15,0,0,FDIC,2025-09-30,2589714.0,4,NJ,0,0,08736
NM,1.0,304,CLINTON,875.0,0.0,2022-08-31,0.0,881.0,44.0,6.0,1887-09-01,9,9,8,MOUNT VERNON,304_20250930,DIF,1934-01-01,0,CLINTON BANK,CLINTON BCORP INC,1778.0,3,1,0,0,FDIC,2025-09-30,2266387.0,2,KY,0,1,42031
SI,1.0,30516,TOMAHAWK,1507.0,0.0,2022-08-31,0.0,1526.0,23.0,19.0,1920-01-01,9,9,9,APPLETON,30516_20250930,DIF,1989-08-09,0,CROSSBRIDGE COMMUNITY BANK,CROSSBRIDGE MUTUAL HOLDING CO,6113.0,3,2,0,0,FDIC,2025-09-30,3823965.0,4,WI,0,0,54487
NM,1.0,30530,DUNKIRK,8751.0,0.0,2025-07-18,0.0,9004.0,-221.0,253.0,1891-01-01,2,2,2,SYRACUSE,30530_20250930,DIF,1989-08-09,0,LAKE SHORE BANK,LAKE SHORE BCORP INC,17982.0,1,11,0,0,FDIC,2025-09-30,3793086.0,4,NY,0,0,14048
SI,1.0,30544,ERIE,15838.0,0.0,2022-08-31,0.0,21818.0,694.0,5980.0,1908-01-01,2,2,4,WEXFORD,30544_20250930,DIF,1989-08-09,1,MARQUETTE SAVINGS BANK,Unknown,23391.0,1,11,0,0,FDIC,2025-09-30,0.0,5,PA,0,0,16501
SB,1.0,30551,LATROBE,2266.0,0.0,2022-08-31,0.0,2266.0,0.0,0.0,1952-03-12,2,2,4,WEXFORD,30551_20250930,DIF,1989-08-09,1,WESTMORELAND FEDERAL SAVINGS AND LOAN ASSOCIATION,Unknown,2469.0,1,1,0,0,OCC,2025-09-30,0.0,5,PA,0,0,15650
SI,1.0,30585,MAYVILLE,835.0,0.0,2022-08-31,0.0,835.0,0.0,0.0,1922-01-01,9,9,7,MILWAUKEE,30585_20250930,DIF,1989-08-09,1,MAYVILLE SAVINGS BANK,Unknown,1936.0,3,1,0,0,FDIC,2025-09-30,0.0,8,WI,0,0,53050
SM,1.0,30595,HANNIBAL,2156.0,0.0,2022-08-31,0.0,2156.0,10.0,0.0,1886-01-01,11,11,8,ST. LOUIS,30595_20250930,DIF,1989-08-09,0,F&M BANK AND TRUST COMPANY,FARMERS&MERCHANTS BCORP INC,4155.0,4,3,0,0,FED,2025-09-30,2737823.0,4,MO,0,1,63401
SI,1.0,30619,ABBEVILLE,1158.0,0.0,2022-08-31,0.0,1470.0,38.0,312.0,1907-01-01,5,5,5,COLUMBIA SC,30619_20250930,DIF,1989-08-09,1,"ABBEVILLE FIRST BANK, SSB",Unknown,3427.0,1,2,0,0,FDIC,2025-09-30,0.0,5,SC,0,0,29620
SI,1.0,30637,GREENVILLE,4182.0,0.0,2022-08-31,0.0,5504.0,63.0,1322.0,1911-01-01,2,2,4,WEXFORD,30637_20250930,DIF,1989-08-09,1,GREENVILLE SAVINGS BANK,Unknown,5654.0,1,3,0,0,FDIC,2025-09-30,0.0,5,PA,0,0,16125
N,1.0,3063,WRAY,2944.0,0.0,2022-08-31,102.0,3190.0,0.0,144.0,1902-07-01,13,13,10,DENVER,3063_20250930,DIF,1934-01-01,0,FIRST PIONEER NATIONAL BANK,FIRST PIONEER BANK CORP,4670.0,4,2,0,0,OCC,2025-09-30,1062528.0,2,CO,0,0,80758
SI,1.0,30656,RED BUD,667.0,0.0,2022-08-31,0.0,668.0,8.0,1.0,1887-01-01,9,9,8,MOUNT VERNON,30656_20250930,DIF,1989-08-09,1,NORTH COUNTY SAVINGS BANK,Unknown,910.0,3,3,0,0,FDIC,2025-09-30,0.0,8,IL,0,0,62278
SM,1.0,3066,ABILENE,148716.0,0.0,2024-04-23,848.0,150518.0,31094.0,954.0,1889-01-01,13,13,11,DALLAS,3066_20250930,DIF,1934-01-01,0,FIRST FINANCIAL BANK,FIRST FINANCIAL BANKSHARES INC,368320.0,5,83,0,0,FED,2025-09-30,1102312.0,4,TX,0,1,79601
N,1.0,3067,ALBANY,16389.0,0.0,2023-05-01,1.0,16641.0,250.0,251.0,1883-01-01,13,13,11,DALLAS,3067_20250930,DIF,1934-01-01,0,"CLEAR FORK BANK, NATIONAL ASSOCIATION",ALBANY BANCSHARES INC,31199.0,5,6,0,0,OCC,2025-09-30,1246926.0,4,TX,1,1,76430
SB,1.0,30680,SALISBURY,5524.0,0.0,2022-08-31,0.0,5657.0,19.0,133.0,1953-12-18,2,2,5,BALTIMORE,30680_20250930,DIF,1989-08-09,1,FIRST SHORE FEDERAL SAVINGS AND LOAN ASSOCIATION,Unknown,8409.0,1,7,0,0,OCC,2025-09-30,0.0,5,MD,0,0,21801
NM,1.0,30688,MASON,1575.0,0.0,2022-08-31,0.0,1903.0,9.0,328.0,1909-01-01,9,9,4,COLUMBUS,30688_20250930,DIF,1989-08-09,1,PEOPLES FIRST SAVINGS BANK,Unknown,2582.0,3,2,0,0,FDIC,2025-09-30,0.0,5,OH,0,0,45040
NM,1.0,30692,HAGATNA,9.0,1.0,2023-11-18,0.0,10.0,211.0,0.0,1953-01-01,14,14,12,SAN FRANCISCO,30692_20250930,DIF,1989-08-09,0,"BANKPACIFIC, LTD",MARIANAS FINANCE CORP,7108.0,4,0,6,0,FDIC,2025-09-30,3842920.0,8,GU,0,0,96910
NM,1.0,306,ZACHARY,4195.0,0.0,2022-08-31,0.0,4375.0,60.0,180.0,1904-01-01,13,13,6,BATON ROUGE,306_20250930,DIF,1934-01-01,0,BANK OF ZACHARY,ZACHARY BANCSHARES INC,11416.0,5,5,0,0,FDIC,2025-09-30,1086056.0,4,LA,0,0,70791
SI,1.0,30704,NEW BRUNSWICK,16502.0,0.0,2022-08-31,0.0,17420.0,301.0,918.0,1922-01-01,2,2,2,JAMESBURG,30704_20250930,DIF,1989-08-09,0,MAGYAR BANK,MAGYAR BCORP INC,24921.0,1,7,0,0,FDIC,2025-09-30,3382846.0,4,NJ,0,0,08901
SL,1.0,30707,STERLING,1257.0,0.0,2022-08-31,0.0,1616.0,1.0,359.0,1921-01-01,13,13,10,DENVER,30707_20250930,DIF,1989-08-09,0,EQUITABLE SAVINGS AND LOAN ASSOCIATION,FARMERS REALTY CO THE,3877.0,4,10,0,0,FDIC,2025-09-30,3835155.0,5,CO,0,0,80751
SB,1.0,30722,WEST COVINA,5247.0,0.0,2022-08-31,0.0,6246.0,-656.0,999.0,1954-11-17,14,14,12,LOS ANGELES,30722_20250930,DIF,1989-08-09,0,UNIVERSAL BANK,UNIVERSAL FINANCIAL INC,7600.0,4,5,0,0,OCC,2025-09-30,2967835.0,4,CA,0,0,91792
N,1.0,3075,ANDERSON,2101.0,0.0,2022-08-31,0.0,2101.0,60.0,0.0,1904-07-05,13,13,11,HOUSTON,3075_20250930,DIF,1934-01-01,0,THE FIRST NATIONAL BANK OF ANDERSON,FIRST ANDERSON BANCSHARES INC,6340.0,5,2,0,0,OCC,2025-09-30,1108323.0,4,TX,0,0,77830
N,0.0,30776,SIOUX FALLS,4656.0,0.0,2024-08-14,9.0,6591.0,38113.0,1926.0,1954-01-01,11,11,9,SIOUX CITY,30776_20250930,DIF,1989-08-09,0,"PATHWARD, NATIONAL ASSOCIATION",PATHWARD FINANCIAL INC,389131.0,4,1,0,0,OCC,2025-09-30,2390013.0,4,SD,0,0,57108
NM,0.0,30788,KALISPELL,197973.0,0.0,2025-04-30,42550.0,294505.0,35737.0,53982.0,1955-07-15,14,14,9,BILLINGS,30788_20250930,DIF,1989-08-09,0,GLACIER BANK,GLACIER BCORP INC,634937.0,4,230,0,0,FDIC,2025-09-30,2003975.0,4,MT,0,1,59901
N,1.0,3078,ANSON,407.0,0.0,2022-08-31,0.0,407.0,162.0,0.0,1902-01-01,13,13,11,DALLAS,3078_20250930,DIF,1934-01-01,0,THE FIRST NATIONAL BANK OF ANSON,ANSON BANCSHARES INC,3250.0,5,1,0,0,OCC,2025-09-30,1103702.0,8,TX,1,0,79501
N,1.0,3079,ASPERMONT,1400.0,0.0,2017-01-31,0.0,1400.0,45.0,0.0,1901-04-21,13,13,11,LUBBOCK,3079_20250930,DIF,1934-01-01,0,THE FIRST NATIONAL BANK OF ASPERMONT,ASPERMONT BANKSHARES INC,2313.0,5,1,0,0,OCC,2025-09-30,5325212.0,2,TX,1,1,79502
NM,1.0,307,CLINTON,2518.0,0.0,2022-08-31,0.0,2518.0,222.0,0.0,1897-11-01,13,13,6,BATON ROUGE,307_20250930,DIF,1934-01-01,0,LANDMARK BANK,CLINTON BANCSHARES INC,6725.0,5,5,0,0,FDIC,2025-09-30,1085460.0,4,LA,0,0,70722
SB,1.0,30812,PASCAGOULA,5154.0,0.0,2022-08-31,1.0,7590.0,0.0,2435.0,1955-10-28,13,13,6,JACKSON MS,30812_20250930,DIF,1989-08-09,1,FIRST FEDERAL SAVINGS AND LOAN ASSOCIATION,Unknown,6297.0,5,6,0,0,OCC,2025-09-30,0.0,5,MS,0,0,39567
SI,1.0,30819,SALEM,3217.0,0.0,2024-11-29,168.0,3965.0,105.0,580.0,1910-01-01,9,9,8,MOUNT VERNON,30819_20250930,DIF,1956-08-27,1,COMMUNITY PARTNERS SAVINGS BANK,Unknown,6164.0,3,6,0,0,FDIC,2025-09-30,0.0,8,IL,0,0,62881
SL,1.0,30878,BAR HARBOR,1848.0,0.0,2024-11-17,0.0,2272.0,82.0,424.0,1902-01-01,2,2,1,CONCORD,30878_20250930,DIF,1989-08-09,1,BAR HARBOR SAVINGS AND LOAN ASSOCIATION,Unknown,1073.0,1,1,0,0,FDIC,2025-09-30,0.0,5,ME,0,0,04609
SB,1.0,30879,RIVERSIDE,8715.0,0.0,2023-11-18,0.0,15651.0,-1181.0,6936.0,1956-07-02,14,14,12,ORANGE,30879_20250930,DIF,1989-08-09,0,"PROVIDENT SAVINGS BANK, F.S.B.",PROVIDENT FINL HOLDINGS INC,27348.0,4,14,0,0,OCC,2025-09-30,3632493.0,4,CA,0,0,92506
N,1.0,3087,BALLINGER,3023.0,0.0,2006-03-31,0.0,3023.0,94.0,0.0,1886-06-29,13,13,11,DALLAS,3087_20250930,DIF,1934-01-01,0,THE FIRST NATIONAL BANK OF BALLINGER,TEXAS COUNTRY BANCSHARES INC,7695.0,5,3,0,0,OCC,2025-09-30,1106990.0,4,TX,1,0,76821
SL,1.0,30889,WEST LIBERTY,1196.0,0.0,2022-08-31,0.0,1816.0,14.0,620.0,1890-01-01,9,9,4,COLUMBUS,30889_20250930,DIF,1989-08-09,1,THE PEOPLES SAVINGS AND LOAN COMPANY,Unknown,2075.0,3,2,0,0,FDIC,2025-09-30,0.0,5,OH,0,0,43357
N,0.0,30895,WICHITA,49562.0,0.0,2022-08-31,0.0,57411.0,3068.0,7849.0,1956-01-01,11,11,10,WICHITA,30895_20250930,DIF,1989-08-09,0,"FIDELITY BANK, NATIONAL ASSOCIATION",FIDELITY FINANCIAL CORP,80594.0,4,17,0,0,OCC,2025-09-30,3223967.0,4,KS,0,0,67202
N,1.0,3091,BASTROP,12321.0,0.0,2022-08-31,0.0,12624.0,1000.0,303.0,1889-08-15,13,13,11,AUSTIN,3091_20250930,DIF,1934-01-01,0,THE FIRST NATIONAL BANK OF BASTROP,BASTROP BANCSHARES INC,27049.0,5,6,0,0,OCC,2025-09-30,2410304.0,4,TX,1,0,78602
N,1.0,30943,WADENA,749.0,0.0,2024-06-30,0.0,749.0,160.0,0.0,1957-03-11,11,11,9,FARGO,30943_20250930,DIF,1989-08-09,0,MID-CENTRAL NATIONAL BANK,JIKO GROUP INC,4094.0,3,3,0,0,OCC,2025-09-30,5306499.0,6,MN,0,0,56482
SB,0.0,30953,PLACERVILLE,15899.0,0.0,2022-08-31,0.0,15899.0,61.0,0.0,1956-01-01,14,14,12,SACRAMENTO,30953_20250930,DIF,1989-08-09,0,"EL DORADO SAVINGS BANK, F.S.B.",Unknown,47966.0,4,35,0,0,OCC,2025-09-30,0.0,5,CA,0,1,95667
SM,1.0,30969,MASCOUTAH,3522.0,0.0,2022-08-31,0.0,3579.0,190.0,57.0,1913-01-01,9,9,8,MOUNT VERNON,30969_20250930,DIF,1989-08-09,1,FIRST FSB OF MASCOUTAH,Unknown,3905.0,3,3,0,0,FED,2025-09-30,0.0,4,IL,0,0,62258
SL,1.0,30976,GOUVERNEUR,1106.0,0.0,2022-09-16,0.0,1117.0,44.0,11.0,1892-01-01,2,2,2,SYRACUSE,30976_20250930,DIF,1989-08-09,0,GOUVERNEUR SAVINGS AND LOAN ASSOCIATION,GOUVERNEUR BCORP INC,5439.0,1,4,0,0,FDIC,2025-09-30,2801014.0,5,NY,0,0,13642
SL,1.0,30987,CHESTER,1372.0,0.0,2022-08-31,0.0,1372.0,0.0,0.0,1893-01-01,5,5,5,COLUMBIA SC,30987_20250930,DIF,1989-08-09,1,SPRATT SAVINGS BANK,Unknown,2922.0,1,2,0,0,FDIC,2025-09-30,0.0,7,SC,0,0,29706
N,1.0,3098,BELLS,5201.0,0.0,2022-08-31,0.0,5201.0,343.0,0.0,1904-01-01,13,13,11,DALLAS,3098_20250930,DIF,1934-01-01,0,"CENDERA BANK, NATIONAL ASSOCIATION",CENDERA FINANCIAL HOLDINGS INC,6873.0,5,3,0,0,OCC,2025-09-30,1104567.0,4,TX,0,0,75414
SB,1.0,30996,EWING,192.0,0.0,2022-08-31,0.0,192.0,42.0,0.0,1912-01-01,2,2,3,JAMESBURG,30996_20250930,DIF,1989-08-09,0,CENLAR FSB,EMPLOYEES STK OWNERSHIP PLAN CENLAR CAPITAL,16545.0,1,1,0,0,OCC,2025-09-30,4439354.0,5,NJ,0,0,08618
NM,1.0,31028,CARVER,5763.0,0.0,2024-09-04,14.0,6125.0,525.0,348.0,1924-01-01,11,11,9,MINNEAPOLIS,31028_20250930,DIF,1989-08-09,0,HOMETOWN BANK,REDWOOD FINANCIAL INC,16137.0,3,11,0,0,FDIC,2025-09-30,3800797.0,4,MN,0,0,55315
N,1.0,3103,BIG SPRING,4673.0,0.0,2022-08-31,0.0,4674.0,1207.0,1.0,1909-03-01,13,13,11,LUBBOCK,3103_20250930,DIF,1934-01-01,0,THE STATE NATIONAL BANK OF BIG SPRING,SNB FINANCIAL INC,10807.0,5,3,0,0,OCC,2025-09-30,1110278.0,7,TX,1,0,79720
NM,1.0,31043,PERRYTON,3193.0,0.0,2022-08-31,0.0,3193.0,640.0,0.0,1957-01-01,13,13,11,LUBBOCK,31043_20250930,DIF,1989-08-09,0,INTERSTATE BANK,ISB HOLDINGS INC,7317.0,5,2,0,0,FDIC,2025-09-30,3130542.0,4,TX,1,0,79070
SB,1.0,31077,DUNN,2557.0,0.0,2022-08-31,0.0,2748.0,189.0,191.0,1958-01-01,5,5,5,RALEIGH,31077_20250930,DIF,1989-08-09,0,FIRST FEDERAL BANK,FIRST FEDERAL FINANCIAL CORP,5861.0,1,7,0,0,OCC,2025-09-30,1253821.0,4,NC,0,0,28334
SL,1.0,31083,JARRETTSVILLE,2737.0,0.0,2022-08-31,0.0,2737.0,20.0,0.0,1876-01-01,2,2,5,BALTIMORE,31083_20250930,DIF,1989-08-09,0,JARRETTSVILLE FEDERAL SAVINGS AND LOAN ASSOCIATION,Unknown,2808.0,1,1,0,0,OCC,2025-09-30,0.0,8,MD,0,0,21084
SB,1.0,31089,PICKENS,1490.0,0.0,2022-08-31,0.0,1626.0,0.0,136.0,1920-01-01,5,5,5,COLUMBIA SC,31089_20250930,DIF,1989-08-09,0,"PICKENS SAVINGS AND LOAN ASSOCIATION, FA",Unknown,2702.0,1,2,0,0,OCC,2025-09-30,0.0,5,SC,0,0,29671
N,1.0,3108,BOWIE,14384.0,0.0,2022-08-31,0.0,14384.0,3403.0,0.0,1890-03-01,13,13,11,DALLAS,3108_20250930,DIF,1934-01-01,0,"LEGEND BANK, N.A.",LEGEND BCORP INC,36309.0,5,15,0,0,OCC,2025-09-30,1416578.0,4,TX,1,0,76230
SB,0.0,31090,PARIS,718.0,0.0,2022-08-31,0.0,941.0,31.0,223.0,1914-01-01,9,9,4,LEXINGTON,31090_20250930,DIF,1989-08-09,0,BLUE GRASS FEDERAL SAVINGS AND LOAN ASSOCIATION,FIRST MUTUAL HOLDING CO,1064.0,3,1,0,0,OCC,2025-09-30,4843090.0,5,KY,0,0,40361
N,1.0,3109,BRADY,1841.0,0.0,2022-08-31,0.0,1845.0,0.0,4.0,1905-07-10,13,13,11,DALLAS,3109_20250930,DIF,1934-01-01,0,THE BRADY NATIONAL BANK,TEXAS COUNTRY BANCSHARES INC,3370.0,5,1,0,0,OCC,2025-09-30,1106990.0,4,TX,1,1,76825
NM,1.0,31100,AIKEN,23201.0,0.0,2022-08-31,280.0,23558.0,-200.0,77.0,1922-01-01,5,5,5,COLUMBIA SC,31100_20250930,DIF,1989-08-09,0,SECURITY FEDERAL BANK,SECURITY FEDERAL CORP,33171.0,1,19,0,0,FDIC,2025-09-30,1253773.0,4,SC,0,1,29801
N,1.0,3110,BRADY,4377.0,0.0,2022-08-31,15.0,5003.0,360.0,611.0,1907-03-11,13,13,11,DALLAS,3110_20250930,DIF,1934-01-01,0,THE COMMERCIAL NATIONAL BANK OF BRADY,COMMERCIAL NATIONAL CORP,16727.0,5,5,0,0,OCC,2025-09-30,1103207.0,4,TX,1,1,76825
SM,1.0,31121,ELKTON,3035.0,0.0,2022-08-31,0.0,3091.0,50.0,56.0,1959-10-07,2,2,5,BALTIMORE,31121_20250930,DIF,1989-08-09,0,CECIL BANK,CECIL BCORP INC,5574.0,1,4,0,0,FED,2025-09-30,3135190.0,4,MD,0,0,21921
SB,1.0,31127,TUSCALOOSA,2993.0,0.0,2022-08-31,0.0,3940.0,0.0,947.0,1959-11-20,5,5,6,SHELBY,31127_20250930,DIF,1989-08-09,0,"FIRST FEDERAL BANK, A FSB",SOUTHEASTERN FINANCIAL INC,2921.0,5,3,0,0,OCC,2025-09-30,3814459.0,5,AL,1,0,35406
N,1.0,3113,BRENHAM,2515.0,0.0,2022-08-31,0.0,2702.0,1225.0,187.0,1933-04-22,13,13,11,AUSTIN,3113_20250930,DIF,1934-01-01,0,THE BRENHAM NATIONAL BANK,BRENHAM BANCSHARES INC,13198.0,5,4,0,0,OCC,2025-09-30,1108789.0,4,TX,1,0,77833
NM,1.0,31146,MCMINNVILLE,7059.0,0.0,2022-08-31,0.0,7059.0,36.0,0.0,1959-01-01,13,13,6,NASHVILLE,31146_20250930,DIF,1989-08-09,0,SECURITY FEDERAL SAVINGS BANK OF MCMINNVILLE,SECURITY BCORP INC,9526.0,5,3,0,0,FDIC,2025-09-30,3842069.0,4,TN,0,1,37110
NM,1.0,31158,COLUMBIA,1792.0,0.0,2022-08-31,0.0,1816.0,50.0,24.0,1960-03-28,13,13,6,JACKSON MS,31158_20250930,DIF,1989-08-09,0,FIRST SOUTHERN BANK,FIRST FEDERAL BCORP,9101.0,5,6,0,0,FDIC,2025-09-30,3394643.0,8,MS,1,0,39429
SB,1.0,31184,CLARKS SUMMIT,3700.0,0.0,2022-08-31,0.0,3704.0,-60.0,4.0,1902-01-01,2,2,3,PHILADELPHIA,31184_20250930,DIF,1989-08-09,1,CITIZENS SAVINGS BANK,Unknown,6352.0,1,6,0,0,OCC,2025-09-30,0.0,5,PA,0,0,18411
SB,1.0,31189,BRONX,49297.0,0.0,2022-08-31,0.0,65013.0,2705.0,15716.0,1960-03-31,2,2,2,NEW YORK CITY,31189_20250930,DIF,1989-08-09,0,PONCE BANK,PONCE FINANCIAL GROUP INC,71691.0,1,14,0,0,OCC,2025-09-30,5653018.0,4,NY,0,0,10462
SB,1.0,31197,HAZARD,1264.0,0.0,2022-08-31,0.0,1606.0,3.0,342.0,1960-07-26,9,9,4,LEXINGTON,31197_20250930,DIF,1989-08-09,0,FIRST FEDERAL SAVINGS AND LOAN ASSOCIATION,FIRST FEDERAL MHC,1496.0,3,1,0,0,OCC,2025-09-30,3824476.0,5,KY,0,0,41701
SB,1.0,31198,GREENEVILLE,2171.0,0.0,2022-08-31,0.0,2534.0,-860.0,363.0,1960-08-02,13,13,6,KNOXVILLE,31198_20250930,DIF,1989-08-09,1,"GREENEVILLE FEDERAL BANK, FSB",Unknown,6287.0,5,3,0,0,OCC,2025-09-30,0.0,4,TN,0,0,37743
SM,1.0,31217,WEST JEFFERSON,6530.0,0.0,2022-08-31,0.0,6530.0,-65.0,0.0,1939-01-01,5,5,5,CHARLOTTE,31217_20250930,DIF,1989-08-09,0,LIFESTORE BANK,ASHECO MHC INC,12083.0,1,4,0,0,FED,2025-09-30,3837542.0,8,NC,0,0,28694
NM,1.0,3121,BURKBURNETT,7587.0,0.0,2022-08-31,0.0,8249.0,968.0,662.0,1907-01-01,13,13,11,DALLAS,3121_20250930,DIF,1934-01-01,0,FIRST BANK,FIRST BURKBURNETT BANCSHARES,23782.0,5,9,0,0,FDIC,2025-09-30,1109544.0,4,TX,1,1,76354
NM,1.0,31223,CORYDON,11095.0,0.0,2021-08-29,0.0,11105.0,794.0,10.0,1891-01-01,9,9,8,INDIANAPOLIS,31223_20250930,DIF,1989-08-09,0,FIRST HARRISON BANK,FIRST CAPITAL INC,30908.0,3,17,0,0,FDIC,2025-09-30,2867458.0,4,IN,0,1,47112
SB,1.0,31232,CROSSVILLE,693.0,0.0,2022-08-31,0.0,693.0,0.0,0.0,1961-02-16,13,13,6,KNOXVILLE,31232_20250930,DIF,1989-08-09,1,HIGHLAND FEDERAL SAVINGS AND LOAN ASSOCIATION,Unknown,1973.0,5,2,0,0,OCC,2025-09-30,0.0,8,TN,0,0,38555
NM,1.0,31236,MIDDLESBORO,7897.0,0.0,2022-08-31,0.0,8382.0,422.0,485.0,1920-01-01,9,9,4,LEXINGTON,31236_20250930,DIF,1989-08-09,0,HEARTHSIDE BANK CORPORATION,HFB FINANCIAL CORP,14199.0,3,7,0,0,FDIC,2025-09-30,3066977.0,4,KY,0,0,40965
SI,1.0,31266,SYLVA,591.0,0.0,2025-09-09,0.0,591.0,0.0,0.0,1955-01-01,5,5,5,CHARLOTTE,31266_20250930,DIF,1989-08-09,1,"JACKSON SAVINGS BANK, SSB",Unknown,577.0,1,1,0,0,FDIC,2025-09-30,0.0,5,NC,0,0,28779
SB,1.0,31267,BALTIMORE,1288.0,0.0,2022-08-31,0.0,1288.0,9.0,0.0,1916-01-01,2,2,5,BALTIMORE,31267_20250930,DIF,1989-08-09,1,HOMEWOOD FEDERAL SAVINGS BANK,Unknown,1341.0,1,1,0,0,OCC,2025-09-30,0.0,4,MD,0,0,21224
N,1.0,3126,CAMERON,10634.0,0.0,2022-08-31,8.0,10757.0,67.0,115.0,1889-08-22,13,13,11,AUSTIN,3126_20250930,DIF,1934-01-01,0,"CLASSIC BANK, NATIONAL ASSOCIATION",CAMERON FINANCIAL CORP,16997.0,5,7,0,0,OCC,2025-09-30,2762384.0,4,TX,1,1,76520
SM,1.0,31272,LEXINGTON,6081.0,0.0,2022-08-31,0.0,6328.0,244.0,247.0,1961-08-04,13,13,8,NASHVILLE,31272_20250930,DIF,1989-08-09,0,COMMUNITY BANK,COMMUNITY NATIONAL CORP,9485.0,5,4,0,0,FED,2025-09-30,2613141.0,4,TN,0,0,38351
N,1.0,3127,CAMERON,8048.0,0.0,2022-08-31,0.0,8048.0,67.0,0.0,1900-07-01,13,13,11,AUSTIN,3127_20250930,DIF,1934-01-01,0,CITIZENS NATIONAL BANK,CENTRAL TEXAS FINANCIAL CORP,15702.0,5,12,0,0,OCC,2025-09-30,3137729.0,4,TX,0,1,76520
SB,0.0,31313,LAKE CITY,44284.0,0.0,2022-08-31,0.0,55132.0,964.0,10848.0,1961-01-01,5,5,6,TAMPA,31313_20250930,DIF,1989-08-09,0,FIRST FEDERAL BANK,FIRST FEDERAL BCORP MHC,86937.0,5,29,0,0,OCC,2025-09-30,3846405.0,9,FL,0,0,32055
SL,1.0,31329,WEST PLAINS,1543.0,0.0,2022-08-31,0.0,1689.0,-9.0,146.0,1919-01-01,11,11,8,SPRINGFIELD MO,31329_20250930,DIF,1989-08-09,1,WEST PLAINS SAVINGS AND LOAN ASSOCIATION,Unknown,1883.0,4,1,0,0,FDIC,2025-09-30,0.0,5,MO,0,0,65775
NM,1.0,3133,CELESTE,562.0,0.0,2022-08-31,0.0,562.0,44.0,0.0,1900-01-01,13,13,11,DALLAS,3133_20250930,DIF,1934-01-01,0,THE FIRST BANK OF CELESTE,METROPLEX NORTH BANCSHARES INC,2227.0,5,1,0,0,FDIC,2025-09-30,1107492.0,7,TX,1,0,75423
SI,1.0,31345,HERTFORD,321.0,0.0,2022-08-31,0.0,321.0,17.0,0.0,1923-01-01,5,5,5,RALEIGH,31345_20250930,DIF,1989-08-09,1,"HERTFORD SAVINGS BANK, SSB",Unknown,380.0,1,1,0,0,FDIC,2025-09-30,0.0,5,NC,0,0,27944
SB,1.0,31361,FORT WORTH,5713.0,0.0,2022-08-31,0.0,9215.0,-7342.0,3502.0,1962-01-01,13,13,11,DALLAS,31361_20250930,DIF,1989-08-09,0,"COLONIAL SAVINGS, F.A.",JED TRUST THE,15688.0,5,7,0,0,OCC,2025-09-30,4264789.0,5,TX,1,1,76102
N,1.0,31390,MAITLAND,12429.0,0.0,2022-08-31,0.0,12821.0,308.0,392.0,1962-01-01,5,5,6,TAMPA,31390_20250930,DIF,1989-08-09,0,"AXIOM BANK, NATIONAL ASSOCIATION",AXIOM BANCSHARES INC,23851.0,5,7,0,0,OCC,2025-09-30,3837962.0,4,FL,0,0,32751
SB,1.0,31406,SAN RAFAEL,3724.0,0.0,2024-08-01,0.0,3878.0,0.0,154.0,1963-07-31,14,14,12,SAN FRANCISCO,31406_20250930,DIF,1989-08-09,1,FIRST FEDERAL SAVINGS AND LOAN ASSOCIATION OF SAN RAFAEL,Unknown,4305.0,4,4,0,0,OCC,2025-09-30,0.0,4,CA,0,0,94901
SB,1.0,31409,MOREHEAD,628.0,0.0,2022-08-31,0.0,688.0,9.0,60.0,1963-08-12,9,9,4,LEXINGTON,31409_20250930,DIF,1989-08-09,1,FIRST FEDERAL SAVINGS AND LOAN ASSOCIATION,Unknown,1077.0,3,1,0,0,OCC,2025-09-30,0.0,4,KY,0,0,40351
NM,1.0,3140,AMARILLO,4599.0,0.0,2022-08-31,0.0,4599.0,90.0,0.0,1904-02-04,13,13,11,LUBBOCK,3140_20250930,DIF,1934-01-01,0,CITIZENS BANK,TRIPLE J FINANCIAL INC,9037.0,5,4,0,0,FDIC,2025-09-30,2952541.0,2,TX,1,0,79110
SL,1.0,31410,WALTERBORO,1028.0,0.0,2022-08-31,0.0,1206.0,-1.0,178.0,1962-01-01,5,5,5,COLUMBIA SC,31410_20250930,DIF,1989-08-09,0,"1ST FEDERAL SAVINGS BANK OF SC, INC.",FIRST CAROLINA BANCSHARES M H C,4404.0,1,2,0,0,FDIC,2025-09-30,3834710.0,5,SC,0,0,29488
N,1.0,3144,COLORADO CITY,6227.0,0.0,2025-08-31,0.0,6826.0,1399.0,599.0,1900-01-01,13,13,11,LUBBOCK,3144_20250930,DIF,1934-01-01,0,THE CITY NATIONAL BANK OF COLORADO CITY,CITY NATIONAL BANCSHARES INC,8488.0,5,4,0,0,OCC,2025-09-30,2215451.0,4,TX,0,1,79512
SI,1.0,31461,HARLEYSVILLE,6851.0,0.0,2022-08-31,124.0,10295.0,16.0,3320.0,1915-01-01,2,2,3,PHILADELPHIA,31461_20250930,DIF,1989-08-09,0,HARLEYSVILLE BANK,HARLEYSVILLE FINANCIAL CORP,21051.0,1,7,0,0,FDIC,2025-09-30,2861492.0,4,PA,0,0,19438
NM,1.0,31469,SAN JUAN,111084.0,0.0,2024-06-30,1816.0,125162.0,75660.0,12262.0,1965-03-25,2,2,2,SAN JUAN,31469_20250930,DIF,1989-08-09,0,ORIENTAL BANK,OFG BCORP,458190.0,1,1,45,0,FDIC,2025-09-30,2490575.0,4,PR,0,1,00918
NM,1.0,31479,FORT PAYNE,1618.0,0.0,2022-08-31,0.0,1618.0,3.0,0.0,1965-05-03,5,5,6,SHELBY,31479_20250930,DIF,1989-08-09,0,FIRST FIDELITY BANK,FBDC FINANCIAL CORP,3944.0,5,3,0,0,FDIC,2025-09-30,3814655.0,8,AL,0,0,35967
SM,1.0,31485,GRAND ISLAND,9154.0,0.0,2024-06-30,17.0,9491.0,1311.0,320.0,1890-01-01,11,11,10,GRAND ISLAND,31485_20250930,DIF,1989-08-09,0,EQUITABLE BANK,EQUITABLE FINANCIAL CORP,12281.0,4,6,0,0,FED,2025-09-30,4841041.0,4,NE,0,0,68801
SM,0.0,31488,SALEM,1312.0,0.0,2022-08-31,0.0,1340.0,307.0,28.0,1965-06-02,11,11,8,SPRINGFIELD MO,31488_20250930,DIF,1989-08-09,0,PROGRESSIVE OZARK BANK,OZARK BCORP INC,6938.0,4,6,0,0,FED,2025-09-30,3832846.0,2,MO,1,1,65560
N,1.0,3149,COOPER,506.0,0.0,2022-08-31,0.0,506.0,0.0,0.0,1891-01-15,13,13,11,DALLAS,3149_20250930,DIF,1934-01-01,0,THE FIRST NATIONAL BANK IN COOPER,COOPER LAKE FINANCIAL CORP,1167.0,5,1,0,0,OCC,2025-09-30,1249280.0,8,TX,0,0,75432
NM,1.0,314,MER ROUGE,464.0,0.0,2022-08-31,0.0,464.0,70.0,0.0,1903-01-01,13,13,11,SHREVEPORT,314_20250930,DIF,1934-01-01,0,THE MER ROUGE STATE BANK,Unknown,1599.0,5,1,0,0,FDIC,2025-09-30,0.0,2,LA,0,0,71261
SB,1.0,31516,ROCHESTER,7424.0,0.0,2022-08-31,0.0,10267.0,189.0,2843.0,1965-01-01,9,9,7,INDIANAPOLIS,31516_20250930,DIF,1989-08-09,0,FIRST FEDERAL SAVINGS BANK,AMERICAN MW FINANCIAL CORP,13915.0,3,6,0,0,OCC,2025-09-30,2389996.0,5,IN,0,1,46975
NM,1.0,31539,WILMINGTON,3768.0,0.0,2022-08-31,0.0,3768.0,0.0,0.0,1890-01-01,9,9,4,COLUMBUS,31539_20250930,DIF,1989-08-09,1,THE WILMINGTON SAVINGS BANK,Unknown,4167.0,3,2,0,0,FDIC,2025-09-30,0.0,5,OH,0,0,45177
NM,1.0,31545,SAVANNAH,1562.0,0.0,2022-08-31,0.0,1563.0,18.0,1.0,1967-06-30,13,13,8,NASHVILLE,31545_20250930,DIF,1989-08-09,0,CENTRAL BANK,Unknown,4055.0,5,3,0,0,FDIC,2025-09-30,0.0,4,TN,0,1,38372
N,1.0,3158,CROSBYTON,1010.0,0.0,2022-08-31,0.0,1010.0,20.0,0.0,1907-01-01,13,13,11,LUBBOCK,3158_20250930,DIF,1934-01-01,0,CITIZENS NATIONAL BANK OF CROSBYTON,CITIZENS BANCSHARES INC,1858.0,5,1,0,0,OCC,2025-09-30,1102161.0,2,TX,1,0,79322
N,1.0,3161,DAINGERFIELD,22547.0,0.0,2022-08-31,0.0,23321.0,3355.0,774.0,1892-01-01,13,13,11,DALLAS,3161_20250930,DIF,1934-01-01,0,TEXAS HERITAGE NATIONAL BANK,DAINGERFIELD HOLDING CO,25002.0,5,6,0,0,OCC,2025-09-30,3220836.0,4,TX,1,0,75638
SM,0.0,31628,PASADENA,1144755.0,62451.0,2023-11-18,1577.0,1323817.0,130000.0,115034.0,1972-01-01,14,14,12,LOS ANGELES,31628_20250930,DIF,1989-08-09,0,EAST WEST BANK,EAST WEST BCORP INC,1897524.0,4,98,0,0,FED,2025-09-30,2734233.0,4,CA,0,0,91101
SI,1.0,31694,MADISONVILLE,4278.0,0.0,2022-08-31,0.0,4308.0,270.0,30.0,1973-01-01,13,13,6,KNOXVILLE,31694_20250930,DIF,1989-08-09,1,VOLUNTEER FEDERAL SAVINGS BANK,Unknown,7889.0,5,6,0,0,FDIC,2025-09-30,0.0,5,TN,0,0,37354
NM,1.0,3170,DE LEON,1701.0,0.0,2025-04-03,5.0,1706.0,135.0,0.0,1905-01-01,13,13,11,DALLAS,3170_20250930,DIF,1934-01-01,0,FARMERS AND MERCHANTS BANK,F&M BANCSHARES INC,6959.0,5,7,0,0,FDIC,2025-09-30,2344641.0,2,TX,0,0,76444
NM,1.0,31711,POCAHONTAS,3138.0,0.0,2022-08-31,0.0,3152.0,193.0,14.0,1974-07-25,13,13,8,LITTLE ROCK,31711_20250930,DIF,1989-08-09,0,RIVERBANK,Unknown,4157.0,5,4,0,0,FDIC,2025-09-30,0.0,2,AR,0,1,72455
SB,1.0,31723,LUDLOW,373.0,0.0,2022-08-31,0.0,506.0,2.0,133.0,1941-01-01,9,9,4,LEXINGTON,31723_20250930,DIF,1989-08-09,1,"HOME SAVINGS BANK, FSB",Unknown,532.0,3,1,0,0,OCC,2025-09-30,0.0,5,KY,0,0,41016
NM,1.0,31762,MCALLEN,1989.0,0.0,2022-08-31,0.0,2011.0,160.0,22.0,1974-01-01,13,13,11,HOUSTON,31762_20250930,DIF,1989-08-09,0,GREATER STATE BANK,GREATER STATE BANCSHARES CORP,6767.0,5,5,0,0,FDIC,2025-09-30,5041286.0,4,TX,0,0,78501
SL,1.0,31774,BAMBERG,695.0,0.0,2025-03-06,0.0,695.0,2.0,0.0,1920-01-01,5,5,5,COLUMBIA SC,31774_20250930,DIF,1989-08-09,1,HOME FEDERAL SAVINGS AND LOAN ASSOCIATION,Unknown,1041.0,1,1,0,0,FDIC,2025-09-30,0.0,5,SC,0,0,29003
NM,1.0,3178,HOUSTON,14965.0,0.0,2022-08-31,0.0,16050.0,-65.0,1085.0,1892-01-31,13,13,11,HOUSTON,3178_20250930,DIF,1934-01-01,0,BANK OF HOUSTON,BOH HOLDINGS INC,20551.0,5,2,0,0,FDIC,2025-09-30,5193420.0,4,TX,0,0,77027
N,1.0,3179,EAGLE LAKE,1214.0,0.0,2025-06-09,0.0,1446.0,40.0,232.0,1904-12-30,13,13,11,AUSTIN,3179_20250930,DIF,1934-01-01,0,THE FIRST NATIONAL BANK OF EAGLE LAKE,EAGLE LAKE BANCSHARES INC,5152.0,5,3,0,0,OCC,2025-09-30,2723648.0,2,TX,1,0,77434
SB,1.0,31823,MIAMI,3727.0,0.0,2022-08-31,0.0,3834.0,-217.0,107.0,1976-08-23,5,5,6,SOUTH FLORIDA,31823_20250930,DIF,1989-08-09,0,"INTERAMERICAN BANK, A FSB",Unknown,9199.0,5,5,0,0,OCC,2025-09-30,0.0,4,FL,0,0,33165
NM,1.0,3182,TULSA,20049.0,0.0,2025-09-26,0.0,23036.0,1212.0,2987.0,1909-01-01,13,13,10,OKLAHOMA CITY,3182_20250930,DIF,1934-01-01,0,MAPLEMARK BANK,MAPLE FINANCIAL HOLDINGS INC,27622.0,5,1,0,0,FDIC,2025-09-30,5136810.0,4,OK,0,0,74136
N,1.0,3183,EL CAMPO,9811.0,0.0,2022-08-31,0.0,9811.0,600.0,0.0,1902-01-01,13,13,11,HOUSTON,3183_20250930,DIF,1934-01-01,0,NEWFIRST NATIONAL BANK,NEWFIRST FINANCIAL GROUP INC,36015.0,5,9,0,0,OCC,2025-09-30,3213922.0,4,TX,1,1,77437
SM,1.0,31840,MEMPHIS,26777.0,0.0,2022-08-31,0.0,31724.0,725.0,4947.0,1973-01-01,13,13,8,NASHVILLE,31840_20250930,DIF,1989-08-09,0,FINANCIAL FEDERAL BANK,FINANCIAL FEDCORP INC,17396.0,5,1,0,0,FED,2025-09-30,1144741.0,4,TN,1,0,38120
N,1.0,3184,ELDORADO,1277.0,0.0,2025-06-06,0.0,1277.0,80.0,0.0,1907-01-01,13,13,11,LUBBOCK,3184_20250930,DIF,1934-01-01,0,"LONE OAK BANK, NATIONAL ASSOCIATION",FIRST ELDORADO BANCSHARES INC,4489.0,5,2,0,0,OCC,2025-09-30,2234863.0,4,TX,1,1,76936
SB,1.0,31864,HATTIESBURG,7639.0,0.0,2022-12-14,0.0,7639.0,35.0,0.0,1968-01-01,13,13,6,JACKSON MS,31864_20250930,DIF,1989-08-09,0,"GRAND BANK FOR SAVINGS, FSB",GBS FINANCIAL INC,7770.0,5,1,0,0,OCC,2025-09-30,6050100.0,5,MS,1,0,39402
SI,1.0,31900,GREER,3031.0,0.0,2023-01-01,0.0,4145.0,30.0,1114.0,1907-01-01,5,5,5,COLUMBIA SC,31900_20250930,DIF,1989-08-09,0,CBL STATE SAVINGS BANK,CITIZENS BUILDING&LOAN MHC,2444.0,1,2,0,0,FDIC,2025-09-30,4880358.0,5,SC,0,0,29651
SI,1.0,31905,PITTSBURG,3168.0,0.0,2022-08-31,0.0,3657.0,52.0,489.0,1976-01-01,13,13,11,DALLAS,31905_20250930,DIF,1989-08-09,0,"CYPRESS BANK, SSB",CYPRESS BANCSHARES INC,5928.0,5,5,0,0,FDIC,2025-09-30,3823974.0,8,TX,0,0,75686
N,1.0,3190,EVANT,1741.0,0.0,2022-08-31,0.0,1740.0,494.0,-1.0,1912-10-08,13,13,11,DALLAS,3190_20250930,DIF,1934-01-01,0,THE FIRST NATIONAL BANK OF EVANT,Unknown,5756.0,5,3,0,0,OCC,2025-09-30,0.0,8,TX,1,0,76525
SM,1.0,31928,RICHLANDS,6025.0,0.0,2022-08-31,0.0,6258.0,1442.0,233.0,1978-06-20,5,5,5,RICHMOND,31928_20250930,DIF,1989-08-09,0,FIRST SENTINEL BANK,FIRST REGION BANCSHARES INC,11572.0,1,9,0,0,FED,2025-09-30,2702250.0,6,VA,0,0,24641
SI,1.0,31936,LA GRANGE,8117.0,0.0,2022-08-31,0.0,8117.0,70.0,0.0,1976-01-01,13,13,11,AUSTIN,31936_20250930,DIF,1989-08-09,0,"FAYETTE SAVINGS BANK, SSB",FAYETTE BANCSHARES INC,11550.0,5,4,0,0,FDIC,2025-09-30,4993173.0,5,TX,1,0,78945
N,1.0,3193,FALLS CITY,5093.0,0.0,2006-03-31,0.0,5093.0,0.0,0.0,1907-03-23,13,13,11,AUSTIN,3193_20250930,DIF,1934-01-01,0,THE FALLS CITY NATIONAL BANK,Unknown,15335.0,5,3,0,0,OCC,2025-09-30,0.0,7,TX,0,1,78113
SB,0.0,31945,GLENVILLE,67530.0,0.0,2022-08-31,742.0,68272.0,1200.0,0.0,1925-01-01,2,2,2,SYRACUSE,31945_20250930,DIF,1989-08-09,0,TRUSTCO BANK,TRUSTCO BANK CORP NY,125051.0,1,137,0,0,OCC,2025-09-30,1048513.0,5,NY,0,0,12302
SB,1.0,31972,RAPID CITY,1037.0,0.0,2024-06-30,0.0,1362.0,0.0,325.0,1979-06-06,11,11,9,SIOUX FALLS,31972_20250930,DIF,1989-08-09,0,FIRST WESTERN FEDERAL SAVINGS BANK,Unknown,2162.0,4,1,0,0,OCC,2025-09-30,0.0,5,SD,1,0,57701
N,1.0,3197,FLOYDADA,2843.0,0.0,2022-08-31,20.0,2863.0,344.0,0.0,1890-01-01,13,13,11,LUBBOCK,3197_20250930,DIF,1934-01-01,0,FIRST TEXAS NATIONAL BANK,FLOYD COUNTY BANCSHARES INC,5598.0,5,2,0,0,OCC,2025-09-30,1104941.0,2,TX,1,1,79235
SB,1.0,31994,CONEMAUGH,2362.0,0.0,2022-08-31,0.0,2508.0,41.0,146.0,1915-01-01,2,2,3,WEXFORD,31994_20250930,DIF,1989-08-09,1,SLOVENIAN SAVINGS AND LOAN ASSOCIATION OF FRANKLIN-CONEMAUGH,Unknown,2485.0,1,5,0,0,OCC,2025-09-30,0.0,5,PA,0,0,15909
SM,1.0,31999,MADISON,9886.0,0.0,2024-06-30,0.0,11148.0,-1.0,1262.0,1888-01-01,11,11,10,SIOUX CITY,31999_20250930,DIF,1989-08-09,0,MADISON COUNTY BANK,MADISON COUNTY FINANCIAL INC,10636.0,4,6,0,0,FED,2025-09-30,4441414.0,2,NE,0,0,68748
SI,1.0,32018,LUFKIN,623.0,0.0,2022-08-31,0.0,623.0,55.0,0.0,1978-01-01,13,13,11,HOUSTON,32018_20250930,DIF,1989-08-09,0,"ANGELINA SAVINGS BANK, SSB",Unknown,2925.0,5,1,0,0,FDIC,2025-09-30,0.0,8,TX,0,0,75901
SM,1.0,32025,SPRINGDALE,5195.0,0.0,2022-08-31,0.0,5668.0,290.0,473.0,1978-01-01,13,13,8,LITTLE ROCK,32025_20250930,DIF,1989-08-09,0,UNITED BANK,UNITED HOLDING CO INC,8414.0,5,5,0,0,FED,2025-09-30,3832181.0,4,AR,1,0,72764
N,1.0,3206,HOUSTON,8498.0,0.0,2025-07-01,0.0,8798.0,727.0,300.0,1913-07-13,13,13,11,HOUSTON,3206_20250930,DIF,1934-01-01,0,"TEXAS GULF BANK, NATIONAL ASSOCIATION",TEXAS GULF BANCSHARES INC,18580.0,5,9,0,0,OCC,2025-09-30,1101726.0,4,TX,1,1,77057
N,1.0,32082,ALEXANDRIA,4013.0,0.0,2024-06-30,0.0,4203.0,218.0,190.0,1981-04-07,11,11,9,FARGO,32082_20250930,DIF,1989-08-09,0,"VIKING BANK, NATIONAL ASSOCIATION",VIKING FINANCIAL CORP,7436.0,3,2,0,0,OCC,2025-09-30,1449512.0,4,MN,1,0,56308
NM,1.0,32084,GROVE,12917.0,0.0,2022-08-31,0.0,12921.0,918.0,4.0,1981-04-10,13,13,10,OKLAHOMA CITY,32084_20250930,DIF,1989-08-09,0,GRAND SAVINGS BANK,GRAND BCORP INC,35207.0,5,15,0,0,FDIC,2025-09-30,4521334.0,4,OK,0,0,74344
N,1.0,3210,GALVESTON,27617.0,0.0,2022-08-31,11.0,28608.0,125.0,980.0,1907-01-01,13,13,11,HOUSTON,3210_20250930,DIF,1934-01-01,0,THE MOODY NATIONAL BANK,MOODY BANCSHARES INC,34748.0,5,14,0,0,OCC,2025-09-30,1107522.0,4,TX,0,1,77550
SI,1.0,32135,CENTER,3910.0,0.0,2022-08-31,0.0,4921.0,925.0,1011.0,1979-01-01,13,13,11,HOUSTON,32135_20250930,DIF,1989-08-09,0,"SHELBY SAVINGS BANK, SSB",SHELBY BANCSHARES INC,14349.0,5,6,0,0,FDIC,2025-09-30,2960630.0,2,TX,1,0,75935
N,1.0,3217,GIDDINGS,4935.0,0.0,2022-08-31,0.0,5282.0,0.0,347.0,1890-01-01,13,13,11,AUSTIN,3217_20250930,DIF,1934-01-01,0,FIRST NATIONAL BANK OF GIDDINGS,GIDDINGS BANCSHARES INC,8131.0,5,2,0,0,OCC,2025-09-30,1110193.0,2,TX,0,0,78942
SB,0.0,32188,PHOENIX,261000.0,0.0,2024-06-01,2000.0,543000.0,775000.0,280000.0,1983-12-30,14,16,12,AUSTIN,32188_20250930,DIF,1989-08-09,0,USAA FEDERAL SAVINGS BANK,UNITED SERVICES AUTOMOBILE ASSN,3644000.0,4,2,0,0,OCC,2025-09-30,1447376.0,9,AZ,0,1,85085
N,1.0,3218,GILMER,8687.0,0.0,2022-08-31,0.0,8701.0,965.0,14.0,1900-04-13,13,13,11,DALLAS,3218_20250930,DIF,1934-01-01,0,THE FIRST NATIONAL BANK OF EAST TEXAS,FIRST GILMER BANKSHARES INC,16924.0,5,12,0,0,OCC,2025-09-30,1246515.0,4,TX,1,0,75644
N,1.0,3219,GILMER,7926.0,0.0,2022-08-31,15.0,7941.0,827.0,0.0,1901-05-01,13,13,11,DALLAS,3219_20250930,DIF,1934-01-01,0,"GILMER NATIONAL BANK, GILMER, TEXAS",GILMER NATIONAL BANCSHARES INC,8506.0,5,2,0,0,OCC,2025-09-30,2839969.0,4,TX,0,0,75644
NM,1.0,321,LEXINGTON,1367.0,0.0,2022-08-31,0.0,1386.0,0.0,19.0,1932-01-01,13,13,8,JACKSON MS,321_20250930,DIF,1934-01-01,0,HOLMES COUNTY BANK,HOLMES COUNTY CAPITAL CORP,3504.0,5,5,0,0,FDIC,2025-09-30,1119057.0,7,MS,1,1,39095
NM,1.0,32203,SANTA ROSA,17533.0,0.0,2022-08-31,0.0,18016.0,2055.0,483.0,1982-01-01,14,14,12,SAN FRANCISCO,32203_20250930,DIF,1989-08-09,0,SUMMIT STATE BANK,Unknown,25976.0,4,5,0,0,FDIC,2025-09-30,0.0,4,CA,0,0,95403
SB,1.0,32242,WILMINGTON,27261.0,0.0,2022-08-31,0.0,29834.0,678.0,2573.0,1984-09-14,9,9,4,COLUMBUS,32242_20250930,DIF,1989-08-09,0,"LIBERTY SAVINGS BANK, F.S.B.",JAMES R POWELL REVOCABLE TRUST,13211.0,3,6,0,0,OCC,2025-09-30,3828698.0,5,OH,1,1,45177
SB,0.0,32245,PITTSBURGH,148461.0,0.0,2022-09-06,805.0,164215.0,17917.0,14949.0,1984-09-21,2,2,4,WEXFORD,32245_20250930,DIF,1989-08-09,0,"DOLLAR BANK, FEDERAL SAVINGS BANK",DOLLAR MUTUAL BCORP,263460.0,1,91,0,0,OCC,2025-09-30,5218097.0,4,PA,0,0,15222
SB,1.0,32257,NEW YORK,3175.0,0.0,2022-08-31,0.0,3175.0,-85.0,0.0,1984-11-29,2,2,2,NEW YORK CITY,32257_20250930,DIF,1989-08-09,0,ABACUS FEDERAL SAVINGS BANK,Unknown,10064.0,1,5,0,0,OCC,2025-09-30,0.0,5,NY,0,0,10013
N,1.0,3225,MINERAL WELLS,8008.0,0.0,2022-08-31,3.0,8018.0,1379.0,7.0,1907-01-01,13,13,11,DALLAS,3225_20250930,DIF,1934-01-01,0,"TITAN BANK, N.A.",BMC BANCSHARES INC,24028.0,5,2,0,0,OCC,2025-09-30,3831625.0,8,TX,1,0,76067
SM,1.0,3226,GRAHAM,15585.0,0.0,2022-08-31,7.0,15592.0,1331.0,0.0,1889-10-10,13,13,11,DALLAS,3226_20250930,DIF,1934-01-01,0,CIERA BANK,FIRST GRAHAM BCORP INC,27990.0,5,8,0,0,FED,2025-09-30,1107700.0,4,TX,1,1,76450
NM,1.0,32277,LOS ANGELES,1562.0,0.0,2022-08-31,0.0,1724.0,53.0,162.0,1985-02-26,14,14,12,LOS ANGELES,32277_20250930,DIF,1989-08-09,0,EASTERN INTERNATIONAL BANK,EASTERN INTL BCORP INC,3207.0,4,2,0,0,FDIC,2025-09-30,5230905.0,4,CA,0,0,90012
SB,1.0,32282,PALOS VERDES PEN,11996.0,0.0,2022-08-31,0.0,17195.0,-65.0,5199.0,1985-03-08,14,14,12,LOS ANGELES,32282_20250930,DIF,1989-08-09,0,MALAGA BANK F.S.B.,MALAGA FINANCIAL CORP,33887.0,4,5,0,0,OCC,2025-09-30,3842528.0,4,CA,0,0,90274
NM,1.0,32286,BETHEL,1446.0,0.0,2022-08-31,0.0,1694.0,51.0,248.0,1889-04-06,9,9,4,COLUMBUS,32286_20250930,DIF,1989-08-09,1,COMMUNITY SAVINGS BANK,Unknown,2543.0,3,2,0,0,FDIC,2025-09-30,0.0,4,OH,0,0,45106
N,1.0,3228,GRANBURY,9052.0,0.0,2022-08-31,0.0,9052.0,279.0,0.0,1887-01-01,13,13,11,DALLAS,3228_20250930,DIF,1934-01-01,0,THE FIRST NATIONAL BANK OF GRANBURY,FIRST GRANBURY BCORP,24330.0,5,8,0,0,OCC,2025-09-30,1105528.0,4,TX,0,0,76048
NM,1.0,32292,WOODSFIELD,1144.0,0.0,2022-08-31,0.0,1144.0,156.0,0.0,1887-03-12,9,9,4,COLUMBUS,32292_20250930,DIF,1989-08-09,0,WOODSFIELD SAVINGS BANK,Unknown,3266.0,3,3,0,0,FDIC,2025-09-30,0.0,6,OH,0,0,43793
NM,1.0,32293,MIAMITOWN,1350.0,0.0,2022-08-31,0.0,1351.0,280.0,1.0,1909-12-27,9,9,4,COLUMBUS,32293_20250930,DIF,1989-08-09,1,MIAMI SAVINGS BANK,Unknown,3457.0,3,3,0,0,FDIC,2025-09-30,0.0,8,OH,0,0,45041
SL,0.0,32296,CINCINNATI,86471.0,0.0,2022-08-31,0.0,89742.0,0.0,3271.0,1904-03-01,9,9,4,COLUMBUS,32296_20250930,DIF,1989-08-09,0,UNION SAVINGS BANK,Unknown,72146.0,3,39,0,0,FDIC,2025-09-30,0.0,5,OH,1,0,45249
SL,1.0,32306,CINCINNATI,271.0,0.0,2022-08-31,0.0,274.0,0.0,3.0,1891-10-28,9,9,4,COLUMBUS,32306_20250930,DIF,1989-08-09,1,NEW FOUNDATION SAVINGS BANK,Unknown,430.0,3,1,0,0,FDIC,2025-09-30,0.0,5,OH,0,0,45239
NM,1.0,32307,GALION,756.0,0.0,2024-10-01,0.0,927.0,5.0,171.0,1884-02-13,9,9,4,COLUMBUS,32307_20250930,DIF,1989-08-09,1,GALION BUILDING AND LOAN BANK,Unknown,1886.0,3,2,0,0,FDIC,2025-09-30,0.0,5,OH,0,0,44833
NM,1.0,3230,GRANDVIEW,8817.0,0.0,2022-08-31,0.0,8847.0,1025.0,30.0,1890-08-07,13,13,11,DALLAS,3230_20250930,DIF,1934-01-01,0,GRANDVIEW BANK,D2 ALLIANCES LLC,23366.0,5,7,0,0,FDIC,2025-09-30,5139969.0,4,TX,0,0,76050
N,1.0,3232,GRANGER,530.0,0.0,2022-08-31,2.0,532.0,0.0,0.0,1920-03-08,13,13,11,AUSTIN,3232_20250930,DIF,1934-01-01,0,THE GRANGER NATIONAL BANK,GRANGER BANCSHARES INC,1210.0,5,1,0,0,OCC,2025-09-30,1137257.0,4,TX,0,0,76530
SI,1.0,32348,TAYLORSVILLE,3374.0,0.0,2022-08-31,0.0,3374.0,159.0,0.0,1921-04-01,5,5,5,CHARLOTTE,32348_20250930,DIF,1989-08-09,1,"TAYLORSVILLE SAVINGS BANK, SSB",Unknown,4210.0,1,3,0,0,FDIC,2025-09-30,0.0,5,NC,0,0,28681
SB,1.0,32360,HUNT VALLEY,5561.0,0.0,2022-08-31,0.0,6158.0,-733.0,597.0,1905-05-29,2,2,5,BALTIMORE,32360_20250930,DIF,1989-08-09,0,"EASTERN SAVINGS BANK, FSB",Unknown,16064.0,1,4,0,0,OCC,2025-09-30,0.0,4,MD,1,0,21031
SB,1.0,32363,BETHESDA,21099.0,0.0,2022-08-31,0.0,21297.0,1502.0,198.0,1985-04-15,2,2,5,BALTIMORE,32363_20250930,DIF,1989-08-09,0,"PRESIDENTIAL BANK, FSB",CLEVELAND FAMILY GENERATIONAL TR I,22685.0,1,11,0,0,OCC,2025-09-30,3917051.0,4,MD,0,1,20814
N,1.0,3237,GROOM,1154.0,0.0,2024-04-24,0.0,1154.0,949.0,0.0,1925-05-01,13,13,11,LUBBOCK,3237_20250930,DIF,1934-01-01,0,STATE NATIONAL BANK,GROOM BANCSHARES INC,1778.0,5,1,0,0,OCC,2025-09-30,1103234.0,2,TX,0,0,79039
N,1.0,32441,DEGRAFF,11823.0,0.0,2022-08-31,0.0,11823.0,4888.0,0.0,1889-05-05,9,9,4,COLUMBUS,32441_20250930,DIF,1989-08-09,0,"UNITED MIDWEST SAVINGS BANK, NATIONAL ASSOCIATION",MSB CAPITAL CORP,15798.0,3,6,0,0,OCC,2025-09-30,3828054.0,4,OH,0,0,43318
SB,1.0,32459,COLUMBIA,12579.0,0.0,2022-08-31,0.0,13091.0,1050.0,512.0,1986-03-12,13,13,11,SHREVEPORT,32459_20250930,DIF,1989-08-09,0,HOMELAND FEDERAL SAVINGS BANK,HOMELAND BANCSHARES INC,16104.0,5,5,0,0,OCC,2025-09-30,3816547.0,4,LA,1,0,71418
N,1.0,3248,HEBBRONVILLE,1049.0,0.0,2022-08-31,0.0,1049.0,0.0,0.0,1913-01-01,13,13,11,HOUSTON,3248_20250930,DIF,1934-01-01,0,THE FIRST NATIONAL BANK OF HEBBRONVILLE,HEBBRONVILLE REGIONAL BANCSHARES,2001.0,5,1,0,0,OCC,2025-09-30,3828241.0,7,TX,1,0,78361
NM,1.0,324,COLUMBIA,3993.0,0.0,2022-08-31,0.0,3993.0,538.0,0.0,1914-07-15,13,13,6,JACKSON MS,324_20250930,DIF,1934-01-01,0,CITIZENS BANK,CITIZENS CORP,16181.0,5,9,0,0,FDIC,2025-09-30,1246681.0,8,MS,1,1,39429
N,1.0,3250,HENDERSON,44680.0,0.0,2022-08-31,0.0,44680.0,6675.0,0.0,1930-03-28,13,13,11,DALLAS,3250_20250930,DIF,1934-01-01,0,"VERABANK, NATIONAL ASSOCIATION",VERABANK INC,124176.0,5,42,0,0,OCC,2025-09-30,1917600.0,4,TX,0,1,75652
SB,1.0,32526,HONOLULU,48565.0,0.0,2022-08-31,0.0,55255.0,-2737.0,6690.0,1987-01-23,14,14,12,SAN FRANCISCO,32526_20250930,DIF,1989-08-09,0,"AMERICAN SAVINGS BANK, FSB",Unknown,209109.0,4,36,0,0,OCC,2025-09-30,0.0,4,HI,0,0,96817
NM,1.0,32527,BALTIMORE,7935.0,0.0,2023-06-29,0.0,8586.0,-538.0,651.0,1873-09-01,2,2,5,BALTIMORE,32527_20250930,DIF,1989-08-09,0,BAYVANGUARD BANK,BV FINANCIAL INC,28076.0,1,12,0,0,FDIC,2025-09-30,3364178.0,4,MD,0,0,21219
NM,1.0,32532,GLENNVILLE,2557.0,0.0,2022-06-30,0.0,2557.0,340.0,0.0,1987-04-07,5,5,6,ALBANY GA,32532_20250930,DIF,1989-08-09,0,SOUTH GEORGIA BANK,SOUTH GROUP BANCSHARES INC,7437.0,5,5,0,0,FDIC,2025-09-30,3049569.0,4,GA,1,0,30427
N,0.0,32541,HICKSVILLE,1664276.0,0.0,2024-06-30,306.0,2093589.0,181465.0,429007.0,1987-05-20,2,16,2,NEW YORK CITY,32541_20250930,DIF,1989-08-09,0,"FLAGSTAR BANK, NATIONAL ASSOCIATION",FLAGSTAR FINANCIAL INC,1312535.0,1,167,0,0,OCC,2025-09-30,2132932.0,4,NY,0,1,11801
N,0.0,32551,LEHI,248166.0,0.0,2023-06-30,0.0,248312.0,144162.0,146.0,1987-08-26,14,14,12,SALT LAKE CITY,32551_20250930,DIF,1989-08-09,0,"LENDINGCLUB BANK, NATIONAL ASSOCIATION",LENDINGCLUB CORP,462017.0,4,3,0,0,OCC,2025-09-30,4738879.0,9,UT,0,0,84043
N,1.0,3255,HILLSBORO,2331.0,0.0,2022-08-31,4.0,2335.0,22.0,0.0,1893-01-01,13,13,11,DALLAS,3255_20250930,DIF,1934-01-01,0,THE CITIZENS NATIONAL BANK OF HILLSBORO,HILLSBORO BANCSHARES INC,3380.0,5,2,0,0,OCC,2025-09-30,3220274.0,5,TX,1,0,76645
SI,1.0,3256,AUSTIN,28301.0,0.0,2023-09-18,0.0,28825.0,100.0,524.0,1905-01-01,13,13,11,AUSTIN,3256_20250930,DIF,1934-01-01,0,"HORIZON BANK, SSB",FRONTIER BANCSHARES INC,62009.0,5,6,0,0,FDIC,2025-09-30,3412798.0,4,TX,0,0,78701
NM,0.0,32574,PLANO,92926.0,0.0,2025-05-22,0.0,128084.0,-6082.0,35158.0,1988-03-10,13,13,11,DALLAS,32574_20250930,DIF,1989-08-09,0,MONET BANK,Unknown,62582.0,5,7,0,0,FDIC,2025-09-30,0.0,9,TX,0,1,75024
N,0.0,32612,HILLSBORO,66501.0,0.0,2022-08-31,0.0,70095.0,3226.0,3594.0,1988-09-16,9,9,4,COLUMBUS,32612_20250930,DIF,1989-08-09,0,"NATIONAL COOPERATIVE BANK, N.A.",NATIONAL CONSUMER COOP BANK,95475.0,3,1,0,0,OCC,2025-09-30,2398082.0,4,OH,0,0,45133
SB,1.0,32629,BERESFORD,12690.0,0.0,2024-06-30,0.0,12690.0,34136.0,0.0,1989-01-01,11,11,9,SIOUX FALLS,32629_20250930,DIF,1989-08-09,0,FIRST SAVINGS BANK,FARRAR BERESFORD BCORP IRREVOCABLE TR,88549.0,4,24,0,0,OCC,2025-09-30,4264387.0,4,SD,0,0,57004
NM,1.0,32647,SPENCER,38371.0,0.0,2024-06-30,0.0,42219.0,1576.0,3848.0,1988-12-30,11,11,7,SIOUX CITY,32647_20250930,DIF,1989-08-09,0,NORTHWEST BANK,NORTHWEST FINANCIAL CORP,65257.0,4,23,0,0,FDIC,2025-09-30,1978713.0,4,IA,0,0,51301
N,1.0,3268,HUGHES SPRINGS,455.0,0.0,2022-08-31,0.0,455.0,974.0,0.0,1903-06-03,13,13,11,DALLAS,3268_20250930,DIF,1934-01-01,0,THE FIRST NATIONAL BANK OF HUGHES SPRINGS,CHALYBEATE SPRINGS CORP,14506.0,5,17,0,0,OCC,2025-09-30,1838068.0,4,TX,1,0,75656
N,1.0,3269,HUNTSVILLE,4225.0,0.0,2022-08-31,0.0,4225.0,135.0,0.0,1890-01-01,13,13,11,HOUSTON,3269_20250930,DIF,1934-01-01,0,FIRST NATIONAL BANK OF HUNTSVILLE,FIRST NATL BANCSHARES HUNTSVILLE,17387.0,5,5,0,0,OCC,2025-09-30,3018958.0,4,TX,0,1,77340
NM,1.0,32718,MIAMI,8523.0,0.0,2022-08-31,0.0,8523.0,213.0,0.0,1989-12-08,5,5,6,SOUTH FLORIDA,32718_20250930,DIF,1989-12-08,0,HELM BANK USA,Unknown,31521.0,5,2,0,0,FDIC,2025-09-30,0.0,5,FL,0,0,33131
N,1.0,3275,JACKSBORO,3084.0,0.0,2022-08-31,0.0,3596.0,135.0,512.0,1905-01-01,13,13,11,DALLAS,3275_20250930,DIF,1934-01-01,0,THE JACKSBORO NATIONAL BANK,JACKSBORO NATL BANCSHARES INC,7489.0,5,2,0,0,OCC,2025-09-30,1104503.0,2,TX,1,0,76458
N,1.0,3276,JACKSONVILLE,31422.0,0.0,2025-02-14,0.0,31422.0,3527.0,0.0,1900-10-01,13,13,11,DALLAS,3276_20250930,DIF,1934-01-01,0,"AUSTIN BANK, TEXAS NATIONAL ASSOCIATION",JSA FAMILY LTD PARTNERSHIP,107259.0,5,38,0,0,OCC,2025-09-30,3035227.0,4,TX,0,1,75766
NM,0.0,32773,BOSTON,235069.0,0.0,2024-11-17,2.0,236908.0,21872.0,1837.0,1989-10-19,2,2,1,NORTH BOSTON,32773_20250930,DIF,1989-10-19,0,EASTERN BANK,EASTERN BANKSHARES INC,592097.0,1,111,0,0,FDIC,2025-09-30,1427239.0,4,MA,0,1,02110
NM,1.0,32779,NOVATO,31543.0,0.0,2022-08-31,2.0,31545.0,75.0,0.0,1990-01-23,14,14,12,SAN FRANCISCO,32779_20250930,DIF,1990-01-23,0,BANK OF MARIN,BANK OF MARIN BCORP,80155.0,4,29,0,0,FDIC,2025-09-30,3590388.0,4,CA,0,1,94947
N,1.0,3279,KARNES CITY,4927.0,0.0,2024-10-22,0.0,4927.0,1215.0,0.0,1900-01-01,13,13,11,AUSTIN,3279_20250930,DIF,1934-01-01,0,THE KARNES COUNTY NATIONAL BANK OF KARNES CITY,KARNES CNTY NATL BANCSHARES,12078.0,5,3,0,0,OCC,2025-09-30,5955851.0,4,TX,0,0,78118
NM,1.0,327,RAYMOND,1443.0,0.0,2023-03-06,0.0,1451.0,0.0,8.0,1906-02-01,13,13,6,JACKSON MS,327_20250930,DIF,1934-01-01,0,MERCHANTS AND PLANTERS BANK,Unknown,6355.0,5,6,0,0,FDIC,2025-09-30,0.0,4,MS,0,1,39154
N,0.0,3285,KILLEEN,18174.0,0.0,2025-06-30,1071.0,20476.0,14956.0,1231.0,1901-02-27,13,13,11,AUSTIN,3285_20250930,DIF,1934-01-01,0,FIRST NATIONAL BANK TEXAS,FIRST COMMUNITY BANCSHARES INC,108173.0,5,354,0,0,OCC,2025-09-30,1108097.0,9,TX,1,0,76541
N,1.0,3286,KINGSVILLE,5829.0,0.0,2022-08-31,2.0,6380.0,660.0,549.0,1926-01-01,13,13,11,HOUSTON,3286_20250930,DIF,1934-01-01,0,"KLEBERG BANK, N.A.",KLEBERG&COMPANY BANKERS INC,19993.0,5,4,0,0,OCC,2025-09-30,1104325.0,4,TX,1,1,78363
N,1.0,3289,LA GRANGE,2916.0,0.0,2022-08-31,0.0,3506.0,182.0,590.0,1888-07-05,13,13,11,AUSTIN,3289_20250930,DIF,1934-01-01,0,NATIONAL BANK & TRUST,FIRST LA GRANGE BANCSHARES EMPLOYEE STK OWNERSHIP PLAN WITH 401 K PROVISIONS,4543.0,5,2,0,0,OCC,2025-09-30,3685109.0,4,TX,1,1,78945
NM,1.0,32908,TUSTIN,1296.0,0.0,2023-11-18,0.0,1401.0,141.0,105.0,1981-04-23,14,14,12,ORANGE,32908_20250930,DIF,1990-02-16,0,TUSTIN COMMUNITY BANK,SADDLEBACK BCORP,3132.0,4,1,0,0,FDIC,2025-09-30,3591611.0,4,CA,1,0,92780
SM,1.0,32912,LEXINGTON,8643.0,0.0,2022-08-31,442.0,9176.0,1544.0,91.0,1990-04-19,9,9,4,LEXINGTON,32912_20250930,DIF,1990-04-19,0,WHITAKER BANK,WHITAKER BANK CORP OF KENTUCKY,53401.0,3,46,0,0,FED,2025-09-30,1966671.0,4,KY,0,0,40509
N,1.0,3292,LAMESA,3926.0,0.0,2022-08-31,0.0,3926.0,15.0,0.0,1927-07-30,13,13,11,LUBBOCK,3292_20250930,DIF,1934-01-01,0,THE LAMESA NATIONAL BANK,Unknown,9396.0,5,1,0,0,OCC,2025-09-30,0.0,2,TX,1,1,79331
NM,1.0,3293,LAMPASAS,1820.0,0.0,2022-08-31,0.0,1820.0,-55.0,0.0,1884-10-02,13,13,11,AUSTIN,3293_20250930,DIF,1934-01-01,0,FIRST TEXAS BANK,FIRST TEXAS BCORP INC,6030.0,5,2,0,0,FDIC,2025-09-30,1100813.0,7,TX,0,0,76550
SM,1.0,32941,EL PASO,39417.0,0.0,2022-08-31,0.0,39425.0,1800.0,8.0,1990-05-01,13,13,11,ALBUQUERQUE,32941_20250930,DIF,1990-05-01,0,WESTSTAR BANK,WESTSTAR BANK HOLDING CO INC,77807.0,5,14,0,0,FED,2025-09-30,3122051.0,4,TX,1,0,79901
NM,1.0,32968,HUNTSVILLE,702.0,0.0,2025-05-15,0.0,702.0,360.0,0.0,1990-05-18,5,5,6,MONTGOMERY,32968_20250930,DIF,1990-05-18,0,BANK47,Unknown,1864.0,5,2,0,0,FDIC,2025-09-30,0.0,8,AL,0,0,35801
NM,1.0,32974,NEW ORLEANS,51137.0,0.0,2022-08-31,3.0,58194.0,14664.0,7054.0,1990-06-08,13,13,6,BATON ROUGE,32974_20250930,DIF,1990-06-08,0,GULF COAST BANK AND TRUST COMPANY,Unknown,175193.0,5,38,0,0,FDIC,2025-09-30,0.0,4,LA,0,1,70130
N,0.0,32992,SALT LAKE CITY,4006000.0,0.0,2022-08-31,20000.0,4993000.0,166000.0,967000.0,1990-05-25,14,16,12,SALT LAKE CITY,32992_20250930,DIF,1990-05-25,0,"MORGAN STANLEY BANK, NATIONAL ASSOCIATION",MORGAN STANLEY,3425000.0,4,1,0,0,OCC,2025-09-30,2162966.0,9,UT,0,0,84111
NM,1.0,33005,COLLINSVILLE,38437.0,0.0,2022-08-31,3470.0,44705.0,900.0,2798.0,1990-07-09,9,9,8,MOUNT VERNON,33005_20250930,DIF,1990-07-09,0,FCB BANKS,FIRST CO BCORP INC,56363.0,3,20,0,0,FDIC,2025-09-30,1250473.0,4,IL,1,0,62234
NM,1.0,33009,REHOBOTH BEACH,4744.0,0.0,2022-08-31,36.0,5184.0,221.0,404.0,1990-07-09,2,2,3,CLAYMONT,33009_20250930,DIF,1990-07-09,0,COUNTY BANK,CB FINANCIAL CORP,23348.0,1,7,0,0,FDIC,2025-09-30,3246425.0,4,DE,0,0,19971
NM,1.0,33010,PINE MOUNTAIN,4985.0,0.0,2022-08-31,0.0,5255.0,450.0,270.0,1990-07-09,5,5,6,ATLANTA,33010_20250930,DIF,1990-07-09,0,FIRST PEOPLES BANK,FIRST PEOPLES BANKSHARES INC,12259.0,5,4,0,0,FDIC,2025-09-30,2325912.0,4,GA,0,0,31822
N,1.0,33013,SAN GABRIEL,1099.0,0.0,2022-08-31,0.0,1113.0,0.0,14.0,1990-07-25,14,14,12,LOS ANGELES,33013_20250930,DIF,1990-07-25,0,ASIAN PACIFIC NATIONAL BANK,Unknown,1261.0,4,2,0,0,OCC,2025-09-30,0.0,4,CA,1,0,91776
SM,1.0,3301,LIBERTY,7054.0,0.0,2025-02-21,0.0,7588.0,2408.0,534.0,1913-01-01,13,13,11,HOUSTON,3301_20250930,DIF,1934-01-01,0,FIRST LIBERTY BANK,FIRST LIBERTY NATL BANCSHARES,24658.0,5,11,0,0,FED,2025-09-30,1233627.0,4,TX,0,1,77575
NM,1.0,33026,DELAND,2177.0,0.0,2022-08-31,1.0,2188.0,0.0,10.0,1926-01-01,5,5,6,TAMPA,33026_20250930,DIF,1990-07-17,0,SURETY BANK,SURETY FINANCIAL HOLDINGS INC,3636.0,5,3,0,0,FDIC,2025-09-30,5808461.0,4,FL,1,0,32720
N,1.0,3302,LINDEN,4463.0,0.0,2009-03-31,1.0,4876.0,495.0,412.0,1914-01-01,13,13,11,DALLAS,3302_20250930,DIF,1934-01-01,0,"TEXANA BANK, NATIONAL ASSOCIATION",LINDEN BANCSHARES INC,8372.0,5,6,0,0,OCC,2025-09-30,1104071.0,4,TX,0,0,75563
N,1.0,3303,LIPAN,17.0,0.0,2022-08-31,0.0,17.0,0.0,0.0,1907-01-01,13,13,11,DALLAS,3303_20250930,DIF,1934-01-01,0,THE FIRST NATIONAL BANK OF LIPAN,Unknown,740.0,5,1,0,0,OCC,2025-09-30,0.0,7,TX,0,0,76462
N,1.0,3305,LIVINGSTON,1141.0,0.0,2022-08-31,3.0,1227.0,240.0,83.0,1902-03-17,13,13,11,HOUSTON,3305_20250930,DIF,1934-01-01,0,THE FIRST NATIONAL BANK OF LIVINGSTON,FNB CO,11790.0,5,3,0,0,OCC,2025-09-30,2504285.0,8,TX,1,0,77351
SB,1.0,33103,OAKLAND,6137.0,0.0,2025-09-29,0.0,6137.0,38.0,0.0,1990-06-08,14,14,12,SAN FRANCISCO,33103_20250930,DIF,1990-06-08,0,"GATEWAY BANK, F.S.B.",Unknown,3545.0,4,2,0,0,OCC,2025-09-30,0.0,5,CA,0,0,94607
SB,0.0,33111,GREENWOOD VILLAG,41094.0,0.0,2022-08-31,0.0,60048.0,-22.0,18954.0,1990-06-29,13,13,10,DENVER,33111_20250930,DIF,1990-06-29,0,COLORADO FEDERAL SAVINGS BANK,SILVER QUEEN FINL SERVICES INC,27130.0,4,1,0,0,OCC,2025-09-30,3835164.0,5,CO,0,0,80111
NM,1.0,33119,BURLINGTON,28237.0,0.0,2025-06-18,172.0,28513.0,1885.0,104.0,1990-09-04,9,9,4,LEXINGTON,33119_20250930,DIF,1990-09-04,0,"HERITAGE BANK, INC.",COMMONWEALTH HOLDINGS L L C,44471.0,3,19,0,0,FDIC,2025-09-30,2332536.0,4,KY,0,0,41005
SM,0.0,33124,NEW YORK,10904000.0,387000.0,2022-08-31,2027000.0,15858000.0,1057000.0,2540000.0,1990-08-30,2,16,2,NEW YORK CITY,33124_20250930,DIF,2008-11-28,0,GOLDMAN SACHS BANK USA,GOLDMAN SACHS GROUP INC THE,8062000.0,1,5,0,0,FED,2025-09-30,2380443.0,9,NY,0,1,10282
N,1.0,33131,FAIRMONT,1880.0,0.0,2022-08-31,181.0,2086.0,66.0,25.0,1990-09-07,11,11,9,MANKATO,33131_20250930,DIF,1990-09-07,0,FIRST FARMERS & MERCHANTS NATIONAL BANK,215 HOLDING CO,3757.0,3,2,0,0,OCC,2025-09-30,1247576.0,4,MN,0,0,56031
SM,1.0,33136,WILLIAMSPORT,6903.0,0.0,2022-08-31,6.0,7577.0,540.0,668.0,1990-10-10,2,2,3,HARRISBURG,33136_20250930,DIF,1990-10-10,0,WOODLANDS BANK,WOODLANDS FINL SERVICES CO,13385.0,1,8,0,0,FED,2025-09-30,3014950.0,4,PA,0,1,17701
NM,1.0,33183,LAKEWOOD,465.0,0.0,2022-08-31,5.0,470.0,0.0,0.0,1990-11-01,14,14,12,SEATTLE,33183_20250930,DIF,1990-11-01,0,SOUND BANKING COMPANY,Unknown,2069.0,4,1,0,0,FDIC,2025-09-30,0.0,4,WA,1,0,98499
NM,1.0,33188,NEW YORK,24089.0,0.0,2022-08-31,15.0,24104.0,129.0,0.0,1990-10-18,2,2,2,NEW YORK CITY,33188_20250930,DIF,1990-10-18,0,SHINHAN BANK AMERICA,SHINHAN FINANCIAL GROUP CO LTD,48237.0,1,14,0,0,FDIC,2025-09-30,3107964.0,4,NY,0,0,10016
NM,1.0,33204,HASTINGS,8074.0,0.0,2024-08-22,6.0,8272.0,368.0,192.0,1990-10-05,11,11,9,MINNEAPOLIS,33204_20250930,DIF,1990-10-05,0,PREMIER BANK MINNESOTA,PB FAMILY BANCSHARES INC,20266.0,3,12,0,0,FDIC,2025-09-30,5672448.0,4,MN,1,1,55033
N,1.0,3320,MARFA,354.0,0.0,2009-06-29,0.0,354.0,0.0,0.0,1907-05-02,13,13,11,ALBUQUERQUE,3320_20250930,DIF,1934-01-01,0,"BIG BEND BANKS, N.A.",BIG BEND BANCSHARES CORP,4000.0,5,2,0,0,OCC,2025-09-30,1918081.0,7,TX,1,1,79843
NM,1.0,33216,ANCHORAGE,30405.0,0.0,2022-08-31,0.0,31837.0,2283.0,1432.0,1990-12-04,14,14,12,SEATTLE,33216_20250930,DIF,1990-12-04,0,NORTHRIM BANK,NORTHRIM BCORP INC,119383.0,4,20,0,0,FDIC,2025-09-30,3025385.0,4,AK,0,0,99503
N,1.0,3325,WACO,19689.0,0.0,2022-08-31,11.0,19700.0,650.0,0.0,1901-08-12,13,13,11,DALLAS,3325_20250930,DIF,1934-01-01,0,FIRST NATIONAL BANK OF CENTRAL TEXAS,2013 MONTE HULSE FAMILY IRREVOCABLE TR I,47965.0,5,7,0,0,OCC,2025-09-30,4577984.0,4,TX,1,0,76710
SM,1.0,3327,MASON,1078.0,0.0,2022-08-31,56.0,1134.0,225.0,0.0,1904-01-15,13,13,11,AUSTIN,3327_20250930,DIF,1934-01-01,0,MASON BANK,MASON BK EMP STK OWNERSHIP PLAN&TR,3919.0,5,1,0,0,FED,2025-09-30,3026896.0,8,TX,1,0,76856
SM,0.0,33306,CHICAGO,1113210.0,0.0,2024-11-21,263.0,1161361.0,37758.0,47888.0,1991-02-06,9,9,7,CHICAGO,33306_20250930,DIF,1991-02-06,0,CIBC BANK USA,CANADIAN IMPERIAL BK OF COM,1327355.0,3,23,0,0,FED,2025-09-30,1231342.0,4,IL,0,1,60603
N,1.0,3330,MC GREGOR,23348.0,0.0,2022-08-31,0.0,23444.0,2060.0,96.0,1889-01-01,13,13,11,DALLAS,3330_20250930,DIF,1934-01-01,0,THE FIRST NATIONAL BANK OF MCGREGOR,MCGREGOR BANCSHARES INC,28813.0,5,6,0,0,OCC,2025-09-30,4619437.0,4,TX,0,1,76657
NM,1.0,3335,MEMPHIS,1223.0,0.0,2022-08-31,0.0,1223.0,0.0,0.0,1898-03-01,13,13,11,LUBBOCK,3335_20250930,DIF,1934-01-01,0,FIRST BANK AND TRUST OF MEMPHIS,Unknown,2860.0,5,2,0,0,FDIC,2025-09-30,0.0,7,TX,1,0,79245
SM,1.0,3336,MENARD,558.0,0.0,2022-08-31,0.0,558.0,0.0,0.0,1919-01-01,13,13,11,AUSTIN,3336_20250930,DIF,1934-01-01,0,MENARD BANK,MENARD BANCSHARES INC,1501.0,5,1,0,0,FED,2025-09-30,2291295.0,2,TX,1,0,76859
N,1.0,3337,MERCEDES,14724.0,0.0,2022-08-31,0.0,15638.0,1246.0,914.0,1920-11-26,13,13,11,HOUSTON,3337_20250930,DIF,1934-01-01,0,TEXAS NATIONAL BANK,TNB BANCSHARES INC,30587.0,5,10,0,0,OCC,2025-09-30,3305434.0,4,TX,0,0,78570
SM,1.0,33380,OMAHA,9974.0,0.0,2024-06-30,20.0,11558.0,270.0,1564.0,1991-04-10,11,11,10,OMAHA,33380_20250930,DIF,1991-04-10,0,ENTERPRISE BANK,ENTERPRISE HOLDING CO,11005.0,4,4,0,0,FED,2025-09-30,3306356.0,4,NE,0,0,68154
N,1.0,3339,MERTZON,1856.0,0.0,2017-01-31,0.0,1856.0,0.0,0.0,1910-01-01,13,13,11,LUBBOCK,3339_20250930,DIF,1934-01-01,0,THE FIRST NATIONAL BANK OF MERTZON,Unknown,13373.0,5,3,0,0,OCC,2025-09-30,0.0,7,TX,0,0,76941
N,1.0,33418,NORWICH,13838.0,0.0,2022-08-31,3.0,16363.0,790.0,2522.0,1991-05-22,2,2,1,WINDSOR,33418_20250930,DIF,1991-05-22,0,LEDYARD NATIONAL BANK,LEDYARD FINANCIAL GROUP INC,18042.0,1,11,0,0,OCC,2025-09-30,3625123.0,4,VT,0,1,05055
N,1.0,3342,MEXIA,3371.0,0.0,2022-08-31,6.0,3875.0,290.0,498.0,1882-02-01,13,13,11,DALLAS,3342_20250930,DIF,1934-01-01,0,"INCOMMONS BANK, N.A.",BI-STONE BANCSHARES INC,8158.0,5,6,0,0,OCC,2025-09-30,2227481.0,4,TX,0,0,76667
NM,0.0,33440,THE VILLAGES,41282.0,0.0,2022-08-31,3965.0,45302.0,150.0,55.0,1991-07-01,5,5,6,TAMPA,33440_20250930,DIF,1991-07-01,0,CITIZENS FIRST BANK,VILLAGES BCORP INC,83832.0,5,20,0,0,FDIC,2025-09-30,2012315.0,9,FL,0,0,32162
NM,1.0,33450,NEBRASKA CITY,8795.0,0.0,2024-06-30,2.0,9003.0,225.0,206.0,1991-07-01,11,11,10,OMAHA,33450_20250930,DIF,1991-07-01,0,ARBOR BANK,OAKLAND FINANCIAL SERVICES INC,18200.0,4,6,0,0,FDIC,2025-09-30,1203125.0,2,NE,1,1,68410
SM,1.0,33457,OAKDALE,9896.0,0.0,2022-08-31,0.0,9896.0,459.0,0.0,1991-05-28,14,14,12,SACRAMENTO,33457_20250930,DIF,1991-05-28,0,OAK VALLEY COMMUNITY BANK,OAK VALLEY BCORP,55564.0,4,19,0,0,FED,2025-09-30,3726440.0,4,CA,0,0,95361
NM,1.0,33470,HUNTSVILLE,6573.0,0.0,2020-10-23,0.0,6823.0,0.0,250.0,1991-07-26,13,13,8,LITTLE ROCK,33470_20250930,DIF,1991-07-26,0,TODAY'S BANK,MATHIAS BANCSHARES INC,8608.0,5,11,0,0,FDIC,2025-09-30,1951172.0,4,AR,1,1,72740
NM,1.0,33492,NEW ORLEANS,27143.0,0.0,2022-08-31,0.0,27143.0,36300.0,0.0,1991-08-30,13,13,6,BATON ROUGE,33492_20250930,DIF,1991-08-30,0,CRESCENT BANK,CB&T HOLDING CORP,101499.0,5,12,0,0,FDIC,2025-09-30,2254508.0,6,LA,0,0,70163
SM,0.0,33497,WESTLAKE,21000.0,0.0,2023-11-18,0.0,21000.0,0.0,0.0,1991-08-30,13,16,11,PHOENIX,33497_20250930,DIF,1991-08-30,0,"CHARLES SCHWAB PREMIER BANK, SSB",CHARLES SCHWAB CORP THE,418000.0,5,1,0,0,FED,2025-09-30,1026632.0,9,TX,0,0,76262
NM,1.0,33503,CLINTON,38864.0,0.0,2022-08-31,0.0,41690.0,2949.0,2826.0,1991-09-13,2,2,2,JAMESBURG,33503_20250930,DIF,1991-09-13,0,UNITY BANK,UNITY BCORP INC,87577.0,1,22,0,0,FDIC,2025-09-30,2181426.0,4,NJ,0,0,08809
N,1.0,33506,DOUGLAS,6563.0,0.0,2022-08-31,0.0,6563.0,394.0,0.0,1991-09-23,5,5,6,ALBANY GA,33506_20250930,DIF,1991-09-23,0,FIRST NATIONAL BANK OF COFFEE COUNTY,FNC BCORP INC,13127.0,5,5,0,0,OCC,2025-09-30,3069633.0,4,GA,1,0,31533
N,1.0,3351,MOODY,454.0,0.0,2022-08-31,0.0,454.0,0.0,0.0,1893-01-01,13,13,11,DALLAS,3351_20250930,DIF,1934-01-01,0,THE FIRST NATIONAL BANK OF MOODY,REYNOLDS TEAGUE THURMAN FINL,1406.0,5,2,0,0,OCC,2025-09-30,3147353.0,7,TX,1,0,76557
NM,0.0,33539,LOS ANGELES,154141.0,0.0,2022-08-31,0.0,160980.0,4800.0,6839.0,1991-12-23,14,14,12,LOS ANGELES,33539_20250930,DIF,1991-12-23,0,PREFERRED BANK,Unknown,200841.0,4,16,0,0,FDIC,2025-09-30,0.0,4,CA,0,0,90017
NM,1.0,33552,BOONE,2305.0,0.0,2024-06-30,44.0,2349.0,47.0,0.0,1992-01-16,11,11,7,DES MOINES,33552_20250930,DIF,1992-01-16,0,BOONE BANK & TRUST CO.,AMES NATIONAL CORP,2761.0,4,2,0,0,FDIC,2025-09-30,1202258.0,2,IA,0,1,50036
N,0.0,33555,WINTER HAVEN,744821.0,0.0,2025-01-01,15482.0,760951.0,113152.0,648.0,1992-02-21,5,5,6,TAMPA,33555_20250930,DIF,1992-02-21,0,"SOUTHSTATE BANK, NATIONAL ASSOCIATION",SOUTHSTATE BANK CORP,1769515.0,5,371,0,0,OCC,2025-09-30,1133437.0,4,FL,0,0,33880
N,1.0,33565,HALLANDALE,1001.0,0.0,2022-08-31,0.0,1713.0,4.0,712.0,1992-02-28,5,5,6,SOUTH FLORIDA,33565_20250930,DIF,1992-02-28,0,"DESJARDINS BANK, NATIONAL ASSOCIATION",DESJARDINS GROUP THE,11074.0,5,2,0,0,OCC,2025-09-30,3196801.0,5,FL,0,0,33009
NM,1.0,33568,PHILADELPHIA,43.0,0.0,2024-05-31,0.0,43.0,-22.0,0.0,1992-03-23,2,2,3,PHILADELPHIA,33568_20250930,DIF,1992-03-23,0,UNITED BANK OF PHILADELPHIA,UNITED BANCSHARES INC,2209.0,1,2,0,0,FDIC,2025-09-30,2259268.0,4,PA,0,0,19122
SI,1.0,33645,LEE,5382.0,0.0,2022-08-31,0.0,6251.0,185.0,869.0,1992-07-01,2,2,1,WINDSOR,33645_20250930,DIF,1992-07-01,0,LEE BANK,BERKSHIRE FINL SERVICES INC,13207.0,1,5,0,0,FDIC,2025-09-30,1985131.0,4,MA,0,1,01238
OI,0.0,33646,NEW YORK,0.0,0.0,2022-08-31,0.0,0.0,0.0,0.0,1918-01-01,2,2,2,NEW YORK CITY,33646_20250930,DIF,1989-03-27,0,THE BANK OF EAST ASIA LTD.,Unknown,0.0,1,1,0,0,OCC,2025-09-30,0.0,4,NY,0,0,10022
OI,0.0,33648,NEW YORK,0.0,0.0,2020-03-23,0.0,0.0,0.0,0.0,1906-09-07,2,2,2,NEW YORK CITY,33648_20250930,DIF,1980-12-02,0,BANK OF INDIA,Unknown,0.0,1,1,0,0,FDIC,2025-09-30,0.0,9,NY,0,0,10017
OI,0.0,33653,NEW YORK,0.0,0.0,2022-08-31,0.0,0.0,0.0,0.0,1912-01-01,2,2,2,NEW YORK CITY,33653_20250930,DIF,1981-11-16,0,BANK OF CHINA,Unknown,0.0,1,1,0,0,OCC,2025-09-30,0.0,4,NY,0,0,10018
OI,0.0,33656,NEW YORK,0.0,0.0,2022-08-31,0.0,0.0,0.0,0.0,1962-09-05,2,2,2,NEW YORK CITY,33656_20250930,DIF,1983-06-01,0,METROPOLITAN BANK AND TRUST COMPANY,Unknown,0.0,1,1,0,0,OCC,2025-09-30,0.0,7,NY,0,0,10022
OI,0.0,33661,LOS ANGELES,0.0,0.0,2022-08-31,0.0,0.0,0.0,0.0,1923-06-01,14,14,12,LOS ANGELES,33661_20250930,DIF,1981-08-18,0,"MIZRAHI TEFAHOT BANK, LTD.",Unknown,0.0,4,1,0,0,FDIC,2025-09-30,0.0,4,CA,0,0,90071
OI,0.0,33664,CHICAGO,0.0,0.0,2022-08-31,0.0,0.0,0.0,0.0,1955-07-05,9,14,7,CHICAGO,33664_20250930,DIF,1975-12-29,0,STATE BANK OF INDIA,Unknown,0.0,3,1,0,0,FDIC,2025-09-30,0.0,4,IL,0,0,60603
OI,0.0,33681,NEW YORK,0.0,0.0,2024-12-31,0.0,0.0,0.0,0.0,1908-01-01,2,2,2,NEW YORK CITY,33681_20250930,DIF,1979-02-22,0,BANK OF BARODA,Unknown,0.0,1,1,0,0,FDIC,2025-09-30,0.0,4,NY,0,0,10016
OI,0.0,33682,NEW YORK,0.0,0.0,2022-08-31,0.0,0.0,0.0,0.0,1955-07-05,2,14,2,NEW YORK CITY,33682_20250930,DIF,1971-12-08,0,STATE BANK OF INDIA,Unknown,0.0,1,1,0,0,FDIC,2025-09-30,0.0,4,NY,0,0,10022
OI,0.0,33686,NEW YORK,0.0,0.0,2022-08-31,0.0,0.0,0.0,0.0,1921-01-01,2,2,2,NEW YORK CITY,33686_20250930,DIF,1974-11-25,0,BANK HAPOALIM B.M.,Unknown,0.0,1,1,0,0,FDIC,2025-09-30,0.0,4,NY,0,0,10036
NM,1.0,3368,NORMANGEE,1303.0,0.0,2019-06-25,0.0,1374.0,0.0,71.0,1912-01-01,13,13,11,HOUSTON,3368_20250930,DIF,1934-01-01,0,NORMANGEE STATE BANK,NORMANGEE BANCSHARES INC,4616.0,5,2,0,0,FDIC,2025-09-30,4839310.0,8,TX,0,0,77871
NM,1.0,33708,CHICAGO,19782.0,0.0,2022-08-31,0.0,19897.0,-300.0,115.0,1992-10-26,9,9,7,CHICAGO,33708_20250930,DIF,1992-10-26,0,INTERNATIONAL BANK OF CHICAGO,IBC BCORP INC,21246.0,3,6,0,0,FDIC,2025-09-30,2339759.0,4,IL,1,1,60640
NM,1.0,33739,WINCHESTER,5401.0,0.0,2022-08-31,0.0,5440.0,0.0,39.0,1992-11-19,13,13,6,NASHVILLE,33739_20250930,DIF,1992-11-19,0,CITIZENS COMMUNITY BANK,CITIZENS CMTY BANCSHARES INC,10117.0,5,4,0,0,FDIC,2025-09-30,2354305.0,4,TN,0,0,37398
NM,1.0,33753,MASCOUTAH,7620.0,0.0,2022-08-31,314.0,8241.0,389.0,307.0,1992-12-21,9,9,8,MOUNT VERNON,33753_20250930,DIF,1992-12-21,0,CITIZENS COMMUNITY BANK,CITIZENS BCORP INC,9405.0,3,4,0,0,FDIC,2025-09-30,2550143.0,4,IL,0,0,62258
NM,1.0,33758,BISMARCK,30342.0,0.0,2024-06-30,35.0,35748.0,1185.0,5371.0,1993-01-01,11,11,9,FARGO,33758_20250930,DIF,1993-01-01,0,STARION BANK,STARION BCORP,37264.0,3,16,0,0,FDIC,2025-09-30,1126729.0,4,ND,1,1,58501
NM,1.0,33761,SAINT FRANCIS,4078.0,0.0,2022-08-31,0.0,4352.0,523.0,274.0,1993-01-11,11,11,9,MINNEAPOLIS,33761_20250930,DIF,1993-01-11,0,VILLAGE BANK,VILLAGE BANCSHARES INC,10045.0,3,4,0,0,FDIC,2025-09-30,2265867.0,4,MN,1,0,55070
NM,1.0,3376,OZONA,1716.0,0.0,2021-06-25,0.0,2213.0,771.0,497.0,1905-06-01,13,13,11,LUBBOCK,3376_20250930,DIF,1934-01-01,0,OZONA BANK,ONB BANCSHARES INC,8915.0,5,7,0,0,FDIC,2025-09-30,3491869.0,4,TX,1,0,76943
N,0.0,33785,SAINT LOUIS,2106.0,0.0,2022-08-31,0.0,2107.0,0.0,1.0,1993-02-16,11,11,8,ST. LOUIS,33785_20250930,DIF,1999-09-29,0,"STIFEL TRUST COMPANY, NATIONAL ASSOCIATION",STIFEL FINANCIAL CORP,29053.0,4,2,0,0,OCC,2025-09-30,3063622.0,7,MO,0,1,63102
NM,1.0,33794,ROGERSVILLE,1697.0,0.0,2022-08-31,66.0,1781.0,24.0,18.0,1993-04-26,13,13,6,KNOXVILLE,33794_20250930,DIF,1993-04-26,0,FIRST COMMUNITY BANK OF EAST TENNESSEE,FIRST COMMUNITY CORP,5769.0,5,4,0,0,FDIC,2025-09-30,2224239.0,4,TN,0,0,37857
SI,1.0,33802,PHILADELPHIA,1735.0,0.0,2022-09-23,0.0,1737.0,-153.0,2.0,1873-03-31,2,2,3,PHILADELPHIA,33802_20250930,DIF,2000-07-01,1,TIOGA-FRANKLIN SAVINGS BANK,Unknown,1413.0,1,1,0,0,FDIC,2025-09-30,0.0,4,PA,0,0,19125
N,0.0,33803,WHEATON,64156.0,0.0,2022-08-31,498.0,69666.0,1661.0,5012.0,1993-05-17,9,9,7,CHICAGO,33803_20250930,DIF,1993-05-17,0,"WHEATON BANK & TRUST, NATIONAL ASSOCIATION",WINTRUST FINANCIAL CORP,84501.0,3,8,0,0,OCC,2025-09-30,2260406.0,4,IL,0,0,60187
SM,1.0,33805,ELMHURST,1978.0,0.0,2022-08-31,47.0,2025.0,90.0,0.0,1993-05-24,9,9,7,CHICAGO,33805_20250930,DIF,1993-05-24,0,COMMUNITY BANK OF ELMHURST,COMMUNITY BANCSHARES ELMHURST,4824.0,3,2,0,0,FED,2025-09-30,2066390.0,4,IL,1,0,60126
N,1.0,33812,APPLETON,7951.0,0.0,2022-08-31,1.0,8304.0,182.0,352.0,1993-06-14,9,9,7,APPLETON,33812_20250930,DIF,1993-06-14,0,AMERICAN NATIONAL BANK - FOX CITIES,AMERICAN NATIONAL BCORP INC,9004.0,3,1,0,0,OCC,2025-09-30,2716640.0,4,WI,1,0,54911
SB,1.0,33818,FAYETTEVILLE,2754.0,0.0,2022-08-31,15.0,2959.0,175.0,190.0,1993-07-03,13,13,8,LITTLE ROCK,33818_20250930,DIF,1993-07-03,0,PRIORITY BANK,PRIORITY ONE HOLDING CO,4691.0,5,3,0,0,OCC,2025-09-30,3832033.0,8,AR,1,0,72703
NM,1.0,33823,PROVO,24200.0,0.0,2025-03-06,0.0,24656.0,46989.0,456.0,1993-07-29,14,14,12,SALT LAKE CITY,33823_20250930,DIF,1993-07-29,0,CAPITAL COMMUNITY BANK,CAPITAL COMMUNITY BCORP INC,139116.0,4,6,0,0,FDIC,2025-09-30,2641621.0,4,UT,0,0,84604
SB,1.0,33831,MASON,0.0,0.0,2024-10-28,0.0,0.0,5.0,0.0,1993-09-08,9,9,4,COLUMBUS,33831_20250930,DIF,1993-09-08,0,FDS BANK,MACYS INC,1874.0,3,1,0,0,OCC,2025-09-30,4103310.0,7,OH,0,0,45040
N,0.0,33849,HINSDALE,89113.0,0.0,2022-08-31,490.0,100474.0,-233.0,10871.0,1993-10-28,9,9,7,CHICAGO,33849_20250930,DIF,1993-10-28,0,"HINSDALE BANK & TRUST COMPANY, NATIONAL ASSOCIATION",WINTRUST FINANCIAL CORP,132053.0,3,17,0,0,OCC,2025-09-30,2260406.0,4,IL,0,0,60521
N,1.0,3384,PARIS,6355.0,0.0,2022-08-31,0.0,6355.0,457.0,0.0,1931-04-17,13,13,11,DALLAS,3384_20250930,DIF,1934-01-01,0,THE LIBERTY NATIONAL BANK IN PARIS,PARIS BANCSHARES INC,10740.0,5,2,0,0,OCC,2025-09-30,2465283.0,4,TX,0,0,75460
NM,1.0,33851,MILAN,1363.0,0.0,2022-08-31,21.0,1386.0,0.0,2.0,1993-11-12,13,13,8,NASHVILLE,33851_20250930,DIF,1993-11-12,0,THE BANK OF MILAN,HOMETOWN BCORP INC,2460.0,5,2,0,0,FDIC,2025-09-30,2263993.0,8,TN,1,0,38358
N,0.0,33855,BROOK PARK,14.0,0.0,2022-08-31,0.0,14.0,0.0,0.0,1993-10-19,9,9,4,COLUMBUS,33855_20250930,DIF,1993-10-19,0,CREDIT FIRST NATIONAL ASSOCIATION,Unknown,-12.0,3,1,0,0,OCC,2025-09-30,0.0,7,OH,0,0,44142
N,1.0,33860,INDIANAPOLIS,46554.0,0.0,2022-08-31,0.0,46554.0,1825.0,0.0,1993-12-08,9,9,7,INDIANAPOLIS,33860_20250930,DIF,1993-12-08,0,THE NATIONAL BANK OF INDIANAPOLIS,NATIONAL BK INPOLIS CORP,66861.0,3,13,0,0,OCC,2025-09-30,2149622.0,4,IN,0,1,46204
SM,1.0,33867,BETTENDORF,53638.0,0.0,2024-06-30,436.0,54213.0,5509.0,139.0,1994-01-07,11,11,7,CEDAR RAPIDS,33867_20250930,DIF,1994-01-07,0,QUAD CITY BANK AND TRUST COMPANY,QCR HOLDINGS INC,57172.0,4,5,0,0,FED,2025-09-30,2125813.0,4,IA,0,1,52722
NM,1.0,3387,AMARILLO,31953.0,0.0,2022-08-31,1.0,33547.0,1004.0,1593.0,1907-01-01,13,13,11,LUBBOCK,3387_20250930,DIF,1934-01-01,0,FIRSTBANK SOUTHWEST,FIRSTPERRYTON BCORP INC,49028.0,5,12,0,0,FDIC,2025-09-30,1108707.0,4,TX,1,1,79109
N,1.0,3388,PERRYTON,2805.0,0.0,2022-08-31,0.0,2805.0,299.0,0.0,1921-01-01,13,13,11,LUBBOCK,3388_20250930,DIF,1934-01-01,0,THE PERRYTON NATIONAL BANK,PERRYTON BANCSHARES INC,4651.0,5,1,0,0,OCC,2025-09-30,2454773.0,2,TX,1,0,79070
SM,0.0,33893,SAINT PETERSBURG,593150.0,0.0,2022-08-31,0.0,608109.0,21052.0,14959.0,1994-05-06,5,5,6,TAMPA,33893_20250930,DIF,1994-05-06,0,RAYMOND JAMES BANK,RAYMOND JAMES FINANCIAL INC,958475.0,5,1,0,0,FED,2025-09-30,3815157.0,9,FL,0,0,33716
SM,1.0,3389,PILOT POINT,13288.0,0.0,2022-08-31,198.0,15879.0,550.0,2393.0,1892-07-13,13,13,11,DALLAS,3389_20250930,DIF,1934-01-01,0,POINTBANK,PILOT POINT BCORP INC ESOP,23718.0,5,10,0,0,FED,2025-09-30,3353837.0,4,TX,1,0,76258
SM,1.0,33905,SAN JOSE,53385.0,0.0,2022-08-31,0.0,53385.0,1267.0,0.0,1994-06-08,14,14,12,SAN FRANCISCO,33905_20250930,DIF,1994-06-08,0,HERITAGE BANK OF COMMERCE,HERITAGE COMMERCE CORP,138692.0,4,17,0,0,FED,2025-09-30,2634874.0,4,CA,0,0,95110
SB,1.0,33922,SIOUX FALLS,6024.0,0.0,2024-06-30,0.0,6382.0,200.0,358.0,1994-06-24,11,11,9,SIOUX CITY,33922_20250930,DIF,1994-06-24,0,FRONTIER BANK,ROCK RIVERS BCORP,6613.0,4,5,0,0,OCC,2025-09-30,1827914.0,2,SD,1,1,57104
NM,1.0,33926,CHARLEVOIX,1065.0,0.0,2022-10-09,0.0,1066.0,0.0,1.0,1994-08-16,9,9,7,DETROIT,33926_20250930,DIF,1994-08-16,0,CHARLEVOIX STATE BANK,CHARLEVOIX FIRST CORP,6925.0,3,7,0,0,FDIC,2025-09-30,2336794.0,8,MI,1,0,49720
N,1.0,33928,STAMFORD,20681.0,0.0,2024-11-17,0.0,20782.0,1825.0,101.0,1994-08-31,2,2,2,WINDSOR,33928_20250930,DIF,1994-08-31,0,"PATRIOT BANK, NATIONAL ASSOCIATION",PATRIOT NATIONAL BCORP INC,14802.0,1,8,0,0,OCC,2025-09-30,2840479.0,4,CT,0,0,06905
N,0.0,33935,CHICAGO,135441.0,0.0,2022-08-31,483.0,135928.0,23648.0,4.0,1994-09-14,9,9,7,CHICAGO,33935_20250930,DIF,1994-09-14,0,"WINTRUST BANK, NATIONAL ASSOCIATION",WINTRUST FINANCIAL CORP,263207.0,3,37,0,0,OCC,2025-09-30,2260406.0,4,IL,0,0,60604
N,0.0,33947,WILMINGTON,890703.0,0.0,2022-08-31,3178.0,955440.0,350297.0,61559.0,1994-10-13,2,16,3,CLAYMONT,33947_20250930,DIF,1994-10-13,0,"TD BANK USA, NATIONAL ASSOCIATION",TORONTO-DOMINION BANK THE,1585512.0,1,1,0,0,OCC,2025-09-30,1238565.0,9,DE,0,0,19808
N,1.0,33959,HOLLYWOOD,2248.0,0.0,2022-08-31,0.0,2432.0,111.0,184.0,1994-12-06,5,5,6,SOUTH FLORIDA,33959_20250930,DIF,1994-12-06,0,"NATBANK, NATIONAL ASSOCIATION",NATIONAL BANK OF CANADA,7058.0,5,4,0,0,OCC,2025-09-30,1242188.0,5,FL,0,0,33020
SM,1.0,3399,QUANAH,1310.0,0.0,2017-01-31,0.0,1310.0,100.0,0.0,1907-01-01,13,13,11,LUBBOCK,3399_20250930,DIF,1934-01-01,0,FIRST CAPITAL BANK,QUANAH FINL EMPLOYEE STK OWNERSHIP PLAN,3652.0,5,2,0,0,FED,2025-09-30,2366755.0,2,TX,0,0,79252
N,1.0,3400,FRISCO,6459.0,0.0,2022-08-31,0.0,7991.0,478.0,1532.0,1891-05-21,13,13,11,DALLAS,3400_20250930,DIF,1934-01-01,0,"TEXAS REPUBLIC BANK, NATIONAL ASSOCIATION",TXRB HOLDINGS INC,17750.0,5,6,0,0,OCC,2025-09-30,4215745.0,4,TX,0,1,75034
NM,1.0,34010,CITY OF INDUSTRY,15521.0,0.0,2022-10-03,0.0,15521.0,0.0,0.0,1995-05-03,14,14,12,LOS ANGELES,34010_20250930,DIF,1995-05-03,0,EVERTRUST BANK,O-BANK CO LTD,26759.0,4,8,0,0,FDIC,2025-09-30,3462494.0,4,CA,0,0,91746
N,0.0,34011,ARLINGTON HEIGHT,46444.0,0.0,2022-08-31,94.0,51499.0,1900.0,4961.0,1995-05-08,9,9,7,CHICAGO,34011_20250930,DIF,1995-05-08,0,"VILLAGE BANK AND TRUST, NATIONAL ASSOCIATION",WINTRUST FINANCIAL CORP,83281.0,3,8,0,0,OCC,2025-09-30,2260406.0,4,IL,0,0,60004
N,1.0,34014,SWEETWATER,1047.0,0.0,2022-08-31,0.0,1110.0,-51.0,63.0,1995-05-08,13,13,11,LUBBOCK,34014_20250930,DIF,1995-05-08,0,TEXAS NATIONAL BANK,MESA FINANCIAL CORP,2537.0,5,2,0,0,OCC,2025-09-30,2299040.0,7,TX,1,0,79556
N,1.0,3401,QUITAQUE,2067.0,0.0,2017-01-31,0.0,2067.0,410.0,0.0,1920-08-20,13,13,11,LUBBOCK,3401_20250930,DIF,1934-01-01,0,THE FIRST NATIONAL BANK OF QUITAQUE,QUITAQUE NATIONAL CORP,4368.0,5,3,0,0,OCC,2025-09-30,3141034.0,2,TX,0,0,79255
SM,1.0,34020,TOPEKA,1987.0,0.0,2022-08-31,0.0,2166.0,90.0,179.0,1995-05-22,11,11,10,KANSAS CITY,34020_20250930,DIF,1995-05-22,0,COMMUNITY BANK,COMMUNITY FINANCIAL CORP,5960.0,4,1,0,0,FED,2025-09-30,2254704.0,4,KS,0,0,66614
NM,1.0,34023,OAK RIDGE,3545.0,0.0,2022-08-31,18.0,3757.0,-275.0,194.0,1995-05-30,13,13,6,KNOXVILLE,34023_20250930,DIF,1995-05-30,0,TNBANK,TENNESSEE VALLEY FINL HOLDINGS,8640.0,5,6,0,0,FDIC,2025-09-30,3082454.0,4,TN,0,1,37830
NM,1.0,34038,PARK RIDGE,8702.0,0.0,2024-12-31,28.0,8926.0,630.0,196.0,1995-07-03,9,9,7,CHICAGO,34038_20250930,DIF,1995-07-03,0,TIME BANK,COMMUNITY BANK CORP,21409.0,3,4,0,0,FDIC,2025-09-30,2536857.0,4,IL,1,0,60068
SM,1.0,34040,GREENWOOD VILLAG,4630.0,0.0,2022-08-31,2.0,6448.0,93.0,1816.0,1995-07-10,13,13,10,DENVER,34040_20250930,DIF,1995-07-10,0,FIRST AMERICAN STATE BANK,FIRST AMERICAN BCORP,5755.0,4,1,0,0,FED,2025-09-30,2747765.0,4,CO,0,0,80111
NM,1.0,34047,LEXINGTON,23505.0,0.0,2022-08-31,2134.0,25639.0,401.0,0.0,1995-08-17,5,5,5,COLUMBIA SC,34047_20250930,DIF,1995-08-17,0,FIRST COMMUNITY BANK,FIRST COMMUNITY CORP,46494.0,1,22,0,0,FDIC,2025-09-30,2337401.0,4,SC,0,0,29072
NM,1.0,34052,GREEN BAY,1723.0,0.0,2022-08-31,66.0,1795.0,1102.0,6.0,1995-08-21,9,9,7,APPLETON,34052_20250930,DIF,1995-08-21,0,BAY BANK,BAY BCORP INC,8514.0,3,3,0,0,FDIC,2025-09-30,2340867.0,8,WI,0,0,54313
SI,1.0,34058,NEWARK,4109.0,0.0,2022-08-31,0.0,4109.0,75.0,0.0,1995-09-01,2,2,2,JAMESBURG,34058_20250930,DIF,1995-09-01,0,LUSITANIA SAVINGS BANK,LUSITANIA FINANCIAL MHC,6266.0,1,4,0,0,FDIC,2025-09-30,3789986.0,5,NJ,0,0,07105
SM,0.0,3405,SAN ANTONIO,77528.0,0.0,2025-04-01,0.0,77528.0,8090.0,0.0,1923-11-06,13,13,11,AUSTIN,3405_20250930,DIF,1934-01-01,0,VANTAGE BANK TEXAS,VBT FINANCIAL CORP INC,123464.0,5,23,0,0,FED,2025-09-30,5278381.0,4,TX,1,0,78216
N,1.0,34068,THOMASVILLE,32201.0,0.0,2022-08-31,0.0,33751.0,2100.0,1550.0,1995-10-02,5,5,6,ALBANY GA,34068_20250930,DIF,1995-10-02,0,THOMASVILLE NATIONAL BANK,THOMASVILLE BANCSHARES INC,58456.0,5,4,0,0,OCC,2025-09-30,2346010.0,4,GA,0,1,31792
N,0.0,34069,WILMINGTON,11.0,0.0,2022-08-31,0.0,11.0,0.0,0.0,1995-10-02,2,16,3,CLAYMONT,34069_20250930,DIF,1995-10-02,0,"WILMINGTON TRUST, NATIONAL ASSOCIATION",M&T BANK CORP,1906.0,1,43,0,0,OCC,2025-09-30,1037003.0,7,DE,0,1,19801
N,0.0,34073,LIBERTYVILLE,45675.0,0.0,2022-08-31,512.0,50458.0,505.0,4271.0,1995-10-10,9,9,7,CHICAGO,34073_20250930,DIF,1995-10-10,0,"LIBERTYVILLE BANK & TRUST COMPANY, NATIONAL ASSOCIATION",WINTRUST FINANCIAL CORP,70605.0,3,8,0,0,OCC,2025-09-30,2260406.0,4,IL,0,0,60048
NM,1.0,34074,MADISON,10515.0,0.0,2022-08-31,1.0,11125.0,428.0,609.0,1995-10-09,9,9,7,MADISON,34074_20250930,DIF,1995-10-09,0,CAPITOL BANK,CAPITOL BANKSHARES INC,12683.0,3,3,0,0,FDIC,2025-09-30,2339610.0,4,WI,0,0,53717
NM,1.0,340,BILOXI,5919.0,0.0,2022-08-31,0.0,6217.0,-5.0,298.0,1896-04-13,13,13,6,JACKSON MS,340_20250930,DIF,1934-01-01,0,"THE PEOPLES BANK, BILOXI, MISSISSIPPI",PEOPLES FINANCIAL CORP,15718.0,5,18,0,0,FDIC,2025-09-30,1133174.0,7,MS,0,1,39530
NM,1.0,34108,MELROSE PARK,7511.0,0.0,2022-08-31,5.0,7530.0,603.0,14.0,1995-12-22,9,9,7,CHICAGO,34108_20250930,DIF,1995-12-22,0,PAN AMERICAN BANK & TRUST,SOLVTRUST FINANCIAL CORP,14409.0,3,5,0,0,FDIC,2025-09-30,5905614.0,4,IL,0,1,60160
NM,1.0,34120,ANN ARBOR,36450.0,0.0,2022-08-31,1176.0,38816.0,4187.0,1190.0,1996-01-16,9,9,7,DETROIT,34120_20250930,DIF,1996-01-16,0,BANK OF ANN ARBOR,ARBOR BCORP INC,96235.0,3,17,0,0,FDIC,2025-09-30,2454380.0,4,MI,0,1,48104
NM,1.0,34146,SENECA,9544.0,0.0,2022-08-31,1.0,9730.0,432.0,185.0,1996-03-15,11,11,10,SPRINGFIELD MO,34146_20250930,DIF,1996-03-15,0,PEOPLE'S BANK OF SENECA,PBS BANCSHARES INC,11958.0,4,5,0,0,FDIC,2025-09-30,4096645.0,4,MO,0,0,64865
SM,1.0,34148,AFTON,4479.0,0.0,2022-08-31,112.0,4668.0,318.0,77.0,1996-03-25,14,14,10,SALT LAKE CITY,34148_20250930,DIF,1996-03-25,0,BANK OF STAR VALLEY,STAR VALLEY BANCSHARES INC,12268.0,4,3,0,0,FED,2025-09-30,2270384.0,4,WY,1,1,83110
NM,1.0,34150,MADISONVILLE,8532.0,0.0,2022-08-31,2.0,9168.0,185.0,634.0,1996-03-29,9,9,8,MOUNT VERNON,34150_20250930,DIF,1996-03-29,0,FIRST UNITED BANK AND TRUST COMPANY,FIRST UNITED BCORP INC,14756.0,3,7,0,0,FDIC,2025-09-30,2356082.0,4,KY,1,1,42431
NM,1.0,34160,FITZGERALD,3271.0,0.0,2025-04-21,0.0,3271.0,90.0,0.0,1996-04-19,5,5,6,ALBANY GA,34160_20250930,DIF,1996-04-19,0,COMMUNITY BANKING COMPANY,CBC HOLDING CO,8085.0,5,3,0,0,FDIC,2025-09-30,2530118.0,8,GA,0,0,31750
NM,1.0,34162,OSHKOSH,5783.0,0.0,2022-08-31,14.0,6476.0,0.0,679.0,1996-04-22,9,9,7,APPLETON,34162_20250930,DIF,1996-04-22,0,WEST POINTE BANK,WEST POINTE BANCSHARES INC,9993.0,3,1,0,0,FDIC,2025-09-30,2371807.0,4,WI,0,1,54902
NM,1.0,34171,ROCHESTER,3902.0,0.0,2024-06-30,0.0,4896.0,450.0,994.0,1996-05-09,11,11,9,MINNEAPOLIS,34171_20250930,DIF,1996-05-09,0,EAGLE ROCK BANK,OLMSTED HOLDING CORP,7175.0,3,2,0,0,FDIC,2025-09-30,3153260.0,4,MN,0,0,55901
NM,1.0,34193,WILMINGTON,40.0,0.0,2022-08-31,0.0,40.0,-25.0,0.0,1996-07-01,2,2,3,CLAYMONT,34193_20250930,DIF,1996-07-01,0,APPLIED BANK,Unknown,9720.0,1,2,0,0,FDIC,2025-09-30,0.0,7,DE,1,0,19803
N,1.0,34207,ELK CITY,32635.0,0.0,2022-12-16,4.0,32659.0,4132.0,20.0,1996-07-17,13,13,10,OKLAHOMA CITY,34207_20250930,DIF,1996-07-17,0,GREAT PLAINS NATIONAL BANK,GREAT PLAINS BANCSHARES INC,66118.0,5,26,0,0,OCC,2025-09-30,1060355.0,4,OK,1,0,73644
SM,1.0,34211,SCOTTSBLUFF,14968.0,0.0,2024-06-30,1.0,16769.0,2379.0,1800.0,1996-07-22,11,11,10,GRAND ISLAND,34211_20250930,DIF,1996-07-22,0,PLATTE VALLEY BANK,PLATTE VALLEY FINL SERVICE COMPANIES,32510.0,4,10,0,0,FED,2025-09-30,2511014.0,2,NE,0,1,69361
N,0.0,34221,PURCHASE,4210000.0,0.0,2022-08-31,4000.0,4366000.0,71000.0,152000.0,1996-08-12,2,16,2,NEW YORK CITY,34221_20250930,DIF,1996-08-12,0,"MORGAN STANLEY PRIVATE BANK, NATIONAL ASSOCIATION",MORGAN STANLEY,2883000.0,1,1,0,0,OCC,2025-09-30,2162966.0,9,NY,0,1,10577
NM,1.0,34229,CUMMING,5434.0,0.0,2022-08-31,0.0,5434.0,140.0,0.0,1997-02-03,5,5,6,ATLANTA,34229_20250930,DIF,1997-02-03,0,THE CITIZENS BANK OF GEORGIA,FORSYTH BANCSHARES INC,16513.0,5,4,0,0,FDIC,2025-09-30,2497211.0,4,GA,0,0,30040
NM,1.0,34233,VERO BEACH,8577.0,0.0,2022-08-31,0.0,8826.0,0.0,249.0,1997-07-01,5,5,6,SOUTH FLORIDA,34233_20250930,DIF,1997-07-01,0,MARINE BANK & TRUST COMPANY,MARINE BCORP OF FLORIDA INC,13140.0,5,5,0,0,FDIC,2025-09-30,5076215.0,4,FL,0,1,32963
NM,1.0,34240,HORTONVILLE,3239.0,0.0,2022-08-31,0.0,3368.0,458.0,129.0,1996-10-16,9,9,7,APPLETON,34240_20250930,DIF,1996-10-16,0,WOLF RIVER COMMUNITY BANK,WOLF RIVER BCORP INC,10695.0,3,4,0,0,FDIC,2025-09-30,3180257.0,4,WI,0,0,54944
SM,0.0,34252,WALNUT CREEK,4208.0,0.0,2022-08-31,536.0,14553.0,770.0,9809.0,1997-01-02,14,14,12,SAN FRANCISCO,34252_20250930,DIF,1997-01-02,0,PACIFIC COAST BANKERS' BANK,PACIFIC COAST BANKERS BANCSHARES,21067.0,4,1,0,0,FED,2025-09-30,2731586.0,4,CA,0,0,94596
NM,1.0,34254,HOPKINSVILLE,37950.0,0.0,2022-08-31,0.0,39864.0,1750.0,1914.0,1996-09-12,9,9,8,MOUNT VERNON,34254_20250930,DIF,1996-09-12,0,"PLANTERS BANK, INC.",PLANTERS FINANCIAL GROUP INC,41574.0,3,13,0,0,FDIC,2025-09-30,3013225.0,4,KY,0,1,42240
NM,1.0,34259,ELIZABETH,8628.0,0.0,2022-08-31,0.0,9021.0,19.0,393.0,1998-04-13,2,2,2,JAMESBURG,34259_20250930,DIF,1998-04-13,0,CROWN BANK,Unknown,25417.0,1,13,0,0,FDIC,2025-09-30,0.0,4,NJ,1,0,07208
NM,1.0,34294,LUTHERVILLE,132689.0,0.0,2022-12-07,0.0,132689.0,16482.0,0.0,1997-12-01,2,2,5,BALTIMORE,34294_20250930,DIF,1997-12-01,0,CFG BANK,CAPITAL FUNDING BCORP INC,165329.0,1,3,0,0,FDIC,2025-09-30,3927078.0,4,MD,0,0,21093
SM,1.0,342,VICTOR,6673.0,0.0,2022-08-31,0.0,7922.0,171.0,1249.0,1907-01-01,14,14,9,BILLINGS,342_20250930,DIF,1934-01-01,0,FARMERS STATE BANK,FARMERS STATE FINANCIAL CORP,19732.0,4,11,0,0,FED,2025-09-30,2108227.0,4,MT,1,0,59875
SM,0.0,3430,SAN RAFAEL,9727.0,0.0,2022-08-31,614.0,10341.0,-550.0,0.0,1884-02-24,14,14,12,SAN FRANCISCO,3430_20250930,DIF,1934-01-01,0,WESTAMERICA BANK,WESTAMERICA BCORP,163266.0,4,76,0,0,FED,2025-09-30,1025541.0,9,CA,0,1,94901
NM,0.0,34313,RENO,15520.0,0.0,2024-05-01,0.0,15520.0,14.0,0.0,1997-08-25,14,14,12,PHOENIX,34313_20250930,DIF,1997-08-25,0,EAGLEMARK SAVINGS BANK,Unknown,34155.0,4,1,0,0,FDIC,2025-09-30,0.0,6,NV,0,0,89521
N,1.0,34319,HOUSTON,28003.0,0.0,2022-08-31,0.0,28474.0,351.0,471.0,1997-11-03,13,13,11,HOUSTON,34319_20250930,DIF,1997-11-03,0,SOUTHWESTERN NATIONAL BANK,SWNB BCORP INC,33662.0,5,8,0,0,OCC,2025-09-30,3234682.0,4,TX,0,0,77036
N,0.0,34331,ALBUQUERQUE,20.0,0.0,2022-08-31,0.0,20.0,0.0,0.0,1996-10-01,13,13,10,ALBUQUERQUE,34331_20250930,DIF,1996-10-01,0,DSRM NATIONAL BANK,Unknown,78.0,4,1,0,0,OCC,2025-09-30,0.0,7,NM,0,0,87109
NM,1.0,34334,CHICAGO,1716.0,0.0,2022-08-31,0.0,1814.0,40.0,98.0,1997-01-29,9,9,7,CHICAGO,34334_20250930,DIF,1997-01-29,0,AMERICAN METRO BANK,AMERICAN METRO BCORP INC,3141.0,3,2,0,0,FDIC,2025-09-30,3272367.0,4,IL,0,0,60640
N,1.0,34352,WASHINGTON,14522.0,0.0,2022-08-31,1948.0,20653.0,1321.0,4183.0,1998-11-24,2,2,5,BALTIMORE,34352_20250930,DIF,1998-11-24,0,"CITY FIRST BANK, NATIONAL ASSOCIATION",CITY FIRST ENTERPRISES INC,24336.0,1,4,0,0,OCC,2025-09-30,2697954.0,4,DC,0,0,20009
NM,1.0,34363,OMAHA,19031.0,0.0,2024-06-30,1.0,21856.0,-450.0,2824.0,1996-12-27,11,11,10,OMAHA,34363_20250930,DIF,1996-12-27,0,CORE BANK,DS HOLDING CO INC,20739.0,4,5,0,0,FDIC,2025-09-30,3428502.0,4,NE,0,1,68118
SM,0.0,34383,DALLAS,530406.0,0.0,2025-09-19,1695.0,548998.0,44000.0,16897.0,1997-10-03,13,13,11,DALLAS,34383_20250930,DIF,1997-10-03,0,TEXAS CAPITAL BANK,TEXAS CAPITAL BANCSHARES INC,774055.0,5,10,0,0,FED,2025-09-30,2706735.0,4,TX,0,1,75201
NM,1.0,34384,ROCK VALLEY,13886.0,0.0,2024-06-30,27.0,15552.0,750.0,1639.0,1997-02-25,11,11,7,SIOUX CITY,34384_20250930,DIF,1997-02-25,0,PREMIER BANK,PREMIER HOLDINGS LTD,19597.0,4,5,0,0,FDIC,2025-09-30,3066922.0,2,IA,1,0,51247
NM,1.0,34386,WYOMING,1752.0,0.0,2022-08-31,0.0,1956.0,67.0,204.0,1997-09-02,9,9,4,COLUMBUS,34386_20250930,DIF,1997-09-02,0,SPRING VALLEY BANK,SV BCORP INC,4583.0,3,1,0,0,FDIC,2025-09-30,3464340.0,4,OH,1,0,45215
NM,1.0,34393,SKOKIE,2047.0,0.0,2022-08-31,0.0,2205.0,0.0,158.0,1997-06-09,9,9,7,CHICAGO,34393_20250930,DIF,1997-06-09,0,1ST EQUITY BANK,FIRST EQUITY CORP,3542.0,3,1,0,0,FDIC,2025-09-30,2531553.0,4,IL,1,0,60076
N,1.0,34394,DAKOTA DUNES,2661.0,0.0,2024-06-30,155.0,3112.0,0.0,296.0,1997-05-01,11,11,9,SIOUX FALLS,34394_20250930,DIF,1997-05-01,0,SECURITY NATIONAL BANK OF SOUTH DAKOTA,SECURITY NATIONAL CORP,4479.0,4,3,0,0,OCC,2025-09-30,1200348.0,4,SD,0,1,57049
N,0.0,34395,BARRINGTON,66782.0,0.0,2024-09-27,295.0,76876.0,6390.0,9799.0,1996-12-19,9,9,7,CHICAGO,34395_20250930,DIF,1996-12-19,0,"BARRINGTON BANK & TRUST COMPANY, NATIONAL ASSOCIATION",WINTRUST FINANCIAL CORP,99999.0,3,9,0,0,OCC,2025-09-30,2260406.0,4,IL,0,0,60010
NM,1.0,34401,DENVER,15507.0,0.0,2025-07-11,0.0,15682.0,284.0,175.0,1997-05-13,13,13,10,DENVER,34401_20250930,DIF,1997-05-13,0,FORTIS BANK,FORTIS BCORP,31452.0,4,4,0,0,FDIC,2025-09-30,3559198.0,4,CO,0,0,80237
SM,1.0,34403,EVERETT,89847.0,0.0,2022-08-31,0.0,89849.0,144590.0,2.0,1997-04-01,14,14,12,SEATTLE,34403_20250930,DIF,1997-04-01,0,COASTAL COMMUNITY BANK,COASTAL FINANCIAL CORP,231882.0,4,14,0,0,FED,2025-09-30,3203008.0,4,WA,0,0,98203
NM,0.0,34404,SALT LAKE CITY,53741.0,0.0,2022-08-31,0.0,53768.0,9645.0,27.0,1997-05-15,14,14,12,SALT LAKE CITY,34404_20250930,DIF,1997-05-15,0,WEBBANK,Unknown,260267.0,4,1,0,0,FDIC,2025-09-30,0.0,4,UT,0,0,84111
NM,1.0,34407,ESTHERVILLE,2563.0,0.0,2024-06-30,0.0,2563.0,0.0,0.0,1997-04-01,11,11,7,DES MOINES,34407_20250930,DIF,1997-04-01,0,NORTHSTAR BANK,VAN DIEST INVESTMENT CO,4549.0,4,3,0,0,FDIC,2025-09-30,1205026.0,2,IA,0,1,51334
NM,1.0,34409,JENNINGS,6049.0,0.0,2022-08-31,16.0,6372.0,1288.0,307.0,1997-02-26,13,13,6,BATON ROUGE,34409_20250930,DIF,1997-02-26,0,THE BANK,BANCSHARES INC THE,15822.0,5,8,0,0,FDIC,2025-09-30,2504874.0,4,LA,0,0,70546
NM,1.0,3440,DIXON,10803.0,0.0,2023-01-20,0.0,10878.0,850.0,75.0,1910-01-02,14,14,12,SACRAMENTO,3440_20250930,DIF,1934-01-01,0,FIRST NORTHERN BANK OF DIXON,FIRST NORTHERN COMMUNITY BCORP,49743.0,4,21,0,0,FDIC,2025-09-30,2880626.0,4,CA,0,1,95620
SB,1.0,34415,FORT WORTH,1916.0,0.0,2022-08-31,0.0,1916.0,2207.0,0.0,1997-04-18,13,13,11,DALLAS,34415_20250930,DIF,1997-04-18,0,FIRST COMMAND BANK,FIRST COMMAND FINL PLANNING EMPLOYEE STK OWNERSHIP PLAN TR,28097.0,5,1,0,0,OCC,2025-09-30,3823321.0,9,TX,1,1,76109
SM,1.0,34422,ALLENTOWN,17501.0,0.0,2023-04-26,0.0,19267.0,161.0,1766.0,1997-06-02,2,2,3,PHILADELPHIA,34422_20250930,DIF,1997-06-02,0,AMERICAN BANK,AMERICAN BANK INC,21488.0,1,1,0,0,FED,2025-09-30,3008753.0,4,PA,0,0,18104
NM,1.0,34441,GREEN RIVER,1505.0,0.0,2022-08-31,0.0,1505.0,154.0,0.0,1997-08-18,14,14,10,BILLINGS,34441_20250930,DIF,1997-08-18,0,STATE BANK,SBWY FINANCIAL CORP,2961.0,4,3,0,0,FDIC,2025-09-30,5554713.0,4,WY,0,0,82935
SM,1.0,34444,MALVERN,408702.0,0.0,2022-06-15,0.0,452917.0,77651.0,44215.0,1997-06-26,2,2,3,PHILADELPHIA,34444_20250930,DIF,1997-06-26,0,CUSTOMERS BANK,CUSTOMERS BCORP INC,550797.0,1,7,0,0,FED,2025-09-30,4284536.0,4,PA,0,0,19355
N,1.0,34455,ROTAN,1205.0,0.0,2022-08-31,5.0,1210.0,-105.0,0.0,1997-04-01,13,13,11,LUBBOCK,34455_20250930,DIF,1997-04-01,0,FIRST NATIONAL BANK,ROTAN BANCSHARES INC,1978.0,5,1,0,0,OCC,2025-09-30,2487913.0,2,TX,1,1,79546
SI,1.0,34456,AUSTIN,19664.0,0.0,2023-12-04,148.0,21185.0,845.0,1373.0,1997-04-01,13,13,11,AUSTIN,34456_20250930,DIF,1997-04-01,0,"KEYSTONE BANK, SSB",KEYSTONE BANCSHARES INC,26279.0,5,4,0,0,FDIC,2025-09-30,5278372.0,4,TX,0,0,78738
SM,1.0,34457,JACKSON,2389.0,0.0,2022-08-31,205.0,2594.0,0.0,0.0,1997-06-02,13,13,8,NASHVILLE,34457_20250930,DIF,1997-06-02,0,THE BANK OF JACKSON,SECURITY BCORP OF TN INC,3432.0,5,3,0,0,FED,2025-09-30,1135374.0,7,TN,0,1,38305
NM,1.0,34460,LEEDS,3066.0,0.0,2022-08-31,0.0,3096.0,220.0,30.0,1997-12-30,5,5,6,SHELBY,34460_20250930,DIF,1997-12-30,0,MILLENNIAL BANK,Unknown,5516.0,5,2,0,0,FDIC,2025-09-30,0.0,4,AL,0,0,35094
N,0.0,34478,CHARLOTTE,27.0,0.0,2022-08-31,0.0,27.0,0.0,0.0,1998-02-02,5,5,5,CHARLOTTE,34478_20250930,DIF,1998-02-02,0,CEDAR HILL NATIONAL BANK,Unknown,453.0,1,1,0,0,OCC,2025-09-30,0.0,7,NC,0,0,28273
NM,1.0,34488,HIAWATHA,1063.0,0.0,2024-06-30,11.0,1352.0,0.0,278.0,1997-09-15,11,11,7,CEDAR RAPIDS,34488_20250930,DIF,1997-09-15,0,HIAWATHA BANK AND TRUST COMPANY,COUNTRY BCORP,3914.0,4,3,0,0,FDIC,2025-09-30,1203910.0,4,IA,0,1,52233
N,1.0,34489,FORT MYERS,3059.0,0.0,2022-08-31,130.0,3189.0,0.0,0.0,1997-08-29,5,5,6,SOUTH FLORIDA,34489_20250930,DIF,1997-08-29,0,EDISON NATIONAL BANK,EDISON BANCSHARES INC,9892.0,5,4,0,0,OCC,2025-09-30,2591258.0,7,FL,1,0,33907
NM,1.0,34496,ALHAMBRA,15768.0,0.0,2022-08-31,0.0,15773.0,403.0,5.0,1997-05-20,14,14,12,LOS ANGELES,34496_20250930,DIF,1997-05-20,0,FIRST COMMERCIAL BANK (USA),FIRST FINANCIAL HOLDING CO LTD,21702.0,4,8,0,0,FDIC,2025-09-30,3086210.0,4,CA,0,0,91801
SB,0.0,34507,DES MOINES,125512.0,0.0,2025-02-21,0.0,125512.0,593.0,0.0,1998-02-12,11,11,7,DES MOINES,34507_20250930,DIF,1998-02-12,0,PRINCIPAL BANK,Unknown,157825.0,4,1,0,0,OCC,2025-09-30,0.0,5,IA,0,1,50309
NM,1.0,34517,MADISONVILLE,4334.0,0.0,2022-08-31,0.0,4334.0,582.0,0.0,1997-09-22,13,13,6,KNOXVILLE,34517_20250930,DIF,1997-09-22,0,PEOPLES BANK OF EAST TENNESSEE,PEOPLES BANCSHARES OF TN INC,14613.0,5,12,0,0,FDIC,2025-09-30,3403161.0,4,TN,0,0,37354
NM,0.0,34519,SOUTH JORDAN,187300.0,0.0,2022-08-31,2268.0,189572.0,802231.0,4.0,1997-09-22,14,14,12,SALT LAKE CITY,34519_20250930,DIF,1997-09-22,0,MERRICK BANK,Unknown,1105525.0,4,1,0,0,FDIC,2025-09-30,0.0,3,UT,0,0,84095
NM,1.0,34526,MARENGO,1873.0,0.0,2022-08-31,0.0,1937.0,-406.0,64.0,1998-04-02,9,9,7,CHICAGO,34526_20250930,DIF,1998-04-02,0,PRAIRIE COMMUNITY BANK,MARENGO BANCSHARES INC,5131.0,3,5,0,0,FDIC,2025-09-30,2598378.0,4,IL,0,0,60152
NM,1.0,34533,BATESVILLE,53922.0,0.0,2022-08-31,353.0,63285.0,8450.0,9010.0,1997-08-04,13,13,8,LITTLE ROCK,34533_20250930,DIF,1997-08-04,0,FIRST COMMUNITY BANK,FIRST COMMUNITY BANCSHARES INC,86668.0,5,35,0,0,FDIC,2025-09-30,2641694.0,4,AR,0,1,72501
N,0.0,34535,TAMPA,8922.0,0.0,2022-08-31,0.0,8922.0,7113.0,0.0,1998-05-18,5,5,6,TAMPA,34535_20250930,DIF,1998-05-18,0,"TCM BANK, NATIONAL ASSOCIATION",Unknown,15859.0,5,1,0,0,OCC,2025-09-30,0.0,3,FL,0,0,33607
N,1.0,34548,EL CAJON,3336.0,0.0,2023-11-18,0.0,3674.0,16.0,338.0,1997-09-19,14,14,12,ORANGE,34548_20250930,DIF,1997-09-19,0,NEIGHBORHOOD NATIONAL BANK,NEIGHBORHOOD BCORP,4377.0,4,1,0,0,OCC,2025-09-30,2333131.0,4,CA,0,0,92019
SM,0.0,34562,LITTLE ROCK,75754.0,0.0,2022-08-31,27.0,84691.0,760.0,8910.0,1997-09-08,13,13,8,LITTLE ROCK,34562_20250930,DIF,1997-09-08,0,ENCORE BANK,ENCORE BANCSHARES INC,55201.0,5,19,0,0,FED,2025-09-30,2777016.0,4,AR,0,0,72223
NM,1.0,34566,CAPE GIRARDEAU,5707.0,0.0,2022-08-31,1.0,5865.0,-50.0,157.0,1997-10-23,11,11,8,ST. LOUIS,34566_20250930,DIF,1997-10-23,0,ALLIANCE BANK,ALLIANCE BANCSHARES INC,11330.0,4,5,0,0,FDIC,2025-09-30,3253629.0,2,MO,0,0,63701
SI,1.0,34585,LYNNWOOD,7142.0,0.0,2025-08-15,0.0,8142.0,25.0,1000.0,1998-01-02,14,14,12,SEATTLE,34585_20250930,DIF,1998-01-02,0,PACIFIC CREST BANK,PACIFIC CREST BCORP INC,5442.0,4,1,0,0,FDIC,2025-09-30,2713685.0,4,WA,1,0,98037
SM,0.0,34589,RICHMOND CITY,457651.0,0.0,2025-04-01,1746.0,463626.0,139578.0,4229.0,1997-11-04,5,5,5,RICHMOND,34589_20250930,DIF,1997-11-04,0,ATLANTIC UNION BANK,ATLANTIC UNION BANKSHARES CORP,855963.0,1,190,0,0,FED,2025-09-30,1971693.0,4,VA,0,0,23219
NM,0.0,34598,GRAND RAPIDS,78294.0,0.0,2022-10-09,5655.0,92638.0,4068.0,8689.0,1997-12-15,9,9,7,DETROIT,34598_20250930,DIF,1997-12-15,0,MERCANTILE BANK,MERCANTILE BANK CORP,155301.0,3,43,0,0,FDIC,2025-09-30,2608763.0,4,MI,0,0,49504
NM,0.0,34599,SALT LAKE CITY,4173.0,0.0,2022-08-31,0.0,4173.0,3193.0,0.0,1998-01-16,14,14,12,SALT LAKE CITY,34599_20250930,DIF,1998-01-16,0,"THE PITNEY BOWES BANK, INC.",Unknown,43871.0,4,1,0,0,FDIC,2025-09-30,0.0,4,UT,0,0,84111
NM,1.0,34603,FAIRMONT,48301.0,0.0,2024-08-14,54.0,48413.0,5594.0,58.0,1999-01-04,5,5,5,SCOTT DEPOT,34603_20250930,DIF,1999-01-04,0,"MVB BANK, INC",MVB FINANCIAL CORP,81562.0,1,7,0,0,FDIC,2025-09-30,3211601.0,4,WV,0,1,26554
NM,1.0,34606,COLLINSVILLE,5631.0,0.0,2022-08-31,0.0,6078.0,2848.0,447.0,1998-04-01,13,13,10,OKLAHOMA CITY,34606_20250930,DIF,1998-04-01,0,AMERICAN BANK OF OKLAHOMA,AMERIBANK HOLDING CO,13397.0,5,6,0,0,FDIC,2025-09-30,3043008.0,4,OK,0,0,74021
NM,0.0,34607,FISHERS,144554.0,0.0,2022-08-31,0.0,153891.0,60330.0,9337.0,1998-12-28,9,9,7,INDIANAPOLIS,34607_20250930,DIF,1998-12-28,0,FIRST INTERNET BANK OF INDIANA,FIRST INTERNET BCORP,88212.0,3,2,0,0,FDIC,2025-09-30,3393178.0,4,IN,0,0,46038
NM,1.0,34610,WEST PLAINS,3995.0,0.0,2022-08-31,0.0,4554.0,110.0,559.0,1997-11-13,11,11,8,SPRINGFIELD MO,34610_20250930,DIF,1997-11-13,0,COMMUNITY FIRST BANKING COMPANY,COMMUNITY BANCSHARES W PLAINS,7021.0,4,4,0,0,FDIC,2025-09-30,2615239.0,8,MO,1,0,65775
N,0.0,34618,HOLLAND,35224.0,0.0,2024-12-01,0.0,35224.0,9576.0,0.0,1997-11-25,9,9,7,DETROIT,34618_20250930,DIF,1997-11-25,0,"MACATAWA BANK, NATIONAL ASSOCIATION",WINTRUST FINANCIAL CORP,96430.0,3,29,0,0,OCC,2025-09-30,2260406.0,4,MI,0,1,49424
NM,0.0,34619,JOHNSTON,17.0,0.0,2024-06-30,0.0,17.0,0.0,0.0,2000-01-01,11,11,7,DES MOINES,34619_20250930,DIF,2000-01-01,0,ITS BANK,Unknown,1082.0,4,1,0,0,FDIC,2025-09-30,0.0,7,IA,0,0,50131
NM,1.0,34643,MIAMI,9547.0,0.0,2022-08-31,0.0,10120.0,737.0,573.0,1999-03-15,5,5,6,SOUTH FLORIDA,34643_20250930,DIF,1999-03-15,0,SUNSTATE BANK,SUNSTATE BANCSHARES INC,12948.0,5,3,0,0,FDIC,2025-09-30,5515415.0,4,FL,0,0,33176
NM,1.0,34644,INVER GROVE HEIG,1381.0,0.0,2022-08-31,0.0,1416.0,144.0,35.0,1998-05-20,11,11,9,MINNEAPOLIS,34644_20250930,DIF,1998-05-20,0,KEY COMMUNITY BANK,INVER GROVE BANCSHARES INC,3435.0,3,1,0,0,FDIC,2025-09-30,2610766.0,4,MN,1,0,55076
N,0.0,34656,HOUSTON,59977.0,0.0,2022-08-31,0.0,59977.0,1073.0,0.0,1998-05-18,13,13,11,HOUSTON,34656_20250930,DIF,1998-05-18,0,AMERICAN FIRST NATIONAL BANK,AFNB HOLDINGS INC,83442.0,5,20,0,0,OCC,2025-09-30,3472176.0,4,TX,0,0,77036
N,1.0,34662,CALHOUN,3791.0,0.0,2022-08-31,1.0,3792.0,290.0,0.0,1999-02-10,5,5,6,ATLANTA,34662_20250930,DIF,1999-02-10,0,NORTH GEORGIA NATIONAL BANK,NORTH GA CMTY FINL PARTNERS,7439.0,5,4,0,0,OCC,2025-09-30,2908650.0,4,GA,0,0,30701
NM,1.0,34666,LIBERAL,1754.0,0.0,2022-08-31,0.0,1754.0,0.0,0.0,1998-04-06,11,11,10,WICHITA,34666_20250930,DIF,1998-04-06,0,THE COMMUNITY BANK,LIGHT BANCSHARES CORP,4537.0,4,2,0,0,FDIC,2025-09-30,2621913.0,4,KS,0,0,67901
N,0.0,34681,CRYSTAL LAKE,29226.0,0.0,2022-08-31,400.0,32731.0,2061.0,3105.0,1997-12-19,9,9,7,CHICAGO,34681_20250930,DIF,1997-12-19,0,"CRYSTAL LAKE BANK AND TRUST COMPANY, NATIONAL ASSOCIATION",WINTRUST FINANCIAL CORP,48978.0,3,6,0,0,OCC,2025-09-30,2260406.0,4,IL,0,0,60014
NM,1.0,34685,MEDFORD,7854.0,0.0,2024-07-05,0.0,7854.0,629.0,0.0,1998-03-02,14,14,12,PORTLAND,34685_20250930,DIF,1998-03-02,0,PEOPLE'S BANK OF COMMERCE,PBCO FINANCIAL CORP,23554.0,4,11,0,0,FDIC,2025-09-30,5687273.0,4,OR,0,0,97504
NM,1.0,34686,JOHNSTON,2331.0,0.0,2024-06-30,0.0,2527.0,169.0,196.0,1998-06-15,11,11,7,DES MOINES,34686_20250930,DIF,1998-06-15,0,CHARTER BANK,JOHNSTON GROWTH CORP,5133.0,4,4,0,0,FDIC,2025-09-30,2646037.0,4,IA,1,0,50131
NM,0.0,34697,SANDY,152375.0,0.0,2022-08-31,2950.0,198632.0,37332.0,43307.0,1998-06-01,14,14,12,SALT LAKE CITY,34697_20250930,DIF,1998-06-01,0,WEX BANK,Unknown,580134.0,4,1,0,0,FDIC,2025-09-30,0.0,4,UT,0,0,84070
SM,1.0,34699,NEW YORK,148180.0,0.0,2022-08-31,3927.0,158922.0,34746.0,6815.0,1999-06-21,2,2,2,NEW YORK CITY,34699_20250930,DIF,1999-06-21,0,METROPOLITAN COMMERCIAL BANK,METROPOLITAN BANK HOLDING CORP,218891.0,1,8,0,0,FED,2025-09-30,2820211.0,4,NY,0,0,10016
SB,0.0,34710,COLUMBUS,0.0,0.0,2022-08-31,0.0,3568.0,0.0,3568.0,1998-09-01,9,9,4,COLUMBUS,34710_20250930,DIF,1998-09-01,0,"NATIONWIDE TRUST COMPANY, FSB",Unknown,-465.0,3,1,0,0,OCC,2025-09-30,0.0,5,OH,0,1,43215
SI,1.0,34711,ROCHESTER,2043.0,0.0,2022-08-31,0.0,2043.0,11.0,0.0,1894-06-30,2,2,4,WEXFORD,34711_20250930,DIF,1997-12-09,1,FARMERS BUILDING AND SAVINGS BANK,Unknown,1255.0,1,1,0,0,FDIC,2025-09-30,0.0,8,PA,0,0,15074
N,0.0,34717,HARTLAND,64490.0,0.0,2022-08-31,797.0,71933.0,3511.0,6646.0,1998-07-23,9,9,7,MILWAUKEE,34717_20250930,DIF,1998-07-23,0,"TOWN BANK, NATIONAL ASSOCIATION",WINTRUST FINANCIAL CORP,95012.0,3,25,0,0,OCC,2025-09-30,2260406.0,4,WI,0,0,53029
NM,1.0,34719,COLBY,10895.0,0.0,2023-01-10,156.0,12502.0,200.0,1451.0,1998-03-13,11,11,10,HAYS,34719_20250930,DIF,1998-03-13,0,FARMERS & MERCHANTS BANK OF COLBY,SECURITY BANCSHARES INC,13822.0,4,5,0,0,FDIC,2025-09-30,1248836.0,2,KS,0,0,67701
NM,1.0,34728,MEMPHIS,32772.0,0.0,2021-11-16,15.0,33099.0,5011.0,312.0,1998-04-20,13,13,8,NASHVILLE,34728_20250930,DIF,1998-04-20,0,INDEPENDENT BANK,INDEPENDENT HOLDINGS INC,44806.0,5,12,0,0,FDIC,2025-09-30,3121193.0,9,TN,0,0,38157
SM,1.0,34742,BETHESDA,235516.0,0.0,2022-08-31,1089.0,247884.0,279128.0,11279.0,1998-07-20,2,2,5,BALTIMORE,34742_20250930,DIF,1998-07-20,0,EAGLEBANK,EAGLE BCORP INC,205944.0,1,14,0,0,FED,2025-09-30,2652104.0,4,MD,0,0,20814
SB,0.0,34748,BATESVILLE,899.0,0.0,2022-08-31,0.0,899.0,0.0,0.0,1998-07-29,9,9,7,INDIANAPOLIS,34748_20250930,DIF,1998-07-29,0,CLEARPOINT FEDERAL BANK & TRUST,Unknown,2216.0,3,1,0,0,OCC,2025-09-30,0.0,7,IN,0,1,47006
NM,1.0,34752,HILLSBORO,1068.0,0.0,2022-08-31,49.0,1609.0,50.0,492.0,1998-05-29,9,9,8,SPRINGFIELD IL,34752_20250930,DIF,1998-05-29,0,FIRST COMMUNITY BANK OF HILLSBORO,FIRST CMTY BANC HOLDING CO,2525.0,3,2,0,0,FDIC,2025-09-30,2917278.0,2,IL,1,0,62049
N,1.0,34755,CHARLOTTESVILLE,17595.0,0.0,2022-08-31,28.0,19228.0,173.0,1605.0,1998-07-29,5,5,5,RICHMOND,34755_20250930,DIF,1998-07-29,0,VIRGINIA NATIONAL BANK,VIRGINIA NATL BANKSHARES CORP,38385.0,1,16,0,0,OCC,2025-09-30,4517261.0,4,VA,0,1,22902
SM,1.0,34759,PHILADELPHIA,10542.0,0.0,2022-08-31,0.0,11913.0,563.0,1371.0,1999-06-09,2,2,3,PHILADELPHIA,34759_20250930,DIF,1999-06-09,0,ASIAN BANK,ASIAN FINANCIAL CORP,14590.0,1,3,0,0,FED,2025-09-30,2785459.0,4,PA,0,0,19107
SM,1.0,34760,RAVENNA,6728.0,0.0,2022-08-31,4.0,6854.0,206.0,122.0,1998-07-01,9,9,4,COLUMBUS,34760_20250930,DIF,1998-07-01,0,PORTAGE COMMUNITY BANK,PORTAGE BANCSHARES INC,12000.0,3,4,0,0,FED,2025-09-30,2668589.0,4,OH,0,0,44266
N,0.0,34775,JACKSONVILLE,820964.0,0.0,2025-04-01,0.0,926245.0,38426.0,105281.0,1998-10-01,5,5,6,TAMPA,34775_20250930,DIF,1998-10-01,0,"EVERBANK, NATIONAL ASSOCIATION",EVERBANK FINANCIAL CORP,842149.0,5,42,0,0,OCC,2025-09-30,3838857.0,9,FL,0,0,32202
NM,1.0,34778,KANKAKEE,3928.0,0.0,2022-08-31,370.0,4298.0,0.0,0.0,1998-07-30,9,9,7,CHAMPAIGN,34778_20250930,DIF,1998-07-30,0,FIRST TRUST BANK OF ILLINOIS,FIRST TRUST FINANCIAL CORP,6887.0,3,6,0,0,FDIC,2025-09-30,3249109.0,7,IL,0,0,60901
NM,1.0,34781,OGDEN,41799.0,0.0,2022-08-31,0.0,42821.0,27850.0,1022.0,1998-10-01,14,14,12,SALT LAKE CITY,34781_20250930,DIF,1998-10-01,0,"TRANSPORTATION ALLIANCE BANK, INC. D/B/A TAB BANK",TAB BANK HOLDINGS INC,80129.0,4,1,0,0,FDIC,2025-09-30,4748766.0,4,UT,0,0,84403
NM,1.0,34784,DELHI,7382.0,0.0,2022-08-31,0.0,9629.0,1706.0,2247.0,1999-02-22,13,13,11,SHREVEPORT,34784_20250930,DIF,1999-02-22,0,COMMERCIAL CAPITAL BANK,CAPITAL BCORP INC,15446.0,5,7,0,0,FDIC,2025-09-30,2757111.0,2,LA,1,0,71232
NM,1.0,34786,ALLISON PARK,8189.0,0.0,2017-07-12,0.0,9940.0,181.0,1751.0,1998-10-23,2,2,4,WEXFORD,34786_20250930,DIF,1998-10-23,0,ENTERPRISE BANK,ENTERPRISE EMPLOYEE STK OWNERSHIP PLAN,12001.0,1,1,0,0,FDIC,2025-09-30,3386246.0,4,PA,0,0,15101
NM,0.0,34788,LOS ANGELES,32993.0,0.0,2022-08-31,0.0,32994.0,1396.0,1.0,1998-09-28,14,14,12,LOS ANGELES,34788_20250930,DIF,1998-09-28,0,AMERICAN BUSINESS BANK,Unknown,111381.0,4,10,0,0,FDIC,2025-09-30,0.0,4,CA,0,0,90071
SB,0.0,34799,APPLETON,22.0,0.0,2022-08-31,0.0,22.0,0.0,0.0,1998-11-02,9,9,7,APPLETON,34799_20250930,DIF,1998-11-02,0,THRIVENT TRUST COMPANY,Unknown,318.0,3,2,0,0,OCC,2025-09-30,0.0,7,WI,0,1,54919
NM,1.0,34803,COVINGTON,10672.0,0.0,2023-05-15,0.0,11793.0,94.0,1121.0,1998-07-20,13,13,6,BATON ROUGE,34803_20250930,DIF,1998-07-20,0,RESOURCE BANK,RESOURCE BANKSHARES INC,28007.0,5,11,0,0,FDIC,2025-09-30,3136405.0,4,LA,0,0,70433
SM,1.0,34805,BAKERSFIELD,22843.0,0.0,2023-01-17,0.0,22843.0,1371.0,0.0,1998-10-07,14,14,12,LOS ANGELES,34805_20250930,DIF,1998-10-07,0,MISSION BANK,MISSION BCORP,55945.0,4,8,0,0,FED,2025-09-30,3108082.0,4,CA,0,0,93301
SM,1.0,34811,NORTH PLATTE,11246.0,0.0,2024-06-30,902.0,15037.0,1053.0,2889.0,1998-05-14,11,11,10,GRAND ISLAND,34811_20250930,DIF,1998-05-14,0,NEBRASKALAND BANK,NEBRASKALAND FINL SERVICES INC,17165.0,4,6,0,0,FED,2025-09-30,2947350.0,4,NE,0,0,69101
SM,1.0,34836,ROSEVILLE,20163.0,0.0,2022-08-31,226.0,22857.0,1185.0,2468.0,1998-07-21,11,11,9,MINNEAPOLIS,34836_20250930,DIF,1998-07-21,0,NORTH AMERICAN BANKING COMPANY,N A CORP,22132.0,3,6,0,0,FED,2025-09-30,2631798.0,4,MN,1,0,55113
SM,1.0,34847,MOUNT JULIET,8625.0,0.0,2022-08-31,0.0,9082.0,475.0,457.0,1999-03-22,13,13,6,KNOXVILLE,34847_20250930,DIF,1999-03-22,0,SOUTHERN BANK OF TENNESSEE,Unknown,12560.0,5,5,0,0,FED,2025-09-30,0.0,4,TN,1,0,37122
SM,1.0,34849,DUBUQUE,3243.0,0.0,2024-06-30,464.0,3991.0,83.0,284.0,1998-10-13,11,11,7,CEDAR RAPIDS,34849_20250930,DIF,1998-10-13,0,PREMIER BANK,PREMIER FINANCIAL CORP,7517.0,4,3,0,0,FED,2025-09-30,2687124.0,4,IA,1,0,52002
NM,1.0,34857,OELWEIN,1805.0,0.0,2024-06-30,1.0,1950.0,0.0,144.0,1998-10-01,11,11,7,CEDAR RAPIDS,34857_20250930,DIF,1998-10-01,0,COMMUNITY BANK OF OELWEIN,FIRST BELMOND BCORP,1978.0,4,1,0,0,FDIC,2025-09-30,1204887.0,4,IA,0,1,50662
NM,1.0,34860,CHARLOTTE,4567.0,0.0,2022-08-31,0.0,4762.0,85.0,195.0,1998-12-15,5,5,5,CHARLOTTE,34860_20250930,DIF,1998-12-15,0,NEW REPUBLIC BANK,NEW REPUBLIC PARTNERS INC,3305.0,1,2,0,0,FDIC,2025-09-30,5534322.0,4,NC,0,0,28202
N,1.0,34876,NORWALK,4508.0,0.0,2022-08-31,0.0,4510.0,0.0,2.0,1998-12-28,2,2,2,WINDSOR,34876_20250930,DIF,1998-12-28,0,"CONNECTICUT COMMUNITY BANK, NATIONAL ASSOCIATION",ASSOCIATED COMMUNITY BCORP INC,17381.0,1,10,0,0,OCC,2025-09-30,2863946.0,4,CT,0,0,06850
SM,0.0,34885,DALLAS,53171.0,0.0,2025-07-07,0.0,53171.0,5921.0,0.0,1959-01-01,13,13,11,DALLAS,34885_20250930,DIF,1998-06-01,0,SUSSER BANK,SBH MANAGER LLC,71501.0,5,11,0,0,FED,2025-09-30,5189450.0,4,TX,0,0,75219
NM,1.0,34888,SEWELL,45698.0,0.0,2022-08-31,0.0,48977.0,1938.0,3279.0,1999-01-28,2,2,3,JAMESBURG,34888_20250930,DIF,1999-01-28,0,PARKE BANK,PARKE BCORP INC,56402.0,1,8,0,0,FDIC,2025-09-30,3347292.0,4,NJ,0,0,08080
SM,1.0,34890,HONAKER,10573.0,0.0,2022-08-31,0.0,10840.0,602.0,267.0,1998-10-28,5,5,5,RICHMOND,34890_20250930,DIF,1998-10-28,0,"NEW PEOPLES BANK, INC.",NEW PEOPLES BANKSHARES INC,25022.0,1,19,0,0,FED,2025-09-30,3049617.0,4,VA,0,0,24260
NM,1.0,34900,CASEY,1058.0,0.0,2022-08-31,0.0,1058.0,23.0,0.0,1999-07-19,9,9,7,CHAMPAIGN,34900_20250930,DIF,1999-07-19,0,PREFERRED BANK,PREFERRED BCORP INC,1547.0,3,2,0,0,FDIC,2025-09-30,2939319.0,4,IL,0,0,62420
NM,0.0,34908,ORLANDO,36736.0,0.0,2022-08-31,12.0,37380.0,5671.0,632.0,1999-09-10,5,5,6,TAMPA,34908_20250930,DIF,1999-09-10,0,COGENT BANK,COGENT BCORP INC,71506.0,5,10,0,0,FDIC,2025-09-30,3458040.0,4,FL,0,0,32801
N,1.0,34918,HEREFORD,4654.0,0.0,2022-08-31,0.0,4656.0,575.0,2.0,1999-12-06,13,13,11,LUBBOCK,34918_20250930,DIF,1999-12-06,0,FIRST NATIONAL BANK OF HEREFORD,LA PLATA BANCSHARES INC,11024.0,5,4,0,0,OCC,2025-09-30,2759601.0,2,TX,1,0,79045
NM,1.0,34936,CLARKSVILLE,13509.0,0.0,2022-08-31,10.0,13803.0,655.0,284.0,1998-11-12,13,13,6,NASHVILLE,34936_20250930,DIF,1998-11-12,0,LEGENDS BANK,LEGENDS FINANCIAL HOLDINGS INC,23016.0,5,10,0,0,FDIC,2025-09-30,3100349.0,4,TN,0,0,37040
SM,1.0,34938,CORINTH,1043.0,0.0,2022-08-31,32.0,1094.0,225.0,19.0,1999-01-19,13,13,8,JACKSON MS,34938_20250930,DIF,1999-01-19,0,COMMERCE BANK,COMMERCE HOLDING CORP,6093.0,5,1,0,0,FED,2025-09-30,3135435.0,4,MS,1,0,38834
NM,0.0,34953,GRAND RAPIDS,128060.0,0.0,2022-10-09,303.0,164799.0,2706.0,36436.0,1999-05-21,9,9,7,DETROIT,34953_20250930,DIF,1999-05-21,0,NORTHPOINTE BANK,NORTHPOINTE BANCSHARES INC,109281.0,3,1,0,0,FDIC,2025-09-30,2737814.0,9,MI,0,0,49546
N,1.0,34955,DAVENPORT,4635.0,0.0,2024-06-30,0.0,5212.0,6.0,577.0,1999-01-05,11,11,7,CEDAR RAPIDS,34955_20250930,DIF,1999-01-05,0,"AMERICAN BANK AND TRUST COMPANY, NATIONAL ASSOCIATION",AMBANK HOLDINGS INC,10698.0,4,9,0,0,OCC,2025-09-30,1138610.0,4,IA,0,1,52807
SM,1.0,34966,CHARLESTON,20427.0,0.0,2024-08-26,0.0,22996.0,1439.0,2569.0,1999-09-27,5,5,5,COLUMBIA SC,34966_20250930,DIF,1999-09-27,0,FIRST CAPITAL BANK,FIRST CAPITAL BANCSHARES INC,25059.0,1,5,0,0,FED,2025-09-30,3836385.0,4,SC,0,0,29401
SM,0.0,34967,NEW YORK,270197.0,0.0,2022-08-31,1238.0,283049.0,18976.0,11614.0,1999-01-02,2,2,2,NEW YORK CITY,34967_20250930,DIF,1999-01-02,0,POPULAR BANK,POPULAR INC,300339.0,1,39,0,0,FED,2025-09-30,1129382.0,4,NY,0,1,10004
SM,0.0,34968,SAN JUAN,632000.0,1000.0,2025-05-01,1000.0,635000.0,169000.0,1000.0,1999-01-02,2,2,2,SAN JUAN,34968_20250930,DIF,1999-01-02,0,BANCO POPULAR DE PUERTO RICO,POPULAR INC,1607000.0,1,1,165,0,FED,2025-09-30,1129382.0,9,PR,0,0,00918
SI,1.0,34969,GLEN COVE,19939.0,0.0,2022-08-31,0.0,20657.0,1593.0,718.0,1999-04-05,2,2,2,NEW YORK CITY,34969_20250930,DIF,1999-04-05,0,FIRST CENTRAL SAVINGS BANK,Unknown,23278.0,1,10,0,0,FDIC,2025-09-30,0.0,4,NY,0,0,11542
NM,1.0,34973,INDIANOLA,8761.0,0.0,2024-06-30,0.0,9741.0,942.0,980.0,1998-11-20,11,11,7,DES MOINES,34973_20250930,DIF,1998-11-20,0,PEOPLES SAVINGS BANK,CENTRAL SOUTH BCORP INC,12513.0,4,8,0,0,FDIC,2025-09-30,2732574.0,4,IA,0,0,50125
NM,1.0,34978,HOUMA,14932.0,0.0,2023-08-18,4.0,14936.0,2776.0,0.0,1999-03-10,13,13,6,BATON ROUGE,34978_20250930,DIF,1999-03-10,0,SYNERGY BANK,SYNERGY BANCSHARES INC,38887.0,5,10,0,0,FDIC,2025-09-30,2748490.0,4,LA,0,0,70360
NM,1.0,34980,ALEXANDRIA,33372.0,0.0,2022-08-31,0.0,33372.0,1550.0,0.0,1999-01-14,13,13,6,SHREVEPORT,34980_20250930,DIF,1999-01-14,0,RED RIVER BANK,RED RIVER BANCSHARES INC,77347.0,5,29,0,0,FDIC,2025-09-30,2743235.0,4,LA,0,0,71301
NM,1.0,34995,MCCOOK,2220.0,0.0,2024-06-30,0.0,2307.0,676.0,87.0,1999-01-04,11,11,10,GRAND ISLAND,34995_20250930,DIF,1999-01-04,0,FIRST CENTRAL BANK MCCOOK,CENTRAL BANCSHARES INC,3479.0,4,2,0,0,FDIC,2025-09-30,1050495.0,2,NE,0,0,69001
N,1.0,34997,SAINT PETERSBURG,28288.0,0.0,2022-08-31,0.0,29908.0,22579.0,1620.0,1999-02-12,5,5,6,TAMPA,34997_20250930,DIF,1999-02-12,0,BAYFIRST NATIONAL BANK,BAYFIRST FINANCIAL CORP,34936.0,5,12,0,0,OCC,2025-09-30,2881650.0,4,FL,0,0,33701
NM,1.0,34998,DORAVILLE,19923.0,0.0,2022-08-31,0.0,22741.0,1421.0,2818.0,2000-01-31,5,5,6,ATLANTA,34998_20250930,DIF,2000-01-31,0,FIRST IC BANK,FIRST IC CORP,38376.0,5,10,0,0,FDIC,2025-09-30,3589980.0,4,GA,0,0,30340
NM,1.0,35014,LEAWOOD,15332.0,0.0,2022-08-31,0.0,15385.0,1150.0,53.0,1999-03-30,11,11,10,KANSAS CITY,35014_20250930,DIF,1999-03-30,0,NBKC BANK,AMERI-NATIONAL CORP,30205.0,4,4,0,0,FDIC,2025-09-30,2772990.0,4,KS,1,0,66206
NM,1.0,35019,BATON ROUGE,3440.0,0.0,2025-04-04,0.0,3440.0,148.0,0.0,1999-08-02,13,13,6,SHREVEPORT,35019_20250930,DIF,1999-08-02,0,CURRENCY BANK,AXXESS PARTNERS INC,6429.0,5,5,0,0,FDIC,2025-09-30,5585306.0,4,LA,0,0,70806
NM,1.0,35020,NEW IBERIA,7417.0,0.0,2025-05-08,0.0,7464.0,65.0,47.0,1999-05-10,13,13,6,BATON ROUGE,35020_20250930,DIF,1999-05-10,0,COMMUNITY FIRST BANK,COMMUNITY FIRST BANCSHARES INC,21979.0,5,9,0,0,FDIC,2025-09-30,2775160.0,4,LA,1,0,70560
NM,1.0,35029,ALBANY,2306.0,0.0,2022-08-31,0.0,2365.0,0.0,59.0,1999-04-28,5,5,6,ALBANY GA,35029_20250930,DIF,1999-04-28,0,AB&T,COMMUNITY CAPITAL BANCSHARES,8887.0,5,3,0,0,FDIC,2025-09-30,2775142.0,4,GA,0,0,31707
SM,1.0,35031,WEST DES MOINES,3878.0,0.0,2024-06-30,0.0,4798.0,135.0,920.0,1999-02-22,11,11,7,DES MOINES,35031_20250930,DIF,1999-02-22,0,FREEDOM FINANCIAL BANK,FREEDOM HOLDINGS CO,5907.0,4,2,0,0,FED,2025-09-30,2734439.0,4,IA,1,0,50266
NM,1.0,35033,GLEN COVE,3430.0,0.0,2022-08-31,0.0,3469.0,225.0,39.0,2000-01-10,2,2,2,NEW YORK CITY,35033_20250930,DIF,2000-01-10,0,AMERICAN COMMUNITY BANK,AMERICAN COMMUNITY BCORP INC,9209.0,1,5,0,0,FDIC,2025-09-30,4111584.0,4,NY,0,0,11542
NM,1.0,35056,MADISON,2268.0,0.0,2022-08-31,0.0,2269.0,72.0,1.0,1999-05-05,5,5,6,TAMPA,35056_20250930,DIF,1999-05-05,0,MADISON COUNTY COMMUNITY BANK,MADISON CMTY BANCSHARES CORP,5013.0,5,2,0,0,FDIC,2025-09-30,3619702.0,4,FL,0,0,32340
SM,1.0,35060,MARIETTA,817.0,0.0,2022-08-31,0.0,817.0,5.0,0.0,1999-07-19,9,9,4,COLUMBUS,35060_20250930,DIF,1999-07-19,0,THE SETTLERS BANK,THIRD STREET BANCSHARES INC,4523.0,3,1,0,0,FED,2025-09-30,2747288.0,5,OH,0,0,45750
NM,0.0,35075,PHILADELPHIA,191.0,0.0,2022-08-31,0.0,191.0,0.0,0.0,1999-04-01,2,2,3,PHILADELPHIA,35075_20250930,DIF,1999-04-01,0,THE PHILADELPHIA TRUST COMPANY,Unknown,594.0,1,1,0,0,FDIC,2025-09-30,0.0,7,PA,0,1,19103
SM,1.0,35084,MORRILTON,2968.0,0.0,2022-08-31,20.0,2988.0,0.0,0.0,1999-02-16,13,13,8,LITTLE ROCK,35084_20250930,DIF,1999-02-16,0,PETIT JEAN STATE BANK,PETIT JEAN BANCSHARES INC,6842.0,5,2,0,0,FED,2025-09-30,2877402.0,4,AR,0,0,72110
NM,1.0,35094,MEMPHIS,532.0,0.0,2024-06-30,0.0,532.0,23.0,0.0,1999-03-20,11,11,8,COLUMBIA MO,35094_20250930,DIF,1999-03-20,0,COMMUNITY BANK OF MEMPHIS,CLARK COUNTY BANCSHARES INC,1319.0,4,1,0,0,FDIC,2025-09-30,1097995.0,2,MO,0,0,63555
NM,0.0,35095,PORTSMOUTH,204428.0,0.0,2025-09-01,154.0,210949.0,23899.0,6367.0,1999-04-08,5,5,5,RICHMOND,35095_20250930,DIF,1999-04-08,0,TOWNEBANK,Unknown,404801.0,1,74,0,0,FDIC,2025-09-30,0.0,4,VA,0,0,23703
SM,1.0,35101,ELYRIA,2794.0,0.0,2024-02-05,0.0,2794.0,-7.0,0.0,1999-10-12,9,9,4,COLUMBUS,35101_20250930,DIF,1999-10-12,0,BUCKEYE COMMUNITY BANK,BUCKEYE BANCSHARES INC,6679.0,3,2,0,0,FED,2025-09-30,2836294.0,4,OH,0,0,44035
NM,1.0,35103,BOISE,2281.0,0.0,2022-08-31,0.0,2281.0,35.0,0.0,1994-08-30,14,14,12,SALT LAKE CITY,35103_20250930,DIF,2006-08-30,0,IDAHO TRUST BANK,IDAHO TRUST BCORP,6395.0,4,2,0,0,FDIC,2025-09-30,3439713.0,4,ID,0,1,83702
N,0.0,3510,CHARLOTTE,23338000.0,2666000.0,2022-08-31,5095000.0,34237000.0,4375000.0,3138000.0,1904-10-17,5,16,5,CHARLOTTE,3510_20250930,DIF,1934-01-01,0,"BANK OF AMERICA, NATIONAL ASSOCIATION",BANK OF AMERICA CORP,44401000.0,1,3631,0,0,OCC,2025-09-30,1073757.0,9,NC,0,1,28202
NM,1.0,35118,WICHITA,2047.0,0.0,2022-08-31,0.0,2047.0,16.0,0.0,1999-08-16,11,11,10,WICHITA,35118_20250930,DIF,1999-08-16,0,"COMMUNITY BANK OF WICHITA, INC.",COMMUNITY STATE BANCSHARES INC,3382.0,4,2,0,0,FDIC,2025-09-30,2774305.0,4,KS,0,1,67206
N,0.0,3511,SIOUX FALLS,16105000.0,174000.0,2025-08-29,1481000.0,19733000.0,2622000.0,1973000.0,1870-01-01,11,16,9,SIOUX FALLS,3511_20250930,DIF,1934-01-01,0,"WELLS FARGO BANK, NATIONAL ASSOCIATION",WELLS FARGO&COMPANY,38464000.0,4,4191,0,0,OCC,2025-09-30,1120754.0,9,SD,0,1,57104
NM,1.0,35131,STERLING,10074.0,0.0,2022-08-31,63.0,11194.0,600.0,1057.0,1999-07-09,9,9,7,PRINCETON,35131_20250930,DIF,1999-07-09,0,SAUK VALLEY BANK & TRUST COMPANY,SV FINANCIAL INC,17827.0,3,10,0,0,FDIC,2025-09-30,3093919.0,2,IL,0,1,61081
NM,1.0,35138,OOLTEWAH,6790.0,0.0,2022-08-31,0.0,6790.0,450.0,0.0,1999-06-21,13,13,6,KNOXVILLE,35138_20250930,DIF,1999-06-21,0,MILLENNIUM BANK,MILLENNIUM BANCSHARES INC,16200.0,5,10,0,0,FDIC,2025-09-30,4947541.0,4,TN,1,1,37363
SI,1.0,35139,SEATTLE,25432.0,0.0,2022-05-23,0.0,25445.0,3570.0,13.0,1999-08-02,14,14,12,SEATTLE,35139_20250930,DIF,1999-08-02,0,SEATTLE BANK,SEATTLE BANCSHARES INC,28569.0,4,2,0,0,FDIC,2025-09-30,5719307.0,4,WA,0,0,98101
NM,0.0,35141,SALT LAKE CITY,228291.0,0.0,2022-12-05,9753.0,315589.0,25217.0,77545.0,1999-11-12,14,14,12,SALT LAKE CITY,35141_20250930,DIF,1999-11-12,0,BMW BANK OF NORTH AMERICA,Unknown,280452.0,4,1,0,0,FDIC,2025-09-30,0.0,6,UT,0,0,84121
NM,1.0,35151,FORT LEE,19409.0,0.0,2022-08-31,0.0,19411.0,250.0,2.0,1999-07-19,2,2,2,JAMESBURG,35151_20250930,DIF,1999-07-19,0,NEW MILLENNIUM BANK,NMB FINANCIAL CORP,22925.0,1,9,0,0,FDIC,2025-09-30,5011832.0,4,NJ,0,0,07024
SB,1.0,35154,NEW YORK,6414.0,0.0,2022-08-31,0.0,8090.0,108.0,1676.0,2000-06-05,2,2,2,NEW YORK CITY,35154_20250930,DIF,2000-06-05,0,"M.Y. SAFRA BANK, FSB",Unknown,8023.0,1,1,0,0,OCC,2025-09-30,0.0,4,NY,0,0,10022
SB,1.0,35157,RENO,24297.0,0.0,2022-08-31,0.0,25110.0,2312.0,813.0,1999-07-12,14,13,12,PHOENIX,35157_20250930,DIF,1999-07-12,0,FARM BUREAU BANK FSB,FB BCORP,31874.0,4,2,0,0,OCC,2025-09-30,3818822.0,9,NV,0,0,89521
SB,1.0,35161,MURRAY,7887.0,0.0,2022-08-31,3.0,8138.0,840.0,248.0,1999-06-15,9,9,8,MOUNT VERNON,35161_20250930,DIF,1999-06-15,0,THE MURRAY BANK,BANCKENTUCKY INC,13204.0,3,3,0,0,OCC,2025-09-30,3832592.0,4,KY,1,0,42071
SB,0.0,35164,IRVINE,0.0,0.0,2023-11-18,0.0,0.0,0.0,0.0,2000-07-01,14,14,12,ORANGE,35164_20250930,DIF,2000-07-01,0,CAPITAL BANK AND TRUST COMPANY,Unknown,3082.0,4,2,0,0,OCC,2025-09-30,0.0,5,CA,0,1,92618
SB,0.0,35206,MERRIMACK,16.0,0.0,2024-11-17,0.0,16.0,0.0,0.0,2000-05-15,2,2,1,SOUTH BOSTON,35206_20250930,DIF,2000-05-15,0,"FIDELITY PERSONAL TRUST COMPANY, FSB",Unknown,1939.0,1,2,0,0,OCC,2025-09-30,0.0,7,NH,0,1,03054
SM,1.0,35207,LYNCHBURG,9917.0,0.0,2022-08-31,0.0,9917.0,-301.0,0.0,1999-07-22,5,5,5,RICHMOND,35207_20250930,DIF,1999-07-22,0,BANK OF THE JAMES,BK JAMES FINL GROUP INC,25007.0,1,22,0,0,FED,2025-09-30,3217032.0,4,VA,0,0,24504
NM,1.0,35212,MERRITT ISLAND,3099.0,0.0,2022-08-31,0.0,3099.0,0.0,0.0,1999-11-29,5,5,6,TAMPA,35212_20250930,DIF,1999-11-29,0,COMMUNITY BANK OF THE SOUTH,CBOS BANKSHARES INC,5420.0,5,3,0,0,FDIC,2025-09-30,3450530.0,7,FL,0,0,32953
NM,1.0,35214,FLORENCE,13714.0,0.0,2025-05-27,2.0,14328.0,885.0,612.0,1999-08-16,5,5,5,COLUMBIA SC,35214_20250930,DIF,1999-08-16,0,FIRST RELIANCE BANK,FIRST RELIANCE BANCSHARES INC,28205.0,1,10,0,0,FDIC,2025-09-30,3070312.0,4,SC,0,0,29501
SM,1.0,35220,RIVERTON,2938.0,0.0,2022-08-31,9.0,3016.0,330.0,69.0,1999-06-14,14,14,10,BILLINGS,35220_20250930,DIF,1999-06-14,0,WYOMING COMMUNITY BANK,WYOMING NATIONAL BCORP INC,6977.0,4,3,0,0,FED,2025-09-30,2910970.0,4,WY,1,0,82501
NM,1.0,35221,HUNTINGBURG,8549.0,0.0,2022-08-31,0.0,8883.0,-936.0,334.0,1999-11-22,9,9,8,INDIANAPOLIS,35221_20250930,DIF,1999-11-22,0,FREEDOM BANK,FREEDOM BCORP,12771.0,3,4,0,0,FDIC,2025-09-30,3575787.0,4,IN,1,0,47542
NM,1.0,35223,SUGAR GROVE,8682.0,0.0,2022-08-31,1.0,9480.0,1050.0,797.0,2000-02-07,9,9,7,CHICAGO,35223_20250930,DIF,2000-02-07,0,FIRST SECURE COMMUNITY BANK,FIRST SECURE BANK GROUP INC,11309.0,3,5,0,0,FDIC,2025-09-30,2805544.0,4,IL,0,0,60554
NM,1.0,35229,JOHNSTON CITY,1413.0,0.0,2022-08-31,0.0,1833.0,68.0,420.0,1999-09-10,9,9,8,MOUNT VERNON,35229_20250930,DIF,1999-09-10,0,SOUTHERN ILLINOIS BANK,Unknown,3807.0,3,5,0,0,FDIC,2025-09-30,0.0,4,IL,0,0,62951
SB,0.0,35237,MIDDLETON,50171.0,0.0,2023-07-24,0.0,124493.0,68597.0,74322.0,2000-12-24,9,9,7,MADISON,35237_20250930,DIF,2000-12-24,0,"JOHN DEERE FINANCIAL, F.S.B.",DEERE&COMPANY,193674.0,3,1,0,0,OCC,2025-09-30,1277313.0,2,WI,0,0,53562
NM,1.0,35241,COLUMBIA,13926.0,0.0,2024-09-12,2.0,14139.0,633.0,211.0,1999-03-26,5,5,5,COLUMBIA SC,35241_20250930,DIF,1999-03-26,0,OPTUS BANK,OPTUS FINANCIAL CORP,15777.0,1,2,0,0,FDIC,2025-09-30,3334489.0,4,SC,0,0,29201
NM,1.0,35261,LONGVIEW,178.0,0.0,2022-08-31,5.0,194.0,125.0,11.0,2000-04-17,14,14,12,PORTLAND,35261_20250930,DIF,2000-04-17,0,TWIN CITY BANK,TWIN CITY BCORP INC,2222.0,4,1,0,0,FDIC,2025-09-30,3289477.0,4,WA,0,0,98632
N,0.0,35274,MARTINSVILLE,39495.0,0.0,2022-08-31,0.0,43837.0,-2500.0,4342.0,2000-07-24,5,5,5,RICHMOND,35274_20250930,DIF,2000-07-24,0,"BLUE RIDGE BANK, NATIONAL ASSOCIATION",BLUE RIDGE BANKSHARES INC,62462.0,1,27,0,0,OCC,2025-09-30,1426960.0,4,VA,0,0,24112
NM,1.0,35276,CASSVILLE,13437.0,0.0,2022-08-31,0.0,13509.0,883.0,72.0,1999-11-22,11,11,8,SPRINGFIELD MO,35276_20250930,DIF,1999-11-22,0,FREEDOM BANK OF SOUTHERN MISSOURI,FREEDOM BANCSHARES OF S MO INC,19055.0,4,8,0,0,FDIC,2025-09-30,3216754.0,2,MO,1,0,65625
N,0.0,35278,ROCKVILLE,45966.0,0.0,2024-10-01,0.0,46121.0,11237.0,155.0,1999-12-14,2,2,5,BALTIMORE,35278_20250930,DIF,1999-12-14,0,"CAPITAL BANK, NATIONAL ASSOCIATION",CAPITAL BCORP INC,143690.0,1,8,0,0,OCC,2025-09-30,2808590.0,4,MD,0,0,20850
NM,1.0,35292,LAWRENCE,8465.0,0.0,2022-08-31,0.0,9100.0,360.0,635.0,2000-08-07,11,11,10,KANSAS CITY,35292_20250930,DIF,2000-08-07,0,GREAT AMERICAN BANK,FIRST FINANCIAL BANCSHARES INC,16261.0,4,5,0,0,FDIC,2025-09-30,3385137.0,4,KS,1,0,66044
NM,0.0,35295,GREENVILLE,72576.0,0.0,2022-08-31,1.0,79385.0,1900.0,6808.0,2000-01-10,5,5,5,COLUMBIA SC,35295_20250930,DIF,2000-01-10,0,SOUTHERN FIRST BANK,SOUTHERN FIRST BANCSHARES INC,77745.0,1,12,0,0,FDIC,2025-09-30,2849799.0,4,SC,0,0,29607
NM,1.0,352,BAKER,1736.0,0.0,2022-08-31,1.0,1737.0,249.0,0.0,1924-09-20,14,14,9,BILLINGS,352_20250930,DIF,1934-01-01,0,THE BANK OF BAKER,UNITED BCORP,4657.0,4,1,0,0,FDIC,2025-09-30,1128264.0,2,MT,1,0,59313
NM,1.0,35314,BIRMINGHAM,193.0,0.0,2025-08-05,0.0,194.0,15.0,1.0,2000-01-28,5,5,6,SHELBY,35314_20250930,DIF,2000-01-28,0,BHM BANK,CARVER FINANCIAL CORP,506.0,5,1,0,0,FDIC,2025-09-30,3190023.0,4,AL,0,0,35205
NM,1.0,35320,ALBANY,4168.0,0.0,2024-12-04,0.0,4168.0,430.0,0.0,1999-08-31,5,5,6,ALBANY GA,35320_20250930,DIF,1999-08-31,0,GEORGIA COMMUNITY BANK,GEORGIA COMMUNITY BCORP INC,13008.0,5,8,0,0,FDIC,2025-09-30,1245581.0,8,GA,1,0,31707
NM,1.0,35323,MURRAY,14630.0,0.0,2022-08-31,0.0,14630.0,20861.0,0.0,2000-07-25,14,14,12,SALT LAKE CITY,35323_20250930,DIF,2000-07-25,0,FINWISE BANK,FINWISE BCORP,47615.0,4,2,0,0,FDIC,2025-09-30,3157549.0,4,UT,0,0,84107
N,1.0,35331,IRVINE,7165.0,0.0,2023-11-18,0.0,7202.0,-150.0,37.0,2001-05-23,14,14,12,ORANGE,35331_20250930,DIF,2001-05-23,0,"LIBERTY BANK, NATIONAL ASSOCIATION",DMG BANCSHARES INC,8920.0,4,4,0,0,OCC,2025-09-30,5553435.0,4,CA,0,0,92614
NM,1.0,35333,FITCHBURG,7024.0,0.0,2022-08-31,0.0,7160.0,225.0,136.0,2000-08-14,9,9,7,MADISON,35333_20250930,DIF,2000-08-14,0,OAK BANK,OAK FINANCIAL INC,11562.0,3,1,0,0,FDIC,2025-09-30,2857598.0,4,WI,0,0,53719
NM,1.0,35361,ROSEVILLE,69187.0,0.0,2022-08-31,0.0,69187.0,6900.0,0.0,1999-12-20,14,14,12,SACRAMENTO,35361_20250930,DIF,1999-12-20,0,FIVE STAR BANK,FIVE STAR BCORP,114789.0,4,9,0,0,FDIC,2025-09-30,3162927.0,4,CA,0,0,95661
SM,1.0,35365,OAK RIDGE,8059.0,0.0,2022-08-31,53.0,9480.0,1583.0,1368.0,2000-04-10,5,5,5,CHARLOTTE,35365_20250930,DIF,2000-04-10,0,BANK OF OAK RIDGE,OAK RIDGE FINL SERVICES INC,20715.0,1,5,0,0,FED,2025-09-30,3587427.0,4,NC,0,0,27310
N,1.0,35366,CHINO,3753.0,0.0,2022-08-31,0.0,4306.0,0.0,553.0,2000-09-01,14,14,12,LOS ANGELES,35366_20250930,DIF,2000-09-01,0,"CHINO COMMERCIAL BANK, N.A.",CHINO COMMERCIAL BCORP,11923.0,4,5,0,0,OCC,2025-09-30,3441275.0,4,CA,0,0,91710
NM,1.0,35377,NEW YORK,3658.0,0.0,2022-08-31,0.0,3658.0,461.0,0.0,2000-03-01,2,2,2,NEW YORK CITY,35377_20250930,DIF,2000-03-01,0,ALPINE CAPITAL BANK,HELIOS BCORP INC,5768.0,1,1,0,0,FDIC,2025-09-30,5879096.0,4,NY,0,0,10019
SB,0.0,35388,OAKS,18.0,0.0,2022-08-31,0.0,18.0,0.0,0.0,2001-01-02,2,2,3,PHILADELPHIA,35388_20250930,DIF,2001-01-02,0,SEI PRIVATE TRUST COMPANY,Unknown,6986.0,1,1,0,0,OCC,2025-09-30,0.0,5,PA,0,1,19456
SB,1.0,35393,PALOS HEIGHTS,3306.0,0.0,2022-08-31,0.0,4378.0,178.0,1072.0,2000-11-24,9,9,7,CHICAGO,35393_20250930,DIF,2000-11-24,0,UNITED TRUST BANK,UNITED BCORP INC,2925.0,3,1,0,0,OCC,2025-09-30,3848566.0,5,IL,0,0,60463
SB,0.0,35394,WINDSOR,1459.0,0.0,2024-10-15,0.0,1459.0,0.0,0.0,2000-01-12,2,2,1,WINDSOR,35394_20250930,DIF,2000-01-12,0,"MASSMUTUAL PRIVATE WEALTH & TRUST, FSB",Unknown,1064.0,1,1,0,0,OCC,2025-09-30,0.0,5,CT,0,1,06095
NM,1.0,35406,SARTELL,11487.0,0.0,2022-08-31,1.0,12752.0,1253.0,1264.0,2000-02-15,11,11,9,MINNEAPOLIS,35406_20250930,DIF,2000-02-15,0,BANKVISTA,ABDO INVESTMENTS INC,15883.0,3,3,0,0,FDIC,2025-09-30,3368185.0,4,MN,0,0,56377
NM,1.0,35407,STEAMBOAT SPRING,9006.0,0.0,2022-08-31,172.0,9178.0,912.0,0.0,2000-03-27,13,13,10,DENVER,35407_20250930,DIF,2000-03-27,0,YAMPA VALLEY BANK,ROUTT COUNTY BCORP INC,20669.0,4,2,0,0,FDIC,2025-09-30,2942869.0,4,CO,1,0,80487
NM,1.0,35412,WOODSTOCK,12942.0,0.0,2022-08-31,0.0,13924.0,5590.0,982.0,2000-03-13,9,9,7,CHICAGO,35412_20250930,DIF,2000-03-13,0,AMERICAN COMMUNITY BANK & TRUST,AMERICAN CMTY FINANCIAL INC,27802.0,3,5,0,0,FDIC,2025-09-30,3035049.0,4,IL,0,0,60098
NM,1.0,35417,DICKSON,7045.0,0.0,2022-08-31,19.0,8448.0,184.0,1384.0,2000-01-01,13,13,6,NASHVILLE,35417_20250930,DIF,2000-01-01,0,TRISTAR BANK,TRISTAR BANCSHARES INC,13216.0,5,7,0,0,FDIC,2025-09-30,3442795.0,4,TN,0,0,37055
NM,1.0,35420,BRANSON,5265.0,0.0,2024-04-30,5.0,5287.0,338.0,17.0,2000-03-22,11,11,8,SPRINGFIELD MO,35420_20250930,DIF,2000-03-22,0,BRANSON BANK,BRANSON BANCSHARES INC,11682.0,4,6,0,0,FDIC,2025-09-30,2861812.0,4,MO,0,0,65616
N,1.0,35427,CAIRO,4683.0,0.0,2022-08-31,1.0,4786.0,142.0,102.0,2000-05-26,5,5,6,ALBANY GA,35427_20250930,DIF,2000-05-26,0,UNITED NATIONAL BANK,Unknown,10856.0,5,1,0,0,OCC,2025-09-30,0.0,2,GA,0,0,39828
NM,1.0,35430,FORT LAUDERDALE,15873.0,0.0,2022-08-31,0.0,16200.0,1638.0,327.0,2000-11-01,5,5,6,SOUTH FLORIDA,35430_20250930,DIF,2000-11-01,0,OPTIMUMBANK,OPTIMUMBANK HOLDINGS INC,30716.0,5,4,0,0,FDIC,2025-09-30,3251661.0,4,FL,0,0,33308
NM,1.0,35439,BROOKHAVEN,3174.0,0.0,2022-08-31,0.0,3174.0,-54.0,0.0,2000-01-31,13,13,6,JACKSON MS,35439_20250930,DIF,2000-01-31,0,BANK OF BROOKHAVEN,HAVEN CAPITAL CORP,6521.0,5,1,0,0,FDIC,2025-09-30,4361923.0,4,MS,0,1,39601
NM,1.0,35441,FARMINGTON,6829.0,0.0,2022-08-31,173.0,7002.0,1393.0,0.0,2000-03-01,13,13,10,ALBUQUERQUE,35441_20250930,DIF,2000-03-01,0,FOUR CORNERS COMMUNITY BANK,MESA WEST BCORP,17213.0,4,6,0,0,FDIC,2025-09-30,5759200.0,4,NM,1,0,87401
NM,1.0,35442,BURKESVILLE,1040.0,0.0,2022-08-31,73.0,1114.0,0.0,1.0,2000-07-01,9,9,8,LOUISVILLE,35442_20250930,DIF,2000-07-01,0,"CITIZENS BANK OF CUMBERLAND COUNTY, INC.",CITIZENS CUMBERLAND BANCSHARES,3246.0,3,1,0,0,FDIC,2025-09-30,3110012.0,8,KY,1,0,42717
N,0.0,35444,SIOUX FALLS,27657.0,0.0,2024-06-30,0.0,28157.0,136268.0,500.0,2000-07-28,11,11,9,CLAYMONT,35444_20250930,DIF,2000-07-28,0,"THE BANCORP BANK, NATIONAL ASSOCIATION",BANCORP INC THE,390598.0,4,1,0,0,OCC,2025-09-30,2858951.0,4,SD,0,0,57103
NM,1.0,35450,LAWRENCEBURG,2674.0,0.0,2022-08-31,2.0,2676.0,0.0,0.0,2000-07-05,9,9,8,LEXINGTON,35450_20250930,DIF,2000-07-05,0,"CENTURY BANK OF KENTUCKY, INC.",CENTURY BANCSHARES INC,4978.0,3,2,0,0,FDIC,2025-09-30,3097458.0,4,KY,1,0,40342
NM,1.0,35455,CORBIN,3351.0,0.0,2022-08-31,0.0,3376.0,165.0,25.0,2000-04-03,9,9,4,LEXINGTON,35455_20250930,DIF,2000-04-03,0,"HOMETOWN BANK OF CORBIN, INC.",HOMETOWN BANCSHARES INC,7054.0,3,7,0,0,FDIC,2025-09-30,2955300.0,4,KY,0,0,40701
NM,1.0,35456,COLLINGSWOOD,12042.0,0.0,2022-08-31,0.0,12125.0,619.0,83.0,2000-06-29,2,2,3,JAMESBURG,35456_20250930,DIF,2000-06-29,0,1ST COLONIAL COMMUNITY BANK,1ST COLONIAL BCORP INC,20654.0,1,4,0,0,FDIC,2025-09-30,3118513.0,4,NJ,0,0,08108
NM,1.0,35477,CLINTON,4965.0,0.0,2024-06-30,1.0,6544.0,1727.0,1578.0,2000-03-14,11,11,7,CEDAR RAPIDS,35477_20250930,DIF,2000-03-14,0,CITIZENS FIRST BANK,CFB HOLDING CO,6389.0,4,3,0,0,FDIC,2025-09-30,3070013.0,4,IA,1,0,52732
NM,1.0,35480,EDINA,8981.0,0.0,2022-08-31,15.0,10458.0,0.0,1462.0,2000-05-22,11,11,9,MINNEAPOLIS,35480_20250930,DIF,2000-05-22,0,CROWN BANK,CROWN BANKSHARES INC,8243.0,3,2,0,0,FDIC,2025-09-30,2860262.0,4,MN,0,0,55435
SI,1.0,35497,SOUTHAMPTON,14126.0,0.0,2022-08-31,0.0,15795.0,1303.0,1669.0,1926-01-01,2,2,3,PHILADELPHIA,35497_20250930,DIF,2000-01-01,0,QUAINT OAK BANK,QUAINT OAK BCORP INC,14139.0,1,3,0,0,FDIC,2025-09-30,3681316.0,4,PA,0,0,18966
NM,1.0,35506,MELBOURNE,2821.0,0.0,2022-08-31,53.0,2874.0,262.0,0.0,1996-10-23,5,5,6,TAMPA,35506_20250930,DIF,2021-08-16,0,CYPRESS BANK & TRUST,CYPRESS CAPITAL GROUP INC,4486.0,5,4,0,0,FDIC,2025-09-30,5543052.0,4,FL,0,1,32940
SB,0.0,35510,GREAT FALLS,0.0,0.0,2024-05-03,0.0,0.0,0.0,0.0,2001-01-01,14,14,9,BILLINGS,35510_20250930,DIF,2001-01-01,0,DAVIDSON TRUST CO.,Unknown,291.0,4,13,0,0,OCC,2025-09-30,0.0,7,MT,0,1,59401
NM,1.0,35513,JASPER,8530.0,0.0,2022-08-31,0.0,8530.0,575.0,0.0,2000-10-02,5,5,6,ATLANTA,35513_20250930,DIF,2000-10-02,0,COMMUNITY BANK OF PICKENS COUNTY,COMMUNITY BANKS OF GEORGIA INC,22563.0,5,2,0,0,FDIC,2025-09-30,3180408.0,4,GA,0,0,30143
SB,1.0,35518,CHICAGO,23547.0,0.0,2022-08-31,0.0,28381.0,460.0,4834.0,2000-07-03,9,9,7,CHICAGO,35518_20250930,DIF,2000-07-03,0,THE FEDERAL SAVINGS BANK,NATIONAL BCORP HOLDINGS INC,27056.0,3,2,0,0,OCC,2025-09-30,4267463.0,5,IL,0,0,60639
SM,1.0,35519,RALEIGH,12350.0,0.0,2022-08-31,0.0,15660.0,260.0,3310.0,2000-06-01,5,5,5,RALEIGH,35519_20250930,DIF,2000-06-01,0,NORTH STATE BANK,NORTH STATE BCORP,39230.0,1,7,0,0,FED,2025-09-30,3109070.0,4,NC,1,0,27609
SM,1.0,35521,NASHVILLE,20779.0,0.0,2022-08-31,0.0,20964.0,906.0,185.0,2000-11-20,13,13,6,NASHVILLE,35521_20250930,DIF,2000-11-20,0,INSBANK,INSCORP INC,22199.0,5,2,0,0,FED,2025-09-30,2877336.0,4,TN,0,0,37215
NM,0.0,35530,ROCKY MOUNT,64395.0,0.0,2022-08-31,0.0,64831.0,9712.0,436.0,2000-11-29,5,5,5,RALEIGH,35530_20250930,DIF,2000-11-29,0,FIRST CAROLINA BANK,FIRST CAROLINA FINL SERVICES,76126.0,1,9,0,0,FDIC,2025-09-30,4346706.0,4,NC,0,1,27804
NM,0.0,35533,SALT LAKE CITY,955.0,0.0,2022-08-31,0.0,955.0,0.0,0.0,2000-10-05,14,14,12,SALT LAKE CITY,35533_20250930,DIF,2000-10-05,0,FIRST ELECTRONIC BANK,Unknown,76281.0,4,1,0,0,FDIC,2025-09-30,0.0,7,UT,0,0,84106
NM,1.0,35541,BAYONNE,46588.0,0.0,2022-08-31,0.0,58386.0,29483.0,11798.0,2000-11-01,2,2,2,JAMESBURG,35541_20250930,DIF,2000-11-01,0,BCB COMMUNITY BANK,BCB BCORP INC,72800.0,1,27,0,0,FDIC,2025-09-30,3170539.0,4,NJ,0,0,07002
NM,1.0,35543,WASHINGTON,5901.0,0.0,2022-08-31,20.0,7097.0,322.0,1176.0,2000-08-28,11,11,8,ST. LOUIS,35543_20250930,DIF,2000-08-28,0,BANK OF FRANKLIN COUNTY,FRANKLIN BCORP INC,10406.0,4,6,0,0,FDIC,2025-09-30,2913711.0,4,MO,0,0,63090
SB,0.0,35546,SAN DIEGO,479178.0,0.0,2024-08-13,0.0,480110.0,60397.0,932.0,2000-07-04,14,14,12,ORANGE,35546_20250930,DIF,2000-07-04,0,AXOS BANK,AXOS FINANCIAL INC,828645.0,4,3,0,0,OCC,2025-09-30,3814310.0,4,CA,0,0,92122
SM,1.0,35558,TAMPA,944.0,0.0,2022-08-31,0.0,1024.0,0.0,80.0,2000-09-11,5,5,6,TAMPA,35558_20250930,DIF,2000-09-11,0,CENTURY BANK OF FLORIDA,CENTURY BANCSHARES OF FL INC,3073.0,5,1,0,0,FED,2025-09-30,3492790.0,4,FL,1,0,33612
NM,1.0,35568,BOWLING GREEN,19215.0,0.0,2022-08-31,2.0,20602.0,783.0,1385.0,2000-07-05,9,9,8,LOUISVILLE,35568_20250930,DIF,2000-07-05,0,"AMERICAN BANK & TRUST COMPANY, INC.",FIRST BRECKINRIDGE BANCSHARES,19611.0,3,6,0,0,FDIC,2025-09-30,1119404.0,4,KY,0,0,42103
NM,0.0,35583,NASHVILLE,860116.0,0.0,2025-04-07,3671.0,927164.0,73144.0,63377.0,2000-10-27,13,13,6,NASHVILLE,35583_20250930,DIF,2000-10-27,0,PINNACLE BANK,PINNACLE FINL PARTNERS INC,1160082.0,5,180,0,0,FDIC,2025-09-30,2925657.0,4,TN,0,1,37203
N,1.0,35585,MANHATTAN,5235.0,0.0,2022-08-31,0.0,5280.0,122.0,45.0,2001-02-01,11,11,10,KANSAS CITY,35585_20250930,DIF,2001-02-01,0,COMMUNITY FIRST NATIONAL BANK,TTAC CORP,9709.0,4,2,0,0,OCC,2025-09-30,2948517.0,4,KS,0,0,66502
SM,1.0,35597,SAINT CHARLES,2761.0,0.0,2022-08-31,0.0,2761.0,25.0,0.0,2000-10-16,11,11,8,ST. LOUIS,35597_20250930,DIF,2000-10-16,0,NEW FRONTIER BANK,LINCOLN COUNTY BCORP INC,4120.0,4,3,0,0,FED,2025-09-30,1097173.0,4,MO,1,0,63303
SB,0.0,35602,BLOOMINGTON,0.0,0.0,2022-12-07,0.0,0.0,0.0,0.0,2000-05-01,9,9,7,CHAMPAIGN,35602_20250930,DIF,2000-05-01,0,COUNTRY TRUST BANK,Unknown,773.0,3,1,0,0,OCC,2025-09-30,0.0,7,IL,0,1,61704
N,1.0,3579,MOUNT DORA,3174.0,0.0,2022-08-31,0.0,3208.0,0.0,34.0,1925-09-01,5,5,6,TAMPA,3579_20250930,DIF,1934-01-01,0,THE FIRST NATIONAL BANK OF MOUNT DORA,FNBMD BANCSHARES INC,7242.0,5,3,0,0,OCC,2025-09-30,5113763.0,7,FL,0,1,32757
N,1.0,3599,ARENZVILLE,1516.0,0.0,2022-08-31,0.0,1516.0,79.0,0.0,1882-01-01,9,9,7,SPRINGFIELD IL,3599_20250930,DIF,1934-01-01,0,THE FIRST NATIONAL BANK OF ARENZVILLE,ARENZVILLE BCORP INC,4133.0,3,3,0,0,OCC,2025-09-30,2734073.0,2,IL,1,0,62611
SM,1.0,35,AUBURN,8422.0,0.0,2022-08-31,1.0,8423.0,-152.0,0.0,1907-01-03,5,5,6,MONTGOMERY,35_20250930,DIF,1934-01-01,0,AUBURNBANK,AUBURN NATIONAL BCORP INC,22013.0,5,7,0,0,FED,2025-09-30,1129533.0,4,AL,0,0,36830
N,1.0,3600,ASSUMPTION,125.0,0.0,2022-08-31,0.0,125.0,0.0,0.0,1900-01-01,9,9,7,SPRINGFIELD IL,3600_20250930,DIF,1934-01-01,0,THE FIRST NATIONAL BANK OF ASSUMPTION,Unknown,618.0,3,1,0,0,OCC,2025-09-30,0.0,7,IL,0,0,62510
N,1.0,3601,ATLANTA,581.0,0.0,2022-08-31,0.0,582.0,27.0,1.0,1887-08-02,9,9,7,SPRINGFIELD IL,3601_20250930,DIF,1934-01-01,0,THE ATLANTA NATIONAL BANK,ANB BCORP INC,1767.0,3,3,0,0,OCC,2025-09-30,2971270.0,8,IL,0,0,61723
N,1.0,3603,AURORA,39795.0,0.0,2025-07-01,184.0,40391.0,24553.0,412.0,1887-11-21,9,9,7,CHICAGO,3603_20250930,DIF,1934-01-01,0,OLD SECOND NATIONAL BANK,OLD SECOND BCORP INC,212451.0,3,59,0,0,OCC,2025-09-30,1206911.0,4,IL,0,1,60506
N,1.0,3612,CANTON,6197.0,0.0,2022-08-31,20.0,6227.0,1840.0,10.0,1933-11-22,9,9,7,SPRINGFIELD IL,3612_20250930,DIF,1934-01-01,0,MIDAMERICA NATIONAL BANK,MIDAMERICA NATL BANCSHARES INC,18308.0,3,6,0,0,OCC,2025-09-30,1206573.0,4,IL,0,1,61520
NM,1.0,3614,CASEY,7404.0,0.0,2022-08-31,0.0,7404.0,695.0,0.0,1880-01-01,9,9,7,CHAMPAIGN,3614_20250930,DIF,1934-01-01,0,CASEY STATE BANK,EAGLE FINANCIAL CORP,13936.0,3,6,0,0,FDIC,2025-09-30,3958867.0,2,IL,1,0,62420
N,1.0,3639,CLINTON,5953.0,0.0,2022-08-31,168.0,6121.0,626.0,0.0,1872-06-01,9,11,7,CHAMPAIGN,3639_20250930,DIF,1934-01-01,0,FIRST NATIONAL BANK & TRUST COMPANY,TS BANKING GROUP INC,5849.0,3,4,0,0,OCC,2025-09-30,1207785.0,2,IL,0,1,61727
SM,1.0,363,MISSOULA,4200.0,0.0,2022-08-31,3.0,6518.0,45.0,2315.0,1913-01-01,14,14,9,BILLINGS,363_20250930,DIF,1934-01-01,0,"FIRST MONTANA BANK, INC.",FIRST NATIONAL BCORP INC,12917.0,4,10,0,0,FED,2025-09-30,1134845.0,4,MT,0,0,59802
NM,1.0,3657,ELK GROVE VILLAG,67278.0,0.0,2022-08-31,0.0,117489.0,4000.0,50211.0,1901-03-26,9,9,7,CHICAGO,3657_20250930,DIF,1934-01-01,0,FIRST AMERICAN BANK,FIRST AMERICAN BANK CORP,208676.0,3,59,0,0,FDIC,2025-09-30,1199974.0,9,IL,1,1,60007
N,1.0,3661,ELGIN,3454.0,0.0,2022-08-31,0.0,3454.0,0.0,0.0,1904-05-21,9,9,7,CHICAGO,3661_20250930,DIF,1934-01-01,0,UNION NATIONAL BANK AND TRUST COMPANY OF ELGIN,ELGIN BANCSHARES INC,11304.0,3,2,0,0,OCC,2025-09-30,1205268.0,4,IL,0,1,60120
N,1.0,3664,SPRINGFIELD,45651.0,0.0,2022-08-31,0.0,45692.0,2209.0,41.0,1905-01-01,9,9,7,SPRINGFIELD IL,3664_20250930,DIF,1934-01-01,0,"INB, NATIONAL ASSOCIATION",ILLINOIS NATIONAL BCORP INC,53885.0,3,14,0,0,OCC,2025-09-30,1208054.0,4,IL,1,1,62701
N,1.0,3674,WHEATON,6717.0,0.0,2024-04-12,0.0,6717.0,0.0,0.0,1903-04-06,9,9,7,PRINCETON,3674_20250930,DIF,1934-01-01,0,GRAND RIDGE NATIONAL BANK,PREMIER COMMERCE BCORP INC,15356.0,3,2,0,0,OCC,2025-09-30,4087830.0,4,IL,0,0,60187
N,1.0,3677,HAVANA,2126.0,0.0,2022-08-31,356.0,3347.0,215.0,865.0,1875-03-30,9,9,7,SPRINGFIELD IL,3677_20250930,DIF,1934-01-01,0,THE HAVANA NATIONAL BANK,COMMUNITY INVESTMENT GROUP LTD,8322.0,3,6,0,0,OCC,2025-09-30,2909853.0,2,IL,0,1,62644
N,1.0,3688,LACON,767.0,0.0,2022-08-31,0.0,767.0,104.0,0.0,1864-04-11,9,9,7,PRINCETON,3688_20250930,DIF,1934-01-01,0,THE FIRST NATIONAL BANK OF LACON,FIRST LACON CORP,2657.0,3,1,0,0,OCC,2025-09-30,1208988.0,2,IL,1,0,61540
N,1.0,3691,LA SALLE,3130.0,0.0,2022-08-31,0.0,3288.0,0.0,158.0,1880-12-16,9,9,7,PRINCETON,3691_20250930,DIF,1934-01-01,0,HOMETOWN NATIONAL BANK,LASALLE BCORP INC,7156.0,3,3,0,0,OCC,2025-09-30,1209323.0,4,IL,0,1,61301
N,1.0,3693,LEMONT,284.0,0.0,2022-08-31,0.0,357.0,-18.0,73.0,1901-01-01,9,9,7,CHICAGO,3693_20250930,DIF,1934-01-01,0,THE LEMONT NATIONAL BANK,LEMONT BCORP INC,607.0,3,4,0,0,OCC,2025-09-30,1144059.0,5,IL,0,1,60439
NM,1.0,3698,MACKINAW,1944.0,0.0,2022-08-31,0.0,1944.0,120.0,0.0,1934-01-01,9,9,7,SPRINGFIELD IL,3698_20250930,DIF,1934-01-01,0,FIRST SECURITY BANK,FIRST BCORP OF TAYLORVILLE INC,3444.0,3,4,0,0,FDIC,2025-09-30,1133585.0,2,IL,1,0,61755
N,1.0,3701,DEKALB,8083.0,0.0,2022-08-31,0.0,8083.0,439.0,0.0,1901-10-01,9,9,7,PRINCETON,3701_20250930,DIF,1934-01-01,0,"RESOURCE BANK, NATIONAL ASSOCIATION",RESOURCE BANCSHARES INC,19755.0,3,15,0,0,OCC,2025-09-30,1207945.0,4,IL,1,1,60115
SM,1.0,3702,MANHATTAN,2342.0,0.0,2022-08-31,0.0,2391.0,27.0,49.0,1907-01-01,9,9,7,CHICAGO,3702_20250930,DIF,1934-01-01,0,FIRST BANK OF MANHATTAN,MANHATTAN BANCSHARES INC,5728.0,3,3,0,0,FED,2025-09-30,1206603.0,8,IL,1,1,60442
N,0.0,3705,MATTOON,73865.0,0.0,2023-12-01,3508.0,83404.0,7624.0,6031.0,1865-02-08,9,9,7,CHAMPAIGN,3705_20250930,DIF,1934-01-01,0,"FIRST MID BANK & TRUST, NATIONAL ASSOCIATION",FIRST MID BANCSHARES INC,193735.0,3,73,0,0,OCC,2025-09-30,1206760.0,4,IL,0,1,61938
SM,1.0,3711,MONMOUTH,7222.0,0.0,2022-08-31,597.0,8926.0,624.0,1107.0,1870-09-09,9,9,7,PRINCETON,3711_20250930,DIF,1934-01-01,0,MIDWEST BANK,1870 HOLDINGS INC,14147.0,3,8,0,0,FED,2025-09-30,3356632.0,2,IL,0,1,61462
SM,1.0,3713,MORRIS,2445.0,0.0,2022-08-31,0.0,2445.0,201.0,0.0,1864-09-16,9,9,7,PRINCETON,3713_20250930,DIF,1934-01-01,0,GRUNDY BANK,ILLINOIS VALLEY BCORP INC,13289.0,3,4,0,0,FED,2025-09-30,1208504.0,4,IL,1,1,60450
N,1.0,3719,OTTAWA,31846.0,0.0,2022-08-31,0.0,33429.0,2910.0,1583.0,1865-06-01,9,9,7,PRINCETON,3719_20250930,DIF,1934-01-01,0,"AMERICAN COMMERCIAL BANK & TRUST, NATIONAL ASSOCIATION",FIRST OTTAWA BANCSHARES INC,50363.0,3,11,0,0,OCC,2025-09-30,2791816.0,4,IL,0,1,61350
N,1.0,3720,PANA,4501.0,0.0,2023-05-06,0.0,4501.0,100.0,0.0,1930-01-01,9,9,7,SPRINGFIELD IL,3720_20250930,DIF,1934-01-01,0,FIRST NATIONAL BANK OF PANA,Unknown,9470.0,3,6,0,0,OCC,2025-09-30,0.0,4,IL,1,1,62557
NM,1.0,3722,PARIS,10353.0,0.0,2022-08-31,611.0,12290.0,-896.0,1326.0,1873-03-23,9,9,7,CHAMPAIGN,3722_20250930,DIF,1934-01-01,0,PROSPECT BANK,EDGAR COUNTY BANC SHARES INC,12142.0,3,11,0,0,FDIC,2025-09-30,2577766.0,4,IL,1,1,61944
N,1.0,3732,PROPHETSTOWN,11154.0,0.0,2022-08-31,857.0,14387.0,1126.0,2376.0,1902-07-01,9,9,7,PRINCETON,3732_20250930,DIF,1934-01-01,0,FARMERS NATIONAL BANK,PROPHETSTOWN BANKING CO,18564.0,3,4,0,0,OCC,2025-09-30,2198563.0,2,IL,0,1,61277
NM,1.0,3745,SULLIVAN,673.0,0.0,2022-08-31,0.0,673.0,0.0,0.0,1905-04-05,9,9,7,CHAMPAIGN,3745_20250930,DIF,1934-01-01,0,FIRST COMMUNITY BANK OF MOULTRIE COUNTY,SULLIVAN BANCSHARES EMPLOYEE SVG&RETIREMENT PLAN,2577.0,3,3,0,0,FDIC,2025-09-30,5043794.0,8,IL,1,1,61951
N,1.0,3747,TOLEDO,8225.0,0.0,2022-08-31,51.0,9723.0,1740.0,1447.0,1933-01-01,9,9,7,CHAMPAIGN,3747_20250930,DIF,1934-01-01,0,"FIRST NEIGHBOR BANK, NATIONAL ASSOCIATION",FIRST NEIGHBORHOOD BANCSHARES EMPLOYEE STK OWNERSHIP PLAN,20376.0,3,10,0,0,OCC,2025-09-30,2558505.0,2,IL,0,0,62468
N,1.0,3749,TREMONT,1675.0,0.0,2022-08-31,0.0,1675.0,135.0,0.0,1931-11-18,9,9,7,SPRINGFIELD IL,3749_20250930,DIF,1934-01-01,0,THE FIRST NATIONAL BANK IN TREMONT,TREMONT BCORP INC,4777.0,3,4,0,0,OCC,2025-09-30,1492497.0,2,IL,0,0,61568
N,1.0,3759,ANNA,1307.0,0.0,2022-08-31,0.0,1341.0,-33.0,34.0,1900-01-01,9,9,8,MOUNT VERNON,3759_20250930,DIF,1934-01-01,0,THE ANNA -JONESBORO NATIONAL BANK,UNION COUNTY BANCSHARES INC,5375.0,3,3,0,0,OCC,2025-09-30,1142877.0,8,IL,0,0,62906
N,1.0,3761,AVA,571.0,0.0,2022-08-31,0.0,571.0,0.0,0.0,1917-01-01,9,9,8,MOUNT VERNON,3761_20250930,DIF,1934-01-01,0,THE FIRST NATIONAL BANK OF AVA,HEADQUARTERS HOLDING CO,2171.0,3,1,0,0,OCC,2025-09-30,1134603.0,2,IL,0,0,62907
NM,1.0,3762,BARRY,2348.0,0.0,2022-08-31,0.0,2648.0,109.0,300.0,1901-01-01,9,9,8,SPRINGFIELD IL,3762_20250930,DIF,1934-01-01,0,GREAT RIVERS BANK,FNB BARRY BCORP INC,5347.0,3,4,0,0,FDIC,2025-09-30,4805632.0,2,IL,1,1,62312
N,1.0,3770,BROWNSTOWN,544.0,0.0,2022-08-31,0.0,544.0,54.0,0.0,1913-06-01,9,9,8,MOUNT VERNON,3770_20250930,DIF,1934-01-01,0,THE FIRST NATIONAL BANK OF BROWNSTOWN,FIRST BROWNSTOWN BCORP INC,1391.0,3,1,0,0,OCC,2025-09-30,2199083.0,2,IL,0,0,62418
N,1.0,3775,CARLINVILLE,22516.0,0.0,2022-08-31,884.0,26213.0,1310.0,2813.0,1888-01-01,9,9,8,SPRINGFIELD IL,3775_20250930,DIF,1934-01-01,0,"CNB BANK AND TRUST, N.A.",CNB BANK SHARES INC,45769.0,3,18,0,0,OCC,2025-09-30,1245460.0,4,IL,0,1,62626
N,1.0,3777,CARMI,6369.0,0.0,2022-08-31,0.0,6369.0,569.0,0.0,1893-12-20,9,9,8,MOUNT VERNON,3777_20250930,DIF,1934-01-01,0,THE FIRST NATIONAL BANK OF CARMI,SOUTHERN ILLINOIS BCORP INC,18169.0,3,12,0,0,OCC,2025-09-30,1098929.0,4,IL,0,0,62821
SM,1.0,3787,EFFINGHAM,16439.0,0.0,2025-07-19,843.0,18885.0,3111.0,1603.0,1909-01-01,9,9,8,MOUNT VERNON,3787_20250930,DIF,1934-01-01,0,DIETERICH BANK,PRIME BANC CORP,31059.0,3,17,0,0,FED,2025-09-30,1842355.0,4,IL,0,0,62401
N,1.0,3792,FAIRFIELD,6780.0,0.0,2022-08-31,1.0,10023.0,-120.0,3242.0,1903-02-03,9,9,8,MOUNT VERNON,3792_20250930,DIF,1934-01-01,0,THE FAIRFIELD NATIONAL BANK,FAIRFIELD BANCSHARES INC,8813.0,3,3,0,0,OCC,2025-09-30,2107305.0,2,IL,0,1,62837
N,1.0,3799,GREENVILLE,9038.0,0.0,2023-01-31,1.0,10400.0,432.0,1361.0,1867-01-01,9,9,8,MOUNT VERNON,3799_20250930,DIF,1934-01-01,0,THE BRADFORD NATIONAL BANK OF GREENVILLE,BRADFORD BCORP INC,14341.0,3,8,0,0,OCC,2025-09-30,2456919.0,8,IL,1,1,62246
SM,1.0,3805,KINMUNDY,655.0,0.0,2022-08-31,0.0,655.0,49.0,0.0,1902-02-02,9,9,8,MOUNT VERNON,3805_20250930,DIF,1934-01-01,0,KINMUNDY BANK,SOUTH CENTRAL BCORP INC,2282.0,3,1,0,0,FED,2025-09-30,3674710.0,8,IL,0,0,62854
N,1.0,3807,LITCHFIELD,1818.0,0.0,2022-08-31,0.0,1901.0,52.0,83.0,1860-01-01,9,9,8,SPRINGFIELD IL,3807_20250930,DIF,1934-01-01,0,THE FIRST NATIONAL BANK OF LITCHFIELD,FIRST MONTGOMERY BCORP INC,3576.0,3,2,0,0,OCC,2025-09-30,1099346.0,2,IL,1,0,62056
N,1.0,3808,LITCHFIELD,1476.0,0.0,2022-08-31,0.0,1665.0,18.0,189.0,1907-05-01,9,9,8,SPRINGFIELD IL,3808_20250930,DIF,1934-01-01,0,THE LITCHFIELD NATIONAL BANK,LITCHFIELD BANCSHARES CO,2749.0,3,2,0,0,OCC,2025-09-30,1248489.0,2,IL,0,0,62056
N,1.0,3809,MOUNT VERNON,29364.0,0.0,2022-08-31,3.0,29754.0,1831.0,387.0,1909-03-01,9,9,8,MOUNT VERNON,3809_20250930,DIF,1934-01-01,0,"PEOPLES NATIONAL BANK , N.A.",MARKET STREET BANCSHARES INC,52354.0,3,25,0,0,OCC,2025-09-30,1250437.0,4,IL,1,1,62864
N,1.0,3814,METROPOLIS,5714.0,0.0,2022-08-31,232.0,7392.0,90.0,1446.0,1908-07-01,9,9,8,MOUNT VERNON,3814_20250930,DIF,1934-01-01,0,THE CITY NATIONAL BANK OF METROPOLIS,CITY NATIONAL BANKCORP INC,8535.0,3,2,0,0,OCC,2025-09-30,1129672.0,8,IL,0,1,62960
NM,1.0,3818,MURPHYSBORO,577.0,0.0,2022-08-31,0.0,577.0,260.0,0.0,1889-01-01,9,9,8,MOUNT VERNON,3818_20250930,DIF,1934-01-01,0,THE FIRST BANK AND TRUST COMPANY OF MURPHYSBORO,FIRST OF MURPHYSBORO CORP,2313.0,3,1,0,0,FDIC,2025-09-30,1097678.0,4,IL,0,1,62966
N,1.0,3821,NASHVILLE,1701.0,0.0,2022-08-31,0.0,1701.0,68.0,0.0,1906-05-10,9,9,8,MOUNT VERNON,3821_20250930,DIF,1934-01-01,0,THE FARMERS AND MERCHANTS NATIONAL BANK OF NASHVILLE,FARMERS&MERCHANTS BANCSHARES,7622.0,3,8,0,0,OCC,2025-09-30,2931331.0,2,IL,1,1,62263
N,1.0,3826,OKAWVILLE,375.0,0.0,2022-08-31,15.0,390.0,0.0,0.0,1920-06-26,9,9,8,MOUNT VERNON,3826_20250930,DIF,1934-01-01,0,THE FIRST NATIONAL BANK OF OKAWVILLE,Unknown,1358.0,3,1,0,0,OCC,2025-09-30,0.0,2,IL,0,0,62271
N,1.0,3827,OKAWVILLE,1052.0,0.0,2022-08-31,0.0,1168.0,6.0,116.0,1910-01-01,9,9,8,MOUNT VERNON,3827_20250930,DIF,1934-01-01,0,THE OLD EXCHANGE NATIONAL BANK OF OKAWVILLE,OKAWVILLE BANCSHARES INC,1545.0,3,1,0,0,OCC,2025-09-30,1248377.0,2,IL,1,0,62271
N,1.0,3830,RAYMOND,1292.0,0.0,2022-08-31,6.0,1396.0,0.0,98.0,1903-10-01,9,9,8,SPRINGFIELD IL,3830_20250930,DIF,1934-01-01,0,THE FIRST NATIONAL BANK OF RAYMOND,RAYMOND BCORP INC,4516.0,3,5,0,0,OCC,2025-09-30,1131303.0,2,IL,1,1,62560
N,0.0,3832,EVANSVILLE,703184.0,0.0,2025-05-01,6312.0,882823.0,165668.0,173327.0,1907-08-27,9,9,8,INDIANAPOLIS,3832_20250930,DIF,1934-01-01,0,OLD NATIONAL BANK,OLD NATIONAL BCORP,1480237.0,3,364,0,0,OCC,2025-09-30,1098303.0,4,IN,0,1,47708
N,1.0,3834,SANDOVAL,1956.0,0.0,2023-10-01,0.0,2197.0,444.0,241.0,1910-06-01,9,9,8,MOUNT VERNON,3834_20250930,DIF,1934-01-01,0,MIDWEST NATIONAL BANK,FIRST SANDOVAL BCORP INC,2940.0,3,2,0,0,OCC,2025-09-30,1139523.0,4,IL,1,0,62882
N,1.0,3837,SPARTA,1110.0,0.0,2022-08-31,8.0,1118.0,-35.0,0.0,1885-10-02,9,9,8,MOUNT VERNON,3837_20250930,DIF,1934-01-01,0,THE FIRST NATIONAL BANK OF SPARTA,FIRST BCORP OF SPARTA LTD,2740.0,3,1,0,0,OCC,2025-09-30,1099421.0,8,IL,1,0,62286
SM,1.0,3840,VANDALIA,5150.0,0.0,2022-08-31,0.0,5182.0,88.0,32.0,1865-01-01,9,9,8,MOUNT VERNON,3840_20250930,DIF,1934-01-01,0,THE FNB COMMUNITY BANK,FIRST VANDALIA CORP,10958.0,3,7,0,0,FED,2025-09-30,1099654.0,2,IL,0,1,62471
N,1.0,3842,WATERLOO,8223.0,0.0,2023-07-17,816.0,10118.0,730.0,1079.0,1912-06-12,9,9,8,MOUNT VERNON,3842_20250930,DIF,1934-01-01,0,FIRST NATIONAL BANK OF WATERLOO,FIRST WATERLOO BANCSHARES INC,19571.0,3,16,0,0,OCC,2025-09-30,1135404.0,4,IL,0,0,62298
SM,1.0,3846,MOUNT VERNON,3058.0,0.0,2022-08-31,2.0,3329.0,90.0,269.0,1906-11-05,9,9,8,MOUNT VERNON,3846_20250930,DIF,1934-01-01,0,COMMUNITY FIRST BANK OF THE HEARTLAND,CEDAR BCORP INC,8180.0,3,4,0,0,FED,2025-09-30,3575264.0,4,IL,1,0,62864
SM,1.0,384,GALLIPOLIS,18581.0,0.0,2022-08-31,0.0,19641.0,2550.0,1060.0,1872-01-01,9,9,4,COLUMBUS,384_20250930,DIF,1934-01-01,0,THE OHIO VALLEY BANK COMPANY,OHIO VALLEY BANC CORP,41007.0,3,16,0,0,FED,2025-09-30,2012436.0,4,OH,0,1,45631
SM,1.0,3850,XENIA,584.0,0.0,2022-08-31,0.0,636.0,0.0,52.0,1922-01-01,9,9,8,MOUNT VERNON,3850_20250930,DIF,1934-01-01,0,"FIRST COMMUNITY BANK, XENIA-FLORA",FIRST COMMUNITY BANCSHARES,1580.0,3,2,0,0,FED,2025-09-30,3088643.0,8,IL,1,0,62899
SM,1.0,3854,BERRYVILLE,2059.0,0.0,2022-08-31,0.0,2059.0,408.0,0.0,1889-02-18,13,13,8,LITTLE ROCK,3854_20250930,DIF,1934-01-01,0,BANK OF 1889,BK 1889 EMPLOYEE STK OWNERSHIP TR,13436.0,5,11,0,0,FED,2025-09-30,2027412.0,8,AR,1,1,72616
N,1.0,3863,FORREST CITY,6084.0,0.0,2022-08-31,0.0,6084.0,975.0,0.0,1886-11-01,13,13,8,LITTLE ROCK,3863_20250930,DIF,1934-01-01,0,FIRST NATIONAL BANK OF EASTERN ARKANSAS,BANCSHARES OF EASTERN AR INC,15839.0,5,15,0,0,OCC,2025-09-30,1099449.0,4,AR,1,1,72335
N,1.0,3864,FORT SMITH,24884.0,0.0,2022-11-04,0.0,24921.0,2000.0,37.0,1872-02-29,13,13,8,LITTLE ROCK,3864_20250930,DIF,1934-01-01,0,THE FIRST NATIONAL BANK OF FORT SMITH,FIRST BANK CORP,66743.0,5,26,0,0,OCC,2025-09-30,1491360.0,4,AR,0,1,72901
SM,1.0,3869,GREEN FOREST,17642.0,0.0,2023-06-30,0.0,17644.0,400.0,2.0,1931-05-04,13,13,8,LITTLE ROCK,3869_20250930,DIF,1934-01-01,0,ANSTAFF BANK,FIRST NATIONAL BCORP INC,28283.0,5,14,0,0,FED,2025-09-30,2619349.0,2,AR,1,1,72638
SM,1.0,3873,LITTLE ROCK,5272.0,0.0,2022-08-31,10.0,5282.0,173.0,0.0,1919-01-01,13,13,8,LITTLE ROCK,3873_20250930,DIF,1934-01-01,0,EAGLE BANK AND TRUST COMPANY,STATE HOLDING CO,11544.0,5,13,0,0,FED,2025-09-30,1100046.0,8,AR,0,1,72211
N,0.0,3887,PARAGOULD,41158.0,0.0,2022-08-31,0.0,45682.0,5960.0,4524.0,1889-03-22,13,13,8,LITTLE ROCK,3887_20250930,DIF,1934-01-01,0,FIRST NATIONAL BANK,FIRST PARAGOULD BANKSHARES INC,61423.0,5,23,0,0,OCC,2025-09-30,1119383.0,4,AR,0,1,72450
SM,0.0,3890,PINE BLUFF,373409.0,0.0,2022-08-31,244.0,394542.0,50711.0,20889.0,1903-03-23,13,13,8,LITTLE ROCK,3890_20250930,DIF,1934-01-01,0,SIMMONS BANK,SIMMONS FIRST NATIONAL CORP,541674.0,5,233,0,0,FED,2025-09-30,1094828.0,4,AR,0,1,71601
N,1.0,3896,WALNUT RIDGE,2995.0,0.0,2024-09-15,1.0,3006.0,184.0,10.0,1919-03-27,13,13,8,LITTLE ROCK,3896_20250930,DIF,1934-01-01,0,FIRST NATIONAL BANK OF COMMERCE,FIRST NATIONAL CAPITAL CORP,6877.0,5,6,0,0,OCC,2025-09-30,3288425.0,2,AR,1,1,72476
NM,1.0,389,GAMBIER,388.0,0.0,2022-08-31,0.0,388.0,10.0,0.0,1920-06-01,9,9,4,COLUMBUS,389_20250930,DIF,1934-01-01,0,THE PEOPLES BANK,PEOPLES BANCSHARES GAMBIER INC,1549.0,3,2,0,0,FDIC,2025-09-30,1427734.0,8,OH,0,0,43022
N,1.0,3902,BOTTINEAU,1701.0,0.0,2024-06-30,0.0,1717.0,300.0,16.0,1906-01-01,11,11,9,FARGO,3902_20250930,DIF,1934-01-01,0,FIRST NATIONAL BANK AND TRUST CO. OF BOTTINEAU,FIRST BOTTINEAU INC,4599.0,3,1,0,0,OCC,2025-09-30,1131237.0,2,ND,0,1,58318
NM,1.0,3919,EDGELEY,885.0,0.0,2024-07-31,0.0,891.0,0.0,6.0,1921-01-01,11,11,9,FARGO,3919_20250930,DIF,1934-01-01,0,HEARTLAND STATE BANK,JBS INC,1668.0,3,2,0,0,FDIC,2025-09-30,1134966.0,2,ND,1,0,58433
N,0.0,3931,GRAND FORKS,70643.0,0.0,2024-10-09,2503.0,79970.0,863.0,6824.0,1933-09-30,11,11,9,FARGO,3931_20250930,DIF,1934-01-01,0,"ALERUS FINANCIAL, NATIONAL ASSOCIATION",ALERUS FINANCIAL CORP,129280.0,3,29,0,0,OCC,2025-09-30,2067007.0,4,ND,0,1,58201
NM,1.0,3934,FARGO,1048.0,0.0,2024-06-30,0.0,1146.0,2.0,98.0,1905-09-19,11,11,9,FARGO,3934_20250930,DIF,1934-01-01,0,ASPIRE BANK,ASPIRE BANCSHARES INC,1704.0,3,2,0,0,FDIC,2025-09-30,3435957.0,4,ND,0,0,58104
NM,1.0,3973,BROOKINGS,75394.0,0.0,2024-06-30,0.0,79695.0,1725.0,4301.0,1925-11-02,11,11,9,SIOUX FALLS,3973_20250930,DIF,1934-01-01,0,FIRST BANK & TRUST,FISHBACK FINANCIAL CORP,108296.0,4,22,0,0,FDIC,2025-09-30,1123072.0,4,SD,0,1,57006
N,1.0,3977,CLEAR LAKE,971.0,0.0,2024-06-30,0.0,986.0,0.0,15.0,1926-01-01,11,11,9,SIOUX FALLS,3977_20250930,DIF,1934-01-01,0,DNB NATIONAL BANK,DCNB HOLDING CO,2212.0,4,2,0,0,OCC,2025-09-30,2359962.0,2,SD,1,0,57226
N,1.0,3985,FREDERICK,300.0,0.0,2024-06-30,0.0,300.0,0.0,0.0,1882-05-18,11,11,9,SIOUX FALLS,3985_20250930,DIF,1934-01-01,0,THE FIRST NATIONAL BANK OF FREDERICK,Unknown,463.0,4,1,0,0,OCC,2025-09-30,0.0,2,SD,0,0,57441
N,1.0,3999,PHILIP,7076.0,0.0,2024-06-30,0.0,7101.0,0.0,25.0,1906-12-04,11,11,9,SIOUX FALLS,3999_20250930,DIF,1934-01-01,0,FIRST NATIONAL BANK IN PHILIP,PHILIP BCORP INC,9973.0,4,2,0,0,OCC,2025-09-30,1125683.0,2,SD,1,0,57567
NM,1.0,399,RYAN,366.0,0.0,2019-01-18,0.0,366.0,-4.0,0.0,1894-06-01,13,13,10,OKLAHOMA CITY,399_20250930,DIF,1934-01-01,0,FIRST SUMMIT BANK,Unknown,1112.0,5,2,0,0,FDIC,2025-09-30,0.0,2,OK,0,0,73565
NM,1.0,39,DEMOPOLIS,3872.0,0.0,2023-03-28,0.0,4137.0,0.0,265.0,1870-01-01,5,5,6,MONTGOMERY,39_20250930,DIF,1934-01-01,0,ROBERTSON BANKING COMPANY,RBC INC,14031.0,5,8,0,0,FDIC,2025-09-30,2526755.0,4,AL,1,1,36732
NM,1.0,4009,PIERRE,25912.0,0.0,2024-06-30,650.0,30540.0,2427.0,3978.0,1889-08-30,11,11,9,SIOUX FALLS,4009_20250930,DIF,1934-01-01,0,"BANKWEST, INC.",SOUTH DAKOTA BANCSHARES INC,47770.0,4,22,0,0,FDIC,2025-09-30,1124060.0,2,SD,0,1,57501
N,1.0,4016,SIOUX FALLS,23797.0,0.0,2024-06-30,109.0,28927.0,825.0,5021.0,1885-09-08,11,11,9,SIOUX FALLS,4016_20250930,DIF,1934-01-01,0,THE FIRST NATIONAL BANK IN SIOUX FALLS,MINNEHAHA BANSHARES INC,44848.0,4,18,0,0,OCC,2025-09-30,1126354.0,2,SD,0,1,57104
N,1.0,4028,YANKTON,50489.0,0.0,2024-06-30,0.0,50879.0,5150.0,390.0,1872-12-07,11,11,9,SIOUX FALLS,4028_20250930,DIF,1934-01-01,0,FIRST DAKOTA NATIONAL BANK,FIRST DAKOTA FINANCIAL CORP,79821.0,4,17,0,0,OCC,2025-09-30,1404687.0,4,SD,0,1,57078
SM,1.0,4029,ADA,9030.0,0.0,2022-08-31,1606.0,10648.0,1267.0,12.0,1924-11-01,13,13,10,OKLAHOMA CITY,4029_20250930,DIF,1934-01-01,0,VISION BANK,VISION BANCSHARES INC,28170.0,5,10,0,0,FED,2025-09-30,3292253.0,4,OK,1,1,74820
NM,1.0,402,TUTTLE,3691.0,0.0,2022-08-31,0.0,3816.0,544.0,125.0,1903-01-01,13,13,10,OKLAHOMA CITY,402_20250930,DIF,1934-01-01,0,SOONER STATE BANK,TUTTLE BANCSHARES INC,10983.0,5,7,0,0,FDIC,2025-09-30,1067372.0,4,OK,1,0,73089
SM,1.0,4031,ALTUS,5122.0,0.0,2022-08-31,0.0,5122.0,0.0,0.0,1902-01-01,13,13,10,OKLAHOMA CITY,4031_20250930,DIF,1934-01-01,0,FRAZER BANK,FIRST ALTUS BCORP INC,7279.0,5,6,0,0,FED,2025-09-30,1056134.0,4,OK,0,0,73521
N,1.0,4037,ARDMORE,5663.0,0.0,2022-08-31,1720.0,7383.0,450.0,0.0,1889-01-01,13,13,10,OKLAHOMA CITY,4037_20250930,DIF,1934-01-01,0,FIRST NATIONAL BANK AND TRUST COMPANY OF ARDMORE,FIRST NATL CORP OF ARDMORE INC,18065.0,5,12,0,0,OCC,2025-09-30,1055726.0,4,OK,1,1,73401
NM,1.0,4041,BEAVER,3717.0,0.0,2022-08-31,11.0,3728.0,821.0,0.0,1916-01-16,13,13,10,OKLAHOMA CITY,4041_20250930,DIF,1934-01-01,0,THE FIRST SECURITY BANK,COMMUNITY CAPITAL BCORP INC,7522.0,5,3,0,0,FDIC,2025-09-30,5625350.0,2,OK,0,0,73932
NM,1.0,4042,HINTON,9096.0,0.0,2022-08-31,0.0,9100.0,450.0,4.0,1902-01-01,13,13,10,OKLAHOMA CITY,4042_20250930,DIF,1934-01-01,0,LEGACY BANK,MIDSTATE BCORP INC,20457.0,5,10,0,0,FDIC,2025-09-30,1054091.0,4,OK,0,1,73047
NM,1.0,4048,TULSA,15727.0,0.0,2022-08-31,1.0,15728.0,550.0,0.0,1916-05-05,13,13,10,OKLAHOMA CITY,4048_20250930,DIF,1934-01-01,0,SPIRITBANK,SPIRIT BANKCORP INC,22598.0,5,6,0,0,FDIC,2025-09-30,1062135.0,4,OK,0,1,74135
NM,1.0,4049,OKLAHOMA CITY,3013.0,0.0,2022-08-31,0.0,3013.0,5677.0,0.0,1907-01-01,13,13,10,OKLAHOMA CITY,4049_20250930,DIF,1934-01-01,0,FIRST ENTERPRISE BANK,Unknown,7812.0,5,6,0,0,FDIC,2025-09-30,0.0,4,OK,1,0,73114
SM,1.0,404,QUINTON,2308.0,0.0,2020-08-01,1.0,2340.0,430.0,31.0,1908-03-08,13,13,10,OKLAHOMA CITY,404_20250930,DIF,1934-01-01,0,THE FARMERS STATE BANK,F S B PROPERTIES INC,6777.0,5,4,0,0,FED,2025-09-30,1055539.0,8,OK,1,0,74561
N,1.0,4050,BROKEN ARROW,1260.0,0.0,2022-08-31,13.0,1273.0,179.0,0.0,1904-01-29,13,13,10,OKLAHOMA CITY,4050_20250930,DIF,1934-01-01,0,THE FIRST NATIONAL BANK AND TRUST COMPANY OF BROKEN ARROW,FIRST BROKEN ARROW CORP,10429.0,5,2,0,0,OCC,2025-09-30,1062050.0,4,OK,0,1,74012
SM,1.0,4051,CALUMET,1112.0,0.0,2022-08-31,0.0,1112.0,107.0,0.0,1901-01-01,13,13,10,OKLAHOMA CITY,4051_20250930,DIF,1934-01-01,0,ALLNATIONS BANK,ALLNATIONS BCORP INC,2430.0,5,2,0,0,FED,2025-09-30,3176559.0,2,OK,0,0,73014
NM,1.0,4054,CARNEGIE,2035.0,0.0,2022-08-31,8.0,2043.0,100.0,0.0,1905-10-27,13,13,10,OKLAHOMA CITY,4054_20250930,DIF,1934-01-01,0,THE FARMERS BANK,Unknown,3278.0,5,2,0,0,FDIC,2025-09-30,0.0,4,OK,0,0,73015
N,1.0,4059,CHECOTAH,1710.0,0.0,2020-08-01,0.0,1710.0,0.0,0.0,1911-01-01,13,13,10,OKLAHOMA CITY,4059_20250930,DIF,1934-01-01,0,THE PEOPLES NATIONAL BANK OF CHECOTAH,PEOPLES NATL BANCSHARES CHECOTAH,3659.0,5,3,0,0,OCC,2025-09-30,1066852.0,7,OK,1,0,74426
NM,1.0,4061,CHEROKEE,2184.0,0.0,2022-08-31,0.0,2471.0,125.0,287.0,1908-01-29,13,13,10,OKLAHOMA CITY,4061_20250930,DIF,1934-01-01,0,ACB BANK,ALFALFA COUNTY BANCSHARES INC,4158.0,5,3,0,0,FDIC,2025-09-30,1055708.0,2,OK,1,0,73728
N,1.0,4062,CHICKASHA,12066.0,0.0,2022-08-31,0.0,12931.0,-201.0,865.0,1892-08-21,13,13,10,OKLAHOMA CITY,4062_20250930,DIF,1934-01-01,0,"THE FIRST NATIONAL BANK AND TRUST CO., CHICKASHA, OKLAHOMA",FIRST INDEPENDENT BCORP INC,25958.0,5,9,0,0,OCC,2025-09-30,1065163.0,4,OK,1,1,73018
SB,0.0,4063,OKLAHOMA CITY,490051.0,0.0,2024-11-08,1.0,762142.0,31803.0,272090.0,1911-02-28,13,13,10,OKLAHOMA CITY,4063_20250930,DIF,1989-08-09,0,MIDFIRST BANK,G JEFFREY RECORDS JR 2003 FAMILY TR,808223.0,5,94,0,0,OCC,2025-09-30,3839096.0,4,OK,1,1,73118
NM,1.0,4067,CLINTON,2577.0,0.0,2022-08-31,0.0,2611.0,0.0,34.0,1908-03-02,13,13,10,OKLAHOMA CITY,4067_20250930,DIF,1934-01-01,0,OKLAHOMA BANK AND TRUST COMPANY,OKLAHOMA BCORP INC,3732.0,5,4,0,0,FDIC,2025-09-30,1065613.0,2,OK,1,1,73601
NM,1.0,406,CLEO SPRINGS,1441.0,0.0,2022-08-31,0.0,1441.0,140.0,0.0,1900-10-25,13,13,10,OKLAHOMA CITY,406_20250930,DIF,1934-01-01,0,CLEO STATE BANK,CLEO BANCSHARES INC,3276.0,5,4,0,0,FDIC,2025-09-30,1052958.0,2,OK,1,0,73729
SM,1.0,4071,COWETA,954.0,0.0,2022-08-31,0.0,954.0,155.0,0.0,1903-01-01,13,13,10,OKLAHOMA CITY,4071_20250930,DIF,1934-01-01,0,FNB COWETA,FIRST COWETA CORP,3705.0,5,2,0,0,FED,2025-09-30,1063329.0,4,OK,1,0,74429
SM,1.0,4076,WEATHERFORD,899.0,0.0,2022-08-31,0.0,899.0,40.0,0.0,1907-06-04,13,13,10,OKLAHOMA CITY,4076_20250930,DIF,1934-01-01,0,SOUTHWEST BANK OF WEATHERFORD,SOUTHWEST CAPITAL L L C,2409.0,5,1,0,0,FED,2025-09-30,2912312.0,4,OK,0,0,73096
SM,1.0,4084,EDMOND,4963.0,0.0,2022-08-31,0.0,5259.0,0.0,296.0,1912-01-01,13,13,10,OKLAHOMA CITY,4084_20250930,DIF,1934-01-01,0,THE CITIZENS BANK OF EDMOND,CITIZENS BANCSHARES INC ESOP,11751.0,5,2,0,0,FED,2025-09-30,3078215.0,4,OK,1,0,73034
N,1.0,4086,ELK CITY,4175.0,0.0,2022-08-31,0.0,4175.0,161.0,0.0,1901-04-19,13,13,10,OKLAHOMA CITY,4086_20250930,DIF,1934-01-01,0,THE FIRST NATIONAL BANK & TRUST,WESTERN OK FINL SERVICES INC,8637.0,5,3,0,0,OCC,2025-09-30,2293507.0,2,OK,1,1,73644
SM,1.0,4087,ELK CITY,7220.0,0.0,2022-08-31,0.0,7220.0,457.0,0.0,1908-04-01,13,13,10,OKLAHOMA CITY,4087_20250930,DIF,1934-01-01,0,BANK OF WESTERN OKLAHOMA,WESTERN OK BANCSHARES INC,16222.0,5,6,0,0,FED,2025-09-30,1062706.0,2,OK,1,0,73644
N,0.0,4091,ENID,6012.0,0.0,2022-08-31,0.0,6325.0,2412.0,313.0,1913-01-01,13,13,10,OKLAHOMA CITY,4091_20250930,DIF,1934-01-01,0,"STRIDE BANK, NATIONAL ASSOCIATION",CENTRAL SERVICE CORP,93924.0,5,11,0,0,OCC,2025-09-30,1051465.0,4,OK,0,1,73701
NM,1.0,4092,ERICK,1003.0,0.0,2022-08-31,0.0,1009.0,0.0,6.0,1902-12-12,13,13,10,OKLAHOMA CITY,4092_20250930,DIF,1934-01-01,0,FIRST BANK,ERICK BANCSHARES INC,4727.0,5,4,0,0,FDIC,2025-09-30,2209030.0,4,OK,1,0,73645
SM,1.0,4094,EUFAULA,231.0,0.0,2022-08-31,0.0,231.0,49.0,0.0,1911-03-07,13,13,10,OKLAHOMA CITY,4094_20250930,DIF,1934-01-01,0,BANK OF EUFAULA,S N B BANCSHARES INC,2235.0,5,2,0,0,FED,2025-09-30,1064184.0,7,OK,0,0,74432
N,1.0,4097,FAIRVIEW,1030.0,0.0,2022-08-31,1.0,1314.0,23.0,283.0,1907-01-01,13,13,10,OKLAHOMA CITY,4097_20250930,DIF,1934-01-01,0,THE FARMERS AND MERCHANTS NATIONAL BANK OF FAIRVIEW,FAIRVIEW BANCSHARES INC,2460.0,5,1,0,0,OCC,2025-09-30,1065211.0,2,OK,1,0,73737
N,1.0,4098,FLETCHER,46.0,0.0,2006-03-31,0.0,46.0,0.0,0.0,1902-11-13,13,13,10,OKLAHOMA CITY,4098_20250930,DIF,1934-01-01,0,THE FIRST NATIONAL BANK OF FLETCHER,GRIFFITH FAMILY FINL HOLDINGS L L C,641.0,5,2,0,0,OCC,2025-09-30,2816858.0,7,OK,0,0,73541
N,1.0,4111,HEAVENER,956.0,0.0,2022-08-31,0.0,1033.0,25.0,77.0,1910-01-01,13,13,10,OKLAHOMA CITY,4111_20250930,DIF,1934-01-01,0,FIRST NATIONAL BANK,SOONER SW BANKSHARES INC,4356.0,5,3,0,0,OCC,2025-09-30,2411619.0,2,OK,0,0,74937
SM,1.0,4122,HOMINY,407.0,0.0,2022-08-31,0.0,407.0,54.0,0.0,1906-04-12,13,13,10,OKLAHOMA CITY,4122_20250930,DIF,1934-01-01,0,1ST BANK IN HOMINY,Unknown,1360.0,5,1,0,0,FED,2025-09-30,0.0,7,OK,1,0,74035
N,1.0,4123,HOOKER,776.0,0.0,2022-08-31,0.0,808.0,302.0,32.0,1914-06-23,13,13,10,OKLAHOMA CITY,4123_20250930,DIF,1934-01-01,0,THE FIRST NATIONAL BANK OF HOOKER,HOOKER NATIONAL BANCSHARES INC,2730.0,5,1,0,0,OCC,2025-09-30,1140060.0,2,OK,0,0,73945
N,1.0,4132,LAWTON,3897.0,0.0,2022-08-31,0.0,3928.0,884.0,31.0,1901-03-23,13,13,10,OKLAHOMA CITY,4132_20250930,DIF,1934-01-01,0,"THE CITY NATIONAL BANK AND TRUST COMPANY OF LAWTON, OKLAHOMA",JRMB II INC,11682.0,5,40,0,0,OCC,2025-09-30,4208961.0,4,OK,1,1,73501
NM,1.0,4144,MAYSVILLE,77.0,0.0,2010-06-01,0.0,77.0,195.0,0.0,1908-01-01,13,13,10,OKLAHOMA CITY,4144_20250930,DIF,1934-01-01,0,FARMERS AND MERCHANTS BANK,Unknown,1014.0,5,1,0,0,FDIC,2025-09-30,0.0,2,OK,1,0,73057
N,1.0,4145,MCALESTER,6009.0,0.0,2022-08-31,0.0,6035.0,484.0,26.0,1896-12-12,13,13,10,OKLAHOMA CITY,4145_20250930,DIF,1934-01-01,0,FIRST NATIONAL BANK & TRUST COMPANY OF MCALESTER,FIRST OF MCALESTER CORP,14356.0,5,6,0,0,OCC,2025-09-30,1055762.0,4,OK,1,1,74501
N,1.0,4146,MCALESTER,4995.0,0.0,2020-08-01,0.0,5055.0,59.0,60.0,1927-05-17,13,13,10,OKLAHOMA CITY,4146_20250930,DIF,1934-01-01,0,"THE BANK, NATIONAL ASSOCIATION",NBM CORP,12490.0,5,6,0,0,OCC,2025-09-30,1056684.0,4,OK,1,0,74501
SM,1.0,4147,OKLAHOMA CITY,30334.0,0.0,2022-08-31,0.0,30334.0,700.0,0.0,1901-05-06,13,13,10,OKLAHOMA CITY,4147_20250930,DIF,1934-01-01,0,BANK 7,BANK7 CORP,65608.0,5,12,0,0,FED,2025-09-30,3256134.0,4,OK,0,0,73116
N,1.0,4148,MIAMI,548.0,0.0,2022-08-31,2.0,550.0,136.0,0.0,1900-01-01,13,13,10,OKLAHOMA CITY,4148_20250930,DIF,1934-01-01,0,THE FIRST NATIONAL BANK AND TRUST COMPANY OF MIAMI,FIRST MIAMI BANCSHARES INC,8502.0,5,3,0,0,OCC,2025-09-30,1061316.0,2,OK,0,1,74354
NM,1.0,414,WOODWARD,3136.0,0.0,2022-08-31,0.0,3136.0,700.0,0.0,1903-01-03,13,13,10,OKLAHOMA CITY,414_20250930,DIF,1934-01-01,0,THE STOCK EXCHANGE BANK,Unknown,7644.0,5,3,0,0,FDIC,2025-09-30,0.0,4,OK,0,0,73801
NM,1.0,4160,TULSA,36120.0,0.0,2023-09-08,0.0,36933.0,4400.0,813.0,1898-01-01,13,13,10,OKLAHOMA CITY,4160_20250930,DIF,1934-01-01,0,REGENT BANK,REGENT CAPITAL CORP,52930.0,5,6,0,0,FDIC,2025-09-30,3632000.0,4,OK,0,1,74136
N,1.0,4170,OKMULGEE,3120.0,0.0,2024-06-01,1.0,3121.0,22.0,0.0,1917-04-02,13,13,10,OKLAHOMA CITY,4170_20250930,DIF,1934-01-01,0,"PATRONS BANK, NATIONAL ASSOCIATION",FIRST OKMULGEE CORP,8066.0,5,5,0,0,OCC,2025-09-30,1056330.0,4,OK,1,1,74447
N,1.0,4173,PAULS VALLEY,4787.0,0.0,2022-08-31,0.0,4787.0,2305.0,0.0,1905-01-01,13,13,10,OKLAHOMA CITY,4173_20250930,DIF,1934-01-01,0,THE PAULS VALLEY NATIONAL BANK,PAULS VALLEY BCORP INC,9398.0,5,6,0,0,OCC,2025-09-30,5657799.0,4,OK,0,0,73075
SM,1.0,4178,TULSA,19796.0,0.0,2022-08-31,0.0,19796.0,965.0,0.0,1902-01-01,13,13,10,OKLAHOMA CITY,4178_20250930,DIF,1934-01-01,0,SECURITY BANK,PAWNEE HOLDING CO INC,27649.0,5,1,0,0,FED,2025-09-30,1494343.0,4,OK,1,0,74146
SM,1.0,4185,PRYOR,10472.0,0.0,2022-08-31,0.0,10472.0,1164.0,0.0,1900-01-01,13,13,10,OKLAHOMA CITY,4185_20250930,DIF,1934-01-01,0,FIRST PRYORITY BANK,FIRST PRYOR BCORP INC,15207.0,5,2,0,0,FED,2025-09-30,2224408.0,4,OK,0,0,74361
NM,1.0,4187,PURCELL,2553.0,0.0,2022-08-31,0.0,2553.0,0.0,0.0,1922-03-08,13,13,10,OKLAHOMA CITY,4187_20250930,DIF,1934-01-01,0,MCCLAIN BANK,MCCLAIN COUNTY BCORP INC,10033.0,5,4,0,0,FDIC,2025-09-30,1060485.0,4,OK,0,0,73080
NM,1.0,418,OKEENE,3945.0,0.0,2023-09-29,0.0,3968.0,40.0,23.0,1930-02-11,13,13,10,OKLAHOMA CITY,418_20250930,DIF,1934-01-01,0,HIGH PLAINS BANK,HPB HOLDINGS INC,5339.0,5,3,0,0,FDIC,2025-09-30,1060711.0,2,OK,1,0,73763
SM,1.0,4190,SAPULPA,13301.0,0.0,2022-08-31,3344.0,17475.0,310.0,830.0,1905-06-15,13,13,10,OKLAHOMA CITY,4190_20250930,DIF,1934-01-01,0,AMERICAN HERITAGE BANK,AMERICAN BCORP INC,28652.0,5,24,0,0,FED,2025-09-30,1052220.0,9,OK,1,1,74066
NM,1.0,4193,SEILING,3458.0,0.0,2022-08-31,6.0,3464.0,186.0,0.0,1901-01-01,13,13,10,OKLAHOMA CITY,4193_20250930,DIF,1934-01-01,0,THE SEILING STATE BANK,SEILING BANCSHARES INC,5176.0,5,3,0,0,FDIC,2025-09-30,5312539.0,2,OK,1,0,73663
N,1.0,4196,SHATTUCK,2226.0,0.0,2022-08-31,0.0,2240.0,1181.0,14.0,1909-08-01,13,13,10,OKLAHOMA CITY,4196_20250930,DIF,1934-01-01,0,"SNB BANK, NATIONAL ASSOCIATION",SHATTUCK BANCSHARES INC,3677.0,5,2,0,0,OCC,2025-09-30,1062416.0,2,OK,1,0,73858
NM,1.0,41,PHENIX CITY,4730.0,0.0,2022-08-31,0.0,4730.0,36.0,0.0,1904-05-04,5,5,6,MONTGOMERY,41_20250930,DIF,1934-01-01,0,PHENIX-GIRARD BANK,PHENIX-GIRARD BANCSHARES INC,6318.0,5,4,0,0,FDIC,2025-09-30,2013246.0,7,AL,1,1,36867
SM,1.0,4208,TEXHOMA,5928.0,0.0,2022-06-27,2.0,6256.0,120.0,326.0,1906-02-23,13,13,10,OKLAHOMA CITY,4208_20250930,DIF,1934-01-01,0,ANCHOR D BANK,TEXHOMA BANCSHARES INC,9748.0,5,4,0,0,FED,2025-09-30,1866306.0,2,OK,1,0,73949
SM,1.0,4209,THOMAS,713.0,0.0,2022-08-31,0.0,713.0,40.0,0.0,1904-05-28,13,13,10,OKLAHOMA CITY,4209_20250930,DIF,1934-01-01,0,FIRST BANK OF THOMAS,FIRST THOMAS BAN CORP,1386.0,5,1,0,0,FED,2025-09-30,1057636.0,4,OK,1,0,73669
NM,1.0,420,VICI,559.0,0.0,2022-08-31,0.0,559.0,641.0,0.0,1902-01-01,13,13,10,OKLAHOMA CITY,420_20250930,DIF,1934-01-01,0,BANK OF VICI,VICI BCORP,810.0,5,1,0,0,FDIC,2025-09-30,1055605.0,4,OK,1,0,73859
N,1.0,4211,OKLAHOMA CITY,16581.0,0.0,2022-08-31,0.0,17127.0,1540.0,546.0,1917-01-01,13,13,10,OKLAHOMA CITY,4211_20250930,DIF,1934-01-01,0,FIRST NATIONAL BANK OF OKLAHOMA,FIRST BCORP OF OKLAHOMA INC,26733.0,5,4,0,0,OCC,2025-09-30,1058343.0,4,OK,1,0,73120
N,0.0,4214,TULSA,722321.0,0.0,2022-08-31,20416.0,923118.0,2000.0,180381.0,1910-02-10,13,13,10,OKLAHOMA CITY,4214_20250930,DIF,1934-01-01,0,"BOKF, NATIONAL ASSOCIATION",BOK FINANCIAL CORP,980903.0,5,115,0,0,OCC,2025-09-30,1883693.0,4,OK,0,1,74172
NM,1.0,4217,VERDEN,741.0,0.0,2015-05-18,0.0,741.0,0.0,0.0,1907-08-01,13,13,10,OKLAHOMA CITY,4217_20250930,DIF,1934-01-01,0,COMMUNITY BANK OF OKLAHOMA,Unknown,1946.0,5,3,0,0,FDIC,2025-09-30,0.0,4,OK,1,0,73092
NM,1.0,421,CHEYENNE,3436.0,0.0,2022-08-31,0.0,3436.0,360.0,0.0,1912-06-22,13,13,10,OKLAHOMA CITY,421_20250930,DIF,1934-01-01,0,SECURITY STATE BANK,CHEYENNE BANKING CORP,7777.0,5,3,0,0,FDIC,2025-09-30,2180205.0,2,OK,1,0,73628
N,1.0,4222,WAURIKA,679.0,0.0,2022-08-31,1.0,686.0,0.0,6.0,1906-03-26,13,13,10,OKLAHOMA CITY,4222_20250930,DIF,1934-01-01,0,THE FIRST FARMERS NATIONAL BANK OF WAURIKA,Unknown,1276.0,5,1,0,0,OCC,2025-09-30,0.0,2,OK,1,0,73573
SM,1.0,4228,BETHANY,3977.0,0.0,2022-08-31,371.0,4374.0,154.0,26.0,1923-01-01,13,13,10,OKLAHOMA CITY,4228_20250930,DIF,1934-01-01,0,FIRST BETHANY BANK & TRUST,FIRST BETHANY BCORP INC,5915.0,5,3,0,0,FED,2025-09-30,1051175.0,4,OK,1,0,73008
NM,1.0,4232,WYNNEWOOD,1417.0,0.0,2022-08-31,0.0,1417.0,0.0,0.0,1910-08-01,13,13,10,OKLAHOMA CITY,4232_20250930,DIF,1934-01-01,0,THE STATE BANK OF WYNNEWOOD,GARVIN COUNTY BANCSHARES INC,2400.0,5,1,0,0,FDIC,2025-09-30,2438205.0,2,OK,1,0,73098
NM,1.0,4235,YUKON,2461.0,0.0,2022-08-31,1.0,2487.0,10.0,25.0,1912-04-19,13,13,10,OKLAHOMA CITY,4235_20250930,DIF,1934-01-01,0,YNB,INTL BANCSHARES OK,6028.0,5,5,0,0,FDIC,2025-09-30,1062975.0,4,OK,1,0,73099
N,1.0,4236,COALGATE,6361.0,0.0,2022-08-31,57.0,6418.0,470.0,0.0,1924-01-01,13,13,10,OKLAHOMA CITY,4236_20250930,DIF,1934-01-01,0,"SHAMROCK BANK, N.A.",SHAMROCK BANCSHARES EMPLOYEE STK OWNERSHIP PLAN,12598.0,5,8,0,0,OCC,2025-09-30,2996648.0,4,OK,1,0,74538
SM,0.0,4239,DURANT,225153.0,0.0,2024-09-27,664.0,296935.0,10847.0,71118.0,1900-01-01,13,13,10,OKLAHOMA CITY,4239_20250930,DIF,1934-01-01,0,FIRST UNITED BANK AND TRUST COMPANY,SPEND LIFE WISELY CO INC,393211.0,5,84,0,0,FED,2025-09-30,1058398.0,4,OK,0,1,74701
N,1.0,4241,IDABEL,4038.0,0.0,2022-08-31,29.0,4156.0,1694.0,89.0,1921-02-14,13,13,10,OKLAHOMA CITY,4241_20250930,DIF,1934-01-01,0,THE IDABEL NATIONAL BANK,SOUTHEAST CAPITAL CORP,5842.0,5,1,0,0,OCC,2025-09-30,1059582.0,4,OK,0,0,74745
N,1.0,4255,CAMDEN,73311.0,0.0,2025-01-02,2262.0,86168.0,19321.0,10595.0,1875-01-01,2,2,1,CONCORD,4255_20250930,DIF,1934-01-01,0,THE CAMDEN NATIONAL BANK,CAMDEN NATIONAL CORP,152444.0,1,74,0,0,OCC,2025-09-30,1130249.0,4,ME,0,1,04843
N,1.0,4256,DAMARISCOTTA,58415.0,0.0,2024-11-17,1252.0,63273.0,1578.0,3606.0,1864-04-19,2,2,1,CONCORD,4256_20250930,DIF,1934-01-01,0,FIRST NATIONAL BANK,FIRST BCORP INC THE,56986.0,1,18,0,0,OCC,2025-09-30,1133932.0,4,ME,0,1,04543
N,1.0,4288,CROWLEY,5379.0,0.0,2022-08-31,0.0,5379.0,360.0,0.0,1924-01-01,13,13,6,BATON ROUGE,4288_20250930,DIF,1934-01-01,0,FIRST NATIONAL BANK OF LOUISIANA,FIRST NATL BANCSHARES LA INC,17912.0,5,5,0,0,OCC,2025-09-30,5989847.0,4,LA,0,0,70526
NM,1.0,428,HENRYETTA,1053.0,0.0,2022-08-31,0.0,1053.0,137.0,0.0,1933-01-01,13,13,10,OKLAHOMA CITY,428_20250930,DIF,1934-01-01,0,AMERICAN EXCHANGE BANK,Unknown,3646.0,5,3,0,0,FDIC,2025-09-30,0.0,6,OK,1,0,74437
N,1.0,4290,JEANERETTE,6901.0,0.0,2022-08-31,19.0,7113.0,1030.0,193.0,1905-06-05,13,13,6,BATON ROUGE,4290_20250930,DIF,1934-01-01,0,THE FIRST NATIONAL BANK OF JEANERETTE,JEANERETTE 1ST NATL BCORP INC,19837.0,5,9,0,0,OCC,2025-09-30,1085303.0,4,LA,1,0,70544
N,0.0,4297,MCLEAN,10235549.0,0.0,2025-05-18,5555.0,11209098.0,16513162.0,967994.0,1933-05-22,5,16,5,RICHMOND,4297_20250930,DIF,1934-01-01,0,"CAPITAL ONE, NATIONAL ASSOCIATION",CAPITAL ONE FINANCIAL CORP,30756660.0,1,265,0,0,OCC,2025-09-30,2277860.0,3,VA,0,1,22102
N,1.0,4318,BRAZIL,5156.0,0.0,2022-08-31,2.0,5531.0,382.0,373.0,1885-06-15,9,9,7,INDIANAPOLIS,4318_20250930,DIF,1934-01-01,0,THE RIDDELL NATIONAL BANK,RNB CORP,8694.0,3,5,0,0,OCC,2025-09-30,1141478.0,4,IN,0,1,47834
N,1.0,4319,BROOKVILLE,10291.0,0.0,2022-08-31,658.0,10949.0,0.0,0.0,1900-01-01,9,9,7,INDIANAPOLIS,4319_20250930,DIF,1934-01-01,0,"FCN BANK, NATIONAL ASSOCIATION",FCN BANC CORP,15424.0,3,6,0,0,OCC,2025-09-30,1134069.0,4,IN,0,1,47012
N,1.0,4324,CLOVERDALE,5110.0,0.0,2022-08-31,0.0,5114.0,0.0,4.0,1913-01-01,9,9,7,INDIANAPOLIS,4324_20250930,DIF,1934-01-01,0,FIRST NATIONAL BANK,FIRST NATIONAL BANK CORP,9041.0,3,7,0,0,OCC,2025-09-30,1137529.0,8,IN,0,1,46120
N,1.0,432,HUGO,1268.0,0.0,2022-08-31,0.0,1268.0,0.0,0.0,1930-01-07,13,13,10,OKLAHOMA CITY,432_20250930,DIF,1934-01-01,0,SECURITY FIRST NATIONAL BANK OF HUGO,SOONER SW BANKSHARES INC,6210.0,5,2,0,0,OCC,2025-09-30,2411619.0,2,OK,0,0,74743
NM,0.0,4360,MICHIGAN CITY,77379.0,0.0,2022-08-31,1216.0,100662.0,266.0,22067.0,1873-04-21,9,9,7,INDIANAPOLIS,4360_20250930,DIF,1934-01-01,0,HORIZON BANK,HORIZON BCORP INC,172825.0,3,79,0,0,FDIC,2025-09-30,1209136.0,4,IN,0,1,46360
N,1.0,4364,MONTEREY,6774.0,0.0,2022-08-31,0.0,6808.0,0.0,34.0,1910-08-01,9,9,7,INDIANAPOLIS,4364_20250930,DIF,1934-01-01,0,THE FIRST NATIONAL BANK OF MONTEREY,Unknown,8056.0,3,4,0,0,OCC,2025-09-30,0.0,2,IN,0,1,46960
NM,0.0,4365,MUNCIE,255584.0,0.0,2024-12-06,4060.0,287774.0,14100.0,28130.0,1893-03-13,9,9,7,INDIANAPOLIS,4365_20250930,DIF,1934-01-01,0,FIRST MERCHANTS BANK,FIRST MERCHANTS CORP,399575.0,3,120,0,0,FDIC,2025-09-30,1208559.0,4,IN,0,1,47305
N,0.0,4382,TERRE HAUTE,54695.0,0.0,2024-07-01,5006.0,63620.0,5850.0,3919.0,1863-08-03,9,9,7,INDIANAPOLIS,4382_20250930,DIF,1934-01-01,0,"FIRST FINANCIAL BANK, NATIONAL ASSOCIATION",FIRST FINANCIAL CORP,158257.0,3,80,0,0,OCC,2025-09-30,1208595.0,4,IN,0,1,47807
NM,1.0,4398,LYNNVILLE,1958.0,0.0,2022-08-31,0.0,2035.0,52.0,77.0,1907-09-01,9,9,8,INDIANAPOLIS,4398_20250930,DIF,1934-01-01,0,LNB COMMUNITY BANK,LNB COMMUNITY BCORP,4546.0,3,4,0,0,FDIC,2025-09-30,2807007.0,5,IN,1,0,47619
NM,1.0,4419,FRENCH LICK,11361.0,0.0,2022-08-31,0.0,11361.0,259.0,0.0,1902-01-01,9,9,8,INDIANAPOLIS,4419_20250930,DIF,1934-01-01,0,SPRINGS VALLEY BANK & TRUST COMPANY,SVB&T CORP,15156.0,3,6,0,0,FDIC,2025-09-30,1098385.0,4,IN,0,1,47432
SB,1.0,4432,WEST DES MOINES,5443.0,0.0,2024-06-30,0.0,7147.0,360.0,1704.0,1930-04-01,11,11,7,DES MOINES,4432_20250930,DIF,1995-02-09,0,"MIDWEST HERITAGE BANK, FSB",HY-VEE INC,12725.0,4,9,0,0,OCC,2025-09-30,1200852.0,8,IA,0,0,50265
SM,1.0,4433,MASON CITY,31468.0,0.0,2024-06-30,0.0,31468.0,1092.0,0.0,1892-01-09,11,11,7,DES MOINES,4433_20250930,DIF,1934-01-01,0,FIRST CITIZENS BANK,FIRST CITIZENS FINANCIAL CORP,41239.0,4,8,0,0,FED,2025-09-30,1203509.0,4,IA,1,1,50401
N,1.0,4439,CLINTON,4152.0,0.0,2024-06-30,209.0,4366.0,22.0,5.0,1865-05-01,11,11,7,CEDAR RAPIDS,4439_20250930,DIF,1934-01-01,0,THE CLINTON NATIONAL BANK,W J YOUNG&CO,7896.0,4,8,0,0,OCC,2025-09-30,1234491.0,2,IA,1,1,52732
NM,1.0,444,WYALUSING,7416.0,0.0,2022-08-31,0.0,7781.0,315.0,365.0,1914-11-25,2,2,3,HARRISBURG,444_20250930,DIF,1934-01-01,0,PS BANK,PEOPLES LTD,16002.0,1,11,0,0,FDIC,2025-09-30,1143959.0,4,PA,0,0,18853
SM,1.0,4457,SHENANDOAH,849.0,0.0,2024-06-30,0.0,1001.0,50.0,152.0,1903-01-01,11,11,7,OMAHA,4457_20250930,DIF,1934-01-01,0,FIRST HERITAGE BANK,FIRST NATIONAL BCORP,1899.0,4,2,0,0,FED,2025-09-30,2247498.0,2,IA,1,0,51601
NM,1.0,445,SANDY LAKE,5267.0,0.0,2017-07-12,0.0,6284.0,1046.0,1017.0,1911-06-20,2,2,4,WEXFORD,445_20250930,DIF,1934-01-01,0,MERCER COUNTY STATE BANK,MERCER COUNTY STATE BCORP INC,14698.0,1,12,0,0,FDIC,2025-09-30,1247183.0,4,PA,0,0,16145
SM,1.0,4464,HAMPTON,2953.0,0.0,2024-06-30,119.0,3072.0,845.0,0.0,1933-01-01,11,11,7,DES MOINES,4464_20250930,DIF,1934-01-01,0,FIRST BANK HAMPTON,A M SAYLOR INC,7049.0,4,2,0,0,FED,2025-09-30,1200142.0,2,IA,1,1,50441
N,1.0,4465,COUNCIL BLUFFS,6167.0,0.0,2024-06-30,0.0,6830.0,140.0,663.0,1913-01-01,11,11,7,OMAHA,4465_20250930,DIF,1934-01-01,0,"MIDSTATES BANK, NATIONAL ASSOCIATION",MIDSTATES BANCSHARES INC,15787.0,4,10,0,0,OCC,2025-09-30,1825367.0,2,IA,1,1,51503
SM,1.0,4476,LOGAN,1239.0,0.0,2024-06-30,1.0,1240.0,51.0,0.0,1888-12-01,11,11,7,OMAHA,4476_20250930,DIF,1934-01-01,0,LOGAN STATE BANK,LOGAN BCORP INC,2431.0,4,2,0,0,FED,2025-09-30,1492282.0,2,IA,1,0,51546
N,1.0,4477,MANNING,1102.0,0.0,2024-06-30,0.0,1102.0,0.0,0.0,1886-01-01,11,11,7,DES MOINES,4477_20250930,DIF,1934-01-01,0,THE FIRST NATIONAL BANK OF MANNING,MANNING FINANCIAL SERVICES INC,1410.0,4,1,0,0,OCC,2025-09-30,1491838.0,2,IA,0,0,51455
SM,1.0,4482,NEWTON,576.0,0.0,2024-06-30,227.0,842.0,20.0,39.0,1932-03-28,11,11,7,DES MOINES,4482_20250930,DIF,1934-01-01,0,FNNB BANK,UNITED IOWA BANCSHARES INC,2920.0,4,1,0,0,FED,2025-09-30,1200964.0,4,IA,1,1,50208
N,1.0,4494,PRIMGHAR,508.0,0.0,2024-06-30,2.0,585.0,0.0,75.0,1889-11-11,11,11,7,SIOUX CITY,4494_20250930,DIF,1934-01-01,0,THE FIRST NATIONAL BANK OF PRIMGHAR,Unknown,775.0,4,1,0,0,OCC,2025-09-30,0.0,2,IA,0,1,51245
N,1.0,4506,SIOUX CITY,15279.0,0.0,2024-06-30,3468.0,19561.0,0.0,814.0,1884-01-01,11,11,7,SIOUX CITY,4506_20250930,DIF,1934-01-01,0,"THE SECURITY NATIONAL BANK OF SIOUX CITY, IOWA",SECURITY NATIONAL CORP,37587.0,4,10,0,0,OCC,2025-09-30,1200348.0,2,IA,0,1,51101
N,1.0,4511,STORM LAKE,2382.0,0.0,2024-06-30,0.0,2420.0,0.0,38.0,1902-02-01,11,11,7,SIOUX CITY,4511_20250930,DIF,1934-01-01,0,THE CITIZENS FIRST NATIONAL BANK OF STORM LAKE,FNC INC,7293.0,4,3,0,0,OCC,2025-09-30,2511322.0,2,IA,1,1,50588
NM,1.0,4514,TOLEDO,1697.0,0.0,2024-06-30,0.0,1722.0,0.0,25.0,1927-01-01,11,11,7,DES MOINES,4514_20250930,DIF,1934-01-01,0,THE STATE BANK OF TOLEDO,TAMA COUNTY ABSTRACT CO,4000.0,4,2,0,0,FDIC,2025-09-30,1200179.0,2,IA,1,1,52342
SM,1.0,4519,WAVERLY,8545.0,0.0,2024-06-30,8.0,9893.0,484.0,1340.0,1864-01-01,11,11,7,CEDAR RAPIDS,4519_20250930,DIF,1934-01-01,0,FIRST BANK,FIRST OF WAVERLY CORP,17879.0,4,8,0,0,FED,2025-09-30,1206395.0,2,IA,0,1,50677
NM,1.0,4526,BRAYMER,3864.0,0.0,2022-08-31,0.0,5003.0,200.0,1139.0,1890-10-02,11,11,10,KANSAS CITY,4526_20250930,DIF,1934-01-01,0,PONY EXPRESS BANK,PAGE BANCSHARES INC,13724.0,4,2,0,0,FDIC,2025-09-30,3201086.0,4,MO,1,0,64624
SM,1.0,4539,UNIONVILLE,5809.0,0.0,2024-06-30,0.0,6349.0,415.0,540.0,1901-06-01,11,11,10,COLUMBIA MO,4539_20250930,DIF,1934-01-01,0,FARMERS BANK OF NORTHERN MISSOURI,NORTHERN MO BANCSHARES INC,13614.0,4,10,0,0,FED,2025-09-30,1249495.0,2,MO,0,0,63565
N,0.0,4540,HANNIBAL,11690.0,0.0,2023-09-30,0.0,12179.0,175.0,489.0,1888-01-01,11,11,8,ST. LOUIS,4540_20250930,DIF,1934-01-01,0,HNB NATIONAL BANK,R DEAN PHILLIPS BK TR DATED 11-19-2004,26841.0,4,15,0,0,OCC,2025-09-30,5558681.0,2,MO,1,1,63401
NM,1.0,4549,MAPLEWOOD,13341.0,0.0,2022-08-31,633.0,15458.0,585.0,1484.0,1915-01-01,11,11,8,ST. LOUIS,4549_20250930,DIF,1934-01-01,0,CNB ST LOUIS BANK,CARDINAL BCORP INC,19709.0,4,6,0,0,FDIC,2025-09-30,1140930.0,4,MO,1,1,63143
SM,1.0,4556,PARIS,1214.0,0.0,2024-06-30,0.0,1377.0,0.0,163.0,1865-10-01,11,11,8,COLUMBIA MO,4556_20250930,DIF,1934-01-01,0,TPNB BANK,PARIS BANCSHARES INC,2433.0,4,2,0,0,FED,2025-09-30,1099065.0,2,MO,0,0,65275
N,1.0,4598,NEVADA,1175.0,0.0,2022-08-31,0.0,1175.0,0.0,0.0,1889-01-01,11,11,10,SPRINGFIELD MO,4598_20250930,DIF,1934-01-01,0,"THE FIRST NATIONAL BANK OF NEVADA, MISSOURI",1889 BANCSHARES INC,2532.0,4,1,0,0,OCC,2025-09-30,2090751.0,2,MO,0,1,64772
N,1.0,4611,PHILLIPSBURG,1463.0,0.0,2022-08-31,0.0,1463.0,85.0,0.0,1921-02-26,11,11,10,HAYS,4611_20250930,DIF,1934-01-01,0,FARMERS NATIONAL BANK,Unknown,4320.0,4,5,0,0,OCC,2025-09-30,0.0,2,KS,0,0,67661
NM,1.0,4619,ATCHISON,6383.0,0.0,2022-08-31,42.0,6425.0,25.0,0.0,1856-01-01,11,11,10,KANSAS CITY,4619_20250930,DIF,1934-01-01,0,EXCHANGE BANK & TRUST,EXCHANGE BANKSHARES CORP OF KS,17503.0,4,10,0,0,FDIC,2025-09-30,1054000.0,2,KS,0,1,66002
NM,1.0,4621,ATWOOD,2143.0,0.0,2022-08-31,0.0,2143.0,165.0,0.0,1914-01-01,11,11,10,HAYS,4621_20250930,DIF,1934-01-01,0,FARMERS BANK & TRUST,RAWLINS BANCSHARES INC,3911.0,4,4,0,0,FDIC,2025-09-30,1062854.0,2,KS,1,1,67730
SM,1.0,4624,BAXTER SPRINGS,1518.0,0.0,2022-08-31,0.0,1525.0,75.0,7.0,1917-01-01,11,11,10,SPRINGFIELD MO,4624_20250930,DIF,1934-01-01,0,AMERICAN BANK OF BAXTER SPRINGS,AMERICAN BANCSHARES INC,4646.0,4,3,0,0,FED,2025-09-30,1065444.0,2,KS,1,0,66713
NM,1.0,4636,CENTRALIA,4545.0,0.0,2022-08-31,0.0,4545.0,0.0,0.0,1882-04-18,11,11,10,KANSAS CITY,4636_20250930,DIF,1934-01-01,0,FIRST HERITAGE BANK,FIRST CENTRALIA BANCSHARES INC,6697.0,4,5,0,0,FDIC,2025-09-30,1067916.0,2,KS,1,0,66415
N,1.0,4638,CIMARRON,1275.0,0.0,2022-08-31,4.0,1286.0,25.0,7.0,1929-05-21,11,11,10,HAYS,4638_20250930,DIF,1934-01-01,0,THE FIRST NATIONAL BANK IN CIMARRON,FIRST NATIONAL AGENCY INC,4023.0,4,2,0,0,OCC,2025-09-30,1051625.0,2,KS,1,0,67835
NM,1.0,4649,CONWAY SPRINGS,1464.0,0.0,2022-08-31,0.0,1638.0,121.0,174.0,1886-05-01,11,11,10,WICHITA,4649_20250930,DIF,1934-01-01,0,CONWAY BANK,NORCON FINANCIAL CORP,3997.0,4,4,0,0,FDIC,2025-09-30,2338033.0,2,KS,0,0,67031
NM,1.0,4652,CUNNINGHAM,304.0,0.0,2022-08-31,3.0,309.0,148.0,2.0,1925-07-23,11,11,10,WICHITA,4652_20250930,DIF,1934-01-01,0,NINNESCAH VALLEY BANK,Unknown,1226.0,4,1,0,0,FDIC,2025-09-30,0.0,2,KS,1,0,67035
N,1.0,4654,DIGHTON,602.0,0.0,2010-06-01,174.0,776.0,159.0,0.0,1888-05-02,11,11,10,HAYS,4654_20250930,DIF,1934-01-01,0,THE FIRST NATIONAL BANK OF DIGHTON,DIGHTON NATL BANCSHARES INC,1937.0,4,1,0,0,OCC,2025-09-30,1066946.0,2,KS,0,0,67839
SM,1.0,4660,INDEPENDENCE,2431.0,0.0,2022-08-31,2.0,2484.0,90.0,51.0,1881-01-01,11,11,10,WICHITA,4660_20250930,DIF,1934-01-01,0,FIRSTOAK BANK,FNB BANCSHARES INC,8734.0,4,5,0,0,FED,2025-09-30,4328083.0,4,KS,1,0,67301
NM,1.0,4664,EUREKA,2955.0,0.0,2022-08-31,0.0,2955.0,30.0,0.0,1904-08-04,11,11,10,WICHITA,4664_20250930,DIF,1934-01-01,0,HOME BANK AND TRUST COMPANY,GREENWOOD CNTY FINL SERVICES,4723.0,4,6,0,0,FDIC,2025-09-30,1141722.0,4,KS,1,1,67045
N,0.0,4666,FORT LEAVENWORTH,11013.0,0.0,2022-08-31,0.0,11013.0,3300.0,0.0,1907-01-01,11,11,10,KANSAS CITY,4666_20250930,DIF,1934-01-01,0,"ARMED FORCES BANK, NATIONAL ASSOCIATION",DICKINSON FINANCIAL CORP II,38446.0,4,15,0,0,OCC,2025-09-30,2107707.0,4,KS,0,1,66027
N,1.0,4668,FRANKFORT,746.0,0.0,2022-08-31,0.0,749.0,0.0,3.0,1921-03-02,11,11,10,KANSAS CITY,4668_20250930,DIF,1934-01-01,0,FIRST NATIONAL BANK IN FRANKFORT,FIRST FRANKFORT BANCSHARES INC,1348.0,4,1,0,0,OCC,2025-09-30,1064595.0,2,KS,1,0,66427
N,1.0,4673,GIRARD,10051.0,0.0,2022-08-31,360.0,11775.0,738.0,1364.0,1929-07-01,11,11,10,SPRINGFIELD MO,4673_20250930,DIF,1934-01-01,0,"GNBANK, NATIONAL ASSOCIATION",GN BANKSHARES INC,27583.0,4,15,0,0,OCC,2025-09-30,1064915.0,2,KS,0,0,66743
N,1.0,4678,GREENLEAF,2047.0,0.0,2022-08-31,11.0,2075.0,30.0,17.0,1915-01-01,11,11,10,HAYS,4678_20250930,DIF,1934-01-01,0,THE CITIZENS NATIONAL BANK,PADGETT AGENCY INC,4553.0,4,7,0,0,OCC,2025-09-30,1055669.0,2,KS,0,1,66943
N,1.0,4683,HARVEYVILLE,617.0,0.0,2024-12-24,0.0,621.0,47.0,4.0,1920-09-20,11,11,10,WICHITA,4683_20250930,DIF,1934-01-01,0,VISTA NATIONAL BANK & TRUST,VISTA HOLDING CO,1185.0,4,1,0,0,OCC,2025-09-30,5840210.0,4,KS,0,1,66431
N,1.0,4690,HOPE,730.0,0.0,2022-08-31,9.0,877.0,0.0,138.0,1923-01-01,11,11,10,HAYS,4690_20250930,DIF,1934-01-01,0,THE FIRST NATIONAL BANK OF HOPE,HOPE BANCSHARES INC,2091.0,4,3,0,0,OCC,2025-09-30,1472079.0,2,KS,1,0,67451
NM,1.0,4693,HOWARD,491.0,0.0,2022-08-31,0.0,491.0,0.0,0.0,1877-08-30,11,11,10,WICHITA,4693_20250930,DIF,1934-01-01,0,"THE HOWARD STATE BANK, HOWARD, KANSAS",ELK COUNTY BANCSHARES INC,2517.0,4,4,0,0,FDIC,2025-09-30,1062863.0,2,KS,1,0,67349
N,1.0,4697,HUTCHINSON,18152.0,0.0,2022-08-31,676.0,19706.0,800.0,878.0,1876-05-02,11,11,10,WICHITA,4697_20250930,DIF,1934-01-01,0,THE FIRST NATIONAL BANK OF HUTCHINSON,FIRST KANSAS BANCSHARES INC,27756.0,4,8,0,0,OCC,2025-09-30,1139354.0,4,KS,0,1,67501
N,1.0,4702,JUNCTION CITY,15491.0,0.0,2022-08-31,7.0,16031.0,258.0,533.0,1884-01-01,11,11,10,HAYS,4702_20250930,DIF,1934-01-01,0,CENTRAL NATIONAL BANK,CENTRAL OF KANSAS INC,32601.0,4,35,0,0,OCC,2025-09-30,1064429.0,2,KS,0,1,66441
NM,1.0,4705,KANSAS CITY,36071.0,0.0,2022-08-31,2770.0,40739.0,0.0,1898.0,1933-10-13,11,11,10,KANSAS CITY,4705_20250930,DIF,1934-01-01,0,SECURITY BANK OF KANSAS CITY,VALLEY VIEW BANCSHARES INC,80744.0,4,36,0,0,FDIC,2025-09-30,1050712.0,4,KS,0,1,66101
SM,1.0,4707,KINGMAN,4271.0,0.0,2022-08-31,1.0,4711.0,32.0,439.0,1886-05-14,11,11,10,WICHITA,4707_20250930,DIF,1934-01-01,0,CITIZENS BANK OF KANSAS,KING BANCSHARES INC,11310.0,4,11,0,0,FED,2025-09-30,1061987.0,8,KS,1,1,67068
N,1.0,4722,LOUISBURG,1457.0,0.0,2022-08-31,235.0,1711.0,70.0,19.0,1920-08-10,11,11,10,KANSAS CITY,4722_20250930,DIF,1934-01-01,0,THE FIRST NATIONAL BANK OF LOUISBURG,Unknown,4042.0,4,3,0,0,OCC,2025-09-30,0.0,8,KS,1,0,66053
N,1.0,4728,MARION,209.0,0.0,2022-08-31,0.0,218.0,19.0,9.0,1905-01-01,11,11,10,WICHITA,4728_20250930,DIF,1934-01-01,0,THE MARION NATIONAL BANK,MARION BANCSHARES INC,795.0,4,1,0,0,OCC,2025-09-30,2857552.0,2,KS,0,0,66861
NM,1.0,4735,NATOMA,1453.0,0.0,2022-08-31,71.0,1619.0,166.0,95.0,1909-01-01,11,11,10,HAYS,4735_20250930,DIF,1934-01-01,0,SOUTHWIND BANK,REPUBLIC BANCSHARES INC,4359.0,4,2,0,0,FDIC,2025-09-30,2411628.0,2,KS,0,1,67651
SM,1.0,4746,OSAWATOMIE,9864.0,0.0,2022-08-31,0.0,10582.0,300.0,718.0,1923-09-06,11,11,10,KANSAS CITY,4746_20250930,DIF,1934-01-01,0,FIRST OPTION BANK,OSAWATOMIE AGENCY INC THE,14756.0,4,10,0,0,FED,2025-09-30,1053777.0,4,KS,1,1,66064
NM,1.0,4752,OVERBROOK,1108.0,0.0,2022-08-31,31.0,1289.0,9.0,150.0,1897-04-03,11,11,10,KANSAS CITY,4752_20250930,DIF,1934-01-01,0,THE FIRST SECURITY BANK,OVERBROOK BANKSHARES INC,2992.0,4,4,0,0,FDIC,2025-09-30,1063776.0,4,KS,1,0,66524
N,1.0,4756,PHILLIPSBURG,2999.0,0.0,2022-08-31,0.0,3330.0,875.0,331.0,1884-01-01,11,11,10,HAYS,4756_20250930,DIF,1934-01-01,0,FIRST NATIONAL BANK AND TRUST,GOLDEN PLAINS BANKSHARES INC,9763.0,4,6,0,0,OCC,2025-09-30,1066432.0,2,KS,1,1,67661
NM,1.0,4766,SAINT JOHN,2291.0,0.0,2022-08-31,8.0,3973.0,0.0,1674.0,1905-01-01,11,11,10,HAYS,4766_20250930,DIF,1934-01-01,0,SJN BANK OF KANSAS,SJN BANC CO,7777.0,4,6,0,0,FDIC,2025-09-30,2796857.0,2,KS,0,0,67576
N,0.0,4767,DALLAS,110104.0,0.0,2023-11-15,110.0,110579.0,18400.0,365.0,1892-05-24,13,13,11,DENVER,4767_20250930,DIF,1934-01-01,0,"SUNFLOWER BANK, NATIONAL ASSOCIATION",FIRSTSUN CAPITAL BCORP,237893.0,5,73,0,0,OCC,2025-09-30,1066713.0,4,TX,0,1,75225
N,1.0,4769,SCOTT CITY,1829.0,0.0,2022-08-31,1.0,1873.0,350.0,43.0,1902-01-01,11,11,10,HAYS,4769_20250930,DIF,1934-01-01,0,THE FIRST NATIONAL BANK OF SCOTT CITY,HOEME FAMILY PARTNERSHIP,4983.0,4,1,0,0,OCC,2025-09-30,2260095.0,2,KS,0,1,67871
N,1.0,4770,SEDAN,280.0,0.0,2023-01-23,0.0,280.0,10.0,0.0,1874-03-13,11,11,10,WICHITA,4770_20250930,DIF,1934-01-01,0,"ELEVATE BANK, NATIONAL ASSOCIATION",ELEVATION BANCSHARES INC,2327.0,4,2,0,0,OCC,2025-09-30,5759844.0,4,KS,1,0,67361
NM,1.0,4773,SOLOMON,2876.0,0.0,2022-08-31,12.0,2923.0,0.0,35.0,1905-07-01,11,11,10,HAYS,4773_20250930,DIF,1934-01-01,0,THE SOLOMON STATE BANK,SOLOMON BANCSHARES INC,5239.0,4,3,0,0,FDIC,2025-09-30,1063141.0,6,KS,1,0,67480
N,1.0,4774,SPEARVILLE,662.0,0.0,2022-08-31,3.0,665.0,0.0,0.0,1908-02-18,11,11,10,HAYS,4774_20250930,DIF,1934-01-01,0,THE FIRST NATIONAL BANK OF SPEARVILLE,SPEARVILLE BANCSHARES INC,1371.0,4,1,0,0,OCC,2025-09-30,3391642.0,2,KS,0,0,67876
N,1.0,4778,CHESTER,3454.0,0.0,2024-06-30,1.0,3488.0,0.0,33.0,1917-04-07,11,11,10,OMAHA,4778_20250930,DIF,1934-01-01,0,WESTERN NATIONAL BANK,SUMMERFIELD FINL SERVICES LLC,6604.0,4,12,0,0,OCC,2025-09-30,3822632.0,2,NE,1,0,68327
N,1.0,4779,SYRACUSE,12673.0,0.0,2025-06-20,1.0,12692.0,0.0,18.0,1906-02-10,11,11,10,HAYS,4779_20250930,DIF,1934-01-01,0,"DREAM FIRST BANK, NATIONAL ASSOCIATION",LEGACY FINANCIAL INC,26253.0,4,13,0,0,OCC,2025-09-30,4442699.0,2,KS,0,0,67878
NM,1.0,4789,WICHITA,32330.0,0.0,2022-08-31,0.0,32672.0,3148.0,342.0,1910-05-21,11,11,10,WICHITA,4789_20250930,DIF,1934-01-01,0,EMPRISE BANK,EMPRISE FINANCIAL CORP,68613.0,4,33,0,0,FDIC,2025-09-30,1135824.0,4,KS,1,1,67202
SM,1.0,4791,WAMEGO,6714.0,0.0,2022-08-31,7.0,7305.0,430.0,584.0,1875-01-01,11,11,10,KANSAS CITY,4791_20250930,DIF,1934-01-01,0,BANK OF THE FLINT HILLS,WAMEGO BANCSHARES INC,13605.0,4,8,0,0,FED,2025-09-30,1060524.0,2,KS,1,0,66547
SM,1.0,4792,WASHINGTON,316.0,0.0,2022-08-31,257.0,573.0,0.0,0.0,1883-01-01,11,11,10,HAYS,4792_20250930,DIF,1934-01-01,0,FNB WASHINGTON,WASHINGTON 1ST BANCO INC,2233.0,4,1,0,0,FED,2025-09-30,1055584.0,2,KS,1,1,66968
N,1.0,4794,BURLINGTON,942.0,0.0,2022-08-31,16.0,1253.0,41.0,295.0,1902-01-14,11,11,10,KANSAS CITY,4794_20250930,DIF,1934-01-01,0,FIRST NATIONAL BANK OF KANSAS,MEADER INSURANCE AGENCY INC,1880.0,4,3,0,0,OCC,2025-09-30,1051371.0,2,KS,1,0,66839
NM,1.0,4796,WELLINGTON,1467.0,0.0,2022-08-31,0.0,1489.0,20.0,22.0,1906-10-06,11,11,10,WICHITA,4796_20250930,DIF,1934-01-01,0,BANK OF COMMERCE AND TRUST COMPANY,TRI-COUNTY FINANCIAL CORP,2401.0,4,5,0,0,FDIC,2025-09-30,4419301.0,2,KS,1,0,67152
N,0.0,4799,WICHITA,101067.0,0.0,2022-08-31,1457.0,104285.0,4021.0,1761.0,1876-11-01,11,11,10,WICHITA,4799_20250930,DIF,1934-01-01,0,"INTRUST BANK, NATIONAL ASSOCIATION",INTRUST FINANCIAL CORP,154903.0,4,41,0,0,OCC,2025-09-30,1064278.0,4,KS,0,1,67202
N,1.0,4801,WICHITA,6738.0,0.0,2022-08-31,0.0,7781.0,743.0,1043.0,1915-01-01,11,11,10,WICHITA,4801_20250930,DIF,1934-01-01,0,SOUTHWEST NATIONAL BANK,REPUBLIC FINANCIAL CORP,15642.0,4,8,0,0,OCC,2025-09-30,1131451.0,4,KS,1,1,67202
N,1.0,4832,EASTON,81914.0,0.0,2023-07-01,0.0,83757.0,5548.0,1843.0,1876-06-01,2,2,5,BALTIMORE,4832_20250930,DIF,1934-01-01,0,"SHORE UNITED BANK, NATIONAL ASSOCIATION",SHORE BANCSHARES INC,146114.0,1,38,0,0,OCC,2025-09-30,2429838.0,4,MD,0,0,21601
NM,1.0,4857,OAKLAND,20567.0,0.0,2022-08-31,58.0,23250.0,2026.0,2625.0,1900-01-01,2,2,5,BALTIMORE,4857_20250930,DIF,1934-01-01,0,FIRST UNITED BANK & TRUST,FIRST UNITED CORP,50444.0,1,22,0,0,FDIC,2025-09-30,1132672.0,4,MD,0,1,21550
NM,1.0,485,TYNDALL,4413.0,0.0,2024-06-30,0.0,5799.0,0.0,1386.0,1932-11-01,11,11,9,SIOUX FALLS,485_20250930,DIF,1934-01-01,0,SECURITY BANK MIDWEST,MIDWEST BANCSHARES INC,7535.0,4,6,0,0,FDIC,2025-09-30,4347301.0,2,SD,1,0,57066
NM,1.0,492,TIMBER LAKE,936.0,0.0,2024-06-30,0.0,936.0,18.0,0.0,1919-01-01,11,11,9,SIOUX FALLS,492_20250930,DIF,1934-01-01,0,WESTERN DAKOTA BANK,WESTERN DAKOTA HOLDING CO,1829.0,4,2,0,0,FDIC,2025-09-30,2351359.0,2,SD,1,0,57656
NM,1.0,4931,KNOXVILLE,37273.0,0.0,2022-08-31,0.0,38957.0,169.0,1684.0,1910-01-01,13,13,6,KNOXVILLE,4931_20250930,DIF,1934-01-01,0,MOUNTAIN COMMERCE BANK,MOUNTAIN COMMERCE BCORP INC,29779.0,5,7,0,0,FDIC,2025-09-30,3416965.0,4,TN,0,1,37919
NM,1.0,4945,LA FOLLETTE,2756.0,0.0,2022-08-31,0.0,3176.0,0.0,420.0,1917-01-01,13,13,6,KNOXVILLE,4945_20250930,DIF,1934-01-01,0,PEOPLES BANK OF THE SOUTH,Unknown,8868.0,5,3,0,0,FDIC,2025-09-30,0.0,4,TN,1,0,37766
N,1.0,4952,MCMINNVILLE,15131.0,0.0,2022-08-31,0.0,15390.0,555.0,259.0,1874-10-30,13,13,6,NASHVILLE,4952_20250930,DIF,1934-01-01,0,THE FIRST NATIONAL BANK OF MIDDLE TENNESSEE,FIRST MCMINNVILLE CORP,20063.0,5,11,0,0,OCC,2025-09-30,1086449.0,4,TN,0,1,37110
N,1.0,4958,ONEIDA,4499.0,0.0,2023-05-01,0.0,4499.0,80.0,0.0,1904-01-01,13,13,6,KNOXVILLE,4958_20250930,DIF,1934-01-01,0,THE FIRST NATIONAL BANK OF ONEIDA,Unknown,10616.0,5,4,0,0,OCC,2025-09-30,0.0,4,TN,1,1,37841
NM,1.0,4960,PIKEVILLE,3584.0,0.0,2022-08-31,0.0,3584.0,-13.0,0.0,1913-09-30,13,13,6,KNOXVILLE,4960_20250930,DIF,1934-01-01,0,FIRST FARMERS & COMMERCIAL BANK,FIRST PIKEVILLE BANCSHARES INC,6188.0,5,4,0,0,FDIC,2025-09-30,1082834.0,4,TN,0,0,37367
NM,1.0,496,ELKTON,5331.0,0.0,2024-06-30,0.0,6358.0,300.0,1027.0,1926-03-20,11,11,9,SIOUX FALLS,496_20250930,DIF,1934-01-01,0,BANKSTAR FINANCIAL,ELKTON HOLDING CO,8356.0,4,3,0,0,FDIC,2025-09-30,1943917.0,4,SD,1,0,57026
N,0.0,4972,DYERSBURG,41410.0,0.0,2022-08-31,1362.0,45319.0,600.0,2547.0,1889-01-01,13,13,8,NASHVILLE,4972_20250930,DIF,1934-01-01,0,FIRST CITIZENS NATIONAL BANK,FIRST CITIZENS BANCSHARES INC,48781.0,5,25,0,0,OCC,2025-09-30,1098796.0,4,TN,0,1,38024
SM,0.0,4977,MEMPHIS,1016712.0,0.0,2022-08-31,68483.0,1158415.0,65000.0,73220.0,1864-01-01,13,13,8,NASHVILLE,4977_20250930,DIF,1934-01-01,0,FIRST HORIZON BANK,FIRST HORIZON CORP,1988712.0,5,421,0,0,FED,2025-09-30,1094640.0,4,TN,0,1,38103
SM,0.0,4988,JACKSON,206985.0,0.0,2025-08-04,13437.0,229552.0,11655.0,9130.0,1889-12-19,13,13,6,JACKSON MS,4988_20250930,DIF,1934-01-01,0,TRUSTMARK BANK,TRUSTMARK CORP,479651.0,5,182,0,0,FED,2025-09-30,1079562.0,4,MS,0,1,39201
N,1.0,4993,MERIDIAN,20804.0,0.0,2022-08-31,770.0,21574.0,1455.0,0.0,1888-01-01,13,13,6,JACKSON MS,4993_20250930,DIF,1934-01-01,0,THE CITIZENS NATIONAL BANK OF MERIDIAN,CITIZENS NATIONAL BANC CORP,43092.0,5,29,0,0,OCC,2025-09-30,3186576.0,4,MS,1,1,39301
NM,1.0,49,EVERGREEN,657.0,0.0,2022-08-31,0.0,697.0,20.0,40.0,1932-09-01,5,5,6,MONTGOMERY,49_20250930,DIF,1934-01-01,0,BANK OF EVERGREEN,Unknown,1767.0,5,1,0,0,FDIC,2025-09-30,0.0,4,AL,0,0,36401
SM,1.0,5005,OXFORD,14536.0,0.0,2022-08-31,24.0,15531.0,1500.0,971.0,1910-10-10,13,13,8,JACKSON MS,5005_20250930,DIF,1934-01-01,0,FNB OXFORD BANK,FIRST NATIONAL HOLDING CO,18086.0,5,6,0,0,FED,2025-09-30,1097070.0,4,MS,0,1,38655
SM,1.0,5006,PONTOTOC,8375.0,0.0,2022-08-31,6.0,8381.0,493.0,0.0,1900-01-01,13,13,8,JACKSON MS,5006_20250930,DIF,1934-01-01,0,FIRST CHOICE BANK,PONTOTOC BANCSHARES CORP,12955.0,5,5,0,0,FED,2025-09-30,2524911.0,4,MS,0,0,38863
NM,1.0,5015,COLDWATER,3047.0,0.0,2022-10-09,0.0,3178.0,0.0,131.0,1909-01-01,9,9,7,DETROIT,5015_20250930,DIF,1934-01-01,0,CENTURY BANK AND TRUST,CENTURY FINANCIAL CORP,15116.0,3,11,0,0,FDIC,2025-09-30,1491856.0,4,MI,0,1,49036
N,1.0,5018,CHEBOYGAN,1848.0,0.0,2022-08-31,313.0,2214.0,51.0,53.0,1931-01-24,9,9,7,DETROIT,5018_20250930,DIF,1934-01-01,0,CITIZENS NATIONAL BANK OF CHEBOYGAN,CNB CORP,12041.0,3,10,0,0,OCC,2025-09-30,1135422.0,4,MI,0,1,49721
NM,1.0,5019,COLDWATER,22586.0,0.0,2022-10-09,14.0,25451.0,1864.0,2851.0,1872-01-16,9,9,7,DETROIT,5019_20250930,DIF,1934-01-01,0,SOUTHERN MICHIGAN BANK & TRUST,SOUTHERN MICHIGAN BCORP INC,36258.0,3,21,0,0,FDIC,2025-09-30,1207824.0,4,MI,0,1,49036
NM,1.0,501,PLANKINTON,1882.0,0.0,2024-06-30,41.0,2498.0,100.0,575.0,1910-04-06,11,11,9,SIOUX FALLS,501_20250930,DIF,1934-01-01,0,FARMERS AND MERCHANTS STATE BANK,PAGE HOLDING CO,5743.0,4,2,0,0,FDIC,2025-09-30,1363748.0,2,SD,1,0,57368
NM,1.0,5033,MASON,15660.0,0.0,2022-08-31,500.0,17135.0,0.0,975.0,1925-05-01,9,9,7,DETROIT,5033_20250930,DIF,1934-01-01,0,THE DART BANK,DART FINANCIAL CORP,39089.0,3,4,0,0,FDIC,2025-09-30,3726196.0,4,MI,0,0,48854
N,1.0,5058,HANCOCK,10156.0,0.0,2022-08-31,0.0,11534.0,159.0,1378.0,1890-03-06,9,9,9,APPLETON,5058_20250930,DIF,1934-01-01,0,SUPERIOR NATIONAL BANK,KEWEENAW FINANCIAL CORP,25855.0,3,10,0,0,OCC,2025-09-30,1495854.0,4,MI,0,1,49930
NM,1.0,505,EUREKA,1924.0,0.0,2024-06-30,67.0,1991.0,150.0,0.0,1920-10-23,11,11,9,SIOUX FALLS,505_20250930,DIF,1934-01-01,0,GREAT PLAINS BANK,GREAT PLAINS BANK CORP,5703.0,4,3,0,0,FDIC,2025-09-30,1125898.0,2,SD,1,0,57437
N,1.0,5062,IRON MOUNTAIN,2251.0,0.0,2022-08-31,8.0,2927.0,450.0,668.0,1887-01-01,9,9,9,APPLETON,5062_20250930,DIF,1934-01-01,0,FIRST NATIONAL BANK & TRUST CO.,FNB BANCSHARES INC,9545.0,3,7,0,0,OCC,2025-09-30,1416671.0,4,MI,0,1,49801
NM,1.0,5072,MARQUETTE,6472.0,0.0,2022-08-31,0.0,6591.0,58.0,119.0,1887-06-04,9,9,9,APPLETON,5072_20250930,DIF,1934-01-01,0,RANGE BANK,RANGE FINANCIAL CORP,14683.0,3,9,0,0,FDIC,2025-09-30,1139868.0,4,MI,0,1,49855
N,1.0,5074,ST. IGNACE,2616.0,0.0,2022-10-09,0.0,2616.0,15.0,0.0,1888-05-17,9,9,9,DETROIT,5074_20250930,DIF,1934-01-01,0,THE FIRST NATIONAL BANK OF ST. IGNACE,MACKINAC NATIONAL BCORP INC,4802.0,3,7,0,0,OCC,2025-09-30,5140929.0,7,MI,0,0,49781
N,1.0,5076,WAKEFIELD,192.0,0.0,2022-08-31,0.0,192.0,0.0,0.0,1910-01-01,9,9,9,APPLETON,5076_20250930,DIF,1934-01-01,0,THE FIRST NATIONAL BANK OF WAKEFIELD,WAKEFIELD BCORP INC,1524.0,3,2,0,0,OCC,2025-09-30,1128321.0,7,MI,0,0,49968
N,1.0,5087,BAGLEY,1477.0,0.0,2024-06-30,1.0,1478.0,60.0,0.0,1903-06-02,11,11,9,FARGO,5087_20250930,DIF,1934-01-01,0,THE FIRST NATIONAL BANK OF BAGLEY,FIRST NATL AGENCY BAGLEY INC,3041.0,3,2,0,0,OCC,2025-09-30,1122413.0,8,MN,1,0,56621
N,1.0,5093,BEMIDJI,14612.0,0.0,2024-06-30,1361.0,16429.0,110.0,456.0,1897-11-27,11,11,9,FARGO,5093_20250930,DIF,1934-01-01,0,THE FIRST NATIONAL BANK OF BEMIDJI,FIRST NB OF BEMIDJI ESOP&TRUST,16639.0,3,3,0,0,OCC,2025-09-30,1248546.0,4,MN,1,0,56601
NM,1.0,5095,MAPLE LAKE,5079.0,0.0,2024-06-14,0.0,5509.0,3350.0,430.0,1904-08-15,11,11,9,MINNEAPOLIS,5095_20250930,DIF,1934-01-01,0,STAR BANK,MIDWEST BCORP INC,15030.0,3,11,0,0,FDIC,2025-09-30,1827718.0,2,MN,1,0,55358
SM,1.0,5097,BLUE EARTH,4837.0,0.0,2023-09-20,47.0,5476.0,0.0,592.0,1869-01-01,11,11,9,MANKATO,5097_20250930,DIF,1934-01-01,0,FIRST BANK BLUE EARTH,FNB BANCSHARES INC,5579.0,3,1,0,0,FED,2025-09-30,1143548.0,2,MN,1,0,56013
NM,1.0,50,RED BAY,2564.0,0.0,2022-08-31,0.0,2593.0,127.0,29.0,1908-03-17,5,5,6,SHELBY,50_20250930,DIF,1934-01-01,0,COMMUNITY SPIRIT BANK,INDEPENDENT BANCSHARES EMPLOYEE STK OWNERSHIP PLAN,6851.0,5,6,0,0,FDIC,2025-09-30,3587294.0,4,AL,1,0,35582
N,1.0,5105,VIRGINIA,781.0,0.0,2022-11-01,0.0,781.0,13.0,0.0,1902-02-01,11,11,9,MINNEAPOLIS,5105_20250930,DIF,1934-01-01,0,B2 BANK NATIONAL ASSOCIATION,B2 BCORP INC,2566.0,3,2,0,0,OCC,2025-09-30,5680658.0,8,MN,0,0,55792
NM,1.0,5107,CANBY,395.0,0.0,2024-06-30,0.0,395.0,0.0,0.0,1890-06-10,11,11,9,SIOUX FALLS,5107_20250930,DIF,1934-01-01,0,FIRST SECURITY BANK - CANBY,FIRST SLEEPY EYE BCORP INC,2218.0,3,2,0,0,FDIC,2025-09-30,1123401.0,2,MN,1,0,56220
N,1.0,5110,CASS LAKE,135.0,0.0,2024-06-30,4.0,139.0,75.0,0.0,1902-07-01,11,11,9,FARGO,5110_20250930,DIF,1934-01-01,0,WESTERN NATIONAL BANK,WESTERN BCORP INC,1049.0,3,1,0,0,OCC,2025-09-30,3271267.0,7,MN,1,0,56633
N,1.0,5113,CHISHOLM,468.0,0.0,2022-08-31,0.0,470.0,377.0,2.0,1905-04-02,11,11,9,MINNEAPOLIS,5113_20250930,DIF,1934-01-01,0,FIRST NATIONAL BANK,M I F LTD,2156.0,3,3,0,0,OCC,2025-09-30,2695688.0,7,MN,1,0,55719
N,1.0,5115,COKATO,1825.0,0.0,2022-08-31,1.0,1826.0,375.0,0.0,1916-11-02,11,11,9,MINNEAPOLIS,5115_20250930,DIF,1934-01-01,0,THE FIRST NATIONAL BANK OF COKATO,KNOFF BANCSHARES INC,3531.0,3,1,0,0,OCC,2025-09-30,1125320.0,4,MN,1,0,55321
NM,1.0,5116,COLD SPRING,4986.0,0.0,2022-07-22,28.0,5847.0,180.0,833.0,1902-01-01,11,11,9,MINNEAPOLIS,5116_20250930,DIF,1934-01-01,0,GRANITE BANK,FIRST BANCSHARES COLD SPRING,9780.0,3,2,0,0,FDIC,2025-09-30,1247969.0,4,MN,0,0,56320
N,1.0,5117,COLERAINE,1097.0,0.0,2024-06-30,0.0,1097.0,0.0,0.0,1906-01-01,11,11,9,FARGO,5117_20250930,DIF,1934-01-01,0,THE FIRST NATIONAL BANK OF COLERAINE,JAN-MAR CORP,1784.0,3,2,0,0,OCC,2025-09-30,1122217.0,7,MN,0,0,55722
NM,1.0,5123,WAITE PARK,11796.0,0.0,2024-09-20,0.0,11852.0,1800.0,56.0,1910-03-21,11,11,9,MINNEAPOLIS,5123_20250930,DIF,1934-01-01,0,DEERWOOD BANK,DEERWOOD BANCSHARES INC,38785.0,3,14,0,0,FDIC,2025-09-30,2499082.0,4,MN,1,0,56387
N,1.0,5131,DULUTH,1099.0,0.0,2022-08-31,19.0,1118.0,20.0,0.0,1904-01-04,11,11,9,MINNEAPOLIS,5131_20250930,DIF,1934-01-01,0,WESTERN NATIONAL BANK,WESTERN BCORP INC,3556.0,3,3,0,0,OCC,2025-09-30,3271267.0,4,MN,1,0,55807
NM,1.0,5136,ELK RIVER,2937.0,0.0,2022-08-31,41.0,4162.0,4.0,1184.0,1907-01-01,11,11,9,MINNEAPOLIS,5136_20250930,DIF,1934-01-01,0,FIRST BANK ELK RIVER,FIRST NATL FINL SERVICES INC,7916.0,3,4,0,0,FDIC,2025-09-30,1125357.0,4,MN,0,0,55330
N,1.0,5141,EVELETH,892.0,0.0,2022-08-31,0.0,970.0,15.0,78.0,1903-10-10,11,11,9,MINNEAPOLIS,5141_20250930,DIF,1934-01-01,0,THE MINERS NATIONAL BANK OF EVELETH,Unknown,2719.0,3,1,0,0,OCC,2025-09-30,0.0,5,MN,0,0,55734
N,1.0,5142,FAIRFAX,133.0,0.0,2022-08-31,0.0,133.0,0.0,0.0,1910-01-01,11,11,9,MANKATO,5142_20250930,DIF,1934-01-01,0,THE FIRST NATIONAL BANK OF FAIRFAX,FORT RIDGELY NATL BCORP INC,1177.0,3,1,0,0,OCC,2025-09-30,2131373.0,2,MN,1,0,55332
N,0.0,5146,HOUSTON,64461.0,0.0,2022-08-31,0.0,64461.0,-1503.0,0.0,1894-06-18,13,16,11,HOUSTON,5146_20250930,DIF,1934-01-01,0,"WELLS FARGO BANK SOUTH CENTRAL, NATIONAL ASSOCIATION",WELLS FARGO&COMPANY,57909.0,5,1,0,0,OCC,2025-09-30,1120754.0,5,TX,0,0,77007
N,1.0,5150,GILBERT,938.0,0.0,2022-08-31,0.0,1076.0,20.0,138.0,1908-10-26,11,11,9,MINNEAPOLIS,5150_20250930,DIF,1934-01-01,0,THE FIRST NATIONAL BANK OF GILBERT,BROADWAY BANCSHARES INC,2004.0,3,2,0,0,OCC,2025-09-30,5752863.0,5,MN,0,0,55741
N,1.0,5162,OTTERTAIL,6085.0,0.0,2024-06-30,1.0,6325.0,560.0,239.0,1903-08-01,11,11,9,FARGO,5162_20250930,DIF,1934-01-01,0,THE FIRST NATIONAL BANK OF HENNING,HENNING BANCSHARES INC,10382.0,3,5,0,0,OCC,2025-09-30,1125290.0,4,MN,1,0,56571
SM,1.0,5170,SPIRIT LAKE,21850.0,0.0,2025-01-16,180.0,23492.0,2425.0,1462.0,1887-01-01,11,11,7,SIOUX CITY,5170_20250930,DIF,1934-01-01,0,BANK MIDWEST,GOODENOW BCORP,33827.0,4,11,0,0,FED,2025-09-30,1203714.0,4,IA,0,1,51360
NM,1.0,5175,KIESTER,1524.0,0.0,2022-08-31,2.0,1527.0,111.0,1.0,1889-01-01,11,11,9,MANKATO,5175_20250930,DIF,1934-01-01,0,GLOBAL INNOVATIONS BANK,GLOBAL INNOVATIONS HOLDINGS,1521.0,3,1,0,0,FDIC,2025-09-30,5610936.0,2,MN,0,0,56051
N,1.0,5180,LONSDALE,2518.0,0.0,2024-06-30,131.0,2687.0,0.0,38.0,1903-01-01,11,11,9,MANKATO,5180_20250930,DIF,1934-01-01,0,THE FIRST NATIONAL BANK OF LE CENTER,TRAXSHARES INC,3919.0,3,2,0,0,OCC,2025-09-30,1126934.0,2,MN,1,0,55046
N,1.0,5186,LUVERNE,2444.0,0.0,2024-06-30,100.0,2603.0,0.0,59.0,1931-01-01,11,11,9,SIOUX FALLS,5186_20250930,DIF,1934-01-01,0,FIRST FARMERS & MERCHANTS NATIONAL BANK,215 HOLDING CO,6506.0,3,2,0,0,OCC,2025-09-30,1247576.0,2,MN,0,0,56156
SM,1.0,5193,MAPLETON,13904.0,0.0,2022-08-31,52.0,14535.0,1000.0,579.0,1903-01-01,11,11,9,MANKATO,5193_20250930,DIF,1934-01-01,0,PIONEER BANK,CITIZENS BANK GROUP INC,23613.0,3,6,0,0,FED,2025-09-30,1964668.0,2,MN,1,0,56065
N,1.0,5196,MCINTOSH,512.0,0.0,2024-06-30,0.0,512.0,45.0,0.0,1889-08-22,11,11,9,FARGO,5196_20250930,DIF,1934-01-01,0,THE FIRST NATIONAL BANK OF MCINTOSH,Unknown,977.0,3,1,0,0,OCC,2025-09-30,0.0,2,MN,1,0,56556
NM,1.0,5197,MENAHGA,1394.0,0.0,2024-06-30,40.0,1434.0,0.0,0.0,1898-09-01,11,11,9,FARGO,5197_20250930,DIF,1934-01-01,0,COMMUNITY FIRST BANK,MENAHGA BANCSHARES INC,3153.0,3,2,0,0,FDIC,2025-09-30,1123951.0,4,MN,1,0,56464
N,1.0,5198,MILACA,2294.0,0.0,2022-08-31,10.0,2335.0,0.0,31.0,1897-08-24,11,11,9,MINNEAPOLIS,5198_20250930,DIF,1934-01-01,0,THE FIRST NATIONAL BANK OF MILACA,RUM RIVER BCORP INC,8294.0,3,4,0,0,OCC,2025-09-30,3342411.0,4,MN,1,1,56353
NM,1.0,51,VERNON,6279.0,0.0,2022-08-31,0.0,6279.0,1018.0,0.0,1911-11-11,5,5,6,SHELBY,51_20250930,DIF,1934-01-01,0,THE BANK OF VERNON,FIRST VERNON BANCSHARES INC,12792.0,5,5,0,0,FDIC,2025-09-30,1139998.0,4,AL,0,0,35592
N,1.0,5214,MOOSE LAKE,1609.0,0.0,2022-08-31,0.0,1766.0,33.0,157.0,1926-06-21,11,11,9,MINNEAPOLIS,5214_20250930,DIF,1934-01-01,0,THE FIRST NATIONAL BANK OF MOOSE LAKE,FIRST NB MOOSE LAKE PROFIT SHARING&ESOP,4177.0,3,2,0,0,OCC,2025-09-30,2992396.0,4,MN,1,0,55767
SM,1.0,5219,NORTHFIELD,5208.0,0.0,2025-04-01,1.0,6109.0,510.0,900.0,1878-09-18,11,11,9,MINNEAPOLIS,5219_20250930,DIF,1934-01-01,0,COMMUNITY RESOURCE BANK,MIDCOUNTRY ACQUISITION CORP,14282.0,3,5,0,0,FED,2025-09-30,5281989.0,4,MN,0,0,55057
N,1.0,5221,OSAKIS,1120.0,0.0,2024-06-30,1.0,1377.0,1.0,256.0,1903-06-08,11,11,9,FARGO,5221_20250930,DIF,1934-01-01,0,THE FIRST NATIONAL BANK OF OSAKIS,FINANCIAL SERVICES LOWRY INC,2384.0,3,1,0,0,OCC,2025-09-30,1127016.0,4,MN,1,0,56360
N,1.0,5223,PARK RAPIDS,4976.0,0.0,2024-06-30,0.0,5005.0,225.0,29.0,1933-01-01,11,11,9,FARGO,5223_20250930,DIF,1934-01-01,0,THE CITIZENS NATIONAL BANK OF PARK RAPIDS,PARK RAPIDS BANCSHARES INC,10799.0,3,1,0,0,OCC,2025-09-30,1124613.0,4,MN,1,0,56470
NM,1.0,5229,PLAINVIEW,7543.0,0.0,2024-06-30,1.0,8472.0,635.0,928.0,1902-06-07,11,11,9,MINNEAPOLIS,5229_20250930,DIF,1934-01-01,0,FORESIGHT BANK,PLAINVIEW BANKSHARES INC,9487.0,3,3,0,0,FDIC,2025-09-30,1485800.0,8,MN,1,0,55964
N,1.0,5232,PROCTOR,207.0,0.0,2022-08-31,0.0,207.0,0.0,0.0,1902-01-01,11,11,9,MINNEAPOLIS,5232_20250930,DIF,1934-01-01,0,THE FIRST NATIONAL BANK OF PROCTOR,Unknown,875.0,3,1,0,0,OCC,2025-09-30,0.0,5,MN,0,0,55810
N,1.0,5247,SAINT PETER,3625.0,0.0,2022-08-31,6.0,4565.0,2925.0,934.0,1857-01-01,11,11,9,MANKATO,5247_20250930,DIF,1934-01-01,0,FIRST NATIONAL BANK MINNESOTA,BANCOMMUNITY SERVICE CORP,11770.0,3,4,0,0,OCC,2025-09-30,1128460.0,4,MN,1,0,56082
N,1.0,5249,SAUK CENTRE,3225.0,0.0,2022-08-31,36.0,4316.0,20.0,1055.0,1902-09-11,11,11,9,MINNEAPOLIS,5249_20250930,DIF,1934-01-01,0,MINNESOTA NATIONAL BANK,SAUK CTR FINL SERVICES INC,8243.0,3,3,0,0,OCC,2025-09-30,1246243.0,4,MN,1,0,56378
NM,1.0,5252,SLEEPY EYE,800.0,0.0,2024-01-26,0.0,800.0,0.0,0.0,1882-01-01,11,11,9,MANKATO,5252_20250930,DIF,1934-01-01,0,FIRST SECURITY BANK - SLEEPY EYE,FIRST SLEEPY EYE BCORP INC,4906.0,3,5,0,0,FDIC,2025-09-30,1123401.0,2,MN,1,0,56085
N,1.0,5269,WALKER,10286.0,0.0,2024-06-30,0.0,10286.0,550.0,0.0,1902-12-01,11,11,9,FARGO,5269_20250930,DIF,1934-01-01,0,FIRST NATIONAL BANK NORTH,WALKER BAN CO,26199.0,3,10,0,0,OCC,2025-09-30,1126318.0,4,MN,1,0,56484
SM,1.0,526,PINE BLUFFS,151.0,0.0,2022-08-31,0.0,151.0,0.0,0.0,1915-04-30,14,14,10,BILLINGS,526_20250930,DIF,1934-01-01,0,FARMERS STATE BANK,COMMERCIAL BCORP,1128.0,4,1,0,0,FED,2025-09-30,3108439.0,8,WY,0,0,82082
N,1.0,5270,WASECA,1983.0,0.0,2022-09-24,0.0,2000.0,50.0,17.0,1902-12-18,11,11,9,MANKATO,5270_20250930,DIF,1934-01-01,0,"KEEN BANK, NATIONAL ASSOCIATION",FRANKSON INVESTMENT CORP,6385.0,3,3,0,0,OCC,2025-09-30,1122534.0,4,MN,1,0,56093
NM,1.0,5278,WINNEBAGO,642.0,0.0,2022-08-31,5.0,778.0,0.0,131.0,1913-01-01,11,11,9,MANKATO,5278_20250930,DIF,1934-01-01,0,FIRST FINANCIAL BANK IN WINNEBAGO,KRAUSE FINANCIAL INC,1563.0,3,1,0,0,FDIC,2025-09-30,1843576.0,2,MN,1,0,56098
N,1.0,5280,WINONA,5340.0,0.0,2024-06-30,0.0,5802.0,215.0,462.0,1874-01-01,11,11,9,MINNEAPOLIS,5280_20250930,DIF,1934-01-01,0,"WNB FINANCIAL, N.A.",WNB HOLDING CO,12523.0,3,7,0,0,OCC,2025-09-30,1133660.0,4,MN,0,1,55987
NM,1.0,5283,BEAVER DAM,1756.0,0.0,2022-08-31,0.0,1756.0,251.0,0.0,1891-06-30,9,9,7,MILWAUKEE,5283_20250930,DIF,1934-01-01,0,AMERICAN BANK OF BEAVER DAM,AMERICAN NB BEAVER DAM EMPLOYEE STK OWNERSHIP TR,5762.0,3,4,0,0,FDIC,2025-09-30,3009938.0,4,WI,0,0,53916
N,1.0,5285,BELOIT,15179.0,0.0,2022-08-31,77.0,18335.0,126.0,3079.0,1882-07-01,9,9,7,MADISON,5285_20250930,DIF,1934-01-01,0,THE FIRST NATIONAL BANK AND TRUST COMPANY,CENTRE 1 BCORP INC,30687.0,3,18,0,0,OCC,2025-09-30,1209042.0,4,WI,0,1,53511
NM,1.0,5286,BERLIN,8181.0,0.0,2022-08-31,0.0,9993.0,1050.0,1812.0,1876-01-01,9,9,7,MADISON,5286_20250930,DIF,1934-01-01,0,FORTIFI BANK,FIRST BERLIN BCORP INC,21314.0,3,10,0,0,FDIC,2025-09-30,1889538.0,4,WI,0,1,54923
NM,1.0,5295,FORT ATKINSON,4385.0,0.0,2022-08-31,1602.0,6248.0,55.0,261.0,1863-10-27,9,9,7,MILWAUKEE,5295_20250930,DIF,1934-01-01,0,PREMIERBANK,FIRST AMERICAN BANKSHARES INC,13111.0,3,9,0,0,FDIC,2025-09-30,1141629.0,4,WI,0,1,53538
N,0.0,5296,GREEN BAY,609181.0,0.0,2022-08-31,7733.0,738294.0,46999.0,121380.0,1874-01-01,9,9,7,APPLETON,5296_20250930,DIF,1934-01-01,0,"ASSOCIATED BANK, NATIONAL ASSOCIATION",ASSOCIATED BANC-CORP,889182.0,3,187,0,0,OCC,2025-09-30,1199563.0,4,WI,0,1,54301
NM,1.0,5297,HARTFORD,4960.0,0.0,2022-08-31,0.0,5378.0,72.0,418.0,1907-01-01,9,9,7,MILWAUKEE,5297_20250930,DIF,1934-01-01,0,FORTE BANK,FNB HARTFORD BCORP INC,9730.0,3,4,0,0,FDIC,2025-09-30,1209275.0,4,WI,0,0,53027
NM,1.0,529,LANDER,700.0,0.0,2022-08-31,14.0,748.0,1.0,34.0,1890-01-31,14,11,10,BILLINGS,529_20250930,DIF,1934-01-01,0,CENTRAL BANK AND TRUST,CENTRAL TRUST CO,6057.0,4,5,0,0,FDIC,2025-09-30,1020920.0,4,WY,1,1,82520
NM,1.0,52,WINFIELD,5211.0,0.0,2022-08-31,0.0,5904.0,183.0,693.0,1920-05-22,5,5,6,SHELBY,52_20250930,DIF,1934-01-01,0,THE CITIZENS BANK OF WINFIELD,CITIZENS BCORP OF WINFIELD INC,4348.0,5,1,0,0,FDIC,2025-09-30,1833616.0,7,AL,0,0,35594
N,1.0,5304,MANITOWOC,48823.0,0.0,2023-02-10,0.0,53080.0,1250.0,4257.0,1894-01-01,9,9,7,APPLETON,5304_20250930,DIF,1934-01-01,0,"BANK FIRST, N.A.",BANK FIRST CORP,111992.0,3,27,0,0,OCC,2025-09-30,1208009.0,4,WI,0,0,54220
N,1.0,5306,MARINETTE,8477.0,0.0,2022-08-31,430.0,9559.0,419.0,652.0,1874-10-30,9,9,7,APPLETON,5306_20250930,DIF,1934-01-01,0,THE STEPHENSON NATIONAL BANK AND TRUST,STEPHENSON NATIONAL BCORP INC,17488.0,3,7,0,0,OCC,2025-09-30,1245509.0,4,WI,1,1,54143
N,1.0,5317,PESHTIGO,2832.0,0.0,2022-08-31,0.0,3377.0,90.0,545.0,1901-02-04,9,9,7,APPLETON,5317_20250930,DIF,1934-01-01,0,THE PESHTIGO NATIONAL BANK,PESHTIGO NATIONAL BCORP INC,6354.0,3,6,0,0,OCC,2025-09-30,1210310.0,2,WI,1,0,54157
SM,1.0,5335,WISCONSIN RAPIDS,5071.0,0.0,2022-08-31,93.0,5164.0,450.0,0.0,1891-08-11,9,9,7,APPLETON,5335_20250930,DIF,1934-01-01,0,WOODTRUST BANK,WOODTRUST FINANCIAL CORP,18389.0,3,7,0,0,FED,2025-09-30,1020582.0,4,WI,1,1,54494
SM,1.0,5336,BALDWIN,1766.0,0.0,2023-12-14,0.0,2757.0,15.0,991.0,1883-09-23,9,9,9,EAU CLAIRE,5336_20250930,DIF,1934-01-01,0,PILLAR BANK,BALDWIN BANCSHARES INC,6825.0,3,7,0,0,FED,2025-09-30,1128639.0,2,WI,0,0,54002
N,1.0,5337,BANGOR,3298.0,0.0,2022-08-31,45.0,4320.0,0.0,977.0,1903-07-01,9,9,9,MADISON,5337_20250930,DIF,1934-01-01,0,THE FIRST NATIONAL BANK OF BANGOR,BOSSHARD FINANCIAL GROUP INC,12886.0,3,5,0,0,OCC,2025-09-30,1205473.0,4,WI,0,0,54614
N,1.0,5357,NEW RICHMOND,3753.0,0.0,2022-08-31,0.0,4061.0,200.0,308.0,1919-01-01,9,9,9,EAU CLAIRE,5357_20250930,DIF,1934-01-01,0,FIRST NATIONAL COMMUNITY BANK,ONE CORP,7768.0,3,5,0,0,OCC,2025-09-30,1124118.0,4,WI,1,0,54017
N,1.0,5364,RIVER FALLS,2593.0,0.0,2022-08-31,172.0,3200.0,0.0,435.0,1904-01-04,9,9,9,EAU CLAIRE,5364_20250930,DIF,1934-01-01,0,THE FIRST NATIONAL BANK OF RIVER FALLS,FIRST NATL BCORP RIVER FALLS,6934.0,3,3,0,0,OCC,2025-09-30,2577159.0,4,WI,1,0,54022
SM,1.0,5369,AINSWORTH,1216.0,0.0,2025-01-23,15.0,1283.0,0.0,52.0,1913-10-01,11,11,10,GRAND ISLAND,5369_20250930,DIF,1934-01-01,0,WEST PLAINS BANK,COMMERCIAL INVESTMENT CO INC,3422.0,4,2,0,0,FED,2025-09-30,1051429.0,2,NE,0,0,69210
SM,1.0,5377,ASHLAND,1766.0,0.0,2024-06-30,33.0,2051.0,50.0,252.0,1883-11-15,11,11,10,OMAHA,5377_20250930,DIF,1934-01-01,0,FARMERS AND MERCHANTS BANK OF ASHLAND,FARMERS&MERCHANTS FINL CORP,3641.0,4,4,0,0,FED,2025-09-30,3446748.0,4,NE,0,0,68003
SM,1.0,5380,BANCROFT,296.0,0.0,2024-06-30,0.0,296.0,0.0,0.0,1884-01-01,11,11,10,OMAHA,5380_20250930,DIF,1934-01-01,0,FIRST BANK OF BANCROFT,Unknown,609.0,4,1,0,0,FED,2025-09-30,0.0,2,NE,0,0,68004
SM,1.0,5384,BEEMER,5477.0,0.0,2024-06-30,0.0,5916.0,90.0,439.0,1903-04-07,11,11,10,OMAHA,5384_20250930,DIF,1934-01-01,0,FIRST COMMUNITY BANK,FIRST BEEMER CORP,6551.0,4,4,0,0,FED,2025-09-30,1059733.0,2,NE,0,0,68716
NM,1.0,5394,COZAD,3286.0,0.0,2024-06-30,0.0,4384.0,0.0,1098.0,1883-01-01,11,11,10,GRAND ISLAND,5394_20250930,DIF,1934-01-01,0,WAYPOINT BANK,MIDWEST BANCO CORP,9888.0,4,7,0,0,FDIC,2025-09-30,1053320.0,2,NE,1,1,69130
NM,1.0,5396,LINCOLN,5631.0,0.0,2024-06-30,0.0,5705.0,900.0,74.0,1910-04-18,11,11,10,OMAHA,5396_20250930,DIF,1934-01-01,0,CITY BANK & TRUST CO.,TCM CO,8191.0,4,5,0,0,FDIC,2025-09-30,1141553.0,4,NE,1,1,68516
NM,0.0,5401,FALLS CITY,1226.0,0.0,2024-06-30,0.0,1226.0,75.0,0.0,1882-01-01,11,11,10,OMAHA,5401_20250930,DIF,1934-01-01,0,F&M BANK,R DEAN PHILLIPS BK TR DATED 11-19-2004,3285.0,4,2,0,0,FDIC,2025-09-30,5558681.0,2,NE,1,1,68355
SM,1.0,5405,FULLERTON,1262.0,0.0,2024-06-30,0.0,1536.0,0.0,274.0,1881-10-01,11,11,10,GRAND ISLAND,5405_20250930,DIF,1934-01-01,0,FIRST BANK AND TRUST OF FULLERTON,FIRST NATIONAL HOLDING CO INC,2378.0,4,2,0,0,FED,2025-09-30,1247811.0,2,NE,0,1,68638
NM,1.0,5408,GENOA,929.0,0.0,2024-06-30,1.0,1113.0,18.0,183.0,1903-01-01,11,11,10,GRAND ISLAND,5408_20250930,DIF,1934-01-01,0,GENOA COMMUNITY BANK,Unknown,2000.0,4,1,0,0,FDIC,2025-09-30,0.0,2,NE,1,1,68640
N,1.0,5410,GORDON,2445.0,0.0,2024-06-30,5.0,2472.0,250.0,22.0,1889-01-01,11,11,10,GRAND ISLAND,5410_20250930,DIF,1934-01-01,0,THE FIRST NATIONAL BANK OF GORDON,ISHAM MANAGEMENT CO,12041.0,4,1,0,0,OCC,2025-09-30,1050794.0,2,NE,1,1,69343
NM,1.0,5415,LINCOLN,33248.0,0.0,2024-06-30,0.0,35956.0,3710.0,2708.0,1924-07-01,11,11,10,OMAHA,5415_20250930,DIF,1934-01-01,0,SECURITY FIRST BANK,STOCKMENS FINANCIAL CORP,45967.0,4,26,0,0,FDIC,2025-09-30,2360454.0,4,NE,0,1,68516
N,1.0,5422,JOHNSON,577.0,0.0,2024-06-30,0.0,584.0,0.0,7.0,1906-05-06,11,11,10,OMAHA,5422_20250930,DIF,1934-01-01,0,THE FIRST NATIONAL BANK OF JOHNSON,FIRST NATL JOHNSON BANCSHARES,1242.0,4,2,0,0,OCC,2025-09-30,1945340.0,2,NE,0,0,68378
SM,1.0,5424,LAUREL,4454.0,0.0,2024-06-30,1.0,4462.0,225.0,7.0,1928-03-06,11,11,10,SIOUX CITY,5424_20250930,DIF,1934-01-01,0,SECURITY BANK,EMPLOYEE STK OWNERSHIP PLAN ACCOUNTS TR SECURITY BK KSOP&TR,8737.0,4,5,0,0,FED,2025-09-30,5650389.0,2,NE,1,0,68745
NM,1.0,5425,LEWELLEN,2352.0,0.0,2024-06-30,0.0,2352.0,738.0,0.0,1905-10-05,11,11,10,GRAND ISLAND,5425_20250930,DIF,1934-01-01,0,LEGENDS WEST BANK,1905 NEKOTA BANKCORP INC,2909.0,4,2,0,0,FDIC,2025-09-30,5841440.0,4,NE,0,0,69147
SM,1.0,5432,LYONS,6897.0,0.0,2024-06-30,1111.0,8291.0,0.0,283.0,1902-04-01,11,11,10,OMAHA,5432_20250930,DIF,1934-01-01,0,FIRST NORTHEAST BANK OF NEBRASKA,FARM&HOME INSURANCE AGENCY INC,10710.0,4,8,0,0,FED,2025-09-30,1053357.0,2,NE,0,1,68038
SM,1.0,5434,MCCOOK,7318.0,0.0,2024-06-30,0.0,8748.0,590.0,1430.0,1907-10-01,11,11,10,GRAND ISLAND,5434_20250930,DIF,1934-01-01,0,MNB BANK,MNB FINANCIAL SERVICES INC,12694.0,4,7,0,0,FED,2025-09-30,5340587.0,2,NE,0,1,69001
SM,1.0,5438,MINDEN,855.0,0.0,2024-06-30,292.0,1273.0,0.0,126.0,1883-09-04,11,11,10,GRAND ISLAND,5438_20250930,DIF,1934-01-01,0,FIRST BANK AND TRUST COMPANY,FIRST OF MINDEN FINANCIAL CORP,2221.0,4,1,0,0,FED,2025-09-30,2850432.0,2,NE,1,1,68959
NM,1.0,5439,MINDEN,1569.0,0.0,2024-06-30,58.0,1676.0,0.0,49.0,1883-09-01,11,11,10,GRAND ISLAND,5439_20250930,DIF,1934-01-01,0,MINDEN EXCHANGE BANK & TRUST COMPANY,ARMSTRONG FINANCIAL CO,5444.0,4,1,0,0,FDIC,2025-09-30,2540283.0,2,NE,0,1,68959
SM,1.0,5442,TORRINGTON,10562.0,0.0,2022-08-31,0.0,11415.0,4382.0,853.0,1925-01-01,14,11,10,BILLINGS,5442_20250930,DIF,1934-01-01,0,PLATTE VALLEY BANK,PLATTE VALLEY FINL SERVICE COMPANIES,27535.0,4,6,0,0,FED,2025-09-30,2511014.0,4,WY,0,0,82240
N,0.0,5452,OMAHA,404831.0,0.0,2024-12-16,249.0,476816.0,430425.0,71736.0,1857-01-01,11,11,10,OMAHA,5452_20250930,DIF,1934-01-01,0,FIRST NATIONAL BANK OF OMAHA,LAURITZEN CORP,1456960.0,4,120,0,0,OCC,2025-09-30,1066209.0,9,NE,0,1,68102
N,1.0,5460,ORD,1485.0,0.0,2024-06-30,0.0,1485.0,27.0,0.0,1882-01-01,11,11,10,GRAND ISLAND,5460_20250930,DIF,1934-01-01,0,FIRST NATIONAL BANK IN ORD,BBJ INC,4628.0,4,3,0,0,OCC,2025-09-30,1052846.0,2,NE,1,1,68862
NM,1.0,5469,SAINT PAUL,3194.0,0.0,2024-06-30,26.0,4000.0,0.0,780.0,1888-01-01,11,11,10,GRAND ISLAND,5469_20250930,DIF,1934-01-01,0,CITIZENS BANK & TRUST COMPANY,HOWARD COUNTY LAND&CATTLE CO,5342.0,4,3,0,0,FDIC,2025-09-30,1051401.0,2,NE,0,1,68873
NM,1.0,5472,SEWARD,5767.0,0.0,2024-06-30,129.0,6363.0,300.0,467.0,1873-06-01,11,11,10,OMAHA,5472_20250930,DIF,1934-01-01,0,CATTLE BANK AND TRUST,CATTLE CROSSING INC,10394.0,4,4,0,0,FDIC,2025-09-30,1059555.0,2,NE,1,1,68434
SM,1.0,5473,SEWARD,5875.0,0.0,2024-06-30,289.0,6814.0,0.0,650.0,1883-10-01,11,11,10,OMAHA,5473_20250930,DIF,1934-01-01,0,JONES BANK,JONES NATIONAL CORP,9162.0,4,3,0,0,FED,2025-09-30,1061156.0,2,NE,1,1,68434
SM,1.0,5478,STANTON,686.0,0.0,2024-06-30,0.0,686.0,0.0,0.0,1882-01-01,11,11,10,OMAHA,5478_20250930,DIF,1934-01-01,0,STANTON STATE BANK,EBERLY INVESTMENT CO,1455.0,4,2,0,0,FED,2025-09-30,1066759.0,2,NE,0,0,68779
SM,1.0,5486,WAHOO,6615.0,0.0,2024-06-30,834.0,8380.0,-3.0,931.0,1882-07-15,11,11,10,OMAHA,5486_20250930,DIF,1934-01-01,0,FIRSTBANK OF NEBRASKA,BANK MANAGEMENT INC,9341.0,4,4,0,0,FED,2025-09-30,1020854.0,2,NE,1,0,68066
NM,1.0,5490,WAYNE,3809.0,0.0,2024-06-30,29.0,4563.0,450.0,725.0,1892-01-01,11,11,10,SIOUX CITY,5490_20250930,DIF,1934-01-01,0,STATE NEBRASKA BANK & TRUST,STATE NATIONAL BANCSHARES INC,5031.0,4,2,0,0,FDIC,2025-09-30,1965768.0,2,NE,0,1,68787
SM,1.0,5495,WISNER,11059.0,0.0,2024-06-30,1.0,11168.0,0.0,108.0,1888-10-19,11,11,10,OMAHA,5495_20250930,DIF,1934-01-01,0,CITIZENS STATE BANK,CITIZENS NATIONAL CORP,14520.0,4,17,0,0,FED,2025-09-30,1056415.0,2,NE,1,0,68791
SM,1.0,5496,YORK,47061.0,0.0,2024-12-05,270.0,52476.0,3590.0,5145.0,1882-04-22,11,11,10,GRAND ISLAND,5496_20250930,DIF,1934-01-01,0,CORNERSTONE BANK,FIRST YORK BAN CORP,62589.0,4,50,0,0,FED,2025-09-30,1050646.0,2,NE,1,1,68467
NM,1.0,54,ALTOONA,3689.0,0.0,2022-08-31,19.0,3708.0,75.0,0.0,1909-03-10,5,5,6,SHELBY,54_20250930,DIF,1934-01-01,0,THE EXCHANGE BANK OF ALABAMA,GADSDEN CORP THE,10064.0,5,5,0,0,FDIC,2025-09-30,1079067.0,4,AL,0,0,35952
SM,0.0,5510,SAN ANTONIO,405329.0,0.0,2022-08-31,105093.0,510422.0,32978.0,0.0,1899-02-20,13,13,11,AUSTIN,5510_20250930,DIF,1934-01-01,0,FROST BANK,CULLEN FROST BANKERS INC,1298816.0,5,213,0,0,FED,2025-09-30,1102367.0,4,TX,0,1,78205
N,1.0,55130,OSWEGO,2633.0,0.0,2025-07-07,0.0,2634.0,3124.0,1.0,1994-01-03,9,9,7,CHICAGO,55130_20250930,DIF,2001-09-01,0,"SERVBANK, NATIONAL ASSOCIATION",SERVBANC HOLDCO INC,32702.0,3,1,0,0,OCC,2025-09-30,5617896.0,4,IL,0,0,60543
N,1.0,5518,SAN SABA,691.0,0.0,2022-08-31,0.0,691.0,9.0,0.0,1883-01-01,13,13,11,DALLAS,5518_20250930,DIF,1934-01-01,0,THE CITY NATIONAL BANK OF SAN SABA,CNB NATIONAL FINANCIAL CORP,1429.0,5,1,0,0,OCC,2025-09-30,1110205.0,2,TX,1,0,76877
N,1.0,5531,SONORA,9638.0,0.0,2022-08-31,0.0,9741.0,26.0,103.0,1900-01-01,13,13,11,LUBBOCK,5531_20250930,DIF,1934-01-01,0,THE FIRST NATIONAL BANK OF SONORA,FIRST SONORA BANCSHARES INC,19176.0,5,9,0,0,OCC,2025-09-30,2184333.0,4,TX,1,0,76950
N,1.0,5536,STANTON,2720.0,0.0,2017-01-31,0.0,2720.0,25.0,0.0,1906-01-01,13,13,11,LUBBOCK,5536_20250930,DIF,1934-01-01,0,THE FIRST NATIONAL BANK OF STANTON,Unknown,11751.0,5,2,0,0,OCC,2025-09-30,0.0,7,TX,0,1,79782
N,1.0,5538,STERLING CITY,1177.0,0.0,2017-01-31,0.0,1177.0,58.0,0.0,1910-08-02,13,13,11,LUBBOCK,5538_20250930,DIF,1934-01-01,0,THE FIRST NATIONAL BANK OF STERLING CITY,STERLING CITY BANCSHARES INC,4757.0,5,3,0,0,OCC,2025-09-30,2940810.0,2,TX,1,0,76951
N,1.0,5544,SULPHUR SPRINGS,13841.0,0.0,2022-08-31,7.0,14123.0,1294.0,275.0,1889-01-01,13,13,11,DALLAS,5544_20250930,DIF,1934-01-01,0,THE CITY NATIONAL BANK OF SULPHUR SPRINGS,SULPHUR SPRINGS BANCSHARES INC,40904.0,5,17,0,0,OCC,2025-09-30,1131666.0,4,TX,1,0,75482
N,1.0,5548,TAYLOR,1173.0,0.0,2022-08-31,0.0,1173.0,30.0,0.0,1900-01-01,13,13,11,AUSTIN,5548_20250930,DIF,1934-01-01,0,THE CITY NATIONAL BANK OF TAYLOR,CNB FINANCIAL CORP INC,7773.0,5,1,0,0,OCC,2025-09-30,1109825.0,8,TX,1,0,76574
N,1.0,5551,TEMPLE,28617.0,0.0,2024-06-26,3260.0,37071.0,1849.0,5194.0,1933-09-20,13,13,11,AUSTIN,5551_20250930,DIF,1934-01-01,0,"EXTRACO BANKS, NATIONAL ASSOCIATION",EXTRACO CORP,48669.0,5,16,0,0,OCC,2025-09-30,1104923.0,9,TX,1,1,76502
N,1.0,5557,TOM BEAN,2348.0,0.0,2024-01-01,0.0,2348.0,301.0,0.0,1906-09-22,13,13,11,DALLAS,5557_20250930,DIF,1934-01-01,0,THE FIRST NATIONAL BANK OF TOM BEAN,TOM BEAN BANK HOLDING CO,5568.0,5,4,0,0,OCC,2025-09-30,5903209.0,8,TX,0,0,75489
N,1.0,5559,TRINITY,732.0,0.0,2022-08-31,0.0,732.0,75.0,0.0,1911-09-11,13,13,11,HOUSTON,5559_20250930,DIF,1934-01-01,0,THE FIRST NATIONAL BANK OF TRINITY,Unknown,2580.0,5,3,0,0,OCC,2025-09-30,0.0,8,TX,1,0,75862
N,1.0,5564,VALLEY MILLS,960.0,0.0,2022-08-31,0.0,960.0,25.0,0.0,1908-08-01,13,13,11,DALLAS,5564_20250930,DIF,1934-01-01,0,FIRST NATIONAL BANK OF BOSQUE COUNTY,VALLEY MILLS FINANCIAL CORP,5733.0,5,4,0,0,OCC,2025-09-30,1104110.0,4,TX,1,0,76689
NM,1.0,5568,AMARILLO,4681.0,0.0,2022-08-31,0.0,4681.0,601.0,0.0,1899-01-01,13,13,11,LUBBOCK,5568_20250930,DIF,1934-01-01,0,HERRING BANK,HERRING BCORP INC,19108.0,5,13,0,0,FDIC,2025-09-30,1109496.0,4,TX,1,1,79109
N,1.0,5569,VERNON,4196.0,0.0,2022-08-31,0.0,4196.0,15.0,0.0,1899-07-03,13,13,11,DALLAS,5569_20250930,DIF,1934-01-01,0,THE WAGGONER NATIONAL BANK OF VERNON,WAGGONER NATL BANCSHARES INC,8065.0,5,2,0,0,OCC,2025-09-30,3386321.0,4,TX,1,1,76384
N,1.0,5574,WAXAHACHIE,22814.0,0.0,2022-08-31,21.0,22835.0,2403.0,0.0,1868-07-01,13,13,11,DALLAS,5574_20250930,DIF,1934-01-01,0,CITIZENS NATIONAL BANK OF TEXAS,FIRST CITIZENS BANCSHARES INC,70722.0,5,12,0,0,OCC,2025-09-30,1105470.0,4,TX,0,1,75165
N,1.0,5575,WEATHERFORD,13561.0,0.0,2022-08-31,0.0,13561.0,137.0,0.0,1880-05-15,13,13,11,DALLAS,5575_20250930,DIF,1934-01-01,0,FIRST NATIONAL BANK AND TRUST COMPANY OF WEATHERFORD,FIRST BAIRD BANCSHARES INC,29721.0,5,15,0,0,OCC,2025-09-30,1105751.0,4,TX,0,1,76086
NM,1.0,5589,BONHAM,2305.0,0.0,2022-08-31,10.0,2315.0,35.0,0.0,1925-04-22,13,13,11,DALLAS,5589_20250930,DIF,1934-01-01,0,FANNIN BANK,FANNIN BCORP INC,3622.0,5,2,0,0,FDIC,2025-09-30,1137284.0,8,TX,1,0,75418
N,1.0,5590,WINNSBORO,1263.0,0.0,2022-08-31,0.0,1402.0,0.0,139.0,1893-01-01,13,13,11,DALLAS,5590_20250930,DIF,1934-01-01,0,THE FIRST NATIONAL BANK OF WINNSBORO,ETEX BANCO INC,5646.0,5,3,0,0,OCC,2025-09-30,1102170.0,4,TX,0,0,75494
N,1.0,5595,YOAKUM,3502.0,0.0,2025-06-30,7.0,3925.0,190.0,416.0,1890-01-01,13,13,11,AUSTIN,5595_20250930,DIF,1934-01-01,0,THE YOAKUM NATIONAL BANK,YOAKUM NATIONAL BANCSHARES INC,10149.0,5,5,0,0,OCC,2025-09-30,2287225.0,4,TX,1,0,77995
NM,1.0,5598,TROY,21151.0,0.0,2023-03-05,0.0,21151.0,961.0,0.0,1906-01-01,5,5,6,MONTGOMERY,5598_20250930,DIF,1934-01-01,0,TROY BANK & TRUST COMPANY,TRUST NO 3 UNDER WILL CHARLES HENDERSON,41481.0,5,13,0,0,FDIC,2025-09-30,1080139.0,4,AL,0,1,36081
NM,1.0,5602,PELL CITY,2048.0,0.0,2023-08-31,0.0,2051.0,0.0,3.0,1903-01-01,5,5,6,SHELBY,5602_20250930,DIF,1934-01-01,0,UNION STATE BANK,UNION BANCSHARES INC,4359.0,5,8,0,0,FDIC,2025-09-30,1085358.0,4,AL,0,0,35125
NM,1.0,5605,BREWTON,226.0,0.0,2022-06-30,0.0,226.0,58.0,0.0,1889-08-01,5,5,6,MONTGOMERY,5605_20250930,DIF,1934-01-01,0,BANK OF BREWTON,REPTON SUPPLY CO INC,1368.0,5,2,0,0,FDIC,2025-09-30,1079236.0,7,AL,0,0,36426
SM,1.0,5615,DANVILLE,21167.0,0.0,2023-03-15,0.0,21978.0,673.0,811.0,1930-10-07,13,13,8,LITTLE ROCK,5615_20250930,DIF,1934-01-01,0,CHAMBERS BANK,CHAMBERS BANCSHARES INC,45290.0,5,27,0,0,FED,2025-09-30,1141487.0,4,AR,0,0,72833
NM,1.0,5619,BRADLEY,1568.0,0.0,2022-08-31,0.0,1575.0,199.0,7.0,1933-01-01,13,13,8,LITTLE ROCK,5619_20250930,DIF,1934-01-01,0,COMMUNITY STATE BANK,POWER BANCSHARES INC,2297.0,5,2,0,0,FDIC,2025-09-30,5813513.0,4,AR,0,0,71826
NM,1.0,5623,SMACKOVER,3665.0,0.0,2022-08-31,0.0,4409.0,285.0,744.0,1928-04-18,13,13,8,LITTLE ROCK,5623_20250930,DIF,1934-01-01,0,SMACKOVER STATE BANK,SMACKOVER BANCSHARES INC,4849.0,5,4,0,0,FDIC,2025-09-30,1098264.0,4,AR,0,1,71762
NM,1.0,5624,STAMPS,4647.0,0.0,2022-08-31,2.0,4672.0,1419.0,23.0,1903-01-01,13,13,8,LITTLE ROCK,5624_20250930,DIF,1934-01-01,0,BODCAW BANK,BODCAW BANCSHARES INC,7620.0,5,3,0,0,FDIC,2025-09-30,2712781.0,4,AR,0,0,71860
NM,1.0,5632,SCRANTON,1381.0,0.0,2022-08-31,0.0,1588.0,152.0,207.0,1926-04-04,13,13,8,LITTLE ROCK,5632_20250930,DIF,1934-01-01,0,LOGAN COUNTY BANK,Unknown,2439.0,5,2,0,0,FDIC,2025-09-30,0.0,8,AR,0,0,72863
SM,1.0,5633,SEARCY,101174.0,0.0,2022-08-31,6888.0,109633.0,4716.0,1571.0,1932-02-06,13,13,8,LITTLE ROCK,5633_20250930,DIF,1934-01-01,0,FIRST SECURITY BANK,FIRST SECURITY BCORP,197438.0,5,80,0,0,FED,2025-09-30,1096505.0,4,AR,0,1,72143
SM,1.0,5634,STAR CITY,1361.0,0.0,2022-08-31,0.0,1364.0,91.0,3.0,1925-04-07,13,13,8,LITTLE ROCK,5634_20250930,DIF,1934-01-01,0,CONNECT BANK,STAR CITY BANCSHARES INC,4251.0,5,5,0,0,FED,2025-09-30,1131723.0,4,AR,1,0,71667
SM,1.0,5635,EUREKA SPRINGS,8490.0,0.0,2023-08-09,0.0,9918.0,1350.0,1428.0,1912-05-01,13,13,8,LITTLE ROCK,5635_20250930,DIF,1934-01-01,0,CS BANK,EUREKA BANCSHARES INC,19925.0,5,7,0,0,FED,2025-09-30,2941769.0,4,AR,1,0,72632
NM,1.0,5673,FROSTPROOF,15499.0,0.0,2022-08-31,13.0,15523.0,1693.0,11.0,1920-05-13,5,5,6,TAMPA,5673_20250930,DIF,1934-01-01,0,CITIZENS BANK AND TRUST,CITIZENS BANKING CORP,31502.0,5,17,0,0,FDIC,2025-09-30,3200874.0,4,FL,1,1,33843
NM,1.0,5676,INVERNESS,10659.0,0.0,2022-08-31,0.0,10659.0,203.0,0.0,1926-07-01,5,5,6,TAMPA,5676_20250930,DIF,1934-01-01,0,BRANNEN BANK,BRANNEN BANKS OF FLORIDA INC,25998.0,5,12,0,0,FDIC,2025-09-30,1082375.0,5,FL,1,0,34450
NM,1.0,5685,DARIEN,3519.0,0.0,2022-08-31,0.0,3519.0,380.0,0.0,1889-01-01,5,5,6,ALBANY GA,5685_20250930,DIF,1934-01-01,0,SOUTHEASTERN BANK,SOUTHEASTERN BANKING CORP,20305.0,5,10,0,0,FDIC,2025-09-30,1082058.0,4,GA,0,1,31305
NM,1.0,5686,EDISON,1278.0,0.0,2022-08-31,0.0,1282.0,141.0,4.0,1904-10-01,5,5,6,ALBANY GA,5686_20250930,DIF,1934-01-01,0,THE BANK OF EDISON,BOE BANCSHARES INC,2479.0,5,1,0,0,FDIC,2025-09-30,1086140.0,2,GA,1,0,39846
NM,1.0,5694,BLACKSHEAR,17244.0,0.0,2022-08-31,9.0,17300.0,1368.0,47.0,1891-01-01,5,5,6,ALBANY GA,5694_20250930,DIF,1934-06-02,0,PRIMESOUTH BANK,JONES BANCSHARES L P,47107.0,5,8,0,0,FDIC,2025-09-30,2135812.0,4,GA,0,0,31516
NM,1.0,5699,WRIGHTSVILLE,1048.0,0.0,2022-08-31,0.0,1048.0,0.0,0.0,1897-01-01,5,5,6,ATLANTA,5699_20250930,DIF,1934-01-01,0,BANK OF WRIGHTSVILLE,WRIGHTSVILLE BANCSHARES INC,2830.0,5,1,0,0,FDIC,2025-09-30,1138656.0,4,GA,1,0,31096
NM,1.0,57022,CLOVIS,3781.0,0.0,2022-08-31,108.0,4011.0,450.0,122.0,2000-10-16,13,13,11,ALBUQUERQUE,57022_20250930,DIF,2000-10-16,0,THE BANK OF CLOVIS,CLOVIS BANCSHARES INC,12338.0,4,7,0,0,FDIC,2025-09-30,3324387.0,2,NM,0,1,88101
NM,1.0,57025,CLOVIS,1031.0,0.0,2022-08-31,0.0,1031.0,180.0,0.0,2000-12-05,13,13,11,ALBUQUERQUE,57025_20250930,DIF,2000-12-05,0,AMERICAN HERITAGE BANK,AHB BANCSHARES INC,4813.0,4,2,0,0,FDIC,2025-09-30,4665265.0,2,NM,0,0,88101
NM,1.0,57031,PARKER,457.0,0.0,2022-08-31,0.0,457.0,0.0,0.0,2002-06-17,13,13,10,DENVER,57031_20250930,DIF,2002-06-17,0,CHAMPION BANK,Unknown,1234.0,4,2,0,0,FDIC,2025-09-30,0.0,4,CO,0,0,80134
NM,1.0,57033,SALEM,4972.0,0.0,2022-08-31,0.0,6507.0,-145.0,1535.0,2000-10-31,14,14,12,PORTLAND,57033_20250930,DIF,2000-10-31,0,WILLAMETTE VALLEY BANK,OREGON BCORP INC,12056.0,4,4,0,0,FDIC,2025-09-30,3823198.0,4,OR,0,0,97301
N,0.0,57038,GREEN BAY,119249.0,0.0,2024-03-21,0.0,119267.0,3500.0,18.0,2000-10-31,9,9,7,APPLETON,57038_20250930,DIF,2000-10-31,0,NICOLET NATIONAL BANK,NICOLET BANKSHARES INC,231284.0,3,61,0,0,OCC,2025-09-30,3103603.0,4,WI,0,1,54301
N,0.0,57044,SAN DIEGO,39680.0,0.0,2024-07-31,0.0,39680.0,-4425.0,0.0,2001-12-18,14,14,12,ORANGE,57044_20250930,DIF,2001-12-18,0,"CALIFORNIA BANK OF COMMERCE, NATIONAL ASSOCIATION",CALIFORNIA BCORP,130120.0,4,14,0,0,OCC,2025-09-30,5443938.0,4,CA,0,0,92130
NM,1.0,5704,NEWINGTON,5550.0,0.0,2022-08-31,0.0,5876.0,450.0,326.0,1919-08-14,5,5,6,ATLANTA,5704_20250930,DIF,1934-01-01,0,BANK OF NEWINGTON,Unknown,10476.0,5,4,0,0,FDIC,2025-09-30,0.0,4,GA,0,0,30446
NM,0.0,57056,SALT LAKE CITY,78802.0,0.0,2022-08-31,0.0,88522.0,22583.0,9720.0,2001-03-01,14,14,12,SALT LAKE CITY,57056_20250930,DIF,2001-03-01,0,CELTIC BANK,Unknown,197101.0,4,1,0,0,FDIC,2025-09-30,0.0,4,UT,0,0,84111
SM,1.0,57058,SHERIDAN,3771.0,0.0,2022-08-31,0.0,3771.0,315.0,0.0,2000-09-13,13,13,8,LITTLE ROCK,57058_20250930,DIF,2000-09-13,0,PEOPLES BANK,PEOPLES BCORP INC,8559.0,5,3,0,0,FED,2025-09-30,4639435.0,4,AR,0,0,72150
N,1.0,57061,PALATINE,12770.0,0.0,2022-08-31,0.0,12770.0,200.0,0.0,2000-10-16,9,9,7,CHICAGO,57061_20250930,DIF,2000-10-16,0,CORNERSTONE NATIONAL BANK & TRUST COMPANY,CORNERSTONE BCORP INC,27517.0,3,5,0,0,OCC,2025-09-30,2929383.0,4,IL,0,1,60067
NM,1.0,57069,JACKSON,15478.0,0.0,2025-08-04,1.0,15891.0,20.0,412.0,2000-10-12,13,13,6,JACKSON MS,57069_20250930,DIF,2000-10-12,0,STORY BANK DBA STORY FINANCIAL PARTNERS,FIRST COML BANCSHARES INC,22923.0,5,5,0,0,FDIC,2025-09-30,3374935.0,4,MS,0,1,39211
NM,1.0,57071,ATLANTA,39915.0,0.0,2025-03-01,1.0,44312.0,3905.0,4396.0,2001-11-01,5,5,6,ATLANTA,57071_20250930,DIF,2001-11-01,0,GEORGIA BANKING COMPANY,GEORGIA BANKING CO INC,76778.0,5,9,0,0,FDIC,2025-09-30,3016338.0,4,GA,0,0,30309
NM,1.0,57073,SANTA MARIA,2314.0,0.0,2022-08-31,1.0,2452.0,325.0,137.0,2001-03-01,14,14,12,LOS ANGELES,57073_20250930,DIF,2001-03-01,0,COMMUNITY BANK OF SANTA MARIA,COMMUNITY BCORP OF SANTA MARIA,11931.0,4,2,0,0,FDIC,2025-09-30,5113857.0,4,CA,0,0,93455
NM,1.0,57074,COEUR D ALENE,1752.0,0.0,2022-08-31,23.0,1977.0,320.0,202.0,2001-05-17,14,14,12,SALT LAKE CITY,57074_20250930,DIF,2001-05-17,0,BANKCDA,COEUR D ALENE BCORP,6819.0,4,7,0,0,FDIC,2025-09-30,3780938.0,4,ID,0,0,83814
SB,1.0,57077,WESTFIELD CENTER,30138.0,0.0,2022-08-31,0.0,30259.0,1694.0,121.0,2001-02-05,9,9,4,COLUMBUS,57077_20250930,DIF,2001-02-05,0,"WESTFIELD BANK, FSB",OHIO FARMERS INSURANCE CO,47321.0,3,7,0,0,OCC,2025-09-30,3828661.0,4,OH,0,0,44251
N,0.0,57082,NORTHBROOK,90875.0,0.0,2022-08-31,2408.0,102505.0,4790.0,9222.0,2000-11-22,9,9,7,CHICAGO,57082_20250930,DIF,2000-11-22,0,"NORTHBROOK BANK AND TRUST COMPANY, NATIONAL ASSOCIATION",WINTRUST FINANCIAL CORP,111475.0,3,7,0,0,OCC,2025-09-30,2260406.0,4,IL,0,0,60062
NM,1.0,57083,MIAMI,116961.0,0.0,2023-10-01,0.0,116980.0,23556.0,19.0,2001-09-14,5,5,6,SOUTH FLORIDA,57083_20250930,DIF,2001-09-14,0,EMIGRANT BANK,NEW YORK PRIVATE B&T CORP,160193.0,5,6,0,0,FDIC,2025-09-30,3212091.0,4,FL,0,1,33131
NM,1.0,57092,ERIN,5152.0,0.0,2022-08-31,0.0,5303.0,0.0,151.0,2000-11-30,13,13,6,NASHVILLE,57092_20250930,DIF,2000-11-30,0,TRADITIONS FIRST BANK,TRADITIONS FIRST BCORP INC,8207.0,5,5,0,0,FDIC,2025-09-30,5759741.0,4,TN,0,0,37061
SB,0.0,57093,MILWAUKEE,1053.0,0.0,2022-08-31,0.0,1053.0,0.0,0.0,2001-04-06,9,9,7,MILWAUKEE,57093_20250930,DIF,2001-04-06,0,NORTHWESTERN MUTUAL WEALTH MANAGEMENT,Unknown,13755.0,3,1,0,0,OCC,2025-09-30,0.0,5,WI,0,1,53202
NM,0.0,57095,RALEIGH,32792.0,0.0,2024-08-01,0.0,36844.0,3976.0,4052.0,2001-09-04,5,5,5,RALEIGH,57095_20250930,DIF,2001-09-04,0,DOGWOOD STATE BANK,Unknown,67304.0,1,20,0,0,FDIC,2025-09-30,0.0,4,NC,0,0,27609
SM,0.0,57097,BAD AXE,11677.0,0.0,2022-08-31,684.0,13067.0,3602.0,706.0,2001-02-01,9,9,7,DETROIT,57097_20250930,DIF,2001-02-01,0,NORTHSTAR BANK,NORTHSTAR FINANCIAL GROUP INC,30326.0,3,11,0,0,FED,2025-09-30,2958990.0,4,MI,0,0,48413
NM,1.0,5709,GREENSBORO,3161.0,0.0,2022-08-31,0.0,3163.0,300.0,2.0,1911-09-06,5,5,6,ATLANTA,5709_20250930,DIF,1934-01-01,0,THE FARMERS BANK,PUTNAM-GREENE FINANCIAL CORP,3883.0,5,1,0,0,FDIC,2025-09-30,1246252.0,4,GA,0,0,30642
NM,1.0,57101,SUN VALLEY,10210.0,0.0,2022-08-31,2.0,11637.0,300.0,1425.0,2001-07-12,14,14,12,LOS ANGELES,57101_20250930,DIF,2001-07-12,0,MISSION VALLEY BANK,MISSION VALLEY BCORP,23363.0,4,4,0,0,FDIC,2025-09-30,3364600.0,4,CA,0,0,91352
N,0.0,57103,SCHAUMBURG,40227.0,0.0,2022-08-31,1033.0,42958.0,-257.0,1698.0,2001-01-22,9,9,7,CHICAGO,57103_20250930,DIF,2001-01-22,0,"SCHAUMBURG BANK & TRUST COMPANY, NATIONAL ASSOCIATION",WINTRUST FINANCIAL CORP,52569.0,3,7,0,0,OCC,2025-09-30,2260406.0,4,IL,0,0,60173
SB,0.0,57109,GOSHEN,17.0,0.0,2024-07-22,0.0,17.0,0.0,0.0,2001-06-01,9,9,7,INDIANAPOLIS,57109_20250930,DIF,2001-06-01,0,EVERENCE TRUST COMPANY,Unknown,265.0,3,1,0,0,OCC,2025-09-30,0.0,7,IN,0,1,46528
N,1.0,57123,COMMERCE,953.0,0.0,2022-08-31,0.0,1043.0,124.0,90.0,2002-03-25,5,5,6,ATLANTA,57123_20250930,DIF,2002-03-25,0,"FIRST CENTURY BANK, NATIONAL ASSOCIATION",FIRST CENTURY BCORP,21622.0,5,2,0,0,OCC,2025-09-30,2997739.0,7,GA,0,0,30529
NM,1.0,57124,WETUMPKA,6466.0,0.0,2022-08-31,1.0,6467.0,994.0,0.0,2001-08-28,5,5,6,MONTGOMERY,57124_20250930,DIF,2001-08-28,0,FIRST COMMUNITY BANK OF CENTRAL ALABAMA,CENTRAL ALABAMA BANCSHARES INC,22090.0,5,8,0,0,FDIC,2025-09-30,3034248.0,4,AL,1,0,36092
NM,1.0,57127,VALDOSTA,8578.0,0.0,2022-08-31,0.0,8935.0,190.0,357.0,2001-05-01,5,5,6,ALBANY GA,57127_20250930,DIF,2001-05-01,0,GUARDIAN BANK,WB&T BANKSHARES INC,13327.0,5,5,0,0,FDIC,2025-09-30,1493636.0,4,GA,1,0,31602
SB,1.0,57129,WOODHAVEN,4520.0,0.0,2022-08-31,0.0,4554.0,605.0,34.0,2001-07-16,2,2,2,NEW YORK CITY,57129_20250930,DIF,2001-07-16,0,COMMUNITY FEDERAL SAVINGS BANK,COMMUNITY FSB HOLDING CO,27271.0,1,1,0,0,OCC,2025-09-30,3793125.0,4,NY,0,0,11421
N,1.0,57134,ARLINGTON,88837.0,0.0,2024-11-17,0.0,99066.0,7049.0,10229.0,2002-05-08,2,2,1,NORTH BOSTON,57134_20250930,DIF,2002-05-08,0,"LEADER BANK, NATIONAL ASSOCIATION",LEADER BCORP INC,78369.0,1,6,0,0,OCC,2025-09-30,3439236.0,4,MA,0,0,02474
NM,1.0,57137,KINGMAN,1240.0,0.0,2023-11-18,0.0,1248.0,0.0,8.0,2001-04-30,14,14,12,PHOENIX,57137_20250930,DIF,2001-04-30,0,MISSION BANK,COMMUNITY BANCSHARES INC,4305.0,4,3,0,0,FDIC,2025-09-30,3392443.0,4,AZ,0,0,86401
NM,1.0,57141,RICHMOND,660.0,0.0,2022-08-31,0.0,660.0,68.0,0.0,2001-05-07,11,11,10,KANSAS CITY,57141_20250930,DIF,2001-05-07,0,COMMUNITY BANK OF MISSOURI,MISSOURI BCORP INC,3429.0,4,2,0,0,FDIC,2025-09-30,3005248.0,4,MO,0,0,64085
N,0.0,57160,LEAWOOD,18.0,0.0,2025-09-05,0.0,18.0,0.0,0.0,2001-10-01,11,11,10,KANSAS CITY,57160_20250930,DIF,2001-10-01,0,NATIONAL ADVISORS TRUST COMPANY,Unknown,662.0,4,1,0,0,OCC,2025-09-30,0.0,7,KS,0,1,66211
NM,1.0,5716,LAKELAND,11956.0,0.0,2022-08-31,0.0,11995.0,1900.0,39.0,1907-01-01,5,5,6,ALBANY GA,5716_20250930,DIF,1934-01-01,0,FARMERS AND MERCHANTS BANK,LOWNDES BANCSHARES INC,25476.0,5,6,0,0,FDIC,2025-09-30,3839340.0,4,GA,0,0,31635
SM,1.0,57176,IRVINE,14492.0,0.0,2023-11-18,0.0,14492.0,200.0,0.0,2001-09-24,14,14,12,ORANGE,57176_20250930,DIF,2001-09-24,0,COMMERCE WEST BANK,CW BCORP,26907.0,4,1,0,0,FED,2025-09-30,5538197.0,4,CA,0,0,92614
SM,1.0,57184,FAIRFAX,21257.0,0.0,2022-08-31,0.0,23012.0,1471.0,1755.0,2001-07-23,5,5,5,RICHMOND,57184_20250930,DIF,2001-07-23,0,THE FREEDOM BANK OF VIRGINIA,FREEDOM FINANCIAL HOLDINGS INC,21931.0,1,5,0,0,FED,2025-09-30,5624205.0,4,VA,0,0,22030
NM,1.0,57192,IRONWOOD,812.0,0.0,2022-08-31,15.0,837.0,0.0,10.0,2002-05-20,9,9,9,APPLETON,57192_20250930,DIF,2002-05-20,0,GOGEBIC RANGE BANK,WEST END FINANCIAL CORP,3635.0,3,4,0,0,FDIC,2025-09-30,3025910.0,4,MI,0,0,49938
N,1.0,57197,GLENDALE,12103.0,0.0,2023-11-18,0.0,12103.0,490.0,0.0,2001-07-09,14,11,12,PHOENIX,57197_20250930,DIF,2001-07-09,0,BNC NATIONAL BANK,BNCCORP INC,25810.0,4,13,0,0,OCC,2025-09-30,1248162.0,4,AZ,0,1,85308
NM,0.0,57203,WILMINGTON,1096000.0,0.0,2022-08-31,0.0,1158000.0,923000.0,62000.0,2001-05-23,2,2,3,CLAYMONT,57203_20250930,DIF,2001-05-23,0,BARCLAYS BANK DELAWARE,BARCLAYS PLC,3533000.0,1,1,0,0,FDIC,2025-09-30,1231418.0,3,DE,0,0,19801
NM,1.0,57228,BETHLEHEM,21703.0,0.0,2022-08-31,116.0,21821.0,-104.0,2.0,2001-11-06,2,2,3,PHILADELPHIA,57228_20250930,DIF,2001-11-06,0,EMBASSY BANK FOR THE LEHIGH VALLEY,EMBASSY BCORP INC,31098.0,1,10,0,0,FDIC,2025-09-30,3806511.0,5,PA,0,0,18017
NM,1.0,5722,PHILO,751.0,0.0,2022-08-31,10.0,998.0,0.0,237.0,1883-01-01,9,9,7,CHAMPAIGN,5722_20250930,DIF,1934-01-01,0,PHILO EXCHANGE BANK,YANKEE RIDGE INC,3551.0,3,5,0,0,FDIC,2025-09-30,2948919.0,2,IL,1,0,61864
N,1.0,57230,DOUGLAS,3568.0,0.0,2022-08-31,0.0,3568.0,132.0,0.0,2001-11-19,5,5,6,ALBANY GA,57230_20250930,DIF,2001-11-19,0,DOUGLAS NATIONAL BANK,DNB FINANCIAL SERVICES INC,11643.0,5,1,0,0,OCC,2025-09-30,3049626.0,4,GA,1,0,31533
SM,1.0,57244,CEDAR RAPIDS,35791.0,0.0,2024-06-30,480.0,39079.0,1775.0,2808.0,2001-09-14,11,11,7,CEDAR RAPIDS,57244_20250930,DIF,2001-09-14,0,CEDAR RAPIDS BANK AND TRUST COMPANY,QCR HOLDINGS INC,60290.0,4,9,0,0,FED,2025-09-30,2125813.0,4,IA,0,0,52401
NM,1.0,57250,OVERLAND PARK,8351.0,0.0,2022-08-31,1.0,10642.0,475.0,2290.0,2001-10-26,11,11,10,KANSAS CITY,57250_20250930,DIF,2001-10-26,0,CORNERSTONE BANK,CORNERSTONE BANCSHARES INC,9308.0,4,1,0,0,FDIC,2025-09-30,3027754.0,4,KS,1,0,66221
N,1.0,57265,ALTOONA,25104.0,0.0,2022-08-31,1.0,25117.0,1750.0,12.0,2001-12-10,9,9,9,EAU CLAIRE,57265_20250930,DIF,2001-12-10,0,CITIZENS COMMUNITY FEDERAL NATIONAL ASSOCIATION,CITIZENS COMMUNITY BCORP INC,40871.0,3,22,0,0,OCC,2025-09-30,3823929.0,4,WI,0,0,54720
N,1.0,57269,TOLEDO,15532.0,0.0,2022-08-31,0.0,15532.0,-3570.0,0.0,2002-04-02,9,9,4,COLUMBUS,57269_20250930,DIF,2002-04-02,0,"SIGNATURE BANK, NATIONAL ASSOCIATION",SIGNATURE BCORP INC,33969.0,3,2,0,0,OCC,2025-09-30,3076592.0,4,OH,0,0,43623
NM,1.0,57273,MARYSVILLE,1443.0,0.0,2022-08-31,0.0,1555.0,150.0,112.0,2002-08-21,11,11,10,KANSAS CITY,57273_20250930,DIF,2002-08-21,0,FIRST COMMERCE BANK,FIRST COMMERCE FINANCIAL CORP,3731.0,4,2,0,0,FDIC,2025-09-30,3123366.0,2,KS,1,0,66508
SM,1.0,57280,BOULDER,4902.0,0.0,2022-08-31,0.0,4902.0,530.0,0.0,2001-12-22,13,13,10,DENVER,57280_20250930,DIF,2001-12-22,0,FLATIRONS BANK,FBHC HOLDING CO,9551.0,4,3,0,0,FED,2025-09-30,3700936.0,4,CO,1,0,80302
N,1.0,57295,BOULDER,15215.0,0.0,2022-08-31,0.0,15215.0,-567.0,0.0,2001-08-01,13,13,10,DENVER,57295_20250930,DIF,2008-02-01,0,AMG NATIONAL TRUST BANK,AMG NATIONAL CORP,12730.0,4,8,0,0,OCC,2025-09-30,3583700.0,4,CO,0,1,80302
NM,1.0,57298,YUMA,2524.0,0.0,2023-11-18,0.0,2524.0,0.0,0.0,2001-09-04,14,14,12,PHOENIX,57298_20250930,DIF,2001-09-04,0,1ST BANK YUMA,WESTERN ARIZONA BCORP INC,18501.0,4,5,0,0,FDIC,2025-09-30,3559844.0,4,AZ,0,0,85364
NM,1.0,57301,MORGANFIELD,7397.0,0.0,2022-08-31,0.0,8039.0,80.0,642.0,2001-12-10,9,9,8,MOUNT VERNON,57301_20250930,DIF,2001-12-10,0,"UNITED COMMUNITY BANK OF WEST KENTUCKY, INC.",UNITED CMTY BANCSHARES INC,10298.0,3,6,0,0,FDIC,2025-09-30,3260216.0,4,KY,0,1,42437
NM,1.0,5730,SAINT JACOB,792.0,0.0,2022-08-31,0.0,792.0,800.0,0.0,1903-11-03,9,9,8,MOUNT VERNON,5730_20250930,DIF,1934-01-01,0,STATE BANK OF ST. JACOB,ST JACOB BANCSHARES INC,2500.0,3,2,0,0,FDIC,2025-09-30,3957552.0,8,IL,1,0,62281
SM,0.0,57311,SAINT LOUIS,298773.0,0.0,2022-08-31,4505.0,303489.0,22114.0,211.0,2002-04-16,11,11,8,ST. LOUIS,57311_20250930,DIF,2002-04-16,0,STIFEL BANK AND TRUST,STIFEL FINANCIAL CORP,489075.0,4,2,0,0,FED,2025-09-30,3063622.0,4,MO,0,0,63102
NM,0.0,57312,LAS VEGAS,1696.0,0.0,2025-03-24,0.0,1737.0,0.0,41.0,2002-04-15,14,11,12,PHOENIX,57312_20250930,DIF,2002-04-15,0,TOWN & COUNTRY BANK,R DEAN PHILLIPS BK TR DATED 11-19-2004,7000.0,4,5,0,0,FDIC,2025-09-30,5558681.0,4,NV,1,0,89147
SM,1.0,57335,AULT,3914.0,0.0,2022-08-31,0.0,3914.0,-170.0,0.0,2001-12-28,13,13,10,DENVER,57335_20250930,DIF,2001-12-28,0,FARMERS BANK,FARMERS BANK HOLDING CO,9118.0,4,2,0,0,FED,2025-09-30,3020438.0,2,CO,1,0,80610
NM,1.0,57336,SAINT PAUL,4900.0,0.0,2022-08-31,0.0,5370.0,1227.0,470.0,2002-05-01,11,11,9,MINNEAPOLIS,57336_20250930,DIF,2002-05-01,0,DRAKE BANK,PLATO HOLDINGS INC,7685.0,3,1,0,0,FDIC,2025-09-30,3090842.0,4,MN,1,0,55107
NM,1.0,57348,FARRAGUT,69514.0,0.0,2022-08-31,0.0,69521.0,3641.0,7.0,2002-04-29,13,13,6,KNOXVILLE,57348_20250930,DIF,2002-04-29,0,SOUTHEAST BANK,EDUCATION LOAN FINANCE INC,79671.0,5,15,0,0,FDIC,2025-09-30,3808131.0,4,TN,0,0,37934
SM,0.0,57358,SAINT LOUIS,265701.0,0.0,2024-03-04,318.0,266312.0,6550.0,293.0,2002-05-16,11,11,8,ST. LOUIS,57358_20250930,DIF,2002-05-16,0,STIFEL BANK,STIFEL FINANCIAL CORP,223570.0,4,1,0,0,FED,2025-09-30,3063622.0,4,MO,0,0,63102
NM,1.0,57359,SOUTH ELGIN,10030.0,0.0,2022-08-31,0.0,11611.0,-33.0,1581.0,2002-10-17,9,9,7,CHICAGO,57359_20250930,DIF,2002-10-17,0,AMERICAN EAGLE BANK,ORCHID FINANCIAL BCORP INC,8146.0,3,2,0,0,FDIC,2025-09-30,3116498.0,4,IL,0,0,60177
NM,1.0,57363,CHEYENNE,316.0,0.0,2022-08-31,0.0,316.0,0.0,0.0,2002-08-08,14,14,10,BILLINGS,57363_20250930,DIF,2002-08-08,0,CHEYENNE STATE BANK,Unknown,1215.0,4,1,0,0,FDIC,2025-09-30,0.0,8,WY,0,0,82001
NM,1.0,57368,NEW CANAAN,70460.0,0.0,2022-08-31,0.0,73135.0,423.0,2675.0,2002-04-22,2,2,2,WINDSOR,57368_20250930,DIF,2002-04-22,0,BANKWELL BANK,BANKWELL FINANCIAL GROUP INC,74583.0,1,9,0,0,FDIC,2025-09-30,3553815.0,4,CT,0,0,06840
NM,1.0,57369,DORAL,43294.0,0.0,2022-08-31,0.0,46025.0,1817.0,2731.0,2002-10-28,5,5,6,SOUTH FLORIDA,57369_20250930,DIF,2002-10-28,0,U. S. CENTURY BANK,USCB FINANCIAL HOLDINGS INC,61827.0,5,10,0,0,FDIC,2025-09-30,5681262.0,4,FL,0,0,33172
NM,1.0,57373,NEWPORT,5648.0,0.0,2022-08-31,0.0,7608.0,-201.0,1960.0,2002-07-08,14,14,12,PORTLAND,57373_20250930,DIF,2002-07-08,0,OREGON COAST BANK,OREGON COAST BANCSHARES INC,10113.0,4,7,0,0,FDIC,2025-09-30,3392881.0,4,OR,1,0,97365
NM,0.0,57379,EAST GREENWICH,0.0,0.0,2024-11-17,0.0,0.0,0.0,0.0,2003-03-25,2,2,1,SOUTH BOSTON,57379_20250930,DIF,2003-03-25,0,INDEPENDENCE BANK,Unknown,492.0,1,1,0,0,FDIC,2025-09-30,0.0,7,RI,0,0,02818
NM,1.0,57391,MARSHALLTOWN,1160.0,0.0,2024-06-30,30.0,1190.0,-25.0,0.0,2002-06-21,11,11,7,DES MOINES,57391_20250930,DIF,2002-06-21,0,UNITED BANK & TRUST CO.,AMES NATIONAL CORP,2830.0,4,2,0,0,FDIC,2025-09-30,1202258.0,4,IA,0,1,50158
NM,1.0,57396,FAYETTEVILLE,2994.0,0.0,2022-08-31,0.0,2994.0,35.0,0.0,2002-07-22,13,13,6,NASHVILLE,57396_20250930,DIF,2002-07-22,0,BANK OF LINCOLN COUNTY,BOLC CORP,7721.0,5,3,0,0,FDIC,2025-09-30,5140312.0,4,TN,0,1,37334
NM,0.0,57408,DRAPER,53000.0,0.0,2024-01-01,0.0,53000.0,49000.0,0.0,2003-07-21,14,14,12,SALT LAKE CITY,57408_20250930,DIF,2003-07-21,0,"OPTUM BANK, INC.",Unknown,594000.0,4,1,0,0,FDIC,2025-09-30,0.0,4,UT,0,0,84020
SM,0.0,57414,ARLINGTON,8833.0,0.0,2023-09-05,0.0,8833.0,384.0,0.0,2002-11-21,13,13,11,DALLAS,57414_20250930,DIF,2002-11-21,0,WORTHINGTON BANK,BANCFIRST CORP,17931.0,5,5,0,0,FED,2025-09-30,1133286.0,4,TX,0,0,76010
N,1.0,57415,LEXINGTON,18140.0,0.0,2022-08-31,104.0,18521.0,60.0,277.0,2002-10-01,9,9,4,LEXINGTON,57415_20250930,DIF,2002-10-01,0,"FORCHT BANK, NATIONAL ASSOCIATION",FORCHT BCORP INC,31784.0,3,24,0,0,OCC,2025-09-30,3446346.0,4,KY,0,0,40509
SM,1.0,57416,MILLINGTON,4934.0,0.0,2022-08-31,84.0,5018.0,100.0,0.0,2002-10-09,13,13,8,NASHVILLE,57416_20250930,DIF,2002-10-09,0,PATRIOT BANK,SECURITY BCORP OF TN INC,10202.0,5,10,0,0,FED,2025-09-30,1135374.0,4,TN,0,0,38053
NM,0.0,57417,IRVINE,47347.0,0.0,2024-11-01,0.0,56952.0,2701.0,9605.0,2003-05-15,14,14,12,ORANGE,57417_20250930,DIF,2003-05-15,0,COMMERCIAL BANK OF CALIFORNIA,CBC BCORP,97928.0,4,10,0,0,FDIC,2025-09-30,2925406.0,4,CA,0,0,92612
SM,1.0,57420,COVINGTON,1836.0,0.0,2022-08-31,1.0,1837.0,152.0,0.0,2002-09-16,5,5,5,RICHMOND,57420_20250930,DIF,2002-09-16,0,HIGHLANDS COMMUNITY BANK,Unknown,4416.0,1,3,0,0,FED,2025-09-30,0.0,8,VA,0,0,24426
NM,1.0,57425,SANIBEL,11784.0,0.0,2022-08-31,0.0,14146.0,1020.0,2362.0,2003-01-21,5,5,6,SOUTH FLORIDA,57425_20250930,DIF,2003-01-21,0,SANIBEL CAPTIVA COMMUNITY BANK,Unknown,35112.0,5,8,0,0,FDIC,2025-09-30,0.0,4,FL,0,0,33957
SM,1.0,57429,WINTER PARK,2108.0,0.0,2022-08-31,2.0,2241.0,75.0,131.0,2003-02-03,5,5,6,TAMPA,57429_20250930,DIF,2003-02-03,0,COMMERCE BANK & TRUST,COMMERCE NATL BANKSHARES FL,4194.0,5,1,0,0,FED,2025-09-30,3148622.0,4,FL,1,1,32789
NM,1.0,57444,CITY OF INDUSTRY,8146.0,0.0,2022-08-31,0.0,8163.0,730.0,17.0,2003-10-06,14,14,12,LOS ANGELES,57444_20250930,DIF,2003-10-06,0,AMERICAN CONTINENTAL BANK,AMERICAN CONTINENTAL BCORP,10524.0,4,7,0,0,FDIC,2025-09-30,4842721.0,4,CA,0,0,91748
NM,0.0,57449,SALT LAKE CITY,59689.0,0.0,2022-08-31,4.0,59728.0,54937.0,35.0,2003-12-22,14,14,12,SALT LAKE CITY,57449_20250930,DIF,2003-12-22,0,MEDALLION BANK,Unknown,161671.0,4,1,0,0,FDIC,2025-09-30,0.0,6,UT,0,0,84121
N,0.0,5744,ANTIOCH,34482.0,0.0,2022-08-31,642.0,36839.0,1558.0,1715.0,1926-01-01,9,9,7,CHICAGO,5744_20250930,DIF,1934-01-01,0,"STATE BANK OF THE LAKES, NATIONAL ASSOCIATION",WINTRUST FINANCIAL CORP,53325.0,3,9,0,0,OCC,2025-09-30,2260406.0,4,IL,0,1,60002
SM,0.0,57450,WESTLAKE,1157000.0,0.0,2022-08-31,200000.0,1679000.0,1000.0,322000.0,2003-04-28,13,16,11,DENVER,57450_20250930,DIF,2003-04-28,0,"CHARLES SCHWAB BANK, SSB",CHARLES SCHWAB CORP THE,2807000.0,5,1,0,0,FED,2025-09-30,1026632.0,5,TX,0,1,76262
NM,1.0,57451,SEATTLE,15705.0,0.0,2022-08-31,0.0,16503.0,22.0,798.0,1953-01-01,14,14,12,SEATTLE,57451_20250930,DIF,2003-05-19,0,SOUND COMMUNITY BANK,SOUND FINANCIAL BCORP INC,26871.0,4,10,0,0,FDIC,2025-09-30,3843646.0,4,WA,0,0,98121
NM,0.0,57463,LOS ANGELES,69064.0,0.0,2023-11-18,0.0,70420.0,3004.0,1356.0,2003-09-18,14,14,12,LOS ANGELES,57463_20250930,DIF,2003-09-18,0,PCB BANK,PCB BCORP,77251.0,4,19,0,0,FDIC,2025-09-30,3595084.0,4,CA,0,0,90010
NM,1.0,57465,LEWISBURG,12741.0,0.0,2025-02-01,0.0,12766.0,840.0,25.0,2002-12-02,13,13,6,NASHVILLE,57465_20250930,DIF,2002-12-02,0,FIRST COMMERCE BANK,FIRST COMMERCE BCORP INC,27169.0,5,6,0,0,FDIC,2025-09-30,3465909.0,4,TN,0,0,37091
NM,1.0,57468,OWATONNA,1541.0,0.0,2024-06-30,11.0,1552.0,122.0,0.0,2003-01-13,11,11,9,MINNEAPOLIS,57468_20250930,DIF,2003-01-13,0,COMMUNITY BANK OWATONNA,COMMUNITY FINANCIAL CORP,2010.0,3,1,0,0,FDIC,2025-09-30,3139312.0,4,MN,0,0,55060
SB,0.0,57470,TAMPA,16.0,0.0,2022-08-31,0.0,16.0,0.0,0.0,2003-10-30,5,5,6,TAMPA,57470_20250930,DIF,2003-10-30,0,MEMBERS TRUST COMPANY,Unknown,846.0,5,4,0,0,OCC,2025-09-30,0.0,5,FL,0,0,33637
NM,1.0,57483,GUNTERSVILLE,14941.0,0.0,2022-08-31,37.0,15925.0,-9.0,947.0,2003-03-03,5,5,6,SHELBY,57483_20250930,DIF,2003-03-03,0,CITIZENS BANK & TRUST,CITIZENS B&T HOLDINGS INC,20358.0,5,10,0,0,FDIC,2025-09-30,3439179.0,4,AL,0,0,35976
NM,1.0,57488,CHICAGO,4847.0,0.0,2022-08-31,0.0,5646.0,8317.0,799.0,2005-01-25,9,9,7,CHICAGO,57488_20250930,DIF,2005-01-25,0,METROPOLITAN CAPITAL BANK & TRUST,METROPOLITAN CAPITAL BCORP INC,8733.0,3,1,0,0,FDIC,2025-09-30,3153224.0,4,IL,0,1,60611
NM,1.0,57491,DUNCAN,7398.0,0.0,2022-08-31,50.0,8383.0,450.0,935.0,2002-12-16,13,13,10,OKLAHOMA CITY,57491_20250930,DIF,2002-12-16,0,BANK OF COMMERCE,COMMERCE FINANCIAL CO,8465.0,5,6,0,0,FDIC,2025-09-30,5872396.0,4,OK,0,0,73533
NM,1.0,57495,AUSTIN,3259.0,0.0,2022-08-17,0.0,3259.0,377.0,0.0,2003-05-09,13,13,11,AUSTIN,57495_20250930,DIF,2003-05-09,0,PRIMEBANK OF TEXAS,BAT INVESTMENTS INC,6827.0,5,3,0,0,FDIC,2025-09-30,5592313.0,4,TX,0,0,78746
NM,1.0,57497,OSWEGO,21220.0,0.0,2024-07-19,0.0,23090.0,5150.0,1870.0,2002-10-25,2,2,2,SYRACUSE,57497_20250930,DIF,2002-10-25,0,PATHFINDER BANK,PATHFINDER BCORP INC,35512.0,1,13,0,0,FDIC,2025-09-30,2596776.0,4,NY,0,0,13126
NM,1.0,5749,WINNEBAGO,21416.0,0.0,2025-05-01,387.0,22782.0,907.0,979.0,1907-01-06,9,9,7,PRINCETON,5749_20250930,DIF,1934-01-01,0,FORESIGHT BANK,FORESIGHT FINANCIAL GROUP INC,38383.0,3,14,0,0,FDIC,2025-09-30,1137453.0,2,IL,0,1,61088
N,1.0,57505,SIOUX CITY,5565.0,0.0,2024-06-30,3.0,7396.0,228.0,1828.0,2003-03-17,11,11,7,SIOUX CITY,57505_20250930,DIF,2003-03-17,0,LIBERTY NATIONAL BANK,215 HOLDING CO,15078.0,4,10,0,0,OCC,2025-09-30,1247576.0,2,IA,0,1,51106
NM,0.0,57510,SAN JOSE,40272.0,0.0,2022-08-31,2252.0,43809.0,2280.0,1285.0,2003-10-01,14,14,12,SAN FRANCISCO,57510_20250930,DIF,2003-10-01,0,AVIDBANK,AVIDBANK HOLDINGS INC,63614.0,4,3,0,0,FDIC,2025-09-30,3680980.0,4,CA,0,0,95112
NM,1.0,57511,KOKOMO,14333.0,0.0,2022-08-31,0.0,16110.0,1324.0,1777.0,2003-02-03,9,9,7,INDIANAPOLIS,57511_20250930,DIF,2003-02-03,0,COMMUNITY FIRST BANK OF INDIANA,COMMUNITY FIRST FINANCIAL CORP,42096.0,3,8,0,0,FDIC,2025-09-30,3921816.0,4,IN,0,0,46901
SM,0.0,57512,PHOENIX,1162114.0,0.0,2023-11-18,8902.0,1365272.0,151100.0,194256.0,2003-02-03,14,14,12,PHOENIX,57512_20250930,DIF,2003-02-03,0,WESTERN ALLIANCE BANK,WESTERN ALLIANCE BCORP,2107165.0,4,37,0,0,FED,2025-09-30,2349815.0,4,AZ,0,0,85004
NM,1.0,57522,DALLAS,16422.0,0.0,2022-08-31,0.0,17174.0,-102.0,752.0,2003-02-03,13,13,11,DALLAS,57522_20250930,DIF,2003-02-03,0,TOLLESON PRIVATE BANK,TOLLESON WEALTH MANAGEMENT INC,15703.0,5,2,0,0,FDIC,2025-09-30,3191712.0,5,TX,1,1,75205
NM,1.0,5753,SAVANNA,2685.0,0.0,2023-07-13,27.0,3331.0,0.0,619.0,1920-01-01,9,9,7,PRINCETON,5753_20250930,DIF,1934-01-01,0,FIDELITY BANK,SAVANNA-THOMSON INVESTMENT INC,4864.0,3,6,0,0,FDIC,2025-09-30,3084999.0,4,IL,1,0,61074
NM,1.0,57540,ONEONTA,9065.0,0.0,2022-08-31,0.0,10117.0,360.0,1052.0,2003-10-20,5,5,6,SHELBY,57540_20250930,DIF,2003-10-20,0,THE HOMETOWN BANK OF ALABAMA,HOMETOWN BCORP OF ALABAMA INC,15501.0,5,5,0,0,FDIC,2025-09-30,3451603.0,8,AL,0,0,35121
NM,0.0,57542,HENDERSON,232799.0,0.0,2023-11-18,37.0,249291.0,40911.0,16455.0,2004-08-16,14,14,12,PHOENIX,57542_20250930,DIF,2004-08-16,0,TOYOTA FINANCIAL SAVINGS BANK,Unknown,90728.0,4,1,0,0,FDIC,2025-09-30,0.0,9,NV,0,0,89074
N,1.0,57543,FORT WORTH,6884.0,0.0,2022-08-31,0.0,6884.0,0.0,0.0,2003-05-28,13,13,11,DALLAS,57543_20250930,DIF,2003-05-28,0,"TRINITY BANK, N.A.",Unknown,15314.0,5,1,0,0,OCC,2025-09-30,0.0,4,TX,0,0,76107
SM,1.0,57548,TOPEKA,3544.0,0.0,2025-08-16,110.0,3693.0,788.0,39.0,2003-04-14,11,11,10,KANSAS CITY,57548_20250930,DIF,2003-04-14,0,HERITAGE BANK,HERITAGE BANCSHARES INC,5306.0,4,3,0,0,FED,2025-09-30,3120310.0,4,KS,1,0,66614
NM,1.0,57554,CULLMAN,12445.0,0.0,2022-08-31,5.0,12994.0,3039.0,544.0,2003-08-04,5,5,6,SHELBY,57554_20250930,DIF,2003-08-04,0,TRADITIONS BANK,TRADITIONS BANCSHARES INC,30112.0,5,6,0,0,FDIC,2025-09-30,3194683.0,4,AL,0,0,35055
NM,0.0,57565,SALT LAKE CITY,2319058.0,0.0,2022-08-31,8692.0,2549637.0,17292.0,221887.0,2003-09-15,14,14,12,SALT LAKE CITY,57565_20250930,DIF,2003-09-15,0,UBS BANK USA,UBS GROUP AG,1699893.0,4,1,0,0,FDIC,2025-09-30,4795461.0,9,UT,0,0,84111
NM,1.0,57569,HAMILTON,3576.0,0.0,2022-08-31,0.0,3586.0,284.0,10.0,2004-07-23,5,5,6,SHELBY,57569_20250930,DIF,2004-07-23,0,PEOPLESTRUST BANK,HOMETOWN BANCSHARES INC,4987.0,5,3,0,0,FDIC,2025-09-30,3231373.0,4,AL,0,0,35570
NM,0.0,57570,DRAPER,306853.0,0.0,2023-07-12,0.0,351076.0,601841.0,44223.0,2003-12-01,14,2,12,SALT LAKE CITY,57570_20250930,DIF,2003-12-01,0,COMENITY CAPITAL BANK,Unknown,1768370.0,4,1,0,0,FDIC,2025-09-30,0.0,3,UT,0,0,84020
NM,1.0,57571,SALT LAKE CITY,2745.0,0.0,2022-08-31,0.0,3122.0,656.0,377.0,2003-11-03,14,14,12,SALT LAKE CITY,57571_20250930,DIF,2003-11-03,0,CONTINENTAL BANK,CONTINENTAL BCORP,7596.0,4,1,0,0,FDIC,2025-09-30,3191459.0,4,UT,1,0,84101
NM,1.0,57576,LEBANON,6330.0,0.0,2022-08-31,0.0,6457.0,922.0,127.0,2003-09-22,11,11,8,SPRINGFIELD MO,57576_20250930,DIF,2003-09-22,0,HERITAGE BANK OF THE OZARKS,CORNERSTONE BANCSHARES INC,10907.0,4,3,0,0,FDIC,2025-09-30,3199820.0,4,MO,0,0,65536
NM,1.0,57579,BAXLEY,3516.0,0.0,2022-08-31,0.0,3582.0,225.0,66.0,2004-05-11,5,5,6,ALBANY GA,57579_20250930,DIF,2004-05-11,0,COMMUNITY BANK OF GEORGIA,COMMUNITY BANK OF GEORGIA INC,8019.0,5,2,0,0,FDIC,2025-09-30,3213324.0,2,GA,0,0,31513
NM,1.0,57585,GLENDALE,19401.0,0.0,2024-06-30,0.0,20210.0,780.0,809.0,2003-12-01,14,14,12,LOS ANGELES,57585_20250930,DIF,2003-12-01,0,GOLDEN STATE BANK,GOLDEN STATE BCORP,26150.0,4,3,0,0,FDIC,2025-09-30,4725589.0,4,CA,0,0,91203
NM,1.0,57587,MONUMENT,5202.0,0.0,2022-08-31,0.0,5865.0,478.0,663.0,2003-08-11,13,13,10,DENVER,57587_20250930,DIF,2003-08-11,0,INTEGRITY BANK & TRUST,INTEGRITY CAPITAL HOLDINGS INC,12510.0,4,6,0,0,FDIC,2025-09-30,3184853.0,4,CO,0,1,80132
NM,1.0,57591,SANTA CRUZ,22437.0,0.0,2025-04-01,4.0,22849.0,5492.0,408.0,2004-02-03,14,14,12,SAN FRANCISCO,57591_20250930,DIF,2004-02-03,0,WEST COAST COMMUNITY BANK,WEST COAST COMMUNITY BCORP,101502.0,4,10,0,0,FDIC,2025-09-30,5851711.0,4,CA,0,0,95060
NM,0.0,57598,DELAND,10832.0,0.0,2022-08-31,1.0,10915.0,2084.0,82.0,2003-10-24,5,9,6,TAMPA,57598_20250930,DIF,2003-10-24,0,MAINSTREET COMMUNITY BANK OF FLORIDA,NORTHSTAR FINANCIAL GROUP INC,22020.0,5,9,0,0,FDIC,2025-09-30,2958990.0,4,FL,0,0,32720
N,1.0,57603,FOLEY,16456.0,0.0,2022-08-31,0.0,16618.0,2070.0,162.0,2003-07-01,11,11,9,MINNEAPOLIS,57603_20250930,DIF,2003-07-01,0,FALCON NATIONAL BANK,CENTRA VENTURES INC,28482.0,3,6,0,0,OCC,2025-09-30,3184219.0,4,MN,0,0,56329
NM,0.0,57607,DENVER,58901.0,0.0,2022-08-31,0.0,60873.0,4110.0,1972.0,2004-03-17,13,13,10,DENVER,57607_20250930,DIF,2004-03-17,0,FIRST WESTERN TRUST BANK,FIRST WESTERN FINANCIAL INC,56842.0,4,15,0,0,FDIC,2025-09-30,3189906.0,4,CO,0,1,80202
NM,1.0,57610,EUREKA,3621.0,0.0,2022-08-31,0.0,3704.0,-74.0,83.0,2004-03-01,14,14,12,SACRAMENTO,57610_20250930,DIF,2004-03-01,0,REDWOOD CAPITAL BANK,REDWOOD CAPITAL BCORP,14977.0,4,4,0,0,FDIC,2025-09-30,3552032.0,4,CA,0,0,95501
NM,1.0,57614,POTOMAC,180126.0,0.0,2022-08-31,12.0,181881.0,17372.0,1743.0,2003-10-17,2,2,5,BALTIMORE,57614_20250930,DIF,2003-10-17,0,FORBRIGHT BANK,FORBRIGHT INC,201790.0,1,4,0,0,FDIC,2025-09-30,3391129.0,4,MD,0,0,20854
NM,1.0,57624,CLARION,4386.0,0.0,2022-08-31,0.0,4471.0,70.0,85.0,2004-01-07,2,2,4,WEXFORD,57624_20250930,DIF,2004-01-07,0,CLARION COUNTY COMMUNITY BANK,CCCB BCORP INC,5719.0,1,5,0,0,FDIC,2025-09-30,5493876.0,4,PA,0,0,16214
NM,1.0,57626,SAGINAW,4231.0,0.0,2022-08-31,0.0,4466.0,200.0,235.0,2004-04-12,9,9,7,DETROIT,57626_20250930,DIF,2004-04-12,0,1ST STATE BANK,1ST STATE FINANCIAL LTD,13647.0,3,5,0,0,FDIC,2025-09-30,3223293.0,4,MI,0,0,48604
NM,1.0,57632,MCMINNVILLE,3521.0,0.0,2022-08-31,0.0,3521.0,45.0,0.0,2003-11-24,13,13,6,NASHVILLE,57632_20250930,DIF,2003-11-24,0,HOMELAND COMMUNITY BANK,HOMELAND COMMUNITY BCORP INC,5429.0,5,4,0,0,FDIC,2025-09-30,5760756.0,4,TN,0,0,37110
SI,1.0,57633,MOUNTLAKE TERRAC,42441.0,0.0,2023-02-27,1.0,48225.0,5922.0,5783.0,2004-04-01,14,14,12,SEATTLE,57633_20250930,DIF,2004-04-01,0,1ST SECURITY BANK OF WASHINGTON,FS BCORP INC,98238.0,4,22,0,0,FDIC,2025-09-30,4347208.0,4,WA,0,0,98043
NM,1.0,57640,JASPER,863.0,0.0,2022-08-31,0.0,876.0,90.0,13.0,2004-03-29,5,5,6,SHELBY,57640_20250930,DIF,2004-03-29,0,BANK OF WALKER COUNTY,RELATIONS BANCSHARES INC,3508.0,5,2,0,0,FDIC,2025-09-30,3569049.0,4,AL,1,0,35501
NM,1.0,57644,MENDOTA HEIGHTS,4616.0,0.0,2022-08-31,0.0,4616.0,-185.0,0.0,2004-01-20,11,11,9,MINNEAPOLIS,57644_20250930,DIF,2004-01-20,0,GATEWAY BANK,GATEWAY BCORP INC,7420.0,3,2,0,0,FDIC,2025-09-30,3223396.0,4,MN,1,0,55118
NM,1.0,57656,GREENEVILLE,2665.0,0.0,2022-08-31,0.0,2949.0,133.0,284.0,2003-12-03,13,13,6,KNOXVILLE,57656_20250930,DIF,2003-12-03,0,HERITAGE COMMUNITY BANK,Unknown,4940.0,5,4,0,0,FDIC,2025-09-30,0.0,4,TN,0,0,37745
SM,1.0,57665,DALLAS,231063.0,0.0,2022-12-31,0.0,231206.0,22550.0,143.0,2004-01-23,13,13,11,DALLAS,57665_20250930,DIF,2004-01-23,0,VERITEX COMMUNITY BANK,VERITEX HOLDINGS INC,297945.0,5,34,0,0,FED,2025-09-30,4105266.0,4,TX,0,0,75225
SM,1.0,57672,STATEN ISLAND,9328.0,0.0,2022-08-31,0.0,10779.0,-28.0,1451.0,2004-06-28,2,2,2,NEW YORK CITY,57672_20250930,DIF,2004-06-28,0,EMPIRE STATE BANK,ES BANCSHARES INC,12937.0,1,7,0,0,FED,2025-09-30,3439610.0,4,NY,0,0,10314
NM,1.0,57684,LEBANON,6044.0,0.0,2022-08-31,146.0,6553.0,131.0,363.0,2004-04-19,13,13,6,NASHVILLE,57684_20250930,DIF,2004-04-19,0,CEDARSTONE BANK,CEDARSTONE FINANCIAL INC,7376.0,5,3,0,0,FDIC,2025-09-30,4463126.0,4,TN,0,0,37087
N,1.0,57686,BREMEN,9612.0,0.0,2022-08-31,0.0,10070.0,338.0,458.0,2004-10-04,5,5,6,ATLANTA,57686_20250930,DIF,2004-10-04,0,"AMERICAN COMMERCE BANK, NATIONAL ASSOCIATION",AMERICAN COM BANCSHARES INC,15919.0,5,4,0,0,OCC,2025-09-30,3272947.0,4,GA,0,0,30110
NM,1.0,5768,COVINGTON,6298.0,0.0,2022-08-31,0.0,6298.0,-4.0,0.0,1903-01-01,9,9,7,INDIANAPOLIS,5768_20250930,DIF,1934-01-01,0,THE FOUNTAIN TRUST COMPANY,PIPER HOLDINGS INC,18248.0,3,16,0,0,FDIC,2025-09-30,3033045.0,2,IN,0,1,47932
N,1.0,57694,BAINBRIDGE,5967.0,0.0,2022-08-31,17.0,6049.0,90.0,65.0,2004-04-05,5,5,6,ALBANY GA,57694_20250930,DIF,2004-04-05,0,FIRST NATIONAL BANK OF DECATUR COUNTY,BAINBRIDGE BANCSHARES INC,7629.0,5,5,0,0,OCC,2025-09-30,3232361.0,4,GA,0,0,39819
N,0.0,57701,CHICAGO,37890.0,0.0,2022-08-31,97.0,40310.0,5702.0,2323.0,2004-04-01,9,9,7,CHICAGO,57701_20250930,DIF,2004-04-01,0,"BEVERLY BANK & TRUST COMPANY, NATIONAL ASSOCIATION",WINTRUST FINANCIAL CORP,66085.0,3,8,0,0,OCC,2025-09-30,2260406.0,4,IL,0,0,60643
N,1.0,57703,DALLAS,25249.0,0.0,2022-08-31,0.0,25328.0,4695.0,79.0,2004-11-02,13,13,11,DALLAS,57703_20250930,DIF,2004-11-02,0,"T BANK, NATIONAL ASSOCIATION",TECTONIC FINANCIAL INC,31117.0,5,1,0,0,OCC,2025-09-30,5077977.0,4,TX,0,0,75248
NM,1.0,57706,EUGENE,18179.0,0.0,2022-08-31,21.0,18213.0,5663.0,13.0,2004-02-23,14,14,12,PORTLAND,57706_20250930,DIF,2004-02-23,0,SUMMIT BANK,SUMMIT BANK GROUP INC,42565.0,4,5,0,0,FDIC,2025-09-30,5513804.0,4,OR,0,0,97401
NM,1.0,57710,CATSKILL,24102.0,0.0,2022-08-31,0.0,24102.0,0.0,0.0,2004-05-20,2,2,2,SYRACUSE,57710_20250930,DIF,2004-05-20,0,GREENE COUNTY COMMERCIAL BANK,GREENE COUNTY BCORP MHC,10241.0,1,1,0,21591,FDIC,2025-09-30,2728595.0,9,NY,0,0,12414
SM,0.0,57716,WALNUT CREEK,27797.0,0.0,2022-08-31,0.0,27797.0,3818.0,0.0,2004-07-20,14,14,12,SAN FRANCISCO,57716_20250930,DIF,2004-07-20,0,UNITED BUSINESS BANK,BAYCOM CORP,72608.0,4,34,0,0,FED,2025-09-30,5069897.0,4,CA,0,0,94596
NM,1.0,57740,SALINAS,7606.0,0.0,2022-08-31,2.0,7789.0,0.0,181.0,2004-09-14,14,14,12,SAN FRANCISCO,57740_20250930,DIF,2004-09-14,0,PACIFIC VALLEY BANK,PACIFIC VALLEY BCORP,15161.0,4,4,0,0,FDIC,2025-09-30,5654426.0,4,CA,0,0,93901
NM,1.0,57741,ALAMOSA,6438.0,0.0,2022-08-31,53.0,7927.0,631.0,1436.0,2004-07-09,13,13,10,DENVER,57741_20250930,DIF,2004-07-09,0,FIRST SOUTHWEST BANK,FIRST SOUTHWEST BCORP INC,13923.0,4,6,0,0,FDIC,2025-09-30,3228681.0,4,CO,0,0,81101
SM,1.0,57742,FAIRFAX,44803.0,0.0,2022-08-31,93.0,44896.0,-398.0,0.0,2004-05-26,5,5,5,RICHMOND,57742_20250930,DIF,2004-05-26,0,MAINSTREET BANK,MAINSTREET BANCSHARES INC,54816.0,1,6,0,0,FED,2025-09-30,4977397.0,4,VA,0,0,22030
NM,1.0,57754,SOUTH HOLLAND,18487.0,0.0,2022-08-31,5.0,19626.0,270.0,1134.0,2004-09-20,9,9,7,CHICAGO,57754_20250930,DIF,2004-09-20,0,PROVIDENCE BANK & TRUST,PROVIDENCE FINANCIAL CORP,39906.0,3,16,0,0,FDIC,2025-09-30,4656964.0,4,IL,0,1,60473
SM,1.0,57756,HILTON HEAD ISLA,39355.0,0.0,2023-06-21,1.0,39487.0,2034.0,131.0,2004-08-09,5,5,5,COLUMBIA SC,57756_20250930,DIF,2004-08-09,0,COASTAL STATES BANK,COASTALSOUTH BANCSHARES INC,55220.0,1,11,0,0,FED,2025-09-30,3274727.0,4,SC,0,0,29928
NM,1.0,57777,WAYNE,51587.0,0.0,2023-04-24,12.0,56116.0,11865.0,4517.0,2004-07-08,2,2,3,PHILADELPHIA,57777_20250930,DIF,2004-07-08,0,MERIDIAN BANK,MERIDIAN CORP,67372.0,1,6,0,0,FDIC,2025-09-30,5033580.0,4,PA,0,0,19087
NM,1.0,57784,FRANKLIN,2533.0,0.0,2022-08-31,0.0,2566.0,-100.0,33.0,2004-10-04,5,5,5,CHARLOTTE,57784_20250930,DIF,2004-10-04,0,NANTAHALA BANK & TRUST COMPANY,Unknown,8110.0,1,3,0,0,FDIC,2025-09-30,0.0,4,NC,0,0,28734
NM,1.0,57785,LAKEVILLE,2324.0,0.0,2022-08-31,0.0,2355.0,150.0,31.0,2004-07-08,11,11,9,MINNEAPOLIS,57785_20250930,DIF,2004-07-08,0,LAKEVIEW BANK,LAKEVIEW BCORP INC,5401.0,3,2,0,0,FDIC,2025-09-30,3253825.0,4,MN,0,0,55044
NM,1.0,5779,BROWNSTOWN,1695.0,0.0,2022-08-31,0.0,1695.0,70.0,0.0,1934-01-01,9,9,8,INDIANAPOLIS,5779_20250930,DIF,1934-01-01,0,THE PEOPLES BANK,TPB BCORP,7425.0,3,4,0,0,FDIC,2025-09-30,1130409.0,8,IN,0,1,47220
SM,0.0,57803,SANDY,4076000.0,0.0,2022-08-31,4000.0,4288000.0,985000.0,208000.0,2004-08-02,14,16,12,SALT LAKE CITY,57803_20250930,DIF,2004-08-02,0,ALLY BANK,ALLY FINANCIAL INC,4908000.0,4,1,0,0,FED,2025-09-30,1562859.0,6,UT,0,1,84070
SB,1.0,57807,ASTORIA,19683.0,0.0,2023-05-17,0.0,19686.0,485.0,3.0,2005-03-14,2,2,2,NEW YORK CITY,57807_20250930,DIF,2005-03-14,0,QUONTIC BANK,QUONTIC BANK ACQUISITION CORP,20726.0,1,1,0,0,OCC,2025-09-30,4098537.0,5,NY,0,0,11106
NM,1.0,57813,POPLAR BLUFF,26167.0,0.0,2022-08-31,0.0,26197.0,580.0,30.0,2004-10-19,11,11,8,ST. LOUIS,57813_20250930,DIF,2004-10-19,0,STERLING BANK,STERLING BANCSHARES INC,45723.0,4,16,0,0,FDIC,2025-09-30,3283587.0,4,MO,0,0,63901
NM,0.0,57815,MIAMI,57734.0,18636.0,2023-01-17,12.0,87267.0,4311.0,10885.0,2006-01-10,5,5,6,SOUTH FLORIDA,57815_20250930,DIF,2006-01-10,0,BANESCO USA,Unknown,114800.0,5,5,1,0,FDIC,2025-09-30,0.0,4,FL,0,0,33122
SM,1.0,57825,NASHVILLE,23028.0,0.0,2024-05-28,8.0,24240.0,777.0,1204.0,2004-08-30,13,13,6,NASHVILLE,57825_20250930,DIF,2004-08-30,0,TRUXTON TRUST COMPANY,TRUXTON CORP,24891.0,5,1,0,0,FED,2025-09-30,3925065.0,4,TN,0,1,37215
NM,0.0,57833,LAS VEGAS,234836.0,0.0,2024-01-01,0.0,377136.0,22807.0,142300.0,2004-08-02,14,13,12,PHOENIX,57833_20250930,DIF,2004-08-02,0,BEAL BANK USA,Unknown,261206.0,4,11,0,0,FDIC,2025-09-30,0.0,9,NV,0,0,89134
NM,1.0,57834,NEW YORK,0.0,0.0,2022-08-31,0.0,0.0,0.0,0.0,2004-07-09,2,5,2,NEW YORK CITY,57834_20250930,DIF,2004-07-09,0,EMIGRANT MERCANTILE BANK,NEW YORK PRIVATE B&T CORP,103.0,1,1,0,0,FDIC,2025-09-30,3212091.0,7,NY,0,0,10017
NM,1.0,57841,OKLAHOMA CITY,11840.0,0.0,2022-08-31,1.0,13047.0,872.0,1206.0,2004-10-20,13,13,10,OKLAHOMA CITY,57841_20250930,DIF,2004-10-20,0,VALLIANCE BANK,VALLIANCE FINANCIAL CORP,31482.0,5,6,0,0,FDIC,2025-09-30,3447400.0,4,OK,0,0,73118
NM,1.0,57857,GRAND JUNCTION,8153.0,0.0,2022-12-13,0.0,9150.0,1385.0,997.0,2004-10-25,13,13,10,DENVER,57857_20250930,DIF,2004-10-25,0,TIMBERLINE BANK,TIMBERLINE BCORP,22340.0,4,3,0,0,FDIC,2025-09-30,3282713.0,4,CO,0,0,81505
NM,1.0,57867,COLUMBIA,4101.0,0.0,2022-08-31,4.0,4268.0,315.0,163.0,2004-12-06,9,9,8,LOUISVILLE,57867_20250930,DIF,2004-12-06,0,UNITED CITIZENS BANK OF SOUTHERN KENTUCKY,UNITED CITIZENS BCORP INC,8863.0,3,6,0,0,FDIC,2025-09-30,3370085.0,8,KY,0,0,42728
NM,1.0,57869,HAZARD,6061.0,0.0,2022-08-31,0.0,6069.0,230.0,8.0,2004-12-13,9,9,4,LEXINGTON,57869_20250930,DIF,2004-12-13,0,"1ST TRUST BANK, INC.",Unknown,7066.0,3,4,0,0,FDIC,2025-09-30,0.0,4,KY,0,0,41701
NM,1.0,5786,SANTA CLAUS,1249.0,0.0,2022-08-31,0.0,1249.0,173.0,0.0,1927-08-19,9,9,8,INDIANAPOLIS,5786_20250930,DIF,1934-01-01,0,SPENCER COUNTY BANK,Unknown,3463.0,3,5,0,0,FDIC,2025-09-30,0.0,5,IN,0,1,47579
NM,1.0,57872,WEST LINN,5588.0,0.0,2022-08-31,0.0,5942.0,291.0,354.0,2004-11-05,14,14,12,PORTLAND,57872_20250930,DIF,2004-11-05,0,PACIFIC WEST BANK,PACIFIC WEST BCORP,7894.0,4,4,0,0,FDIC,2025-09-30,5784930.0,4,OR,0,0,97068
SM,1.0,57873,LOS ANGELES,37474.0,0.0,2022-08-31,0.0,37597.0,1560.0,123.0,2005-03-03,14,14,12,LOS ANGELES,57873_20250930,DIF,2005-03-03,0,COMMONWEALTH BUSINESS BANK,CBB BCORP INC,45600.0,4,11,0,0,FED,2025-09-30,5124938.0,4,CA,0,0,90010
NM,1.0,57874,MEMPHIS,15948.0,0.0,2022-08-31,61.0,16249.0,0.0,240.0,2005-01-19,13,13,8,NASHVILLE,57874_20250930,DIF,2005-01-19,0,PARAGON BANK,PARAGON FINL SOLUTIONS INC,24676.0,5,10,0,0,FDIC,2025-09-30,4645324.0,4,TN,0,0,38119
NM,1.0,57882,LOGANVILLE,2562.0,0.0,2022-08-31,0.0,2707.0,196.0,145.0,2005-03-15,5,5,6,ATLANTA,57882_20250930,DIF,2005-03-15,0,LEGACY STATE BANK,Unknown,5163.0,5,2,0,0,FDIC,2025-09-30,0.0,4,GA,0,0,30052
NM,1.0,57884,HAZELWOOD,2062.0,0.0,2023-08-28,0.0,2067.0,-69.0,5.0,2004-12-30,11,11,8,ST. LOUIS,57884_20250930,DIF,2004-12-30,0,PARAMOUNT BANK,PARAMOUNT FINANCIAL GROUP INC,1482.0,4,3,0,0,FDIC,2025-09-30,5119363.0,6,MO,0,0,63042
N,0.0,57890,TYSONS,2924068.0,158105.0,2022-08-31,207713.0,3462818.0,57271.0,172932.0,2004-07-01,5,16,5,RICHMOND,57890_20250930,DIF,2004-07-01,0,"HSBC BANK USA, NATIONAL ASSOCIATION",HSBC HOLDINGS PLC,1964386.0,1,22,0,0,OCC,2025-09-30,1857108.0,9,VA,0,1,22102
NM,1.0,57892,FARGO,4057.0,0.0,2024-06-30,0.0,4057.0,3455.0,0.0,2004-12-31,11,11,9,FARGO,57892_20250930,DIF,2004-12-31,0,VISIONBANK,BRAVERA HOLDINGS CORP,7345.0,3,3,0,0,FDIC,2025-09-30,1133781.0,4,ND,0,0,58103
NM,1.0,57897,MARION,3662.0,0.0,2022-08-31,0.0,5171.0,586.0,1509.0,2005-05-31,9,9,8,MOUNT VERNON,57897_20250930,DIF,2005-05-31,0,SOUTHERNTRUST BANK,SOUTH PORTE FINANCIAL INC,6925.0,3,3,0,0,FDIC,2025-09-30,4456593.0,4,IL,0,0,62959
NM,1.0,57899,SAINT PETERS,3063.0,0.0,2022-08-31,0.0,3287.0,1322.0,224.0,2005-01-31,11,11,8,ST. LOUIS,57899_20250930,DIF,2005-01-31,0,1ST ADVANTAGE BANK,BANC INVESTORS LLC,5181.0,4,1,0,0,FDIC,2025-09-30,4526496.0,4,MO,0,0,63376
NM,1.0,57901,DALLAS,5200.0,0.0,2022-08-31,0.0,5253.0,710.0,53.0,2005-04-04,13,13,11,DALLAS,57901_20250930,DIF,2005-04-04,0,ONE WORLD BANK,ONE WORLD HOLDING INC,9613.0,5,5,0,0,FDIC,2025-09-30,3311109.0,4,TX,0,0,75229
NM,0.0,57903,SANTA ROSA,155913.0,0.0,2025-04-11,2.0,174403.0,6500.0,18488.0,2005-01-28,14,14,12,SAN FRANCISCO,57903_20250930,DIF,2005-01-28,0,POPPY BANK,BIG POPPY HOLDINGS INC,144599.0,4,37,0,0,FDIC,2025-09-30,3602245.0,4,CA,0,0,95404
NM,1.0,57910,NASHUA,994.0,0.0,2024-06-30,28.0,1055.0,0.0,33.0,2005-02-21,11,11,7,CEDAR RAPIDS,57910_20250930,DIF,2005-02-21,0,FIRST STATE BANK,READLYN BANCSHARES INC,1759.0,4,1,0,0,FDIC,2025-09-30,1139327.0,2,IA,0,1,50658
NM,1.0,57915,GROVE,3081.0,0.0,2022-08-31,2.0,3083.0,0.0,0.0,2005-06-09,13,13,10,OKLAHOMA CITY,57915_20250930,DIF,2005-06-09,0,BANK OF GRAND LAKE,TOWNSEND HOLDING CO,5994.0,5,2,0,0,FDIC,2025-09-30,4446521.0,8,OK,1,0,74344
NM,1.0,57919,ENGLEWOOD CLIFFS,189440.0,0.0,2025-06-01,10.0,201299.0,44700.0,11849.0,2005-01-15,2,2,2,JAMESBURG,57919_20250930,DIF,2005-01-15,0,CONNECTONE BANK,CONNECTONE BCORP INC,257229.0,1,61,0,0,FDIC,2025-09-30,1048764.0,4,NJ,0,1,07632
NM,1.0,5791,BELMOND,1722.0,0.0,2024-06-30,238.0,1960.0,100.0,0.0,1933-07-01,11,11,7,DES MOINES,5791_20250930,DIF,1934-01-01,0,FIRST STATE BANK,FIRST BELMOND BCORP,1933.0,4,1,0,0,FDIC,2025-09-30,1204887.0,8,IA,0,1,50421
NM,1.0,57920,WOODS CROSS,25805.0,0.0,2022-08-31,0.0,25805.0,9382.0,0.0,2004-12-08,14,14,12,SALT LAKE CITY,57920_20250930,DIF,2004-12-08,0,PRIME ALLIANCE BANK,Unknown,31988.0,4,1,0,0,FDIC,2025-09-30,0.0,4,UT,1,0,84010
NM,1.0,57922,DALLAS,10645.0,0.0,2023-05-11,3.0,11185.0,2407.0,537.0,2005-03-04,13,13,11,DALLAS,57922_20250930,DIF,2005-03-04,0,HARMONY BANK,HARMONY BANCSHARES INC,26397.0,5,11,0,0,FDIC,2025-09-30,4805829.0,4,TX,0,0,75204
NM,1.0,57923,GAINESVILLE,9914.0,0.0,2023-01-03,0.0,9914.0,270.0,0.0,2005-04-27,5,5,6,ATLANTA,57923_20250930,DIF,2005-04-27,0,PEACH STATE BANK & TRUST,PEACH STATE BANCSHARES INC,19493.0,5,3,0,0,FDIC,2025-09-30,5010479.0,4,GA,0,0,30501
NM,1.0,5792,BREDA,1254.0,0.0,2024-06-30,1.0,1577.0,26.0,322.0,1890-01-01,11,11,7,DES MOINES,5792_20250930,DIF,1934-01-01,0,BREDA SAVINGS BANK,VAN FINANCIAL CORP,2058.0,4,1,0,0,FDIC,2025-09-30,3943528.0,2,IA,0,1,51436
SM,1.0,57931,PALM BEACH GARDE,7840.0,0.0,2022-12-14,2.0,9420.0,987.0,1578.0,2005-03-22,5,5,6,SOUTH FLORIDA,57931_20250930,DIF,2005-03-22,0,ANCHOR BANK,ANCHOR BCORP INC,11284.0,5,6,0,0,FED,2025-09-30,5474820.0,4,FL,0,0,33418
NM,1.0,57933,NORTH LAS VEGAS,1615.0,0.0,2023-11-18,0.0,1615.0,219.0,0.0,2005-08-01,14,14,12,PHOENIX,57933_20250930,DIF,2005-08-01,0,VALLEY BANK OF NEVADA,Unknown,6331.0,4,3,0,0,FDIC,2025-09-30,0.0,4,NV,0,0,89031
NM,0.0,57944,LOS ANGELES,51525.0,0.0,2023-11-18,0.0,53561.0,3117.0,2036.0,2005-06-10,14,14,12,LOS ANGELES,57944_20250930,DIF,2005-06-10,0,OPEN BANK,OP BCORP,57486.0,4,17,0,0,FDIC,2025-09-30,4980409.0,4,CA,0,0,90017
NM,1.0,57952,BOZEMAN,1335.0,0.0,2022-08-31,0.0,1517.0,0.0,182.0,2005-04-15,14,11,9,BILLINGS,57952_20250930,DIF,2005-04-15,0,BANK OF BOZEMAN,BOZEMAN BCORP INC,2965.0,4,1,0,0,FDIC,2025-09-30,3308510.0,4,MT,0,0,59718
N,1.0,57953,SPRINGDALE,19658.0,0.0,2022-08-31,0.0,19658.0,995.0,0.0,2005-03-28,13,13,8,LITTLE ROCK,57953_20250930,DIF,2005-03-28,0,LEGACY NATIONAL BANK,LEGACY BANCSHARES INC,28806.0,5,10,0,0,OCC,2025-09-30,5070192.0,4,AR,0,0,72762
N,0.0,57957,PROVIDENCE,2414625.0,0.0,2024-11-17,17513.0,2764421.0,471000.0,332283.0,2005-05-13,2,16,1,SOUTH BOSTON,57957_20250930,DIF,2005-05-13,0,"CITIZENS BANK, NATIONAL ASSOCIATION",CITIZENS FINANCIAL GROUP INC,4448661.0,1,990,0,0,OCC,2025-09-30,1132449.0,9,RI,0,1,02903
NM,1.0,57967,EXTON,12347.0,0.0,2022-08-31,0.0,12867.0,494.0,520.0,2005-05-02,2,2,3,PHILADELPHIA,57967_20250930,DIF,2005-05-02,0,FIRST RESOURCE BANK,FIRST RESOURCE BCORP INC,18148.0,1,3,0,0,FDIC,2025-09-30,5690134.0,4,PA,0,0,19341
SM,0.0,57968,TAPPAHANNOCK,60460.0,0.0,2023-09-01,56.0,61393.0,9862.0,877.0,2005-04-14,5,5,5,RICHMOND,57968_20250930,DIF,2005-04-14,0,PRIMIS BANK,PRIMIS FINANCIAL CORP,85577.0,1,28,0,0,FED,2025-09-30,3325740.0,4,VA,0,0,22560
NM,1.0,5796,WEST DES MOINES,4418.0,0.0,2024-06-30,0.0,4418.0,0.0,0.0,1931-01-01,11,11,7,DES MOINES,5796_20250930,DIF,1934-01-01,0,EARLHAM SAVINGS BANK,Unknown,9645.0,4,9,0,0,FDIC,2025-09-30,0.0,2,IA,0,1,50266
N,1.0,57974,WESTMINSTER,986.0,0.0,2024-04-10,0.0,986.0,0.0,0.0,2005-11-30,14,14,12,ORANGE,57974_20250930,DIF,2005-11-30,0,"CALIFORNIA INTERNATIONAL BANK, N.A.",Unknown,3607.0,4,1,0,0,OCC,2025-09-30,0.0,4,CA,0,0,92683
NM,1.0,5797,NORTHWOOD,2304.0,0.0,2024-06-30,3.0,3018.0,732.0,711.0,1921-11-15,11,11,7,DES MOINES,5797_20250930,DIF,1934-01-01,0,FARMERS STATE BANK,FARMERS STATE BANCSHARES INC,5527.0,4,8,0,0,FDIC,2025-09-30,2471985.0,2,IA,0,1,50459
NM,1.0,57990,MILFORD,2840.0,0.0,2024-10-24,0.0,2840.0,135.0,0.0,2005-08-15,9,9,7,DETROIT,57990_20250930,DIF,2005-08-15,0,HURON VALLEY STATE BANK,HURON VALLEY BCORP INC,7602.0,3,3,0,0,FDIC,2025-09-30,4859596.0,4,MI,0,0,48381
NM,0.0,57993,BIRMINGHAM,286968.0,0.0,2022-08-31,61321.0,348289.0,27389.0,0.0,2005-05-02,5,5,6,SHELBY,57993_20250930,DIF,2005-05-02,0,SERVISFIRST BANK,SERVISFIRST BANCSHARES INC,390713.0,5,33,0,0,FDIC,2025-09-30,3635319.0,4,AL,0,0,35209
NM,1.0,57997,TUSCALOOSA,29129.0,0.0,2022-08-31,7525.0,36654.0,730.0,0.0,2005-06-10,5,5,6,SHELBY,57997_20250930,DIF,2005-06-10,0,BRYANT BANK,Unknown,73478.0,5,18,0,0,FDIC,2025-09-30,0.0,4,AL,1,0,35406
N,1.0,5800,LE MARS,8699.0,0.0,2024-06-30,10.0,10408.0,55.0,1699.0,1887-01-01,11,11,7,SIOUX CITY,5800_20250930,DIF,1934-01-01,0,"AMERICAN BANK, NATIONAL ASSOCIATION",AMBANK CO INC,12360.0,4,2,0,0,OCC,2025-09-30,1201457.0,2,IA,1,1,51031
NM,1.0,58010,COLUMBIA FALLS,2317.0,0.0,2022-08-31,0.0,2350.0,50.0,33.0,2005-04-12,14,14,9,BILLINGS,58010_20250930,DIF,2005-04-12,0,FREEDOM BANK,FREEDOM BCORP,6154.0,4,1,0,0,FDIC,2025-09-30,3314100.0,4,MT,0,0,59912
NM,1.0,58013,BURLINGTON,14913.0,0.0,2024-06-30,2.0,15413.0,956.0,498.0,2005-05-02,11,11,7,CEDAR RAPIDS,58013_20250930,DIF,2005-05-02,0,TWO RIVERS BANK & TRUST,TWO RIVERS FINANCIAL GROUP INC,26679.0,4,14,0,0,FDIC,2025-09-30,1947102.0,4,IA,0,1,52601
NM,1.0,58018,SAINT LOUIS,20351.0,0.0,2022-08-31,0.0,20471.0,1786.0,120.0,2005-06-06,11,11,8,ST. LOUIS,58018_20250930,DIF,2005-06-06,0,ST. LOUIS BANK,ST LOUIS BANCSHARES INC,24656.0,4,2,0,0,FDIC,2025-09-30,3449075.0,4,MO,0,0,63124
SM,1.0,58025,FORT COLLINS,2572.0,0.0,2022-08-31,1.0,2787.0,0.0,214.0,2005-06-27,13,13,10,DENVER,58025_20250930,DIF,2005-06-27,0,VERUS BANK OF COMMERCE,VERUS ACQUISITION GROUP INC,5518.0,4,1,0,0,FED,2025-09-30,4136439.0,4,CO,0,0,80525
NM,1.0,58029,ORLANDO,10959.0,0.0,2025-09-10,20.0,11455.0,373.0,476.0,2005-08-01,5,5,6,TAMPA,58029_20250930,DIF,2005-08-01,0,SUNRISE BANK,SUNRISE BANCSHARES INC,14975.0,5,4,0,0,FDIC,2025-09-30,5114368.0,4,FL,1,0,32801
SM,1.0,58030,BOCA RATON,6000.0,0.0,2025-08-25,0.0,6015.0,200.0,15.0,2005-07-25,5,5,6,SOUTH FLORIDA,58030_20250930,DIF,2005-07-25,0,PARADISE BANK,PARADISE BCORP INC,16116.0,5,3,0,0,FED,2025-09-30,4977342.0,4,FL,1,0,33431
NM,1.0,58037,IRVINE,1502.0,0.0,2023-11-18,0.0,1601.0,0.0,99.0,2005-11-01,14,14,12,ORANGE,58037_20250930,DIF,2005-11-01,0,CALIFORNIA BUSINESS BANK,Unknown,3100.0,4,1,0,0,FDIC,2025-09-30,0.0,4,CA,0,0,92602
NM,1.0,58039,LINO LAKES,9165.0,0.0,2022-11-09,2.0,11075.0,1125.0,1908.0,2005-06-27,11,11,9,MINNEAPOLIS,58039_20250930,DIF,2005-06-27,0,FIRST RESOURCE BANK,AMERI FINANCIAL GROUP INC,18216.0,3,6,0,0,FDIC,2025-09-30,4974293.0,4,MN,0,0,55014
NM,1.0,58049,LOUISVILLE,8741.0,0.0,2023-08-28,0.0,11510.0,50.0,2769.0,2005-10-14,9,9,8,LOUISVILLE,58049_20250930,DIF,2005-10-14,0,"ECLIPSE BANK, INC.",ECLIPSE BCORP INC,8147.0,3,4,0,0,FDIC,2025-09-30,5530632.0,4,KY,0,0,40245
NM,1.0,58054,LAKEWOOD,30085.0,0.0,2022-08-31,0.0,37202.0,1247.0,7117.0,2006-01-30,2,2,3,JAMESBURG,58054_20250930,DIF,2006-01-30,0,FIRST COMMERCE BANK,FIRST COMMERCE BCORP INC,29108.0,1,11,0,0,FDIC,2025-09-30,5809066.0,4,NJ,0,0,08701
NM,1.0,58057,WAYZATA,39632.0,0.0,2022-08-31,1.0,55407.0,2565.0,15774.0,2005-07-01,11,11,9,MINNEAPOLIS,58057_20250930,DIF,2005-07-01,0,TRADITION CAPITAL BANK,TRADITION BANCSHARES INC,49571.0,3,4,0,0,FDIC,2025-09-30,3344312.0,4,MN,0,0,55391
NM,1.0,58060,ROWLAND HEIGHTS,17395.0,0.0,2022-08-31,0.0,17395.0,600.0,0.0,2005-10-13,14,14,12,LOS ANGELES,58060_20250930,DIF,2005-10-13,0,FIRST GENERAL BANK,Unknown,45500.0,4,5,0,0,FDIC,2025-09-30,0.0,4,CA,0,0,91748
NM,1.0,58063,SAINT LOUIS PARK,4805.0,0.0,2022-08-31,0.0,6250.0,-62.0,1445.0,2005-09-12,11,11,9,MINNEAPOLIS,58063_20250930,DIF,2005-09-12,0,VISIONBANK,VISION BANCSHARES INC,7430.0,3,1,0,0,FDIC,2025-09-30,3357068.0,4,MN,1,0,55416
NM,1.0,58069,SAN FRANCISCO,5523.0,0.0,2022-09-01,0.0,5523.0,920.0,0.0,2005-08-01,14,14,12,SAN FRANCISCO,58069_20250930,DIF,2005-08-01,0,BANK OF SAN FRANCISCO,Unknown,20680.0,4,2,0,0,FDIC,2025-09-30,0.0,4,CA,0,0,94104
NM,1.0,58074,ALBANY,4051.0,0.0,2022-08-31,0.0,4722.0,240.0,671.0,2006-02-03,5,5,6,ALBANY GA,58074_20250930,DIF,2006-02-03,0,FLINT COMMUNITY BANK,FLINT COMMUNITY BANCSHARES INC,10208.0,5,2,0,0,FDIC,2025-09-30,3341656.0,4,GA,1,0,31721
NM,1.0,58079,COOKEVILLE,2881.0,0.0,2022-08-31,1.0,2882.0,240.0,0.0,2005-11-28,13,13,6,NASHVILLE,58079_20250930,DIF,2005-11-28,0,PUTNAM 1ST MERCANTILE BANK,FIRST MERCANTILE FINL CORP,4339.0,5,3,0,0,FDIC,2025-09-30,4815501.0,4,TN,1,0,38501
SI,1.0,58082,AUSTIN,3186.0,0.0,2025-07-11,0.0,4284.0,0.0,1098.0,2006-01-09,13,13,11,AUSTIN,58082_20250930,DIF,2006-01-09,0,AUSTIN CAPITAL BANK SSB,GREENBACK FINCORP INC,22686.0,5,15,0,0,FDIC,2025-09-30,5529654.0,6,TX,0,0,78757
NM,1.0,58088,BIRMINGHAM,41666.0,0.0,2022-08-31,0.0,41666.0,11409.0,0.0,2005-10-11,5,5,6,SHELBY,58088_20250930,DIF,2005-10-11,0,SOUTHPOINT BANK,SOUTHPOINT BANCSHARES INC,40009.0,5,11,0,0,FDIC,2025-09-30,4975049.0,4,AL,0,0,35243
NM,1.0,58090,FRESNO,9696.0,0.0,2023-03-13,0.0,9859.0,5009.0,163.0,2005-12-23,14,14,12,SACRAMENTO,58090_20250930,DIF,2005-12-23,0,FFB BANK,FFB BCORP,56415.0,4,1,0,0,FDIC,2025-09-30,4666280.0,4,CA,0,0,93711
NM,1.0,58095,MCCALL,19733.0,0.0,2022-08-31,0.0,19815.0,1695.0,82.0,2005-10-03,14,14,12,SALT LAKE CITY,58095_20250930,DIF,2005-10-03,0,IDAHO FIRST BANK,BAWAG GROUP AG,23034.0,4,9,0,0,FDIC,2025-09-30,5782440.0,4,ID,0,0,83638
NM,1.0,58103,SANDY SPRINGS,4208.0,0.0,2022-08-31,26.0,4709.0,375.0,475.0,2005-11-07,5,5,6,ATLANTA,58103_20250930,DIF,2005-11-07,0,SIGNATURE BANK OF GEORGIA,Unknown,8631.0,5,2,0,0,FDIC,2025-09-30,0.0,4,GA,0,0,30328
NM,1.0,58106,JORDAN,4462.0,0.0,2022-08-31,2.0,4674.0,65.0,210.0,2005-10-20,11,11,9,MINNEAPOLIS,58106_20250930,DIF,2005-10-20,0,RIVERLAND BANK,RIVERLAND BCORP,5485.0,3,2,0,0,FDIC,2025-09-30,3374243.0,4,MN,1,0,55352
SM,1.0,58111,ANNISTON,4010.0,0.0,2022-08-31,0.0,4010.0,700.0,0.0,2005-10-11,5,5,6,SHELBY,58111_20250930,DIF,2005-10-11,0,NOBLEBANK & TRUST,NOBLE BANCSHARES INC,12726.0,5,6,0,0,FED,2025-09-30,5109672.0,4,AL,0,0,36201
NM,1.0,58113,CLEARWATER,9791.0,0.0,2024-03-08,0.0,9970.0,706.0,179.0,2006-01-23,5,5,6,TAMPA,58113_20250930,DIF,2006-01-23,0,FLAGSHIP BANK,WEST FLORIDA BANK CORP,17728.0,5,7,0,0,FDIC,2025-09-30,5406223.0,4,FL,0,0,33761
NM,1.0,58114,BELLEVILLE,6969.0,0.0,2022-08-31,0.0,8423.0,572.0,1454.0,2005-11-04,9,9,8,MOUNT VERNON,58114_20250930,DIF,2005-11-04,0,BANK OF BELLEVILLE,BELLEVILLE BCORP INC,10120.0,3,4,0,0,FDIC,2025-09-30,4421564.0,4,IL,0,0,62220
SM,1.0,58115,SPRINGFIELD,54906.0,0.0,2024-06-29,0.0,54993.0,6027.0,87.0,2005-10-24,11,11,8,SPRINGFIELD MO,58115_20250930,DIF,2005-10-24,0,OAKSTAR BANK,OAKSTAR BANCSHARES INC,80034.0,4,27,0,0,FED,2025-09-30,3376452.0,4,MO,0,0,65807
NM,1.0,58121,FRONTENAC,15011.0,0.0,2022-08-31,0.0,17744.0,825.0,2733.0,2005-10-24,11,11,8,ST. LOUIS,58121_20250930,DIF,2005-10-24,0,TRIAD BANK,TRIAD BCORP INC,26436.0,4,2,0,0,FDIC,2025-09-30,3722376.0,4,MO,0,0,63131
N,1.0,58140,JERICHO,12976.0,0.0,2022-08-31,0.0,12978.0,6705.0,2.0,2006-10-12,2,2,2,NEW YORK CITY,58140_20250930,DIF,2006-10-12,0,"ESQUIRE BANK, NATIONAL ASSOCIATION",ESQUIRE FINANCIAL HOLDINGS INC,87987.0,1,2,0,0,OCC,2025-09-30,4267427.0,4,NY,0,0,11753
NM,0.0,58148,SALT LAKE CITY,9708.0,0.0,2023-10-16,0.0,9720.0,4567.0,12.0,2006-01-26,14,14,12,SALT LAKE CITY,58148_20250930,DIF,2006-01-26,0,MILESTONE BANK,Unknown,18793.0,4,1,0,0,FDIC,2025-09-30,0.0,4,UT,0,0,84101
NM,1.0,5814,AUDUBON,1970.0,0.0,2024-06-30,0.0,2029.0,100.0,59.0,1876-01-01,11,11,7,DES MOINES,5814_20250930,DIF,1934-01-01,0,AUDUBON STATE BANK,AUDUBON COUNTY INVESTMENT CO,4445.0,4,1,0,0,FDIC,2025-09-30,5085664.0,2,IA,1,1,50025
N,1.0,58158,NORTHBROOK,2263.0,0.0,2025-03-14,0.0,2286.0,1540.0,23.0,2006-04-14,9,9,7,CHICAGO,58158_20250930,DIF,2006-04-14,0,"SMARTBIZ BANK, NATIONAL ASSOCIATION",SMARTBIZ BANCSHARES INC,3596.0,3,1,0,0,OCC,2025-09-30,5900806.0,4,IL,0,0,60062
NM,1.0,58164,LEXINGTON,5629.0,0.0,2022-08-31,0.0,5798.0,72.0,169.0,2006-02-06,9,9,4,LEXINGTON,58164_20250930,DIF,2006-02-06,0,"BANK OF LEXINGTON, INC.",FIRST BRECKINRIDGE BANCSHARES,11424.0,3,4,0,0,FDIC,2025-09-30,1119404.0,4,KY,0,0,40503
NM,1.0,58165,CHICAGO,16521.0,0.0,2022-08-31,0.0,16527.0,855.0,6.0,2006-06-14,9,9,7,CHICAGO,58165_20250930,DIF,2006-06-14,0,BELMONT BANK & TRUST COMPANY,BELMONT FINANCIAL GROUP INC,27937.0,3,5,0,0,FDIC,2025-09-30,3391727.0,4,IL,0,0,60634
NM,0.0,58177,SALT LAKE CITY,636075.0,0.0,2022-08-31,0.0,817001.0,354132.0,180926.0,2005-11-28,14,14,12,SALT LAKE CITY,58177_20250930,DIF,2005-11-28,0,SALLIE MAE BANK,Unknown,1161167.0,4,1,0,0,FDIC,2025-09-30,0.0,6,UT,0,0,84101
NM,1.0,5817,ELDORA,6256.0,0.0,2024-06-30,102.0,7340.0,357.0,982.0,1868-01-01,11,11,7,DES MOINES,5817_20250930,DIF,1934-01-01,0,HARDIN COUNTY SAVINGS BANK,HARDIN COUNTY BCORP,7261.0,4,2,0,0,FDIC,2025-09-30,1205240.0,2,IA,1,1,50627
NM,0.0,58181,DORAVILLE,53323.0,0.0,2022-08-31,7.0,66098.0,-279.0,12768.0,2006-04-04,5,5,6,ATLANTA,58181_20250930,DIF,2006-04-04,0,METRO CITY BANK,METROCITY BANKSHARES INC,94472.0,5,20,0,0,FDIC,2025-09-30,4750086.0,4,GA,0,0,30340
NM,1.0,58184,ST THOMAS,4381.0,0.0,2022-08-31,8.0,7312.0,0.0,2923.0,2006-10-30,2,2,2,SAN JUAN,58184_20250930,DIF,2006-10-30,0,MERCHANTS COMMERCIAL BANK,Unknown,11895.0,1,0,2,0,FDIC,2025-09-30,0.0,8,VI,1,0,00802
N,0.0,58188,WILMINGTON,0.0,0.0,2022-08-31,0.0,0.0,0.0,0.0,2005-07-01,2,16,3,CLAYMONT,58188_20250930,DIF,2006-11-24,0,"HSBC TRUST COMPANY (DELAWARE), NATIONAL ASSOCIATION",HSBC HOLDINGS PLC,1881.0,1,1,0,0,OCC,2025-09-30,1857108.0,7,DE,0,1,19801
SM,1.0,58201,TULLAHOMA,7881.0,0.0,2022-08-31,0.0,7974.0,59.0,93.0,2005-11-28,13,13,6,NASHVILLE,58201_20250930,DIF,2005-11-28,0,FIRST VISION BANK OF TENNESSEE,FIRST VISION FINANCIAL INC,10839.0,5,5,0,0,FED,2025-09-30,4547286.0,4,TN,0,0,37388
NM,1.0,58203,FLUSHING,12670.0,0.0,2022-08-31,0.0,12670.0,400.0,0.0,2006-09-29,2,2,2,NEW YORK CITY,58203_20250930,DIF,2006-09-29,0,NEWBANK,Unknown,20237.0,1,6,0,0,FDIC,2025-09-30,0.0,4,NY,0,0,11354
NM,1.0,58208,LEBANON,13873.0,0.0,2022-08-31,4.0,13880.0,850.0,3.0,2006-04-03,13,13,6,NASHVILLE,58208_20250930,DIF,2006-04-03,0,FIRST FREEDOM BANK,FIRST FREEDOM BANCSHARES INC,20575.0,5,6,0,0,FDIC,2025-09-30,3807899.0,4,TN,0,1,37087
NM,1.0,5820,BONAPARTE,738.0,0.0,2024-06-30,0.0,738.0,0.0,0.0,1858-03-17,11,11,7,CEDAR RAPIDS,5820_20250930,DIF,1934-01-01,0,STATE CENTRAL BANK,LOGAN INVESTMENT CORP,2913.0,4,4,0,0,FDIC,2025-09-30,3300215.0,8,IA,1,1,52620
NM,1.0,58210,SAINT LOUIS PARK,99215.0,0.0,2024-12-13,16.0,107172.0,4600.0,7941.0,2005-11-02,11,11,9,MINNEAPOLIS,58210_20250930,DIF,2005-11-02,0,BRIDGEWATER BANK,BRIDGEWATER BANCSHARES INC,101365.0,3,10,0,0,FDIC,2025-09-30,3378764.0,4,MN,0,0,55416
NM,1.0,58214,FRANKFORT,2004.0,0.0,2022-08-31,0.0,2609.0,38.0,605.0,2006-09-18,9,9,7,CHICAGO,58214_20250930,DIF,2006-09-18,0,TOWN CENTER BANK,TC FINANCIAL HOLDINGS INC,4767.0,3,2,0,0,FDIC,2025-09-30,5678235.0,4,IL,0,0,60423
N,0.0,58216,ROSELLE,0.0,0.0,2022-08-31,0.0,0.0,0.0,0.0,2005-05-28,9,16,7,CHICAGO,58216_20250930,DIF,2005-05-28,0,BMO HARRIS CENTRAL NATIONAL ASSOCIATION,BANK OF MONTREAL,7.0,3,1,0,0,OCC,2025-09-30,1231333.0,7,IL,0,0,60172
SM,1.0,58218,WHITTIER,5476.0,0.0,2022-11-23,0.0,6217.0,0.0,741.0,2006-09-18,14,14,12,LOS ANGELES,58218_20250930,DIF,2006-09-18,0,FIRST PACIFIC BANK,FIRST PACIFIC BCORP,11577.0,4,5,0,0,FED,2025-09-30,5609453.0,4,CA,0,0,90603
NM,1.0,5821,LYNNVILLE,4108.0,0.0,2024-09-13,741.0,5130.0,25.0,281.0,1912-01-01,11,11,7,DES MOINES,5821_20250930,DIF,1934-01-01,0,FIRST STATE BANK,FIRST STATE BANK HOLDING CO,9508.0,4,7,0,0,FDIC,2025-09-30,1207114.0,2,IA,1,0,50153
NM,1.0,58220,COLUMBIA,5947.0,0.0,2022-08-31,0.0,5997.0,477.0,50.0,2006-03-06,13,13,6,NASHVILLE,58220_20250930,DIF,2006-03-06,0,HERITAGE BANK & TRUST,HERITAGE FINANCIAL CORP,10924.0,5,5,0,0,FDIC,2025-09-30,5513121.0,4,TN,0,0,38401
N,1.0,58224,CHICO,14931.0,0.0,2022-08-31,0.0,14931.0,-275.0,0.0,2006-03-28,14,14,12,SACRAMENTO,58224_20250930,DIF,2006-03-28,0,COLUMN NATIONAL ASSOCIATION,Unknown,65160.0,4,1,0,0,OCC,2025-09-30,0.0,9,CA,0,0,95926
NM,0.0,58228,BATON ROUGE,127438.0,0.0,2025-04-04,420.0,140994.0,8220.0,13136.0,2006-02-01,13,13,6,BATON ROUGE,58228_20250930,DIF,2006-02-01,0,B1BANK,BUSINESS FIRST BANCSHARES INC,206000.0,5,56,0,0,FDIC,2025-09-30,3488850.0,4,LA,0,0,70801
NM,1.0,58230,CAPE GIRARDEAU,3765.0,0.0,2022-08-31,0.0,3933.0,405.0,168.0,2006-06-30,11,13,8,ST. LOUIS,58230_20250930,DIF,2006-06-30,0,FIRST MISSOURI STATE BANK OF CAPE COUNTY,FMS BCORP INC,5888.0,4,3,0,0,FDIC,2025-09-30,1491463.0,4,MO,1,0,63703
NM,1.0,58234,SAN GABRIEL,10228.0,0.0,2022-08-31,0.0,10623.0,-150.0,395.0,2006-12-27,14,14,12,LOS ANGELES,58234_20250930,DIF,2006-12-27,0,PACIFIC ALLIANCE BANK,Unknown,9000.0,4,3,0,0,FDIC,2025-09-30,0.0,4,CA,0,0,91776
NM,1.0,58239,ROCKY MOUNT,25752.0,0.0,2024-04-09,5.0,26679.0,337.0,922.0,2006-03-14,5,5,5,RALEIGH,58239_20250930,DIF,2006-03-14,0,PROVIDENCE BANK,PB FINANCIAL CORP,38909.0,1,10,0,0,FDIC,2025-09-30,5165070.0,4,NC,0,0,27804
SM,1.0,58243,RESTON,36725.0,0.0,2022-08-31,2.0,38423.0,1063.0,1696.0,2006-04-17,5,5,5,RICHMOND,58243_20250930,DIF,2006-04-17,0,JOHN MARSHALL BANK,JOHN MARSHALL BCORP INC,45669.0,1,8,0,0,FED,2025-09-30,5039724.0,4,VA,0,0,20190
NM,1.0,58255,PRATTVILLE,50845.0,0.0,2022-08-31,172.0,55468.0,5058.0,4451.0,2006-04-03,5,5,6,MONTGOMERY,58255_20250930,DIF,2006-04-03,0,RIVER BANK & TRUST,RIVER FINANCIAL CORP,90266.0,5,23,0,0,FDIC,2025-09-30,4422851.0,4,AL,0,0,36066
NM,1.0,58257,DARIEN,16855.0,0.0,2022-08-31,0.0,18585.0,771.0,1730.0,2006-04-24,2,2,2,WINDSOR,58257_20250930,DIF,2006-04-24,0,DR BANK,ALCAR INC,24678.0,1,2,0,0,FDIC,2025-09-30,3958821.0,6,CT,0,1,06820
N,1.0,58259,KALAMAZOO,14575.0,0.0,2022-10-09,3.0,17145.0,516.0,2567.0,2006-04-12,9,9,7,DETROIT,58259_20250930,DIF,2006-04-12,0,FIRST NATIONAL BANK OF MICHIGAN,FIRST NATIONAL BCORP INC,19887.0,3,7,0,0,OCC,2025-09-30,3404458.0,4,MI,0,0,49007
NM,1.0,58263,NEW YORK,5376.0,0.0,2022-08-31,0.0,6093.0,40.0,717.0,2007-03-12,2,2,2,NEW YORK CITY,58263_20250930,DIF,2007-03-12,0,GLOBAL BANK,Unknown,7476.0,1,2,0,0,FDIC,2025-09-30,0.0,4,NY,0,0,10038
NM,1.0,58264,ROSEMONT,20664.0,0.0,2022-08-31,0.0,22048.0,1159.0,1384.0,2006-08-04,9,9,7,CHICAGO,58264_20250930,DIF,2006-08-04,0,SIGNATURE BANK,SIGNATURE BCORP INC,60821.0,3,3,0,0,FDIC,2025-09-30,3437492.0,4,IL,0,0,60018
N,1.0,5826,MANHATTAN,15791.0,0.0,2022-10-01,134.0,18033.0,1850.0,2108.0,1919-05-02,11,11,10,KANSAS CITY,5826_20250930,DIF,1934-01-01,0,LANDMARK NATIONAL BANK,LANDMARK BCORP INC,42161.0,4,29,0,0,OCC,2025-09-30,3030307.0,4,KS,0,0,66502
NM,1.0,58276,YUBA CITY,6426.0,0.0,2022-08-31,0.0,6471.0,240.0,45.0,2006-06-26,14,14,12,SACRAMENTO,58276_20250930,DIF,2006-06-26,0,RIVER VALLEY COMMUNITY BANK,RIVER VALLEY COMMUNITY BCORP,14799.0,4,5,0,0,FDIC,2025-09-30,5116353.0,4,CA,0,0,95993
NM,1.0,58278,CHICO,5665.0,0.0,2022-08-31,0.0,5665.0,218.0,0.0,2006-04-24,14,14,12,SACRAMENTO,58278_20250930,DIF,2006-04-24,0,GOLDEN VALLEY BANK,GOLDEN VALLEY BANCSHARES INC,13518.0,4,5,0,0,FDIC,2025-09-30,5475890.0,4,CA,0,0,95926
NM,1.0,58281,SANTA BARBARA,12002.0,0.0,2022-08-31,1.0,12363.0,1277.0,360.0,2006-07-18,14,14,12,LOS ANGELES,58281_20250930,DIF,2006-07-18,0,AMERICAN RIVIERA BANK,AMERICAN RIVIERA BCORP,35425.0,4,8,0,0,FDIC,2025-09-30,5687282.0,4,CA,0,0,93101
NM,1.0,58282,POLSON,738.0,0.0,2022-08-31,1.0,739.0,224.0,0.0,2006-07-25,14,14,9,BILLINGS,58282_20250930,DIF,2006-07-25,0,EAGLE BANK,SALISH&KOOTENAI BCORP,6229.0,4,1,0,0,FDIC,2025-09-30,3346624.0,4,MT,0,0,59860
NM,1.0,58289,ROME,4658.0,0.0,2022-08-31,0.0,4672.0,435.0,14.0,2006-05-23,5,5,6,ATLANTA,58289_20250930,DIF,2006-05-23,0,RIVER CITY BANK,RCB FINANCIAL CORP,12231.0,5,2,0,0,FDIC,2025-09-30,3923539.0,4,GA,0,1,30165
NM,1.0,58291,LA JOLLA,34716.0,0.0,2023-11-18,0.0,35247.0,3384.0,531.0,2006-12-18,14,14,12,ORANGE,58291_20250930,DIF,2006-12-18,0,CALPRIVATE BANK,PRIVATE BCORP OF AMERICA INC,88263.0,4,6,0,0,FDIC,2025-09-30,4907219.0,4,CA,0,0,92037
NM,1.0,58297,GILROY,10185.0,0.0,2022-08-31,0.0,10185.0,2000.0,0.0,2006-07-17,14,14,12,SAN FRANCISCO,58297_20250930,DIF,2006-07-17,0,PINNACLE BANK,Unknown,26495.0,4,4,0,0,FDIC,2025-09-30,0.0,4,CA,0,0,95020
NM,1.0,58300,KIMBERLING CITY,8676.0,0.0,2024-12-06,292.0,9387.0,891.0,419.0,2006-08-28,11,11,8,SPRINGFIELD MO,58300_20250930,DIF,2006-08-28,0,TABLE ROCK COMMUNITY BANK,ALTON BANCSHARES INC,10485.0,4,7,0,0,FDIC,2025-09-30,1491548.0,4,MO,1,0,65686
SB,0.0,58303,MINNEAPOLIS,49319.0,0.0,2025-03-24,0.0,49319.0,3624.0,0.0,2006-09-14,11,11,9,MINNEAPOLIS,58303_20250930,DIF,2006-09-14,0,"AMERIPRISE BANK, FSB",AMERIPRISE FINANCIAL INC,797473.0,3,2,0,0,OCC,2025-09-30,2433312.0,5,MN,0,1,55402
NM,1.0,58307,COS COB,13073.0,0.0,2022-08-31,0.0,15938.0,360.0,2865.0,2006-12-20,2,2,2,WINDSOR,58307_20250930,DIF,2006-12-20,0,THE FIRST BANK OF GREENWICH,FIRST GREENWICH FINANCIAL INC,16149.0,1,3,0,0,FDIC,2025-09-30,4894588.0,4,CT,0,0,06807
NM,0.0,58309,COLLEGE STATION,25475.0,0.0,2022-08-31,0.0,25475.0,1273.0,0.0,2006-10-25,13,13,11,AUSTIN,58309_20250930,DIF,2006-10-25,0,AMERICAN MOMENTUM BANK,ADAM CORP GROUP THE,92107.0,5,32,0,0,FDIC,2025-09-30,5902912.0,4,TX,0,0,77845
NM,1.0,5830,HIAWATHA,336.0,0.0,2022-08-31,101.0,437.0,0.0,0.0,1907-01-01,11,11,10,KANSAS CITY,5830_20250930,DIF,1934-01-01,0,CITIZENS STATE BANK AND TRUST COMPANY,CROSSDALE INC,3296.0,4,2,0,0,FDIC,2025-09-30,1051951.0,2,KS,1,1,66434
NM,1.0,58310,GARDEN GROVE,31056.0,0.0,2023-11-18,0.0,31856.0,2200.0,800.0,2006-09-15,14,14,12,ORANGE,58310_20250930,DIF,2006-09-15,0,US METRO BANK,US METRO BCORP,33628.0,4,11,0,0,FDIC,2025-09-30,5397219.0,4,CA,0,0,92844
NM,1.0,58311,LEWES,5999.0,0.0,2022-08-31,9.0,7672.0,108.0,1664.0,2006-05-30,2,2,3,CLAYMONT,58311_20250930,DIF,2006-05-30,0,COMMUNITY BANK DELAWARE,Unknown,8131.0,1,3,0,0,FDIC,2025-09-30,0.0,4,DE,0,0,19958
N,0.0,58314,NEW LENOX,50090.0,0.0,2022-08-31,61.0,51998.0,3371.0,1847.0,2006-03-16,9,9,7,CHICAGO,58314_20250930,DIF,2006-03-16,0,"OLD PLANK TRAIL COMMUNITY BANK, NATIONAL ASSOCIATION",WINTRUST FINANCIAL CORP,71380.0,3,15,0,0,OCC,2025-09-30,2260406.0,4,IL,0,0,60451
N,0.0,58316,BATON ROUGE,43822.0,0.0,2022-08-31,62.0,46495.0,-3316.0,2611.0,2006-06-14,13,13,6,BATON ROUGE,58316_20250930,DIF,2006-06-14,0,"INVESTAR BANK, NATIONAL ASSOCIATION",INVESTAR HOLDING CORP,60379.0,5,30,0,0,OCC,2025-09-30,4090054.0,4,LA,0,0,70808
NM,1.0,58322,SPOKANE,4072.0,0.0,2022-08-31,6.0,4097.0,446.0,19.0,2006-05-22,14,14,12,SEATTLE,58322_20250930,DIF,2006-05-22,0,RIVERBANK,RIVERBANK HOLDING CO,8893.0,4,3,0,0,FDIC,2025-09-30,3438967.0,4,WA,0,0,99202
NM,1.0,58324,HOUSTON,3611.0,0.0,2022-08-31,0.0,3612.0,196.0,1.0,2006-08-23,13,13,11,HOUSTON,58324_20250930,DIF,2006-08-23,0,LONE STAR BANK,Unknown,5438.0,5,4,0,0,FDIC,2025-09-30,0.0,4,TX,0,0,77063
NM,1.0,58341,EVERETT,12543.0,0.0,2022-08-31,0.0,14755.0,1395.0,2212.0,2006-07-24,14,14,12,SEATTLE,58341_20250930,DIF,2006-07-24,0,MOUNTAIN PACIFIC BANK,MOUNTAIN PACIFIC BCORP INC,26195.0,4,6,0,0,FDIC,2025-09-30,5217483.0,4,WA,0,0,98201
NM,1.0,58348,DES PLAINES,18378.0,0.0,2025-01-17,0.0,19919.0,2788.0,1541.0,2007-07-02,9,9,7,CHICAGO,58348_20250930,DIF,2007-07-02,0,MILLENNIUM BANK,MILLENNIUM BCORP INC,17177.0,3,3,0,0,FDIC,2025-09-30,3547887.0,4,IL,1,0,60016
NM,1.0,58357,OPP,5796.0,0.0,2022-08-31,0.0,6085.0,215.0,289.0,2006-12-04,5,5,6,MONTGOMERY,58357_20250930,DIF,2006-12-04,0,SOUTHERN INDEPENDENT BANK,SOUTHERN IND BANCSHARES INC,8282.0,5,3,0,0,FDIC,2025-09-30,4297527.0,4,AL,0,0,36467
NM,1.0,58359,ELKHORN,4760.0,0.0,2024-06-30,0.0,5190.0,1685.0,430.0,2006-12-11,11,11,10,OMAHA,58359_20250930,DIF,2006-12-11,0,UNITED REPUBLIC BANK,CENTRAL BANCSHARES INC,3512.0,4,3,0,0,FDIC,2025-09-30,1050495.0,4,NE,0,0,68022
NM,1.0,5835,NORTON,5224.0,0.0,2022-08-31,0.0,6238.0,225.0,1014.0,1902-04-21,11,11,10,HAYS,5835_20250930,DIF,1934-01-01,0,THE FIRST STATE BANK,NORTON BANKSHARES INC,13258.0,4,5,0,0,FDIC,2025-09-30,1056992.0,2,KS,1,0,67654
NM,1.0,58371,PHILADELPHIA,8942.0,0.0,2022-08-31,0.0,10482.0,780.0,1540.0,2006-11-20,2,2,3,PHILADELPHIA,58371_20250930,DIF,2006-11-20,0,HYPERION BANK,HYPERION BANCSHARES INC,12716.0,1,2,0,0,FDIC,2025-09-30,5535637.0,4,PA,0,0,19123
NM,1.0,58377,TAMPA,6858.0,0.0,2022-08-31,5.0,7643.0,222.0,780.0,2007-02-26,5,5,6,TAMPA,58377_20250930,DIF,2007-02-26,0,CENTRAL BANK,CENTRAL FINANCIAL HOLDINGS INC,8495.0,5,4,0,0,FDIC,2025-09-30,3468478.0,4,FL,0,0,33647
NM,1.0,5838,BOONEVILLE,372.0,0.0,2022-08-31,15.0,390.0,23.0,3.0,1931-01-02,9,9,4,LEXINGTON,5838_20250930,DIF,1934-01-01,0,FARMERS STATE BANK,MIDDLEFORK FINANCIAL GROUP INC,1925.0,3,2,0,0,FDIC,2025-09-30,1071539.0,8,KY,1,0,41314
SM,1.0,58396,CASPER,4576.0,0.0,2022-08-31,0.0,4576.0,480.0,0.0,2006-07-31,14,14,10,BILLINGS,58396_20250930,DIF,2006-07-31,0,JONAH BANK OF WYOMING,JONAH BANKSHARES,17607.0,4,4,0,0,FED,2025-09-30,3923342.0,4,WY,0,0,82601
NM,1.0,58401,SAN GABRIEL,11734.0,0.0,2023-11-18,0.0,11762.0,1369.0,28.0,2008-02-05,14,14,12,LOS ANGELES,58401_20250930,DIF,2008-02-05,0,MEGA BANK,Unknown,14556.0,4,4,0,0,FDIC,2025-09-30,0.0,4,CA,0,0,91776
N,1.0,58405,PHOENIX,6510.0,0.0,2023-11-18,0.0,8355.0,125.0,1845.0,2007-04-02,14,14,12,PHOENIX,58405_20250930,DIF,2007-04-02,0,"GOLDWATER BANK, N.A.",GOLDWATER BCORP INC,12827.0,4,2,0,0,OCC,2025-09-30,5617645.0,4,AZ,0,0,85016
SM,1.0,58407,LYNNWOOD,9098.0,0.0,2022-08-31,0.0,10246.0,69.0,1148.0,2006-11-01,14,14,12,SEATTLE,58407_20250930,DIF,2006-11-01,0,UNIBANK,U&I FINANCIAL CORP,7931.0,4,4,0,0,FED,2025-09-30,4125086.0,4,WA,0,0,98036
NM,0.0,58410,FORT LEE,184613.0,0.0,2025-08-21,0.0,190579.0,51440.0,5966.0,2008-06-23,2,2,2,JAMESBURG,58410_20250930,DIF,2008-06-23,0,CROSS RIVER BANK,CRB GROUP INC,326805.0,1,1,0,0,FDIC,2025-09-30,4389329.0,9,NJ,0,0,07024
N,1.0,58413,LAWRENCEVILLE,3439.0,0.0,2022-08-31,6.0,3536.0,260.0,91.0,2007-03-05,5,5,6,ATLANTA,58413_20250930,DIF,2007-03-05,0,EMBASSY NATIONAL BANK,EMBASSY BANCSHARES INC,6980.0,5,1,0,0,OCC,2025-09-30,3482054.0,4,GA,0,0,30043
NM,1.0,58423,PLEASANT HILL,1431.0,0.0,2022-08-31,2.0,1433.0,7.0,0.0,2006-12-04,11,11,10,KANSAS CITY,58423_20250930,DIF,2006-12-04,0,COMMUNITY BANK OF PLEASANT HILL,ARCADIA FINANCIAL CORP,2943.0,4,1,0,0,FDIC,2025-09-30,3482764.0,4,MO,0,1,64080
NM,1.0,58424,ASTORIA,25975.0,0.0,2022-08-31,0.0,27654.0,1200.0,1679.0,2007-09-12,2,2,2,NEW YORK CITY,58424_20250930,DIF,2007-09-12,0,ALMA BANK,Unknown,35852.0,1,13,0,0,FDIC,2025-09-30,0.0,4,NY,0,0,11102
N,1.0,58426,GOODYEAR,574.0,0.0,2023-11-18,0.0,620.0,0.0,46.0,2006-12-22,14,14,12,PHOENIX,58426_20250930,DIF,2006-12-22,0,WEST VALLEY NATIONAL BANK,WEST VALLEY BCORP INC,3042.0,4,4,0,0,OCC,2025-09-30,3480050.0,4,AZ,0,0,85395
NM,1.0,58428,OREGON CITY,3978.0,0.0,2022-08-31,0.0,6104.0,0.0,2126.0,2006-12-15,14,14,12,PORTLAND,58428_20250930,DIF,2006-12-15,0,LEWIS & CLARK BANK,LEWIS&CLARK BCORP,6252.0,4,3,0,0,FDIC,2025-09-30,5491283.0,4,OR,0,0,97045
N,1.0,58433,TOLEDO,28152.0,0.0,2022-08-31,10.0,29226.0,2102.0,1064.0,2007-08-29,9,9,4,COLUMBUS,58433_20250930,DIF,2007-08-29,0,"WATERFORD BANK, N.A.",WATERFORD BCORP INC,39227.0,3,4,0,0,OCC,2025-09-30,3588415.0,4,OH,0,0,43617
NM,1.0,58443,LAS VEGAS,2920.0,0.0,2023-11-18,0.0,2920.0,292.0,0.0,2007-01-30,14,14,12,PHOENIX,58443_20250930,DIF,2007-01-30,0,FIRST SECURITY BANK OF NEVADA,Unknown,8910.0,4,2,0,0,FDIC,2025-09-30,0.0,4,NV,0,0,89148
SM,1.0,58446,TACOMA,6756.0,0.0,2025-02-18,0.0,6934.0,693.0,178.0,2006-12-11,14,14,12,SEATTLE,58446_20250930,DIF,2006-12-11,0,COMMENCEMENT BANK,COMMENCEMENT BCORP INC,18640.0,4,6,0,0,FED,2025-09-30,5458745.0,4,WA,0,0,98402
N,1.0,58450,ALVIN,2769.0,0.0,2022-08-31,0.0,2769.0,0.0,0.0,2006-12-18,13,13,11,HOUSTON,58450_20250930,DIF,2006-12-18,0,"TEXAS ADVANTAGE COMMUNITY BANK, NATIONAL ASSOCIATION",Unknown,4421.0,5,2,0,0,OCC,2025-09-30,0.0,4,TX,0,0,77511
SM,0.0,58457,PITTSBURGH,552799.0,0.0,2024-03-13,0.0,552955.0,19125.0,156.0,2007-01-22,2,5,4,WEXFORD,58457_20250930,DIF,2007-01-22,0,TRISTATE CAPITAL BANK,RAYMOND JAMES FINANCIAL INC,321980.0,1,2,0,0,FED,2025-09-30,3815157.0,9,PA,0,0,15219
SM,0.0,58463,PIGEON FORGE,86100.0,0.0,2022-08-31,2.0,86102.0,3618.0,0.0,2007-01-08,13,13,6,KNOXVILLE,58463_20250930,DIF,2007-01-08,0,SMARTBANK,SMARTFINANCIAL INC,124245.0,5,42,0,0,FED,2025-09-30,1131497.0,4,TN,0,0,37863
N,1.0,58469,ARCADIA,19018.0,0.0,2025-05-02,0.0,19185.0,1182.0,167.0,2007-08-08,14,14,12,LOS ANGELES,58469_20250930,DIF,2007-08-08,0,"AMERICAN PLUS BANK, N.A.",Unknown,22676.0,4,4,0,0,OCC,2025-09-30,0.0,4,CA,0,0,91007
NM,1.0,58470,BEDFORD,5904.0,0.0,2022-08-31,0.0,5904.0,450.0,0.0,2007-04-09,2,2,3,WEXFORD,58470_20250930,DIF,2007-04-09,0,HOMETOWN BANK OF PENNSYLVANIA,Unknown,9990.0,1,7,0,0,FDIC,2025-09-30,0.0,4,PA,0,0,15522
NM,1.0,58479,LAKELAND,12984.0,0.0,2022-08-31,0.0,12984.0,737.0,0.0,2007-03-19,5,5,6,TAMPA,58479_20250930,DIF,2007-03-19,0,BANK OF CENTRAL FLORIDA,BANK OF CENTRAL FL HOLDING CO,31937.0,5,6,0,0,FDIC,2025-09-30,4974453.0,4,FL,0,0,33813
NM,1.0,5847,MOUNT WASHINGTON,600.0,0.0,2022-08-31,0.0,601.0,40.0,1.0,1909-01-01,9,9,8,LOUISVILLE,5847_20250930,DIF,1934-01-01,0,"PEOPLES BANK, MT. WASHINGTON",CROSSROADS BCORP INC,4200.0,3,2,0,0,FDIC,2025-09-30,1099999.0,4,KY,1,0,40047
NM,1.0,58481,HAMILTON,63913.0,0.0,2024-12-20,0.0,74485.0,7100.0,10572.0,2007-04-23,2,2,3,JAMESBURG,58481_20250930,DIF,2007-04-23,0,FIRST BANK,Unknown,101645.0,1,26,0,0,FDIC,2025-09-30,0.0,4,NJ,0,0,08690
NM,1.0,58482,MISSOULA,2748.0,0.0,2022-08-31,0.0,2748.0,-51.0,0.0,2007-11-26,14,14,9,BILLINGS,58482_20250930,DIF,2007-11-26,0,BANK OF MONTANA,BANCORP OF MONTANA HOLDING CO,9003.0,4,1,0,0,FDIC,2025-09-30,3470088.0,7,MT,1,1,59802
SM,0.0,58483,DALLAS,23168.0,0.0,2023-10-12,0.0,23168.0,586.0,0.0,2007-01-24,13,13,11,DALLAS,58483_20250930,DIF,2007-01-24,0,PEGASUS BANK,BANCFIRST CORP,38218.0,5,3,0,0,FED,2025-09-30,1133286.0,4,TX,0,0,75209
NM,1.0,58484,BELLVILLE,5522.0,0.0,2022-08-31,1.0,5551.0,1415.0,28.0,2007-06-26,13,13,11,HOUSTON,58484_20250930,DIF,2007-06-26,0,AUSTIN COUNTY STATE BANK,AUSTIN COUNTY BANCSHARES INC,15289.0,5,4,0,0,FDIC,2025-09-30,4230216.0,4,TX,1,0,77418
N,0.0,58486,FORT MYERS,58780.0,0.0,2020-12-14,1860.0,75851.0,0.0,15211.0,2007-02-16,5,5,6,SOUTH FLORIDA,58486_20250930,DIF,2007-02-16,0,FINEMARK NATIONAL BANK & TRUST,FINEMARK HOLDINGS INC,54117.0,5,13,0,0,OCC,2025-09-30,3547159.0,9,FL,0,0,33919
NM,1.0,58490,OAKLAND,19536.0,0.0,2022-08-31,0.0,21146.0,9960.0,1610.0,2007-06-27,14,14,12,SAN FRANCISCO,58490_20250930,DIF,2007-06-27,0,BENEFICIAL STATE BANK,BENEFICIAL STATE BCORP INC,53811.0,4,9,0,0,FDIC,2025-09-30,3842630.0,4,CA,0,0,94612
N,1.0,58504,NORTH GARDEN,26039.0,0.0,2022-08-31,18.0,28814.0,1067.0,2757.0,2007-07-23,5,5,5,RICHMOND,58504_20250930,DIF,2007-07-23,0,OLD DOMINION NATIONAL BANK,ODNB FINANCIAL CORP,29926.0,1,6,0,0,OCC,2025-09-30,5727601.0,4,VA,0,0,22959
NM,1.0,58508,GREELEY,5637.0,0.0,2022-08-31,3.0,6030.0,0.0,390.0,2007-02-12,13,13,10,DENVER,58508_20250930,DIF,2007-02-12,0,FIRST FARMBANK,FARMBANK HOLDING INC,11176.0,4,6,0,0,FDIC,2025-09-30,3521421.0,2,CO,0,0,80634
NM,1.0,58509,ELGIN,14367.0,0.0,2022-08-31,2.0,16359.0,689.0,1990.0,2007-06-11,13,13,11,AUSTIN,58509_20250930,DIF,2007-06-11,0,FRONTIER BANK OF TEXAS,FRONTIER CMTY BANCSHARES INC,29658.0,5,11,0,0,FDIC,2025-09-30,4721291.0,4,TX,0,0,78621
NM,1.0,58511,OAKDALE,12265.0,0.0,2022-08-31,333.0,14601.0,3380.0,2003.0,2007-02-12,11,11,9,MINNEAPOLIS,58511_20250930,DIF,2007-02-12,0,PLATINUM BANK,PLATINUM BCORP INC,18915.0,3,2,0,0,FDIC,2025-09-30,3537990.0,4,MN,1,0,55128
NM,1.0,58513,PRINCETON,41552.0,0.0,2024-08-23,0.0,41610.0,6552.0,58.0,2007-04-23,2,2,3,JAMESBURG,58513_20250930,DIF,2007-04-23,0,THE BANK OF PRINCETON,PRINCETON BCORP INC,57913.0,1,35,0,0,FDIC,2025-09-30,5756133.0,4,NJ,0,0,08540
NM,1.0,58517,BRIDGEPORT,2228.0,0.0,2022-08-31,12.0,2240.0,71.0,0.0,2007-06-06,13,13,11,DALLAS,58517_20250930,DIF,2007-06-06,0,THE COMMUNITY BANK,COMMUNITY BANCSHARES INC,5864.0,5,2,0,0,FDIC,2025-09-30,3554988.0,4,TX,0,0,76426
N,1.0,58534,LAKEWOOD,17657.0,0.0,2022-08-31,3.0,21133.0,322.0,3473.0,2007-09-10,13,13,10,DENVER,58534_20250930,DIF,2007-09-10,0,SOLERA NATIONAL BANK,SOLERA NATIONAL BCORP INC,30698.0,4,1,0,0,OCC,2025-09-30,3607549.0,4,CO,0,0,80226
SB,1.0,58536,ROCHESTER,17469.0,0.0,2024-06-30,0.0,17469.0,729.0,0.0,2007-07-01,11,11,9,MINNEAPOLIS,58536_20250930,DIF,2007-07-01,0,THINK MUTUAL BANK,Unknown,41177.0,3,9,0,0,OCC,2025-09-30,0.0,5,MN,0,0,55901
NM,1.0,58537,DADE CITY,6071.0,0.0,2024-11-06,0.0,6586.0,370.0,515.0,2007-08-27,5,5,6,TAMPA,58537_20250930,DIF,2007-08-27,0,BANKFLORIDA,BANKFLORIDA BCORP INC,9908.0,5,6,0,0,FDIC,2025-09-30,5579604.0,4,FL,0,0,33525
NM,1.0,5854,GLASGOW,30774.0,0.0,2022-08-31,433.0,31767.0,1355.0,560.0,1908-01-01,9,9,8,LOUISVILLE,5854_20250930,DIF,1934-01-01,0,"SOUTH CENTRAL BANK, INC.",SOUTH CNTL BANCSHARES KY INC,52033.0,3,26,0,0,FDIC,2025-09-30,2810285.0,4,KY,0,0,42141
NM,1.0,58556,CHICAGO,10793.0,0.0,2022-08-31,0.0,11646.0,-900.0,853.0,2007-06-04,9,9,7,CHICAGO,58556_20250930,DIF,2007-06-04,0,GOLD COAST BANK,GC BCORP INC,11940.0,3,1,0,0,FDIC,2025-09-30,3593295.0,4,IL,0,0,60610
SM,1.0,58563,FOREST,9487.0,0.0,2022-08-31,16.0,10025.0,25.0,522.0,2007-06-04,5,5,5,RICHMOND,58563_20250930,DIF,2007-06-04,0,SELECT BANK,SELECT BANK FINANCIAL CORP,10995.0,1,6,0,0,FED,2025-09-30,4488857.0,4,VA,0,0,24551
NM,1.0,58564,UNIONDALE,175025.0,0.0,2022-08-31,1392.0,182839.0,10043.0,6422.0,2007-05-01,2,2,2,NEW YORK CITY,58564_20250930,DIF,2007-05-01,0,FLUSHING BANK,FLUSHING FINANCIAL CORP,171869.0,1,30,0,0,FDIC,2025-09-30,2393274.0,4,NY,0,0,11556
NM,1.0,58581,SAN ANTONIO,39059.0,0.0,2022-08-31,0.0,39059.0,614.0,0.0,2007-06-22,13,13,11,AUSTIN,58581_20250930,DIF,2007-06-22,0,TEXAS PARTNERS BANK,SOUTHWEST BANCSHARES INC,59158.0,5,11,0,0,FDIC,2025-09-30,3593286.0,4,TX,0,1,78213
NM,1.0,58584,MACON,11658.0,0.0,2025-05-29,0.0,11862.0,2249.0,204.0,2007-12-12,5,5,6,ATLANTA,58584_20250930,DIF,2007-12-12,0,AMERICAN PRIDE BANK,AMERICAN BCORP INC,13547.0,5,5,0,0,FDIC,2025-09-30,3824261.0,4,GA,0,0,31204
NM,1.0,58586,BELCOURT,584.0,0.0,2024-06-30,0.0,584.0,68.0,0.0,2007-12-03,11,11,9,FARGO,58586_20250930,DIF,2007-12-03,0,TURTLE MOUNTAIN STATE BANK,Unknown,4475.0,3,1,0,0,FDIC,2025-09-30,0.0,2,ND,1,0,58316
NM,1.0,58588,MISSION VIEJO,9982.0,0.0,2023-11-18,0.0,10393.0,1090.0,411.0,2007-11-16,14,14,12,ORANGE,58588_20250930,DIF,2007-11-16,0,PARTNERS BANK OF CALIFORNIA,Unknown,15871.0,4,2,0,0,FDIC,2025-09-30,0.0,4,CA,0,0,92691
SM,1.0,58590,IRVINE,11537.0,0.0,2023-11-18,0.0,11927.0,11156.0,390.0,2007-09-17,14,14,12,ORANGE,58590_20250930,DIF,2007-09-17,0,NANO BANC,NANO FINANCIAL HOLDINGS INC,24125.0,4,1,0,0,FED,2025-09-30,5196186.0,4,CA,0,0,92618
N,1.0,58595,MCLEAN,3022.0,0.0,2022-08-31,0.0,3022.0,-473.0,0.0,2007-08-06,5,5,5,RICHMOND,58595_20250930,DIF,2007-08-06,0,"CHAIN BRIDGE BANK, NATIONAL ASSOCIATION",CHAIN BRIDGE BCORP INC,37918.0,1,1,0,0,OCC,2025-09-30,3597220.0,9,VA,0,1,22101
NM,0.0,58596,MARTINSVILLE,73107.0,0.0,2025-05-27,0.0,76708.0,-1573.0,3601.0,2006-12-30,5,5,5,RICHMOND,58596_20250930,DIF,2006-12-30,0,CARTER BANK & TRUST,CARTER BANKSHARES INC,96216.0,1,67,0,0,FDIC,2025-09-30,5530258.0,4,VA,0,0,24112
NM,1.0,58597,JOLIET,3688.0,0.0,2022-08-31,0.0,4142.0,-95.0,454.0,2007-01-08,9,9,7,CHICAGO,58597_20250930,DIF,2007-01-08,0,PEOPLEFIRST BANK,PFB HOLDING CO,6137.0,3,2,0,0,FDIC,2025-09-30,5613115.0,4,IL,0,0,60435
NM,1.0,58602,FARIBAULT,5249.0,0.0,2024-06-30,0.0,5982.0,660.0,733.0,2007-08-13,11,11,9,MINNEAPOLIS,58602_20250930,DIF,2007-08-13,0,RELIANCE BANK,RELIANCE BCORP INC,8226.0,3,1,0,0,FDIC,2025-09-30,3596269.0,4,MN,1,0,55021
SM,1.0,58615,LIMERICK,9806.0,0.0,2022-08-31,0.0,9921.0,-145.0,115.0,2008-01-16,2,2,3,PHILADELPHIA,58615_20250930,DIF,2008-01-16,0,THE VICTORY BANK,VICTORY BCORP INC THE,11565.0,1,3,0,0,FED,2025-09-30,3939286.0,4,PA,0,0,19468
NM,1.0,58619,SAINTE GENEVIEVE,13402.0,0.0,2022-08-31,0.0,14213.0,14298.0,811.0,2007-07-16,11,11,8,ST. LOUIS,58619_20250930,DIF,2007-07-16,0,MRV BANKS,MRV FINANCIAL CORP,22539.0,4,5,0,0,FDIC,2025-09-30,3482102.0,4,MO,0,0,63670
NM,1.0,58626,LAS VEGAS,23473.0,0.0,2023-11-18,0.0,23473.0,4033.0,0.0,2007-09-24,14,14,12,PHOENIX,58626_20250930,DIF,2007-09-24,0,GBANK,GBANK FINANCIAL HOLDINGS INC,38113.0,4,2,0,0,FDIC,2025-09-30,5170805.0,4,NV,0,0,89148
SM,1.0,58629,HOUSTON,126953.0,0.0,2025-04-14,51.0,127926.0,5027.0,922.0,2007-10-15,13,13,11,HOUSTON,58629_20250930,DIF,2007-10-15,0,STELLAR BANK,STELLAR BCORP INC,302475.0,5,54,0,0,FED,2025-09-30,3594872.0,4,TX,0,0,77040
NM,1.0,58636,SELMA,1598.0,0.0,2022-08-31,0.0,1598.0,0.0,0.0,2007-09-10,5,5,6,MONTGOMERY,58636_20250930,DIF,2007-09-10,0,FIRST CAHAWBA BANK,FIRST CAHAWBA BANCSHARES INC,6852.0,5,4,0,0,FDIC,2025-09-30,5559932.0,4,AL,0,0,36701
NM,1.0,58644,MAITLAND,3669.0,0.0,2022-08-31,0.0,3669.0,135.0,0.0,2008-01-28,5,5,6,TAMPA,58644_20250930,DIF,2008-01-28,0,FIRST COLONY BANK OF FLORIDA,Unknown,8224.0,5,1,0,0,FDIC,2025-09-30,0.0,4,FL,1,0,32751
NM,0.0,58647,IRVINE,212579.0,0.0,2023-11-18,68.0,260276.0,70828.0,47629.0,2007-10-01,14,14,12,ORANGE,58647_20250930,DIF,2007-10-01,0,FIRST FOUNDATION BANK,FIRST FOUNDATION INC,157475.0,4,30,0,0,FDIC,2025-09-30,3842658.0,4,CA,0,1,92612
NM,1.0,58657,DULUTH,17497.0,0.0,2024-10-01,0.0,17497.0,800.0,0.0,2008-11-06,5,5,6,ATLANTA,58657_20250930,DIF,2008-11-06,0,PROMISEONE BANK,PROMISEONE BCORP INC,18633.0,5,10,0,0,FDIC,2025-09-30,4816320.0,4,GA,1,0,30096
SM,1.0,58658,RICHMOND,5376.0,0.0,2023-09-05,19.0,6205.0,214.0,810.0,2008-08-20,5,5,5,RICHMOND,58658_20250930,DIF,2008-08-20,0,"LOCUS BANK, INC.",LOCUS,8261.0,1,2,0,0,FED,2025-09-30,5613759.0,4,VA,0,0,23294
NM,0.0,58665,WILMINGTON,338534.0,0.0,2024-03-13,1.0,338538.0,74457.0,3.0,2008-05-12,5,5,5,RALEIGH,58665_20250930,DIF,2008-05-12,0,LIVE OAK BANKING COMPANY,LIVE OAK BANCSHARES INC,329674.0,1,1,0,0,FDIC,2025-09-30,3884863.0,4,NC,0,1,28403
NM,1.0,58668,BRONX,9233.0,0.0,2022-08-31,0.0,9479.0,730.0,246.0,2007-10-26,2,2,2,NEW YORK CITY,58668_20250930,DIF,2007-10-26,0,SPRING BANK,CHECKSPRING COMMUNITY CORP,16437.0,1,2,0,0,FDIC,2025-09-30,3368916.0,4,NY,0,0,10452
NM,1.0,58675,GARDEN CITY PARK,48786.0,0.0,2022-08-31,127.0,52255.0,4282.0,3342.0,2009-01-21,2,2,2,NEW YORK CITY,58675_20250930,DIF,2009-01-21,0,HANOVER COMMUNITY BANK,HANOVER BCORP INC,45625.0,1,10,0,0,FDIC,2025-09-30,5010134.0,4,NY,0,0,11040
NM,1.0,58678,MESA,2719.0,0.0,2023-11-18,138.0,2890.0,185.0,33.0,2007-12-03,14,14,12,PHOENIX,58678_20250930,DIF,2007-12-03,0,GATEWAY COMMERCIAL BANK,Unknown,5566.0,4,1,0,0,FDIC,2025-09-30,0.0,4,AZ,0,0,85212
NM,1.0,5867,OCEAN CITY,8538.0,0.0,2022-08-31,0.0,8538.0,483.0,0.0,1916-01-01,2,2,5,BALTIMORE,5867_20250930,DIF,1934-01-01,0,BANK OF OCEAN CITY,Unknown,15533.0,1,6,0,0,FDIC,2025-09-30,0.0,4,MD,0,0,21842
NM,1.0,58680,NORMAN,2934.0,0.0,2022-08-31,0.0,2964.0,110.0,30.0,2009-09-28,13,13,10,OKLAHOMA CITY,58680_20250930,DIF,2009-09-28,0,GREAT NATIONS BANK,Unknown,3144.0,5,3,0,0,FDIC,2025-09-30,0.0,4,OK,0,0,73071
N,1.0,58687,ALPHARETTA,10735.0,0.0,2022-08-31,0.0,10735.0,595.0,0.0,2008-01-28,5,5,6,ATLANTA,58687_20250930,DIF,2008-01-28,0,TOUCHMARK NATIONAL BANK,TOUCHMARK BANCSHARES INC,7540.0,5,1,0,0,OCC,2025-09-30,3645886.0,4,GA,0,0,30005
NM,1.0,58689,MYRTLE BEACH,26207.0,0.0,2022-08-31,9.0,29606.0,1472.0,3390.0,2007-11-28,5,5,5,COLUMBIA SC,58689_20250930,DIF,2007-11-28,0,SOUTH ATLANTIC BANK,SOUTH ATLANTIC BANCSHARES INC,41551.0,1,12,0,0,FDIC,2025-09-30,3637238.0,4,SC,0,0,29577
NM,1.0,58691,MOORESVILLE,6346.0,0.0,2022-08-31,2.0,6368.0,617.0,20.0,2008-01-08,5,5,5,CHARLOTTE,58691_20250930,DIF,2008-01-08,0,BLUEHARBOR BANK,Unknown,15979.0,1,3,0,0,FDIC,2025-09-30,0.0,4,NC,0,0,28117
NM,1.0,58692,PALM COAST,7251.0,0.0,2022-08-31,13.0,8053.0,163.0,789.0,2008-06-16,5,5,6,TAMPA,58692_20250930,DIF,2008-06-16,0,INTRACOASTAL BANK,INTRACOASTAL BCORP INC,14412.0,5,3,0,0,FDIC,2025-09-30,5105432.0,4,FL,1,0,32137
NM,1.0,58694,TALLAHASSEE,14535.0,0.0,2022-08-31,0.0,14676.0,1556.0,141.0,2008-02-04,5,5,6,TAMPA,58694_20250930,DIF,2008-02-04,0,PRIME MERIDIAN BANK,PRIME MERIDIAN HOLDING CO,24677.0,5,4,0,0,FDIC,2025-09-30,4167974.0,4,FL,0,0,32312
SM,1.0,58696,FAIRFAX,38821.0,0.0,2022-08-31,0.0,40233.0,680.0,1412.0,2007-11-27,5,5,5,RICHMOND,58696_20250930,DIF,2007-11-27,0,FVCBANK,FVCBANKCORP INC,47534.0,1,8,0,0,FED,2025-09-30,4875907.0,4,VA,0,0,22030
NM,1.0,58712,MAYWOOD,17148.0,0.0,2022-08-31,0.0,18539.0,200.0,1391.0,2008-04-17,2,2,2,JAMESBURG,58712_20250930,DIF,2008-04-17,0,FREEDOM BANK,FREEDOM BCORP INC,15981.0,1,5,0,0,FDIC,2025-09-30,5010844.0,4,NJ,0,0,07607
SM,0.0,58716,HUMBLE,114850.0,0.0,2024-03-13,0.0,113724.0,5343.0,-1126.0,2008-02-25,13,13,11,HOUSTON,58716_20250930,DIF,2008-02-25,0,THIRD COAST BANK,THIRD COAST BANCSHARES INC,148207.0,5,19,0,0,FED,2025-09-30,4475473.0,4,TX,0,0,77338
NM,1.0,58722,LAS VEGAS,17906.0,0.0,2023-11-18,0.0,17906.0,0.0,0.0,2008-03-26,14,14,12,PHOENIX,58722_20250930,DIF,2008-03-26,0,MEADOWS BANK,Unknown,46399.0,4,6,0,0,FDIC,2025-09-30,0.0,4,NV,0,0,89148
N,1.0,58723,RAPID CITY,8451.0,0.0,2024-06-30,0.0,8566.0,171.0,115.0,2007-11-27,11,11,9,SIOUX FALLS,58723_20250930,DIF,2007-11-27,0,"BLACK HILLS COMMUNITY BANK, N.A.",BHCB HOLDING CO,11562.0,4,2,0,0,OCC,2025-09-30,3636389.0,4,SD,1,0,57701
NM,1.0,58724,LINCOLN,4453.0,0.0,2024-06-30,0.0,4536.0,295.0,83.0,2007-12-03,11,11,10,OMAHA,58724_20250930,DIF,2007-12-03,0,NEBRASKA BANK OF COMMERCE,NBC BANCSHARES LLC,4752.0,4,2,0,0,FDIC,2025-09-30,4181130.0,4,NE,0,0,68516
NM,1.0,58727,OMAHA,13190.0,0.0,2025-01-15,0.0,14919.0,503.0,1729.0,2007-12-10,11,11,10,OMAHA,58727_20250930,DIF,2007-12-10,0,ACCESS BANK,3MV BCORP INC,23893.0,4,6,0,0,FDIC,2025-09-30,3637939.0,4,NE,0,0,68114
NM,1.0,58732,LAMAR,3399.0,0.0,2022-08-31,3.0,3406.0,625.0,4.0,2008-07-15,13,13,10,DENVER,58732_20250930,DIF,2008-07-15,0,COMMUNITY STATE BANK,COMMUNITY STATE BANKSHARES INC,6262.0,4,2,0,0,FDIC,2025-09-30,3619140.0,2,CO,1,0,81052
NM,1.0,58739,DALLAS,18588.0,0.0,2022-08-31,0.0,20856.0,1406.0,2268.0,2008-05-05,13,13,11,DALLAS,58739_20250930,DIF,2008-05-05,0,TEXAS SECURITY BANK,TEXAS SECURITY BANKSHARES INC,28538.0,5,4,0,0,FDIC,2025-09-30,4400354.0,4,TX,0,0,75207
NM,1.0,5873,WOODSBORO,3047.0,0.0,2022-08-31,0.0,3047.0,150.0,0.0,1899-05-01,2,2,5,BALTIMORE,5873_20250930,DIF,1934-01-01,0,WOODSBORO BANK,Unknown,12826.0,1,5,0,0,FDIC,2025-09-30,0.0,4,MD,0,0,21798
SM,1.0,58741,GREENWICH,22821.0,0.0,2025-03-24,0.0,30115.0,-2459.0,7294.0,2008-04-30,2,2,2,WINDSOR,58741_20250930,DIF,2008-04-30,0,FIELDPOINT PRIVATE BANK & TRUST,FIELDPOINT PRIVATE HOLDINGS,11256.0,1,3,0,0,FED,2025-09-30,5097340.0,4,CT,0,1,06831
NM,1.0,58745,LAS CRUCES,1106.0,0.0,2022-08-31,0.0,1106.0,100.0,0.0,2008-01-14,13,13,11,ALBUQUERQUE,58745_20250930,DIF,2008-01-14,0,"FIRST NEW MEXICO BANK, LAS CRUCES",FIRST NM FINANCIAL CORP,5997.0,4,3,0,0,FDIC,2025-09-30,1107830.0,4,NM,0,0,88011
NM,1.0,5874,BERLIN,7987.0,0.0,2022-08-31,0.0,7987.0,1200.0,0.0,1890-01-01,2,2,5,BALTIMORE,5874_20250930,DIF,1934-01-01,0,"CALVIN B. TAYLOR BANKING COMPANY OF BERLIN, MARYLAND",CALVIN B TAYLOR BANKSHARES INC,26081.0,1,12,0,0,FDIC,2025-09-30,2391300.0,4,MD,0,0,21811
NM,1.0,58752,BOISE,25130.0,0.0,2022-08-31,0.0,28557.0,1825.0,3427.0,2008-03-31,14,14,12,SALT LAKE CITY,58752_20250930,DIF,2008-03-31,0,NORTHWEST BANK,GWY LLC,49596.0,4,6,0,0,FDIC,2025-09-30,3683619.0,4,ID,0,0,83702
N,1.0,58764,KINGWOOD,9433.0,0.0,2022-08-31,0.0,9433.0,825.0,0.0,2009-01-05,13,13,11,HOUSTON,58764_20250930,DIF,2009-01-05,0,THE MINT NATIONAL BANK,MINT HOLDINGS INC THE,14628.0,5,1,0,0,OCC,2025-09-30,5005626.0,4,TX,0,0,77339
NM,1.0,58768,KERRVILLE,1916.0,0.0,2022-08-31,0.0,2068.0,57.0,152.0,2008-03-17,13,13,11,AUSTIN,58768_20250930,DIF,2008-03-17,0,GUADALUPE BANK,RELATIONSHIP FINANCIAL CORP,8794.0,5,2,0,0,FDIC,2025-09-30,3635560.0,4,TX,0,0,78028
NM,1.0,58778,POULSBO,2831.0,0.0,2022-08-31,0.0,3360.0,173.0,529.0,2009-06-11,14,14,12,SEATTLE,58778_20250930,DIF,2009-06-11,0,LIBERTY BANK,LIBERTY NORTHWEST BCORP INC,3856.0,4,1,0,0,FDIC,2025-09-30,5515488.0,4,WA,0,0,98370
NM,1.0,58780,BROOKFIELD,7416.0,0.0,2022-08-31,1.0,8782.0,291.0,1365.0,2008-08-28,9,9,7,MILWAUKEE,58780_20250930,DIF,2008-08-28,0,SPRING BANK,Unknown,9971.0,3,1,0,0,FDIC,2025-09-30,0.0,4,WI,0,0,53005
NM,1.0,58783,BIRMINGHAM,33674.0,0.0,2022-08-31,0.0,34566.0,2915.0,892.0,2008-03-31,5,5,6,SHELBY,58783_20250930,DIF,2008-03-31,0,OAKWORTH CAPITAL BANK,OAKWORTH CAPITAL INC,49858.0,5,4,0,0,FDIC,2025-09-30,4503910.0,4,AL,0,1,35209
SM,1.0,58789,GRANDVILLE,8868.0,0.0,2022-10-09,0.0,9790.0,-201.0,922.0,2009-04-30,9,9,7,DETROIT,58789_20250930,DIF,2009-04-30,0,GRAND RIVER BANK,GRAND RIVER COMMERCE INC,10306.0,3,2,0,0,FED,2025-09-30,3916326.0,4,MI,0,0,49418
NM,1.0,58796,CLAYTON,15588.0,0.0,2022-08-31,8.0,15865.0,1774.0,269.0,2008-04-23,11,11,8,ST. LOUIS,58796_20250930,DIF,2008-04-23,0,PARKSIDE FINANCIAL BANK & TRUST,PARKSIDE FINANCIAL INC,30509.0,4,1,0,0,FDIC,2025-09-30,3694026.0,4,MO,0,1,63105
NM,1.0,58806,LAS VEGAS,2699.0,0.0,2024-02-22,0.0,2699.0,255.0,0.0,2008-06-02,14,14,12,PHOENIX,58806_20250930,DIF,2008-06-02,0,GENUBANK,JBNV HOLDING CORP,5530.0,4,3,0,0,FDIC,2025-09-30,5306583.0,4,NV,1,0,89113
NM,1.0,58811,ORLANDO,32968.0,0.0,2022-08-31,0.0,33677.0,539.0,709.0,2008-10-29,5,5,6,TAMPA,58811_20250930,DIF,2008-10-29,0,ONE FLORIDA BANK,OFB BANCSHARES INC,48235.0,5,6,0,0,FDIC,2025-09-30,5450927.0,4,FL,0,0,32806
NM,0.0,58816,LOS ANGELES,72196.0,0.0,2023-11-18,0.0,76259.0,9758.0,4063.0,2008-11-18,14,14,12,LOS ANGELES,58816_20250930,DIF,2008-11-18,0,ROYAL BUSINESS BANK,RBB BCORP,87663.0,4,25,0,0,FDIC,2025-09-30,4176855.0,4,CA,0,0,90017
NM,1.0,58826,CENTENNIAL,4199.0,0.0,2022-08-31,24.0,4223.0,0.0,0.0,2008-07-02,13,11,10,DENVER,58826_20250930,DIF,2008-07-02,0,REDSTONE BANK,MIDWEST BANC HOLDING CO,6737.0,4,3,0,0,FDIC,2025-09-30,1064652.0,4,CO,0,0,80016
N,1.0,58827,WARRENTON,12813.0,0.0,2025-04-28,1.0,14461.0,236.0,1647.0,2009-06-08,5,5,5,RICHMOND,58827_20250930,DIF,2009-06-08,0,OAK VIEW NATIONAL BANK,OAK VIEW BANKSHARES INC,16212.0,1,4,0,0,OCC,2025-09-30,5619706.0,8,VA,0,0,20186
NM,1.0,58852,ADDISON,7666.0,0.0,2022-08-31,1.0,8210.0,659.0,543.0,2008-09-15,13,13,11,DALLAS,58852_20250930,DIF,2008-09-15,0,LIBERTY CAPITAL BANK,LIBERTY CAPITAL BANCSHARES INC,13655.0,5,1,0,0,FDIC,2025-09-30,3810956.0,4,TX,1,0,75001
N,1.0,58857,POWHATAN,2685.0,0.0,2024-05-09,0.0,2775.0,433.0,90.0,2009-10-07,5,5,5,RICHMOND,58857_20250930,DIF,2009-10-07,0,"NEW HORIZON BANK, NATIONAL ASSOCIATION",CSBH LLC,5505.0,1,1,0,0,OCC,2025-09-30,5478903.0,4,VA,0,0,23139
SM,1.0,58859,LEXINGTON,2553.0,0.0,2022-09-09,0.0,2926.0,125.0,373.0,2009-02-17,5,5,5,RICHMOND,58859_20250930,DIF,2009-02-17,0,CORNERSTONE BANK,Unknown,6103.0,1,4,0,0,FED,2025-09-30,0.0,4,VA,0,0,24450
NM,1.0,5885,WILLARDS,4634.0,0.0,2022-08-31,0.0,5464.0,375.0,830.0,1925-01-03,2,2,5,BALTIMORE,5885_20250930,DIF,1934-01-01,0,THE FARMERS BANK OF WILLARDS,Unknown,16497.0,1,8,0,0,FDIC,2025-09-30,0.0,4,MD,0,0,21874
N,1.0,58864,MYRTLE BEACH,16890.0,0.0,2022-08-31,0.0,16890.0,1245.0,0.0,2009-06-08,5,5,5,COLUMBIA SC,58864_20250930,DIF,2009-06-08,0,COASTAL CAROLINA NATIONAL BANK,COASTAL CAROLINA BANCSHARES,29032.0,1,10,0,0,OCC,2025-09-30,3823817.0,4,SC,0,0,29577
SM,1.0,58892,SPRINGFIELD,43710.0,0.0,2022-08-31,715.0,47963.0,3783.0,3538.0,2008-10-24,11,11,8,SPRINGFIELD MO,58892_20250930,DIF,2008-10-24,0,GUARANTY BANK,QCR HOLDINGS INC,43527.0,4,14,0,0,FED,2025-09-30,2125813.0,4,MO,0,0,65804
SM,0.0,588,BUFFALO,2086820.0,0.0,2025-03-31,3084.0,2490507.0,380000.0,400603.0,1856-01-01,2,16,2,SYRACUSE,588_20250930,DIF,1934-01-01,0,MANUFACTURERS AND TRADERS TRUST COMPANY,M&T BANK CORP,5350132.0,1,982,0,0,FED,2025-09-30,1037003.0,4,NY,0,1,14203
NM,1.0,5892,SCHOOLCRAFT,527.0,0.0,2022-10-09,0.0,527.0,54.0,0.0,1908-01-01,9,9,7,DETROIT,5892_20250930,DIF,1934-01-01,0,KALAMAZOO COUNTY STATE BANK,Unknown,3344.0,3,3,0,0,FDIC,2025-09-30,0.0,8,MI,0,1,49087
NM,1.0,58935,ROUND ROCK,16714.0,0.0,2022-08-31,0.0,16714.0,-135.0,0.0,2009-06-22,13,13,11,AUSTIN,58935_20250930,DIF,2009-06-22,0,R BANK,R CORP FINANCIAL,26295.0,5,10,0,0,FDIC,2025-09-30,4478027.0,4,TX,0,0,78665
SM,1.0,58952,NEW HAVEN,2785.0,0.0,2023-03-31,0.0,3763.0,0.0,978.0,2010-12-20,2,2,1,WINDSOR,58952_20250930,DIF,2010-12-20,0,NEW HAVEN BANK,FIRST CITY FUND CORP,3848.0,1,2,0,0,FED,2025-09-30,4151012.0,4,CT,0,0,06511
NM,1.0,58961,LAKE CHARLES,4092.0,0.0,2022-08-31,0.0,6091.0,723.0,1999.0,2010-07-26,13,13,6,SHREVEPORT,58961_20250930,DIF,2010-07-26,0,LAKESIDE BANK,LAKESIDE BANCSHARES INC,6833.0,5,4,0,0,FDIC,2025-09-30,5166134.0,4,LA,0,0,70605
N,0.0,58979,MIAMI LAKES,507791.0,0.0,2022-08-31,0.0,595409.0,42386.0,87618.0,2009-05-21,5,5,6,SOUTH FLORIDA,58979_20250930,DIF,2009-05-21,0,"BANKUNITED, NATIONAL ASSOCIATION",BANKUNITED INC,757152.0,5,55,0,0,OCC,2025-09-30,4028712.0,4,FL,0,0,33016
NM,1.0,58,ATMORE,11345.0,0.0,2024-09-30,0.0,11884.0,3734.0,539.0,1904-01-04,5,5,6,MONTGOMERY,58_20250930,DIF,1934-01-01,0,UNITED BANK,UNITED BCORP OF ALABAMA INC,45276.0,5,20,0,0,FDIC,2025-09-30,1083895.0,4,AL,0,0,36502
SM,1.0,5902,OKOLONA,6275.0,0.0,2023-07-01,0.0,6370.0,15.0,95.0,1931-01-31,13,13,8,JACKSON MS,5902_20250930,DIF,1934-01-01,0,BANKOKOLONA,BANCORP OF OKOLONA,7839.0,5,5,0,0,FED,2025-09-30,2744326.0,4,MS,1,0,38860
NM,0.0,5903,BELZONI,112737.0,0.0,2025-01-25,0.0,117720.0,4457.0,4983.0,1909-01-01,13,13,8,JACKSON MS,5903_20250930,DIF,1934-01-01,0,BANKPLUS,BANCPLUS CORP,203702.0,5,82,0,0,FDIC,2025-09-30,1097306.0,4,MS,0,1,39038
N,0.0,59043,GREENVILLE,1942.0,0.0,2022-08-31,0.0,1942.0,0.0,0.0,2010-04-28,2,11,3,NEW YORK CITY,59043_20250930,DIF,2020-04-30,0,"STIFEL TRUST COMPANY DELAWARE, NATIONAL ASSOCIATION",STIFEL FINANCIAL CORP,7568.0,1,1,0,0,OCC,2025-09-30,3063622.0,7,DE,0,1,19807
SM,0.0,59052,GREENWOOD VILLAG,126489.0,0.0,2022-10-01,28.0,130058.0,8662.0,3541.0,2010-12-10,13,13,10,DENVER,59052_20250930,DIF,2010-12-10,0,NBH BANK,NATIONAL BANK HOLDINGS CORP,263242.0,4,90,0,0,FED,2025-09-30,3973888.0,4,CO,0,0,80111
NM,0.0,59070,BROCKTON,82075.0,0.0,2024-11-17,0.0,97169.0,10127.0,15094.0,2013-07-01,2,2,1,SOUTH BOSTON,59070_20250930,DIF,2013-07-01,0,HARBORONE BANK,HARBORONE BCORP INC,97925.0,1,33,0,0,FDIC,2025-09-30,4973353.0,4,MA,0,0,02301
NM,1.0,59074,BIRD IN HAND,34086.0,0.0,2022-08-31,0.0,36996.0,1598.0,2910.0,2013-11-29,2,2,3,HARRISBURG,59074_20250930,DIF,2013-11-29,0,BANK OF BIRD-IN-HAND,GELT BCORP INC,33065.0,1,13,0,0,FDIC,2025-09-30,5952494.0,2,PA,0,0,17505
NM,1.0,5907,MCCOMB,5899.0,0.0,2022-08-31,0.0,5899.0,688.0,0.0,1895-06-25,13,13,6,JACKSON MS,5907_20250930,DIF,1934-01-01,0,FIRST BANK,FIRST SOUTHWEST CORP,15235.0,5,14,0,0,FDIC,2025-09-30,1082692.0,4,MS,1,1,39648
NM,1.0,59086,BEDFORD,9580.0,0.0,2024-11-17,0.0,9729.0,347.0,149.0,2015-07-28,2,2,1,CONCORD,59086_20250930,DIF,2015-07-28,0,PRIMARY BANK,Unknown,20915.0,1,4,0,0,FDIC,2025-09-30,0.0,4,NH,0,0,03110
NM,0.0,59093,OKLAHOMA CITY,10263.0,0.0,2022-09-30,5246.0,16694.0,387.0,1185.0,2017-01-01,13,13,10,OKLAHOMA CITY,59093_20250930,DIF,2017-01-01,0,INTERNATIONAL BANK OF COMMERCE,INTERNATIONAL BANCSHARES CORP,38045.0,5,41,0,0,FDIC,2025-09-30,1104231.0,4,OK,0,0,73112
NM,1.0,59098,SANTA ANA,3119.0,0.0,2023-11-18,0.0,3378.0,242.0,259.0,2018-02-01,14,14,12,ORANGE,59098_20250930,DIF,2018-02-01,0,INFINITY BANK,INFINITY BCORP,14149.0,4,1,0,0,FDIC,2025-09-30,5782299.0,4,CA,0,0,92707
NM,1.0,59099,SAN DIEGO,11348.0,0.0,2023-11-18,0.0,11348.0,1527.0,0.0,2018-01-22,14,14,12,ORANGE,59099_20250930,DIF,2018-01-22,0,ENDEAVOR BANK,ENDEAVOR BCORP,23563.0,4,4,0,0,FDIC,2025-09-30,5718627.0,4,CA,0,0,92101
N,1.0,59105,WINTER PARK,12163.0,0.0,2022-08-31,22.0,12185.0,-2352.0,0.0,2017-08-01,5,5,6,TAMPA,59105_20250930,DIF,2017-08-01,0,WINTER PARK NATIONAL BANK,Unknown,17041.0,5,2,0,0,OCC,2025-09-30,0.0,4,FL,1,0,32789
NM,1.0,59106,MOUNT PLEASANT,15822.0,0.0,2023-09-25,0.0,19437.0,995.0,3615.0,2018-01-08,5,5,5,COLUMBIA SC,59106_20250930,DIF,2018-01-08,0,BEACON COMMUNITY BANK,BEACON HOLDING CO INC,15922.0,1,6,0,0,FDIC,2025-09-30,5886245.0,4,SC,0,0,29466
SM,0.0,59108,WESTLAKE,22077.0,0.0,2024-01-01,120.0,22197.0,0.0,0.0,2018-07-02,13,16,11,PHOENIX,59108_20250930,DIF,2018-07-02,0,CHARLES SCHWAB TRUST BANK,CHARLES SCHWAB CORP THE,170255.0,5,1,0,0,FED,2025-09-30,1026632.0,5,TX,0,1,76262
NM,1.0,59112,NASHVILLE,20217.0,0.0,2022-08-31,7.0,22728.0,1380.0,2504.0,2018-06-14,13,13,6,NASHVILLE,59112_20250930,DIF,2018-06-14,0,STUDIO BANK,STUDIO FINANCIAL HOLDINGS INC,23895.0,5,2,0,0,FDIC,2025-09-30,5728886.0,4,TN,0,0,37203
N,1.0,59113,NEW YORK,24248.0,0.0,2025-04-01,0.0,24603.0,2222.0,355.0,2019-05-13,2,2,2,NEW YORK CITY,59113_20250930,DIF,2019-05-13,0,"GRASSHOPPER BANK, N.A.",GRASSHOPPER BCORP INC,26960.0,1,2,0,0,OCC,2025-09-30,5215715.0,4,NY,0,0,10016
NM,1.0,59114,BIRMINGHAM,15400.0,0.0,2025-09-22,0.0,15402.0,890.0,2.0,2018-06-04,5,5,6,SHELBY,59114_20250930,DIF,2018-06-04,0,COMMERCEONE BANK,COMMERCEONE FINANCIAL CORP,21859.0,5,1,0,0,FDIC,2025-09-30,5757185.0,4,AL,0,0,35203
NM,1.0,59117,LAS VEGAS,3049.0,0.0,2023-11-18,0.0,3049.0,715.0,0.0,2019-08-12,14,14,12,PHOENIX,59117_20250930,DIF,2019-08-12,0,LEXICON BANK,LEXICON BCORP,11541.0,4,1,0,0,FDIC,2025-09-30,5841963.0,4,NV,0,0,89145
NM,1.0,59138,BLOOMFIELD TOWNS,5292.0,0.0,2022-08-31,0.0,5292.0,2525.0,0.0,2019-04-15,9,9,7,DETROIT,59138_20250930,DIF,2019-04-15,0,MI BANK,MI BCORP INC,5958.0,3,1,0,0,FDIC,2025-09-30,5332591.0,4,MI,0,0,48301
NM,1.0,59140,SARASOTA,3835.0,0.0,2022-08-31,0.0,3861.0,222.0,26.0,2018-11-13,5,5,6,TAMPA,59140_20250930,DIF,2018-11-13,0,GULFSIDE BANK,Unknown,8570.0,5,2,0,0,FDIC,2025-09-30,0.0,4,FL,0,0,34236
NM,1.0,59143,SPRINGFIELD,4584.0,0.0,2024-06-24,0.0,5527.0,1870.0,943.0,2019-05-30,2,2,1,WINDSOR,59143_20250930,DIF,2019-05-30,0,NEW VALLEY BANK & TRUST,Unknown,8155.0,1,3,0,0,FDIC,2025-09-30,0.0,4,MA,0,0,01144
NM,1.0,59144,BEXLEY,10723.0,0.0,2022-08-31,0.0,11130.0,77.0,407.0,2019-04-22,9,9,4,COLUMBUS,59144_20250930,DIF,2019-04-22,0,OHIO STATE BANK,Unknown,6531.0,3,2,0,0,FDIC,2025-09-30,0.0,4,OH,0,0,43209
NM,1.0,59148,OKLAHOMA CITY,6646.0,0.0,2025-06-17,0.0,6646.0,491.0,0.0,2019-01-22,13,13,10,OKLAHOMA CITY,59148_20250930,DIF,2019-01-22,0,WATERMARK BANK,Unknown,11551.0,5,1,0,0,FDIC,2025-09-30,0.0,4,OK,0,0,73116
NM,1.0,59149,SENECA FALLS,82.0,0.0,2022-08-31,0.0,82.0,0.0,0.0,2018-12-31,2,2,2,SYRACUSE,59149_20250930,DIF,2018-12-31,0,GENERATIONS COMMERCIAL BANK,GENERATIONS BCORP NY INC,194.0,1,1,0,16040,FDIC,2025-09-30,2912442.0,7,NY,0,0,13148
NM,1.0,59154,NEW YORK,7632.0,0.0,2020-01-10,0.0,9325.0,930.0,1693.0,2019-07-01,2,2,2,NEW YORK CITY,59154_20250930,DIF,2019-07-01,0,PIERMONT BANK,Unknown,7872.0,1,1,0,0,FDIC,2025-09-30,0.0,4,NY,0,0,10018
NM,1.0,59157,MONROE,2152.0,0.0,2022-08-31,0.0,2152.0,193.0,0.0,2019-05-20,5,5,5,CHARLOTTE,59157_20250930,DIF,2019-05-20,0,AMERICAN BANK OF THE CAROLINAS,Unknown,6553.0,1,3,0,0,FDIC,2025-09-30,0.0,4,NC,0,0,28112
NM,1.0,59176,NASHUA,4811.0,0.0,2024-11-17,0.0,5439.0,472.0,628.0,2019-11-21,2,2,1,CONCORD,59176_20250930,DIF,2019-11-21,0,THE MILLYARD BANK,Unknown,5405.0,1,2,0,0,FDIC,2025-09-30,0.0,4,NH,0,0,03062
NM,0.0,59177,SALT LAKE CITY,3738.0,0.0,2022-08-31,0.0,3738.0,34485.0,0.0,2021-03-01,14,14,12,SALT LAKE CITY,59177_20250930,DIF,2021-03-01,0,"SQUARE FINANCIAL SERVICES, INC.",Unknown,173524.0,4,1,0,0,FDIC,2025-09-30,0.0,4,UT,0,0,84121
NM,1.0,59178,TUCKER,4047.0,0.0,2022-08-31,1.0,4386.0,190.0,338.0,2019-09-23,5,5,6,ATLANTA,59178_20250930,DIF,2019-09-23,0,TANDEM BANK,TANDEM BCORP INC,7545.0,5,1,0,0,FDIC,2025-09-30,5839728.0,4,GA,0,0,30084
SM,1.0,59181,KEY WEST,3413.0,0.0,2024-06-24,0.0,3617.0,620.0,204.0,2020-04-13,5,5,6,SOUTH FLORIDA,59181_20250930,DIF,2020-04-13,0,GULF ATLANTIC BANK,GULF ATLANTIC FINANCIAL CORP,6023.0,5,3,0,0,FED,2025-09-30,5866340.0,4,FL,0,0,33040
NM,1.0,59182,JOHNS CREEK,4613.0,0.0,2022-08-31,0.0,5445.0,317.0,832.0,2019-11-18,5,5,6,ATLANTA,59182_20250930,DIF,2019-11-18,0,LOYAL TRUST BANK,Unknown,3932.0,5,1,0,0,FDIC,2025-09-30,0.0,4,GA,0,0,30097
NM,1.0,59183,GREAT FALLS,21259.0,0.0,2024-12-09,0.0,23237.0,1215.0,1978.0,2019-07-08,5,5,5,RICHMOND,59183_20250930,DIF,2019-07-08,0,TRUSTAR BANK,Unknown,21492.0,1,7,0,0,FDIC,2025-09-30,0.0,4,VA,0,0,22066
NM,1.0,59185,HOUSTON,11158.0,0.0,2022-08-31,2.0,13416.0,973.0,2256.0,2019-12-18,13,13,11,HOUSTON,59185_20250930,DIF,2019-12-18,0,GULF CAPITAL BANK,Unknown,11850.0,5,1,0,0,FDIC,2025-09-30,0.0,4,TX,0,0,77056
NM,1.0,59188,GREENSBORO,10820.0,0.0,2022-08-31,1.0,11444.0,-235.0,623.0,2020-03-16,5,5,5,CHARLOTTE,59188_20250930,DIF,2020-03-16,0,TRIAD BUSINESS BANK,Unknown,9206.0,1,3,0,0,FDIC,2025-09-30,0.0,4,NC,0,0,27410
N,1.0,59190,DRAPER,2104.0,0.0,2022-08-31,0.0,2104.0,15862.0,0.0,2020-08-01,14,14,12,SALT LAKE CITY,59190_20250930,DIF,2020-08-01,0,"VARO BANK, NATIONAL ASSOCIATION",VARO MONEY INC,11209.0,4,1,0,0,OCC,2025-09-30,5463637.0,7,UT,0,0,84020
NM,1.0,59193,WASHINGTON,5705.0,0.0,2023-06-30,0.0,5993.0,411.0,288.0,2020-03-30,2,2,5,BALTIMORE,59193_20250930,DIF,2020-03-30,0,FOUNDERS BANK,Unknown,9903.0,1,1,0,0,FDIC,2025-09-30,0.0,4,DC,0,0,20015
NM,1.0,59195,CHICAGO,2040.0,0.0,2022-08-31,0.0,2041.0,312.0,1.0,2021-07-12,9,9,7,CHICAGO,59195_20250930,DIF,2021-07-12,0,FWBANK,FWB FINANCIAL INC,6784.0,3,1,0,0,FDIC,2025-09-30,5435979.0,4,IL,0,0,60642
NM,1.0,59199,DUBLIN,5932.0,0.0,2022-08-31,0.0,6071.0,290.0,139.0,2021-02-22,9,9,4,COLUMBUS,59199_20250930,DIF,2021-02-22,0,RIVERSIDE BANK OF DUBLIN,Unknown,4420.0,3,2,0,0,FDIC,2025-09-30,0.0,4,OH,0,0,43017
NM,1.0,59203,SCOTTSDALE,1722.0,0.0,2023-11-18,0.0,1851.0,80.0,129.0,2022-01-10,14,14,12,PHOENIX,59203_20250930,DIF,2022-01-10,0,SCOTTSDALE COMMUNITY BANK,Unknown,2028.0,4,1,0,0,FDIC,2025-09-30,0.0,5,AZ,0,0,85258
NM,1.0,59204,MURRIETA,1687.0,0.0,2023-11-18,0.0,1858.0,244.0,171.0,2022-06-10,14,14,12,ORANGE,59204_20250930,DIF,2022-06-10,0,LEGACY BANK,LEGACY BCORP,2719.0,4,1,0,0,FDIC,2025-09-30,5701807.0,4,CA,0,0,92562
NM,0.0,59205,DRAPER,41823.0,0.0,2022-08-31,0.0,42434.0,12934.0,611.0,2020-11-02,14,11,12,SALT LAKE CITY,59205_20250930,DIF,2020-11-02,0,NELNET BANK,Unknown,42433.0,4,1,0,0,FDIC,2025-09-30,0.0,9,UT,0,0,84020
N,1.0,59206,CHATTANOOGA,6127.0,0.0,2022-11-23,0.0,6454.0,408.0,327.0,2021-03-15,13,13,6,KNOXVILLE,59206_20250930,DIF,2021-03-15,0,"ROCKPOINTBANK, NATIONAL ASSOCIATION",Unknown,6692.0,5,1,0,0,OCC,2025-09-30,0.0,4,TN,0,0,37402
NM,1.0,59209,ATLANTA,5079.0,0.0,2022-08-31,6.0,5085.0,262.0,0.0,2020-10-15,5,5,6,ATLANTA,59209_20250930,DIF,2020-10-15,0,CRAFT BANK,CRAFT BANCSHARES INC,10769.0,5,2,0,0,FDIC,2025-09-30,5786916.0,4,GA,0,0,30318
NM,1.0,59219,ATHENS,1742.0,0.0,2022-08-31,0.0,1742.0,281.0,0.0,2020-11-09,5,5,6,ATLANTA,59219_20250930,DIF,2020-11-09,0,CLASSIC CITY BANK,CCB BCORP INC,8810.0,5,1,0,0,FDIC,2025-09-30,5933318.0,4,GA,0,0,30606
N,1.0,59239,HOUSTON,2050.0,0.0,2022-08-31,0.0,2050.0,490.0,0.0,2022-04-18,13,13,11,HOUSTON,59239_20250930,DIF,2022-04-18,0,"AGILITY BANK, NATIONAL ASSOCIATION",Unknown,4338.0,5,1,0,0,OCC,2025-09-30,0.0,4,TX,0,0,77008
NM,1.0,59245,NEWPORT BEACH,4122.0,0.0,2025-06-13,0.0,4213.0,690.0,91.0,2021-08-02,14,14,12,ORANGE,59245_20250930,DIF,2021-08-02,0,GENESIS BANK,Unknown,6588.0,4,3,0,0,FDIC,2025-09-30,0.0,4,CA,0,0,92660
NM,1.0,59249,WORTHINGTON,4903.0,0.0,2022-08-31,0.0,4903.0,654.0,0.0,2021-04-12,9,9,4,COLUMBUS,59249_20250930,DIF,2021-04-12,0,FIRST BANK OF CENTRAL OHIO,Unknown,5135.0,3,2,0,0,FDIC,2025-09-30,0.0,4,OH,0,0,43085
NM,1.0,59257,SAINT PETERSBURG,27353.0,0.0,2023-10-30,0.0,29721.0,4969.0,2368.0,2021-06-01,5,5,6,TAMPA,59257_20250930,DIF,2021-06-01,0,CLIMATE FIRST BANK,CLIMATE FIRST BCORP INC,29152.0,5,3,0,0,FDIC,2025-09-30,5720246.0,4,FL,0,0,33704
SM,1.0,59262,VIRGINIA BEACH,512.0,0.0,2022-08-31,1.0,522.0,17.0,9.0,2021-05-03,5,5,5,RICHMOND,59262_20250930,DIF,2021-05-03,0,INTEGRITY BANK FOR BUSINESS,Unknown,2242.0,1,1,0,0,FED,2025-09-30,0.0,4,VA,0,0,23452
NM,1.0,59265,CLEARWATER,7701.0,0.0,2022-08-31,0.0,7743.0,1043.0,42.0,2021-09-20,5,5,6,TAMPA,59265_20250930,DIF,2021-09-20,0,WATERFALL BANK,WATERFALL BCORP INC,7688.0,5,2,0,0,FDIC,2025-09-30,5976940.0,4,FL,0,0,33756
NM,1.0,59273,SCOTTSDALE,1212.0,0.0,2023-11-18,0.0,1294.0,0.0,82.0,2022-06-08,14,14,12,PHOENIX,59273_20250930,DIF,2022-06-08,0,GAINEY BUSINESS BANK,Unknown,2171.0,4,1,0,0,FDIC,2025-09-30,0.0,4,AZ,0,0,85253
NM,1.0,59278,FORT LAUDERDALE,6086.0,0.0,2022-12-05,0.0,6090.0,1985.0,4.0,2022-01-12,5,5,6,SOUTH FLORIDA,59278_20250930,DIF,2022-01-12,0,LOCALITY BANK,Unknown,8358.0,5,1,0,0,FDIC,2025-09-30,0.0,4,FL,0,0,33316
NM,1.0,59281,FORT MYERS,2675.0,0.0,2022-08-31,0.0,2675.0,558.0,0.0,2022-06-06,5,5,6,SOUTH FLORIDA,59281_20250930,DIF,2022-06-06,0,GULF COAST BUSINESS BANK,Unknown,4262.0,5,1,0,0,FDIC,2025-09-30,0.0,4,FL,0,0,33966
NM,1.0,59283,PHOENIX,2912.0,0.0,2023-11-18,3.0,3023.0,1181.0,108.0,2022-06-21,14,14,12,PHOENIX,59283_20250930,DIF,2022-06-21,0,INTEGRO BANK,Unknown,4056.0,4,1,0,0,FDIC,2025-09-30,0.0,4,AZ,0,0,85053
NM,1.0,59285,MOULTRIE,1636.0,0.0,2024-04-08,0.0,1636.0,338.0,0.0,2022-05-09,5,5,6,ALBANY GA,59285_20250930,DIF,2022-05-09,0,MOULTRIE BANK & TRUST,Unknown,3537.0,5,1,0,0,FDIC,2025-09-30,0.0,2,GA,0,0,31788
NM,0.0,59286,SALT LAKE CITY,2504.0,0.0,2025-06-01,0.0,4309.0,3465.0,1805.0,2025-06-01,14,9,12,APPLETON,59286_20250930,DIF,2025-06-01,0,THRIVENT BANK,Unknown,18223.0,4,1,0,0,FDIC,2025-09-30,0.0,9,UT,0,0,84121
NM,1.0,59287,BLOOMINGTON,8948.0,0.0,2022-08-31,0.0,8948.0,841.0,0.0,2022-03-21,11,11,9,MINNEAPOLIS,59287_20250930,DIF,2022-03-21,0,ENTREBANK,ENTREPRENEURS BANCSHARES INC,11724.0,3,1,0,0,FDIC,2025-09-30,5613236.0,4,MN,1,0,55425
SI,1.0,59289,CONCORD,2333.0,0.0,2024-11-17,0.0,2333.0,226.0,0.0,2022-10-05,2,2,1,CONCORD,59289_20250930,DIF,2022-10-05,0,WALDEN MUTUAL BANK,Unknown,4237.0,1,1,0,0,FDIC,2025-09-30,0.0,4,NH,0,0,03301
NM,1.0,59290,IRVINE,3536.0,0.0,2023-11-18,0.0,3644.0,64.0,108.0,2023-06-12,14,14,12,ORANGE,59290_20250930,DIF,2023-06-12,0,BEACH CITIES COMMERCIAL BANK,Unknown,4170.0,4,2,0,0,FDIC,2025-09-30,0.0,4,CA,0,0,92618
NM,1.0,59292,COLUMBUS,1044.0,0.0,2023-01-18,0.0,1044.0,321.0,0.0,2023-01-18,9,9,4,COLUMBUS,59292_20250930,DIF,2023-01-18,0,ADELPHI BANK,Unknown,3055.0,3,1,0,0,FDIC,2025-09-30,0.0,4,OH,0,0,43203
NM,1.0,59296,IRVINE,4401.0,0.0,2023-11-18,0.0,4401.0,485.0,0.0,2022-10-18,14,14,12,ORANGE,59296_20250930,DIF,2022-10-18,0,BANK IRVINE,Unknown,6767.0,4,1,0,0,FDIC,2025-09-30,0.0,4,CA,0,0,92618
NM,1.0,59298,SOUTH BURLINGTON,5706.0,0.0,2025-07-24,0.0,5757.0,404.0,51.0,2022-08-02,2,2,1,WINDSOR,59298_20250930,DIF,2022-08-02,0,"BUSINESS BANK, THE",Unknown,4792.0,1,1,0,0,FDIC,2025-09-30,0.0,4,VT,0,0,05403
NM,1.0,59304,KATY,4407.0,0.0,2022-10-27,0.0,4407.0,743.0,0.0,2022-09-06,13,13,11,HOUSTON,59304_20250930,DIF,2022-09-06,0,TEXAS TRADITIONS BANK,Unknown,12573.0,5,2,0,0,FDIC,2025-09-30,0.0,4,TX,0,0,77494
NM,1.0,59305,BIRMINGHAM,1373.0,0.0,2023-06-26,0.0,1373.0,159.0,0.0,2023-06-26,9,9,7,DETROIT,59305_20250930,DIF,2023-06-26,0,COMMUNITY UNITY BANK,Unknown,1848.0,3,1,0,0,FDIC,2025-09-30,0.0,4,MI,0,0,48009
NM,1.0,59306,FORT LAUDERDALE,5565.0,0.0,2022-12-15,0.0,5565.0,1022.0,0.0,2022-12-15,5,5,6,SOUTH FLORIDA,59306_20250930,DIF,2022-12-15,0,EVERMORE BANK,Unknown,6343.0,5,2,0,0,FDIC,2025-09-30,0.0,4,FL,0,0,33308
NM,1.0,59312,GOUVERNEUR,116.0,0.0,2022-09-16,0.0,116.0,0.0,0.0,2022-09-16,2,2,2,SYRACUSE,59312_20250930,DIF,2022-09-16,0,GS&L MUNICIPAL BANK,GOUVERNEUR BCORP INC,788.0,1,4,0,30976,FDIC,2025-09-30,2801014.0,7,NY,0,0,13642
NM,1.0,59314,RIVERSIDE,3083.0,0.0,2024-02-06,0.0,3083.0,925.0,0.0,2023-08-22,14,14,12,ORANGE,59314_20250930,DIF,2023-08-22,0,ICON BUSINESS BANK,ICON BCORP,3501.0,4,2,0,0,FDIC,2025-09-30,5805237.0,4,CA,0,0,92501
NM,1.0,59318,SCOTTSDALE,1619.0,0.0,2023-11-18,0.0,1619.0,315.0,0.0,2023-10-02,14,14,12,PHOENIX,59318_20250930,DIF,2023-10-02,0,ZENITH BANK & TRUST,VB&T HOLDING CO LLC,2609.0,4,1,0,0,FDIC,2025-09-30,5805433.0,4,AZ,0,1,85251
SM,1.0,59324,SAN JUAN,4049.0,0.0,2023-09-18,0.0,4149.0,885.0,100.0,2023-09-18,2,2,2,SAN JUAN,59324_20250930,DIF,2023-09-18,0,NAVE BANK,NAVE HOLDINGS INC,5483.0,1,1,1,0,FED,2025-09-30,5686098.0,4,PR,0,0,00909
NM,1.0,59326,HUNTSVILLE,1722.0,0.0,2024-01-26,0.0,1722.0,260.0,0.0,2024-01-26,5,5,6,SHELBY,59326_20250930,DIF,2024-01-26,0,NOVA BANK,Unknown,2438.0,5,1,0,0,FDIC,2025-09-30,0.0,4,AL,0,0,35801
NM,1.0,59330,GRANDVIEW HEIGHT,442.0,0.0,2024-12-09,0.0,442.0,85.0,0.0,2024-12-09,9,9,4,COLUMBUS,59330_20250930,DIF,2024-12-09,0,FORTUNA BANK,Unknown,797.0,3,1,0,0,FDIC,2025-09-30,0.0,7,OH,0,0,43212
NM,1.0,59339,LOS ALTOS,104.0,0.0,2025-09-12,0.0,104.0,134.0,0.0,2024-11-25,14,14,12,SAN FRANCISCO,59339_20250930,DIF,2024-11-25,0,ALTOS BANK,Unknown,992.0,4,1,0,0,FDIC,2025-09-30,0.0,7,CA,0,0,94022
SM,1.0,59342,HOUSTON,1068.0,0.0,2024-10-11,0.0,1068.0,1101.0,0.0,2024-10-11,13,13,11,HOUSTON,59342_20250930,DIF,2024-10-11,0,INTEGRITY BANK SSB,INTEGRITY BCORP INC,3284.0,5,1,0,0,FED,2025-09-30,5933055.0,4,TX,0,0,77024
NM,0.0,59345,PARAMUS,0.0,0.0,2025-09-02,0.0,0.0,0.0,0.0,2025-05-12,2,2,2,JAMESBURG,59345_20250930,DIF,2025-05-12,0,FIVE RIVERS BANK,Unknown,1062.0,1,1,0,0,FDIC,2025-09-30,0.0,7,NJ,0,0,07652
NM,1.0,59352,CARTHAGE,1238.0,0.0,2024-10-24,0.0,1238.0,459.0,0.0,2024-08-26,11,11,10,SPRINGFIELD MO,59352_20250930,DIF,2024-08-26,0,FOUR STATES BANK,FOUR STATES BANCSHARES INC,2061.0,4,3,0,0,FDIC,2025-09-30,5932825.0,4,MO,0,0,64836
NM,1.0,59354,CORAL GABLES,679.0,0.0,2025-03-17,0.0,693.0,419.0,14.0,2025-03-17,5,5,6,SOUTH FLORIDA,59354_20250930,DIF,2025-03-17,0,BANKMIAMI,Unknown,1268.0,5,1,0,0,FDIC,2025-09-30,0.0,7,FL,0,0,33143
NM,1.0,59358,OCALA,161.0,0.0,2024-12-30,0.0,161.0,100.0,0.0,2024-12-30,5,5,6,TAMPA,59358_20250930,DIF,2024-12-30,0,GALA BANK,Unknown,541.0,5,1,0,0,FDIC,2025-09-30,0.0,4,FL,0,0,34471
NM,1.0,5956,NEWTON,17710.0,0.0,2022-08-31,0.0,17710.0,585.0,0.0,1912-01-01,5,5,5,CHARLOTTE,5956_20250930,DIF,1934-01-01,0,PEOPLES BANK,PEOPLES BCORP OF NC INC,44363.0,1,17,0,0,FDIC,2025-09-30,2818245.0,4,NC,0,0,28658
NM,1.0,5962,ATTICA,3010.0,0.0,2021-08-29,2.0,3012.0,0.0,0.0,1878-01-01,9,9,4,COLUMBUS,5962_20250930,DIF,1934-01-01,0,SUTTON BANK,SUTTON BANCSHARES INC,66615.0,3,9,0,0,FDIC,2025-09-30,1134500.0,9,OH,1,0,44807
NM,0.0,5969,ARCHBOLD,43861.0,0.0,2022-10-01,816.0,51604.0,1524.0,6927.0,1897-04-01,9,9,4,COLUMBUS,5969_20250930,DIF,1934-01-01,0,THE FARMERS & MERCHANTS STATE BANK,FARMERS&MERCHANTS BCORP INC,77175.0,3,40,0,0,FDIC,2025-09-30,1134630.0,4,OH,0,0,43502
SM,1.0,597,ELMIRA,32408.0,0.0,2022-08-31,0.0,34202.0,3301.0,1794.0,1833-10-22,2,2,2,SYRACUSE,597_20250930,DIF,1934-01-01,0,CHEMUNG CANAL TRUST COMPANY,CHEMUNG FINANCIAL CORP,64414.0,1,30,0,0,FED,2025-09-30,1133594.0,4,NY,0,1,14901
NM,1.0,5981,ZANESVILLE,8958.0,0.0,2022-08-31,0.0,8958.0,90.0,0.0,1902-07-28,9,9,4,COLUMBUS,5981_20250930,DIF,1934-01-01,0,THE COMMUNITY BANK,COMMUNITYBANC INC,17518.0,3,10,0,0,FDIC,2025-09-30,1249682.0,8,OH,0,1,43701
NM,1.0,5994,GUTHRIE,11677.0,0.0,2023-06-26,0.0,11695.0,1503.0,18.0,1909-01-01,13,13,10,OKLAHOMA CITY,5994_20250930,DIF,1934-01-01,0,PRISM BANK,WDCO VENTURES LLC,14440.0,5,4,0,0,FDIC,2025-09-30,5801257.0,4,OK,0,0,73044
SM,1.0,5999,TEMPLE,296.0,0.0,2022-08-31,1.0,302.0,0.0,5.0,1919-06-01,13,13,10,OKLAHOMA CITY,5999_20250930,DIF,1934-01-01,0,FIRST STATE BANK IN TEMPLE,Unknown,622.0,5,1,0,0,FED,2025-09-30,0.0,2,OK,0,0,73568
SM,1.0,6051,APOLLO,348.0,0.0,2022-08-31,0.0,1490.0,86.0,1142.0,1871-05-27,2,2,4,WEXFORD,6051_20250930,DIF,1934-01-01,0,APOLLO TRUST COMPANY,APOLLO BCORP INC,5887.0,1,6,0,0,FED,2025-09-30,1139000.0,5,PA,0,1,15613
N,1.0,6063,MITCHELL,13684.0,0.0,2024-06-30,1161.0,16311.0,3216.0,1466.0,1930-10-31,11,11,9,SIOUX FALLS,6063_20250930,DIF,1934-01-01,0,CORTRUST BANK NATIONAL ASSOCIATION,HOPKINS FINANCIAL CORP,38350.0,4,37,0,0,OCC,2025-09-30,1125740.0,4,SD,0,1,57301
NM,1.0,6064,BRYANT,444.0,0.0,2024-06-30,1.0,457.0,867.0,12.0,1915-03-01,11,11,9,SIOUX FALLS,6064_20250930,DIF,1934-01-01,0,BRYANT STATE BANK,BRYANT BANCSHARES INC,2690.0,4,1,0,0,FDIC,2025-09-30,1127717.0,2,SD,1,0,57221
NM,1.0,6078,CENTERVILLE,7081.0,0.0,2024-06-30,2.0,10090.0,842.0,3007.0,1883-01-01,11,11,9,SIOUX FALLS,6078_20250930,DIF,1934-01-01,0,ONE AMERICAN BANK,ONE AMERICAN FINANCIAL CORP,3854.0,4,3,0,0,FDIC,2025-09-30,5536791.0,5,SD,0,0,57014
NM,1.0,6084,TURTON,581.0,0.0,2024-06-30,6.0,608.0,0.0,21.0,1915-08-13,11,11,9,SIOUX FALLS,6084_20250930,DIF,1934-01-01,0,THE FARMERS STATE BANK OF TURTON,Unknown,970.0,4,1,0,0,FDIC,2025-09-30,0.0,2,SD,1,0,57477
SM,1.0,6085,SIOUX FALLS,43141.0,0.0,2024-06-30,0.0,44677.0,5480.0,1536.0,1914-01-01,11,11,9,SIOUX FALLS,6085_20250930,DIF,1934-01-01,0,FIRST PREMIER BANK,UNITED NATIONAL CORP,80928.0,4,14,0,0,FED,2025-09-30,1842421.0,9,SD,1,0,57104
NM,1.0,6088,JAMESTOWN,2979.0,0.0,2022-08-31,0.0,2979.0,0.0,0.0,1904-01-01,13,13,6,KNOXVILLE,6088_20250930,DIF,1934-01-01,0,UNION BANK,JAMESTOWN UNION BANCSHARES INC,4674.0,5,3,0,0,FDIC,2025-09-30,1129542.0,7,TN,0,1,38556
NM,1.0,6091,LAFAYETTE,13193.0,0.0,2022-08-31,0.0,13296.0,449.0,103.0,1919-07-01,13,13,6,NASHVILLE,6091_20250930,DIF,1934-01-01,0,MACON BANK AND TRUST COMPANY,MACON BANCTRUST INC,17116.0,5,7,0,0,FDIC,2025-09-30,1136577.0,4,TN,0,0,37083
NM,0.0,609,ITHACA,82404.0,0.0,2022-08-31,125.0,100496.0,10556.0,17967.0,1934-01-01,2,2,2,SYRACUSE,609_20250930,DIF,1934-01-01,0,TOMPKINS COMMUNITY BANK,TOMPKINS FINANCIAL CORP,180668.0,1,59,0,0,FDIC,2025-09-30,2367921.0,4,NY,0,1,14850
NM,1.0,6100,FRANKLIN,5233.0,0.0,2022-09-30,0.0,5233.0,1849.0,0.0,1927-02-05,13,13,6,NASHVILLE,6100_20250930,DIF,1934-01-01,0,LINEAGE BANK,LINEAGE FINANCIAL NETWORK INC,2666.0,5,3,0,0,FDIC,2025-09-30,1823550.0,4,TN,0,0,37067
SM,1.0,6101,DECATURVILLE,5191.0,0.0,2022-10-05,2.0,5275.0,281.0,82.0,1899-11-16,13,13,8,NASHVILLE,6101_20250930,DIF,1934-01-01,0,DECATUR COUNTY BANK,DECATUR BANCSHARES INC,8309.0,5,5,0,0,FED,2025-09-30,2201883.0,4,TN,1,0,38329
NM,1.0,6110,SARDIS,1507.0,0.0,2022-08-31,0.0,1507.0,116.0,0.0,1920-12-20,13,5,8,NASHVILLE,6110_20250930,DIF,1934-01-01,0,THE PEOPLES BANK,1ST JACKSON BANCSHARES INC,3168.0,5,5,0,0,FDIC,2025-09-30,2306993.0,4,TN,0,1,38371
SM,1.0,6123,BERRYVILLE,24654.0,0.0,2022-12-21,0.0,26955.0,3012.0,2301.0,1881-04-01,5,5,5,RICHMOND,6123_20250930,DIF,1934-01-01,0,BANK OF CLARKE,EAGLE FINANCIAL SERVICES INC,47295.0,1,15,0,0,FED,2025-09-30,1951770.0,4,VA,0,1,22611
NM,1.0,6137,BUCHANAN,11644.0,0.0,2022-08-31,1.0,11663.0,688.0,18.0,1899-09-27,5,5,5,RICHMOND,6137_20250930,DIF,1934-01-01,0,BANK OF BOTETOURT,Unknown,23619.0,1,14,0,0,FDIC,2025-09-30,0.0,4,VA,0,0,24066
NM,1.0,6156,WINTHROP,126.0,0.0,2022-08-31,0.0,126.0,10.0,0.0,1916-01-01,14,14,12,SEATTLE,6156_20250930,DIF,1934-01-01,0,FARMERS STATE BANK,Unknown,1126.0,4,1,0,0,FDIC,2025-09-30,0.0,7,WA,0,0,98862
NM,1.0,6158,BELLINGHAM,22503.0,0.0,2022-08-31,0.0,22503.0,900.0,0.0,1921-01-07,14,14,12,SEATTLE,6158_20250930,DIF,1934-01-01,0,PEOPLES BANK,PEOPLES BCORP,70526.0,4,23,0,0,FDIC,2025-09-30,1030947.0,4,WA,0,0,98226
NM,1.0,6161,PORT ORCHARD,11711.0,0.0,2022-08-31,0.0,13918.0,-429.0,2207.0,1908-08-08,14,14,12,SEATTLE,6161_20250930,DIF,1934-01-01,0,KITSAP BANK,OLYMPIC BCORP INC,39759.0,4,18,0,0,FDIC,2025-09-30,2603991.0,4,WA,0,0,98366
NM,1.0,6176,FRANKLIN,9299.0,0.0,2024-01-02,0.0,10263.0,2264.0,964.0,1925-10-05,5,5,5,SCOTT DEPOT,6176_20250930,DIF,1934-01-01,0,"PENDLETON COMMUNITY BANK, INC.",ALLEGHENY BANCSHARES INC,22816.0,1,15,0,0,FDIC,2025-09-30,3137082.0,4,WV,0,0,26807
SM,1.0,6180,UNION,2813.0,0.0,2024-01-02,0.0,2813.0,125.0,0.0,1903-11-03,5,5,5,SCOTT DEPOT,6180_20250930,DIF,1934-01-01,0,THE BANK OF MONROE,UNION BANKSHARES INC,6024.0,1,3,0,0,FED,2025-09-30,2722892.0,8,WV,0,0,24983
NM,1.0,6186,LOYAL,3591.0,0.0,2022-08-31,0.0,4347.0,90.0,756.0,1909-12-15,9,9,7,EAU CLAIRE,6186_20250930,DIF,1934-01-01,0,CITIZENS STATE BANK OF LOYAL,CITIZENS BANCSHARES LOYAL INC,6302.0,3,5,0,0,FDIC,2025-09-30,1136410.0,2,WI,0,0,54446
SM,1.0,618,MILLBROOK,309.0,0.0,2022-08-31,0.0,309.0,100.0,0.0,1891-05-18,2,2,2,SYRACUSE,618_20250930,DIF,1934-01-01,0,BANK OF MILLBROOK,MILLBROOK BANK SYSTEM INC,8730.0,1,5,0,0,FED,2025-09-30,2646998.0,8,NY,0,1,12545
NM,1.0,6194,HUDSON,7491.0,0.0,2022-08-31,0.0,8144.0,768.0,653.0,1904-07-15,9,9,9,EAU CLAIRE,6194_20250930,DIF,1934-01-01,0,CITIZENS STATE BANK,CITIZENS BANCSHARES WOODVILLE,12169.0,3,5,0,0,FDIC,2025-09-30,1129065.0,4,WI,0,0,54016
NM,1.0,6195,BARRON,4428.0,0.0,2022-08-31,0.0,4597.0,90.0,169.0,1885-05-01,9,9,9,EAU CLAIRE,6195_20250930,DIF,1934-01-01,0,STERLING BANK,NORTHWEST WISCONSIN BCORP INC,8072.0,3,4,0,0,FDIC,2025-09-30,2176105.0,4,WI,1,0,54812
NM,1.0,6198,HIGHLAND,308.0,0.0,2022-08-31,0.0,308.0,0.0,0.0,1903-06-01,9,9,7,MADISON,6198_20250930,DIF,1934-01-01,0,HIGHLAND STATE BANK,SOUTHWESTERN WI BANCSHARES INC,1050.0,3,1,0,0,FDIC,2025-09-30,1881699.0,8,WI,1,0,53543
NM,0.0,622,NEW YORK,92092.0,0.0,2022-08-31,37.0,92810.0,10787.0,681.0,1923-04-14,2,2,2,NEW YORK CITY,622_20250930,DIF,1934-01-01,0,AMALGAMATED BANK,WORKERS UNITED,221564.0,1,6,0,0,FDIC,2025-09-30,4400336.0,4,NY,0,1,10001
SM,0.0,623,NEW YORK,502000.0,0.0,2024-04-02,0.0,522000.0,9000.0,20000.0,1903-03-30,2,2,2,NEW YORK CITY,623_20250930,DIF,1934-01-01,0,DEUTSCHE BANK TRUST COMPANY AMERICAS,DEUTSCHE BK AKTIENGESELLSCHAFT,847000.0,1,1,0,0,FED,2025-09-30,1242423.0,9,NY,0,1,10019
N,1.0,6271,DERBY,11924.0,0.0,2022-04-01,820.0,14222.0,991.0,1478.0,1851-01-15,2,2,1,WINDSOR,6271_20250930,DIF,1934-01-01,0,COMMUNITY NATIONAL BANK,COMMUNITY BCORP,30548.0,1,12,0,0,OCC,2025-09-30,1115040.0,4,VT,0,1,05855
N,1.0,6275,MIDDLEBURY,3846.0,0.0,2022-08-31,0.0,3871.0,-21.0,25.0,1831-11-09,2,2,1,WINDSOR,6275_20250930,DIF,1934-01-01,0,THE NATIONAL BANK OF MIDDLEBURY,MIDDLEBURY NATIONAL CORP,12552.0,1,7,0,0,OCC,2025-09-30,1136214.0,5,VT,0,1,05753
N,1.0,6280,ORWELL,1359.0,0.0,2022-08-31,0.0,1359.0,91.0,0.0,1863-01-01,2,2,1,WINDSOR,6280_20250930,DIF,1934-01-01,0,THE FIRST NATIONAL BANK OF ORWELL,Unknown,2890.0,1,2,0,0,OCC,2025-09-30,0.0,5,VT,0,0,05760
N,0.0,628,COLUMBUS,26057000.0,10329000.0,2025-02-01,5729000.0,51821000.0,9504000.0,9706000.0,1824-01-01,9,16,4,COLUMBUS,628_20250930,DIF,1934-01-01,0,"JPMORGAN CHASE BANK, NATIONAL ASSOCIATION",JPMORGAN CHASE&CO,72600000.0,3,5054,0,0,OCC,2025-09-30,1039502.0,1,OH,0,1,43240
N,1.0,6354,HOPE,5040.0,0.0,2016-06-01,0.0,5040.0,175.0,0.0,1911-09-11,2,2,2,JAMESBURG,6354_20250930,DIF,1934-01-01,0,"FIRST HOPE BANK, A NATIONAL BANKING ASSOCIATION",FIRST HOPE BCORP,17643.0,1,6,0,0,OCC,2025-09-30,3609132.0,4,NJ,0,1,07844
N,0.0,6384,WILMINGTON,5630485.0,2761.0,2022-08-31,130604.0,7614148.0,639973.0,1850298.0,1804-01-01,2,16,3,CLAYMONT,6384_20250930,DIF,1934-01-01,0,"PNC BANK, NATIONAL ASSOCIATION",PNC FINL SERVICES GROUP INC,11212454.0,1,2327,0,0,OCC,2025-09-30,1069778.0,9,DE,0,1,19801
SM,0.0,639,NEW YORK,3286000.0,1720000.0,2022-08-31,7796000.0,12996000.0,-8000.0,194000.0,1851-01-01,2,16,2,NEW YORK CITY,639_20250930,DIF,1934-01-01,0,THE BANK OF NEW YORK MELLON,BANK OF NY MELLON CORP THE,3680000.0,1,12,0,0,FED,2025-09-30,3587146.0,1,NY,0,1,10007
SM,1.0,6423,OLD BRIDGE,37712.0,0.0,2022-08-31,656.0,39040.0,0.0,672.0,1888-05-12,2,2,2,JAMESBURG,6423_20250930,DIF,1934-01-01,0,AMBOY BANK,AMBOY BCORP,71080.0,1,23,0,0,FED,2025-09-30,2611718.0,4,NJ,1,1,08857
N,1.0,6442,ABSECON,1346.0,0.0,2022-08-31,0.0,1346.0,80.0,0.0,1916-03-20,2,2,3,JAMESBURG,6442_20250930,DIF,1934-01-01,0,THE FIRST NATIONAL BANK OF ABSECON,ABSECON BCORP,5411.0,1,4,0,0,OCC,2025-09-30,2579612.0,8,NJ,0,1,08201
N,1.0,6464,ELMER,3306.0,0.0,2022-08-31,0.0,3306.0,124.0,0.0,1903-05-01,2,2,3,JAMESBURG,6464_20250930,DIF,1934-01-01,0,THE FIRST NATIONAL BANK OF ELMER,ELMER BCORP INC,11893.0,1,6,0,0,OCC,2025-09-30,2947985.0,4,NJ,0,1,08318
N,1.0,6528,BELLEVUE,3702.0,0.0,2022-08-31,0.0,3742.0,0.0,40.0,1875-09-15,9,9,4,COLUMBUS,6528_20250930,DIF,1934-01-01,0,THE FIRST NATIONAL BANK OF BELLEVUE,FIRST BANCSHARES INC,7482.0,3,9,0,0,OCC,2025-09-30,1071258.0,4,OH,0,0,44811
N,1.0,6530,BLANCHESTER,439.0,0.0,2022-08-31,0.0,439.0,0.0,0.0,1907-03-08,9,9,4,COLUMBUS,6530_20250930,DIF,1934-01-01,0,THE FIRST NATIONAL BANK OF BLANCHESTER,FIRST BLANCHESTER BANCSHARES,2098.0,3,1,0,0,OCC,2025-09-30,1859193.0,8,OH,0,0,45107
N,1.0,6531,BLUFFTON,8991.0,0.0,2022-08-31,4.0,12634.0,714.0,3639.0,1920-01-13,9,9,4,COLUMBUS,6531_20250930,DIF,1934-01-01,0,THE CITIZENS NATIONAL BANK OF BLUFFTON,CITIZENS BANCSHARES INC,33243.0,3,12,0,0,OCC,2025-09-30,3248821.0,4,OH,1,0,45817
N,0.0,6540,CANFIELD,60329.0,0.0,2023-01-01,0.0,65963.0,4763.0,5634.0,1887-02-17,9,9,4,COLUMBUS,6540_20250930,DIF,1934-01-01,0,THE FARMERS NATIONAL BANK OF CANFIELD,FARMERS NATIONAL BANC CORP,108308.0,3,64,0,0,OCC,2025-09-30,1071191.0,4,OH,0,0,44406
SM,0.0,6544,MARIETTA,103911.0,0.0,2023-05-01,354.0,115446.0,34111.0,11181.0,1902-05-26,9,9,4,COLUMBUS,6544_20250930,DIF,1934-01-01,0,PEOPLES BANK,PEOPLES BCORP INC,268260.0,3,135,0,0,FED,2025-09-30,1070578.0,4,OH,0,1,45750
N,0.0,6548,CINCINNATI,7939906.0,100671.0,2025-09-19,50837.0,9920183.0,1610086.0,1828769.0,1863-07-13,9,16,4,COLUMBUS,6548_20250930,DIF,1934-01-01,0,U.S. BANK NATIONAL ASSOCIATION,U S BCORP,12606502.0,3,2115,0,0,OCC,2025-09-30,1119794.0,9,OH,0,1,45202
N,0.0,6560,COLUMBUS,2481500.0,0.0,2025-02-01,7294.0,3032792.0,340293.0,543998.0,1866-01-06,9,16,4,COLUMBUS,6560_20250930,DIF,1934-01-01,0,THE HUNTINGTON NATIONAL BANK,HUNTINGTON BANCSHARES INC,4627486.0,3,1019,0,0,OCC,2025-09-30,1068191.0,4,OH,0,1,43215
N,1.0,6574,DENNISON,2288.0,0.0,2022-08-31,0.0,2288.0,59.0,0.0,1933-10-16,9,9,4,COLUMBUS,6574_20250930,DIF,1934-01-01,0,THE FIRST NATIONAL BANK OF DENNISON,FNB INC,9148.0,3,5,0,0,OCC,2025-09-30,1417267.0,8,OH,0,0,44621
N,1.0,6584,FOREST,283.0,0.0,2022-08-31,0.0,283.0,0.0,0.0,1904-10-04,9,9,4,COLUMBUS,6584_20250930,DIF,1934-01-01,0,"COMMUNITY FIRST BANK, NATIONAL ASSOCIATION",COMMUNITY FIRST BANCSHARES INC,1297.0,3,3,0,0,OCC,2025-09-30,2293093.0,2,OH,0,0,45843
N,1.0,6592,GERMANTOWN,949.0,0.0,2022-08-31,0.0,1045.0,-2.0,96.0,1863-09-19,9,9,4,COLUMBUS,6592_20250930,DIF,1934-01-01,0,THE FIRST NATIONAL BANK OF GERMANTOWN,MAIN STREET CAPITAL CO,1917.0,3,1,0,0,OCC,2025-09-30,5896477.0,8,OH,0,0,45327
SM,1.0,659,WARSAW,94315.0,0.0,2022-08-31,0.0,97374.0,8235.0,3059.0,1881-12-26,2,2,2,SYRACUSE,659_20250930,DIF,1934-01-01,0,FIVE STAR BANK,FINANCIAL INSTITUTIONS INC,152011.0,1,49,0,0,FED,2025-09-30,1032464.0,4,NY,0,1,14569
SM,0.0,6600,CINCINNATI,231891.0,0.0,2024-09-30,232.0,253192.0,27568.0,21069.0,1863-01-01,9,9,4,COLUMBUS,6600_20250930,DIF,1934-01-01,0,FIRST FINANCIAL BANK,FIRST FINANCIAL BCORP,483368.0,3,135,0,0,FED,2025-09-30,1071276.0,4,OH,0,1,45202
N,1.0,6605,HILLSBORO,13671.0,0.0,2022-08-31,13.0,15371.0,0.0,1687.0,1879-12-25,9,9,4,COLUMBUS,6605_20250930,DIF,1934-01-01,0,THE MERCHANTS NATIONAL BANK,MERCHANTS BCORP INC,31341.0,3,17,0,0,OCC,2025-09-30,2485487.0,4,OH,0,0,45133
SM,1.0,660,SARATOGA SPRINGS,14202.0,0.0,2022-08-31,76.0,14278.0,0.0,0.0,1901-01-01,2,2,2,SYRACUSE,660_20250930,DIF,1934-01-01,0,THE ADIRONDACK TRUST COMPANY,ADIRONDACK TR EMPLOYEE STK OWNERSHIP TR,32060.0,1,13,0,0,FED,2025-09-30,3138267.0,4,NY,0,1,12866
N,1.0,6616,KINGSTON,7972.0,0.0,2022-08-31,0.0,8045.0,144.0,73.0,1909-01-01,9,9,4,COLUMBUS,6616_20250930,DIF,1934-01-01,0,KINGSTON NATIONAL BANK,KINGSTON BANCSHARES INC,12534.0,3,7,0,0,OCC,2025-09-30,2246400.0,2,OH,0,0,45644
N,1.0,6623,LEBANON,21460.0,0.0,2024-04-12,0.0,25131.0,426.0,3671.0,1877-05-10,9,9,4,COLUMBUS,6623_20250930,DIF,1934-01-01,0,LCNB NATIONAL BANK,LCNB CORP,52314.0,3,35,0,0,OCC,2025-09-30,2759900.0,4,OH,0,1,45036
N,1.0,6636,MCARTHUR,20552.0,0.0,2024-11-25,130.0,20682.0,2570.0,0.0,1867-01-01,9,9,4,COLUMBUS,6636_20250930,DIF,1934-01-01,0,THE VINTON COUNTY NATIONAL BANK,COMMUNITY BANCSHARES INC,38152.0,3,17,0,0,OCC,2025-09-30,1070765.0,9,OH,0,0,45651
N,1.0,6637,MCCONNELSVILLE,1291.0,0.0,2022-08-31,0.0,1291.0,80.0,0.0,1863-07-01,9,9,4,COLUMBUS,6637_20250930,DIF,1934-01-01,0,THE FIRST NATIONAL BANK OF MCCONNELSVILLE,FNB SHARES INC,5160.0,3,6,0,0,OCC,2025-09-30,1137891.0,8,OH,0,0,43756
N,1.0,6638,MCCONNELSVILLE,1307.0,0.0,2022-08-31,0.0,1508.0,70.0,201.0,1900-02-01,9,9,4,COLUMBUS,6638_20250930,DIF,1934-01-01,0,THE CITIZENS NATIONAL BANK OF MCCONNELSVILLE,CNB HOLDINGS INC,3164.0,3,2,0,0,OCC,2025-09-30,2951106.0,5,OH,0,0,43756
N,1.0,6646,LEBANON,3953.0,0.0,2022-08-31,0.0,4054.0,21.0,101.0,1907-01-01,9,9,4,COLUMBUS,6646_20250930,DIF,1934-01-01,0,1ST NATIONAL BANK,Unknown,5156.0,3,8,0,0,OCC,2025-09-30,0.0,4,OH,1,0,45036
N,0.0,6653,NEWARK,76082.0,0.0,2022-08-31,890.0,78619.0,7511.0,1647.0,1908-07-08,9,9,4,COLUMBUS,6653_20250930,DIF,1934-01-01,0,THE PARK NATIONAL BANK,PARK NATIONAL CORP,326654.0,3,88,0,0,OCC,2025-09-30,1142336.0,4,OH,0,1,43055
NM,1.0,6659,NEW LEXINGTON,2962.0,0.0,2024-11-01,2.0,2979.0,63.0,15.0,1932-02-15,9,9,4,COLUMBUS,6659_20250930,DIF,1934-01-01,0,PEOPLES STATE BANK,PEOPLES NATL BANCSHARES INC,7295.0,3,6,0,0,FDIC,2025-09-30,2438399.0,5,OH,0,0,43764
NM,1.0,6662,MILFORD,3276.0,0.0,2022-08-31,0.0,3444.0,180.0,168.0,1904-11-17,9,11,4,COLUMBUS,6662_20250930,DIF,1934-01-01,0,RIVERHILLS BANK,NEW RICHMOND BCORP,9941.0,3,5,0,0,FDIC,2025-09-30,1070541.0,4,OH,0,0,45150
N,1.0,6671,PANDORA,3658.0,0.0,2022-08-31,0.0,3660.0,265.0,2.0,1919-06-21,9,9,4,COLUMBUS,6671_20250930,DIF,1934-01-01,0,THE FIRST NATIONAL BANK OF PANDORA,PANDORA BANCSHARES INC,6981.0,3,7,0,0,OCC,2025-09-30,1139149.0,8,OH,0,0,45877
N,0.0,6672,CINCINNATI,2226000.0,1000.0,2025-02-03,10000.0,2690000.0,544000.0,453000.0,1865-01-01,9,16,4,COLUMBUS,6672_20250930,DIF,1934-01-01,0,"FIFTH THIRD BANK, NATIONAL ASSOCIATION",FIFTH THIRD BCORP,4768000.0,3,1106,0,0,OCC,2025-09-30,1070345.0,4,OH,0,1,45202
N,1.0,6680,RACINE,1041.0,0.0,2023-01-01,0.0,1127.0,128.0,86.0,1910-04-10,9,9,4,COLUMBUS,6680_20250930,DIF,1934-01-01,0,HOME NATIONAL BANK,RACINE HNB INC,2872.0,3,4,0,0,OCC,2025-09-30,5786475.0,8,OH,1,0,45771
NM,1.0,6700,EATON,3811.0,0.0,2023-02-16,0.0,3948.0,135.0,137.0,1910-10-10,9,9,4,COLUMBUS,6700_20250930,DIF,1934-01-01,0,SOMERVILLE BANK,SOMERVILLE BCORP,6125.0,3,8,0,0,FDIC,2025-09-30,5169667.0,4,OH,1,0,45320
N,1.0,6706,SYCAMORE,2495.0,0.0,2022-08-31,0.0,2758.0,80.0,263.0,1919-07-01,9,9,4,COLUMBUS,6706_20250930,DIF,1934-01-01,0,THE FIRST NATIONAL BANK OF SYCAMORE,FNB BANCSHARES INC,5517.0,3,4,0,0,OCC,2025-09-30,4226693.0,4,OH,0,0,44882
N,1.0,6725,WAVERLY,1811.0,0.0,2022-08-31,9.0,1947.0,-71.0,127.0,1901-01-01,9,9,4,COLUMBUS,6725_20250930,DIF,1934-01-01,0,THE FIRST NATIONAL BANK OF WAVERLY,CENTRAL OHIO BCORP,3349.0,3,4,0,0,OCC,2025-09-30,3015612.0,8,OH,0,0,45690
N,1.0,6728,WEST UNION,1100.0,0.0,2022-08-31,0.0,1100.0,0.0,0.0,1928-04-28,9,9,4,COLUMBUS,6728_20250930,DIF,1934-01-01,0,THE NATIONAL BANK OF ADAMS COUNTY OF WEST UNION,Unknown,3200.0,3,1,0,0,OCC,2025-09-30,0.0,8,OH,1,0,45693
N,1.0,6732,WOODSFIELD,240.0,0.0,2022-08-31,0.0,240.0,22.0,0.0,1933-12-07,9,9,4,COLUMBUS,6732_20250930,DIF,1934-01-01,0,THE CITIZENS NATIONAL BANK OF WOODSFIELD,CNB BCORP INC,3181.0,3,4,0,0,OCC,2025-09-30,2376969.0,8,OH,0,0,43793
NM,1.0,6760,ELKINS,9157.0,0.0,2024-01-02,1.0,9348.0,1350.0,190.0,1924-01-22,5,5,5,SCOTT DEPOT,6760_20250930,DIF,1934-01-01,0,"CITIZENS BANK OF WEST VIRGINIA, INC.",CITIZENS FINANCIAL CORP,19963.0,1,6,0,0,FDIC,2025-09-30,1142970.0,6,WV,0,1,26241
N,1.0,6762,FAYETTEVILLE,1356.0,0.0,2024-01-02,0.0,1473.0,26.0,117.0,1900-06-01,5,5,5,SCOTT DEPOT,6762_20250930,DIF,1934-01-01,0,THE FAYETTE COUNTY NATIONAL BANK OF FAYETTEVILLE,FCNB BCORP INC,2979.0,1,3,0,0,OCC,2025-09-30,2355759.0,8,WV,0,0,25840
N,1.0,6786,ELKINS,1393.0,0.0,2024-01-02,0.0,1393.0,0.0,0.0,1909-01-01,5,5,5,SCOTT DEPOT,6786_20250930,DIF,1934-01-01,0,"MOUNTAIN VALLEY BANK, N.A.",MOUNTAIN-VALLEY BANCSHARES INC,6251.0,1,4,0,0,OCC,2025-09-30,1404641.0,4,WV,0,0,26241
N,1.0,6787,PETERSTOWN,373.0,0.0,2024-01-02,0.0,373.0,6.0,0.0,1910-01-27,5,5,5,SCOTT DEPOT,6787_20250930,DIF,1934-01-01,0,THE FIRST NATIONAL BANK OF PETERSTOWN,PETERSTOWN BCORP INC,1996.0,1,2,0,0,OCC,2025-09-30,2942805.0,8,WV,0,0,24963
NM,1.0,6794,ROMNEY,3063.0,0.0,2024-01-02,11.0,3251.0,221.0,177.0,1910-06-10,5,5,5,SCOTT DEPOT,6794_20250930,DIF,1934-01-01,0,"FNB BANK, INC.",EASTERN BANCSHARES INC,6777.0,1,7,0,0,FDIC,2025-09-30,1363784.0,8,WV,0,0,26757
NM,1.0,6800,SPENCER,1606.0,0.0,2024-01-02,0.0,1606.0,2.0,0.0,1912-02-08,5,5,5,SCOTT DEPOT,6800_20250930,DIF,1934-01-01,0,FIRST NEIGHBORHOOD BANK,WEST-CENTRAL BCORP INC,2941.0,1,5,0,0,FDIC,2025-09-30,1076169.0,8,WV,0,0,25276
NM,1.0,6803,WELCH,4874.0,0.0,2024-01-02,3.0,5478.0,148.0,601.0,1900-07-01,5,5,5,SCOTT DEPOT,6803_20250930,DIF,1934-01-01,0,MCNB BANK AND TRUST CO.,MCNB BANKS INC,8151.0,1,8,0,0,FDIC,2025-09-30,2913083.0,4,WV,0,1,24801
N,1.0,6805,WILLIAMSON,1902.0,0.0,2024-01-02,21.0,1923.0,50.0,0.0,1903-06-11,5,5,5,SCOTT DEPOT,6805_20250930,DIF,1934-01-01,0,THE FIRST NATIONAL BANK OF WILLIAMSON,Unknown,2308.0,1,3,0,0,OCC,2025-09-30,0.0,4,WV,1,1,25661
N,1.0,6811,ALTAVISTA,8359.0,0.0,2022-08-31,0.0,8359.0,141.0,0.0,1908-03-01,5,5,5,RICHMOND,6811_20250930,DIF,1934-01-01,0,FIRST NATIONAL BANK,PINNACLE BANKSHARES CORP,29774.0,1,20,0,0,OCC,2025-09-30,2534406.0,4,VA,0,1,24517
SM,1.0,6813,APPOMATTOX,3882.0,0.0,2022-08-31,21.0,3968.0,695.0,65.0,1918-09-16,5,5,5,RICHMOND,6813_20250930,DIF,1934-01-01,0,THE FARMERS BANK OF APPOMATTOX,Unknown,9359.0,1,6,0,0,FED,2025-09-30,0.0,8,VA,0,0,24522
N,1.0,6821,BLACKSBURG,22762.0,0.0,2024-06-01,0.0,22829.0,618.0,67.0,1891-01-01,5,5,5,RICHMOND,6821_20250930,DIF,1934-01-01,0,THE NATIONAL BANK OF BLACKSBURG,NATIONAL BANKSHARES INC,32997.0,1,28,0,0,OCC,2025-09-30,1139925.0,4,VA,0,1,24060
N,1.0,6861,INDEPENDENCE,10471.0,0.0,2024-10-24,18.0,11504.0,651.0,1015.0,1900-10-06,5,5,5,RICHMOND,6861_20250930,DIF,1934-01-01,0,SKYLINE NATIONAL BANK,SKYLINE BANKSHARES INC,37118.0,1,28,0,0,OCC,2025-09-30,4949303.0,4,VA,0,0,24348
SM,1.0,6862,KILMARNOCK,21111.0,0.0,2022-08-31,158.0,21308.0,798.0,39.0,1900-01-01,5,5,5,RICHMOND,6862_20250930,DIF,1934-01-01,0,CHESAPEAKE BANK,CHESAPEAKE FINL SHARES INC,45255.0,1,19,0,0,FED,2025-09-30,1075881.0,4,VA,0,1,22482
N,1.0,6863,JONESVILLE,7286.0,0.0,2010-06-02,0.0,7286.0,356.0,0.0,1888-01-01,5,5,5,RICHMOND,6863_20250930,DIF,1934-01-01,0,POWELL VALLEY NATIONAL BANK,POWELL VALLEY BANKSHARES INC,11790.0,1,7,0,0,OCC,2025-09-30,1249271.0,4,VA,0,0,24263
NM,1.0,686,BLOOMSBURG,18092.0,0.0,2023-11-11,741.0,20777.0,843.0,1944.0,1926-02-01,2,2,3,HARRISBURG,686_20250930,DIF,1934-01-01,0,JOURNEY BANK,MUNCY COLUMBIA FINANCIAL CORP,44262.0,1,23,0,0,FDIC,2025-09-30,1118283.0,4,PA,0,1,17815
SM,1.0,6913,STANLEY,3329.0,0.0,2022-08-31,0.0,4188.0,304.0,859.0,1909-12-03,5,5,5,RICHMOND,6913_20250930,DIF,1934-01-01,0,PIONEER BANK,PIONEER BANKSHARES INC,10107.0,1,7,0,0,FED,2025-09-30,1076422.0,4,VA,0,0,22851
SM,1.0,6917,STRASBURG,18364.0,0.0,2024-10-01,0.0,18367.0,1937.0,3.0,1907-07-01,5,5,5,RICHMOND,6917_20250930,DIF,1934-01-01,0,FIRST BANK,FIRST NATIONAL CORP,55906.0,1,33,0,0,FED,2025-09-30,1076123.0,4,VA,0,1,22657
N,1.0,6954,UNION SPRINGS,3444.0,0.0,2022-08-31,0.0,3446.0,-279.0,2.0,1864-01-01,2,2,2,SYRACUSE,6954_20250930,DIF,1934-01-01,0,CAYUGA LAKE NATIONAL BANK,CAYUGA LAKE BANK CORP,5741.0,1,3,0,0,OCC,2025-09-30,1249075.0,8,NY,0,0,13160
N,1.0,6959,BALLSTON SPA,9705.0,0.0,2022-08-31,3.0,12323.0,480.0,2615.0,1838-01-01,2,2,2,SYRACUSE,6959_20250930,DIF,1934-01-01,0,BALLSTON SPA NATIONAL BANK,BALLSTON SPA BCORP INC,19575.0,1,13,0,0,OCC,2025-09-30,1048728.0,4,NY,0,1,12020
SM,1.0,6976,HAUPPAUGE,181205.0,0.0,2022-08-31,0.0,196345.0,30041.0,15140.0,1909-02-19,2,2,2,NEW YORK CITY,6976_20250930,DIF,1934-01-01,0,DIME COMMUNITY BANK,DIME COMMUNITY BANCSHARES INC,308429.0,1,64,0,0,FED,2025-09-30,1416523.0,4,NY,0,1,11788
N,1.0,6985,CANANDAIGUA,62377.0,0.0,2022-08-31,0.0,77478.0,6562.0,15101.0,1887-12-01,2,2,2,SYRACUSE,6985_20250930,DIF,1934-01-01,0,THE CANANDAIGUA NATIONAL BANK AND TRUST COMPANY,CANANDAIGUA NATIONAL CORP,122185.0,1,26,0,0,OCC,2025-09-30,1133503.0,4,NY,0,1,14424
N,0.0,6989,CANTON,121864.0,0.0,2022-05-14,2315.0,145904.0,18189.0,21725.0,1866-01-01,2,2,2,SYRACUSE,6989_20250930,DIF,1934-01-01,0,"COMMUNITY BANK, NATIONAL ASSOCIATION",COMMUNITY FINANCIAL SYSTEM INC,371167.0,1,196,0,0,OCC,2025-09-30,1048867.0,4,NY,0,1,13617
NM,1.0,698,HONESDALE,32347.0,0.0,2022-08-31,41.0,36102.0,1305.0,3714.0,1871-01-01,2,2,3,PHILADELPHIA,698_20250930,DIF,1934-01-01,0,WAYNE BANK,NORWOOD FINANCIAL CORP,57317.0,1,30,0,0,FDIC,2025-09-30,2365356.0,4,PA,0,1,18431
N,1.0,6990,CARMEL,412.0,0.0,2022-08-31,0.0,412.0,0.0,0.0,1865-01-01,2,2,2,NEW YORK CITY,6990_20250930,DIF,1934-01-01,0,THE PUTNAM COUNTY NATIONAL BANK OF CARMEL,Unknown,5107.0,1,6,0,0,OCC,2025-09-30,0.0,4,NY,0,1,10512
N,1.0,7018,COXSACKIE,6407.0,0.0,2022-08-31,0.0,7134.0,-350.0,727.0,1852-01-01,2,2,2,SYRACUSE,7018_20250930,DIF,1934-01-01,0,THE NATIONAL BANK OF COXSACKIE,NBC BCORP INC,9697.0,1,8,0,0,OCC,2025-09-30,5333404.0,8,NY,0,0,12051
N,1.0,7025,DELHI,4019.0,0.0,2022-08-31,0.0,4020.0,45.0,1.0,1839-01-01,2,2,2,SYRACUSE,7025_20250930,DIF,1934-01-01,0,THE DELAWARE NATIONAL BANK OF DELHI,DELHI BANK CORP,6381.0,1,4,0,0,OCC,2025-09-30,2263331.0,2,NY,0,1,13753
N,1.0,7031,DRYDEN,304.0,0.0,2006-03-31,0.0,304.0,18.0,0.0,1902-01-01,2,2,2,SYRACUSE,7031_20250930,DIF,1934-01-01,0,THE FIRST NATIONAL BANK OF DRYDEN,Unknown,6501.0,1,3,0,0,OCC,2025-09-30,0.0,8,NY,0,0,13053
N,1.0,7074,GLENS FALLS,56704.0,0.0,2025-01-01,0.0,57005.0,6200.0,301.0,1851-01-01,2,2,2,SYRACUSE,7074_20250930,DIF,1934-01-01,0,ARROW BANK NATIONAL ASSOCIATION,ARROW FINANCIAL CORP,98499.0,1,38,0,0,OCC,2025-09-30,1048812.0,6,NY,0,1,12801
N,1.0,7085,GROTON,851.0,0.0,2022-08-31,-1.0,850.0,-15.0,0.0,1865-05-01,2,2,2,SYRACUSE,7085_20250930,DIF,1934-01-01,0,THE FIRST NATIONAL BANK OF GROTON,Unknown,6416.0,1,2,0,0,OCC,2025-09-30,0.0,8,NY,0,0,13073
NM,1.0,70,MONROEVILLE,1166.0,0.0,2022-08-31,0.0,1166.0,74.0,0.0,1907-08-23,5,5,6,MONTGOMERY,70_20250930,DIF,1934-01-01,0,PEOPLES EXCHANGE BANK,PEOPLES EXC BANCSHARES INC,2716.0,5,1,0,0,FDIC,2025-09-30,1138870.0,4,AL,0,0,36460
NM,1.0,7123,JEFFERSONVILLE,894.0,0.0,2022-08-31,0.0,894.0,354.0,0.0,1913-10-01,2,2,2,SYRACUSE,7123_20250930,DIF,1934-01-01,0,JEFF BANK,JEFFERSONVILLE BCORP,21743.0,1,10,0,0,FDIC,2025-09-30,1048504.0,4,NY,0,0,12748
SM,0.0,713,HARRISBURG,69846.0,0.0,2024-07-01,297.0,74082.0,-49.0,3939.0,1919-05-01,2,2,3,HARRISBURG,713_20250930,DIF,1934-01-01,0,ORRSTOWN BANK,ORRSTOWN FINL SERVICES INC,153386.0,1,47,0,0,FED,2025-09-30,1248153.0,4,PA,0,1,17111
N,1.0,7151,LYONS,27261.0,0.0,2022-08-31,0.0,27390.0,1243.0,129.0,1865-01-01,2,2,2,SYRACUSE,7151_20250930,DIF,1934-01-01,0,THE LYONS NATIONAL BANK,LYONS BCORP INC,42526.0,1,16,0,0,OCC,2025-09-30,1246476.0,4,NY,0,0,14489
N,0.0,7213,SIOUX FALLS,17570000.0,10446000.0,2024-06-30,1078000.0,34379000.0,6895000.0,5285000.0,1812-06-16,11,16,9,SIOUX FALLS,7213_20250930,DIF,1934-01-01,0,"CITIBANK, NATIONAL ASSOCIATION",CITIGROUP INC,36776000.0,4,669,2,0,OCC,2025-09-30,1951350.0,1,SD,0,1,57108
N,0.0,7230,NORWICH,142908.0,0.0,2025-05-02,2327.0,146648.0,29964.0,1413.0,1856-03-03,2,2,2,SYRACUSE,7230_20250930,DIF,1934-01-01,0,"NBT BANK, NATIONAL ASSOCIATION",NBT BCORP INC,375744.0,1,177,0,0,OCC,2025-09-30,1139279.0,4,NY,0,1,13815
NM,0.0,7274,WATERTOWN,568.0,0.0,2022-08-31,0.0,568.0,0.0,0.0,1913-04-24,2,2,2,SYRACUSE,7274_20250930,DIF,1934-01-01,0,WSB MUNICIPAL BANK,Unknown,2420.0,1,1,0,15990,FDIC,2025-09-30,0.0,7,NY,0,0,13601
SM,1.0,72,CALERA,11413.0,0.0,2022-08-31,0.0,11413.0,779.0,0.0,1916-02-05,5,5,6,SHELBY,72_20250930,DIF,1934-01-01,0,CENTRAL STATE BANK,CENTRAL STATE BCORP,22366.0,5,7,0,0,FED,2025-09-30,1084593.0,4,AL,1,0,35040
N,1.0,7356,ELIZABETHTOWN,4281.0,0.0,2022-08-31,20.0,4869.0,450.0,568.0,1934-01-01,2,2,2,SYRACUSE,7356_20250930,DIF,1934-01-01,0,CHAMPLAIN NATIONAL BANK,CHAMPLAIN BANK CORP,11776.0,1,10,0,0,OCC,2025-09-30,1138955.0,4,NY,0,0,12932
SM,1.0,737,APPLE CREEK,2309.0,0.0,2022-08-31,0.0,2317.0,166.0,8.0,1904-02-01,9,9,4,COLUMBUS,737_20250930,DIF,1934-01-01,0,THE APPLE CREEK BANKING COMPANY,APPLE CREEK BANC CORP,8464.0,3,6,0,0,FED,2025-09-30,1248993.0,4,OH,0,0,44606
NM,1.0,7404,BERWICK,20039.0,0.0,2022-08-31,872.0,28264.0,756.0,7353.0,1864-09-23,2,2,3,HARRISBURG,7404_20250930,DIF,1934-01-01,0,FIRST KEYSTONE COMMUNITY BANK,FIRST KEYSTONE CORP,28624.0,1,19,0,0,FDIC,2025-09-30,1118265.0,4,PA,0,1,18603
NM,0.0,7468,INDIANA,142961.0,0.0,2025-04-30,330.0,152458.0,29720.0,9167.0,1880-09-21,2,2,4,WEXFORD,7468_20250930,DIF,1934-01-01,0,FIRST COMMONWEALTH BANK,FIRST COMMONWEALTH FINL CORP,316098.0,1,130,0,0,FDIC,2025-09-30,1071306.0,4,PA,0,1,15701
N,1.0,7493,EPHRATA,22677.0,0.0,2022-08-31,0.0,26817.0,632.0,4140.0,1881-03-17,2,2,3,HARRISBURG,7493_20250930,DIF,1934-01-01,0,THE EPHRATA NATIONAL BANK,HIBSHMAN TR EPHRATA NB STK,52185.0,1,19,0,0,OCC,2025-09-30,1116681.0,9,PA,0,1,17522
NM,0.0,7506,GETTYSBURG,20170.0,0.0,2025-02-01,161.0,29373.0,4177.0,9042.0,1857-04-11,2,2,3,HARRISBURG,7506_20250930,DIF,1934-01-01,0,ACNB BANK,ACNB CORP,90983.0,1,33,0,0,FDIC,2025-09-30,1117464.0,4,PA,0,1,17325
NM,0.0,7514,DUNMORE,61345.0,0.0,2024-07-01,0.0,66218.0,-656.0,4873.0,1905-01-01,2,2,3,PHILADELPHIA,7514_20250930,DIF,1934-01-01,0,PEOPLES SECURITY BANK AND TRUST COMPANY,PEOPLES FINL SERVICES CORP,127131.0,1,39,0,0,FDIC,2025-09-30,1139541.0,4,PA,0,1,18512
N,1.0,7526,HONESDALE,12900.0,0.0,2022-08-31,0.0,12900.0,2300.0,0.0,1836-12-26,2,2,3,PHILADELPHIA,7526_20250930,DIF,1934-01-01,0,THE HONESDALE NATIONAL BANK,HONAT BCORP INC,32200.0,1,15,0,0,OCC,2025-09-30,1144107.0,4,PA,0,1,18431
SM,1.0,7542,JOHNSTOWN,19086.0,0.0,2024-10-01,0.0,21070.0,3396.0,1984.0,1933-09-23,2,2,3,WEXFORD,7542_20250930,DIF,1934-01-01,0,AMERISERV FINANCIAL BANK,AMERISERV FINANCIAL INC,31992.0,1,17,0,0,FED,2025-09-30,1117316.0,4,PA,0,1,15901
N,0.0,7551,LANCASTER,391456.0,0.0,2024-04-26,946.0,430701.0,32749.0,38299.0,1882-01-01,2,2,3,HARRISBURG,7551_20250930,DIF,1934-01-01,0,"FULTON BANK, NATIONAL ASSOCIATION",FULTON FINANCIAL CORP,782750.0,1,212,0,0,OCC,2025-09-30,1117129.0,4,PA,0,1,17602
N,1.0,7590,MALVERN,2229.0,0.0,2010-09-16,0.0,2230.0,-969.0,1.0,1884-04-07,2,2,3,PHILADELPHIA,7590_20250930,DIF,1934-01-01,0,THE NATIONAL BANK OF MALVERN,MALVERN BANK CORP,6838.0,1,2,0,0,OCC,2025-09-30,2409755.0,8,PA,0,1,19355
SM,0.0,7593,MANSFIELD,35244.0,0.0,2023-06-17,513.0,44946.0,1875.0,9189.0,1932-06-11,2,2,3,HARRISBURG,7593_20250930,DIF,1934-01-01,0,FIRST CITIZENS COMMUNITY BANK,CITIZENS FINL SERVICES INC,72992.0,1,44,0,0,FED,2025-09-30,1118368.0,4,PA,0,1,16933
SM,1.0,7599,JIM THORPE,1936.0,0.0,2022-08-31,0.0,1936.0,0.0,0.0,1902-08-25,2,2,3,PHILADELPHIA,7599_20250930,DIF,1934-01-01,0,JIM THORPE NEIGHBORHOOD BANK,JTNB BCORP INC,5661.0,1,6,0,0,FED,2025-09-30,1406935.0,8,PA,0,1,18229
NM,1.0,7613,MIFFLINTOWN,8213.0,0.0,2022-08-31,1.0,8764.0,825.0,550.0,1889-04-19,2,2,3,HARRISBURG,7613_20250930,DIF,1934-01-01,0,PENNIAN BANK,FIRST COMMUNITY FINANCIAL CORP,13528.0,1,13,0,0,FDIC,2025-09-30,1132896.0,4,PA,0,1,17059
NM,1.0,7614,MIFFLINTOWN,8595.0,0.0,2024-04-03,400.0,10168.0,669.0,1173.0,1867-01-01,2,2,3,HARRISBURG,7614_20250930,DIF,1934-01-01,0,THE JUNIATA VALLEY BANK,JUNIATA VALLEY FINANCIAL CORP,18525.0,1,14,0,0,FDIC,2025-09-30,1117512.0,4,PA,0,1,17059
NM,1.0,7631,MOUNT CARMEL,1629.0,0.0,2017-10-12,0.0,1629.0,-33.0,0.0,1906-01-01,2,2,3,HARRISBURG,7631_20250930,DIF,1934-01-01,0,UNB BANK,UNB CORP,2870.0,1,2,0,0,FDIC,2025-09-30,1249945.0,5,PA,0,1,17851
SM,1.0,763,MINSTER,7513.0,0.0,2022-08-31,111.0,7644.0,196.0,20.0,1914-01-23,9,9,4,COLUMBUS,763_20250930,DIF,1934-01-01,0,MINSTER BANK,MINSTER FINANCIAL CORP,19851.0,3,7,0,0,FED,2025-09-30,2795702.0,4,OH,0,0,45865
N,1.0,7646,NEFFS,4630.0,0.0,2022-08-31,11.0,5686.0,31.0,1045.0,1923-04-03,2,2,3,PHILADELPHIA,7646_20250930,DIF,1934-01-01,0,THE NEFFS NATIONAL BANK,NEFFS BCORP INC,8102.0,1,2,0,0,OCC,2025-09-30,1140097.0,8,PA,0,0,18065
N,1.0,7658,NEWTOWN,509.0,0.0,2022-08-31,945.0,2842.0,74.0,1388.0,1864-02-25,2,2,3,PHILADELPHIA,7658_20250930,DIF,1934-01-01,0,FIRST NATIONAL BANK AND TRUST COMPANY OF NEWTOWN,FNB BCORP INC,24592.0,1,14,0,0,OCC,2025-09-30,1117491.0,9,PA,0,1,18940
SM,1.0,7659,NEW TRIPOLI,8621.0,0.0,2022-08-31,0.0,9656.0,844.0,1035.0,1910-03-10,2,2,3,PHILADELPHIA,7659_20250930,DIF,1934-01-01,0,NEW TRIPOLI BANK,NEW TRIPOLI BCORP INC,12655.0,1,3,0,0,FED,2025-09-30,1138106.0,4,PA,0,0,18066
SM,1.0,7675,PALMERTON,7257.0,0.0,2012-01-01,0.0,7257.0,-251.0,0.0,1907-10-24,2,2,3,PHILADELPHIA,7675_20250930,DIF,1934-01-01,0,FIRST NORTHERN BANK AND TRUST COMPANY,PALM BCORP,25717.0,1,11,0,0,FED,2025-09-30,1117213.0,4,PA,0,1,18071
NM,1.0,769,POMEROY,5945.0,0.0,2023-08-11,6.0,5908.0,330.0,-43.0,1904-12-04,9,9,4,COLUMBUS,769_20250930,DIF,1934-01-01,0,THE FARMERS BANK AND SAVINGS COMPANY,FARMERS BANCSHARES INC,11496.0,3,9,0,0,FDIC,2025-09-30,1132814.0,4,OH,0,0,45769
NM,1.0,7714,QUAKERTOWN,26745.0,0.0,2022-08-31,361.0,28827.0,497.0,1721.0,1877-07-21,2,2,3,PHILADELPHIA,7714_20250930,DIF,1934-01-01,0,QNB BANK,QNB CORP,39342.0,1,15,0,0,FDIC,2025-09-30,1118434.0,4,PA,0,1,18951
SM,0.0,7759,SOUDERTON,127352.0,0.0,2024-09-04,16.0,134002.0,8522.0,6634.0,1876-04-01,2,2,3,PHILADELPHIA,7759_20250930,DIF,1934-01-01,0,UNIVEST BANK AND TRUST CO.,UNIVEST FINANCIAL CORP,184768.0,1,51,0,0,FED,2025-09-30,1116609.0,4,PA,0,1,18964
N,1.0,7789,TURBOTVILLE,3176.0,0.0,2022-08-31,0.0,3176.0,0.0,0.0,1910-01-01,2,2,3,HARRISBURG,7789_20250930,DIF,1934-01-01,0,THE TURBOTVILLE NATIONAL BANK,TURBOTVILLE NATIONAL BCORP INC,5399.0,1,1,0,0,OCC,2025-09-30,1142813.0,2,PA,0,0,17772
SM,1.0,7799,WELLSBORO,28366.0,0.0,2023-07-31,1.0,33407.0,4753.0,5040.0,1864-01-01,2,2,3,HARRISBURG,7799_20250930,DIF,1934-01-01,0,CITIZENS & NORTHERN BANK,CITIZENS&NORTHERN CORP,64156.0,1,28,0,0,FED,2025-09-30,1143623.0,4,PA,0,1,16901
NM,1.0,77,DOTHAN,2594.0,0.0,2022-08-31,0.0,2595.0,0.0,1.0,1928-01-01,5,5,6,MONTGOMERY,77_20250930,DIF,1934-01-01,0,BANKSOUTH,BANCSOUTH CORP,5775.0,5,2,0,0,FDIC,2025-09-30,1084061.0,4,AL,1,0,36303
NM,1.0,7848,CARMICHAELS,17643.0,0.0,2025-09-29,1.0,18532.0,227.0,888.0,1901-07-01,2,2,4,WEXFORD,7848_20250930,DIF,1934-01-01,0,COMMUNITY BANK,CB FINANCIAL SERVICES INC,37392.0,1,14,0,0,FDIC,2025-09-30,3333718.0,4,PA,0,0,15320
N,1.0,7886,FRYBURG,3745.0,0.0,2022-08-31,0.0,3745.0,184.0,0.0,1909-08-02,2,2,4,WEXFORD,7886_20250930,DIF,1934-01-01,0,FIRST UNITED NATIONAL BANK,FRYBURG BANKING CO INC,6786.0,1,6,0,0,OCC,2025-09-30,2687601.0,5,PA,0,0,16326
N,0.0,7888,GREENVILLE,554586.0,0.0,2022-12-12,16054.0,666894.0,67023.0,96254.0,1864-02-04,2,2,4,WEXFORD,7888_20250930,DIF,1934-01-01,0,FIRST NATIONAL BANK OF PENNSYLVANIA,F N B CORP,1084678.0,1,361,0,0,OCC,2025-09-30,3005332.0,4,PA,0,1,16125
N,0.0,7900,KITTANNING,42313.0,0.0,2024-02-16,0.0,44933.0,1586.0,2620.0,1897-01-01,2,2,4,WEXFORD,7900_20250930,DIF,1934-01-01,0,"NEXTIER BANK, NATIONAL ASSOCIATION",NEXTIER INC,70207.0,1,34,0,0,OCC,2025-09-30,2264404.0,4,PA,0,0,16201
NM,1.0,7909,INDIANA,5203.0,0.0,2022-08-31,230.0,5786.0,387.0,353.0,1905-07-06,2,2,4,WEXFORD,7909_20250930,DIF,1934-01-01,0,MARION CENTER BANK,COMMUNITY BANKERS CORP,9245.0,1,7,0,0,FDIC,2025-09-30,1138928.0,4,PA,0,0,15701
N,0.0,7946,PITTSBURGH,695000.0,0.0,2023-06-30,0.0,721000.0,2000.0,26000.0,1869-01-01,2,16,4,WEXFORD,7946_20250930,DIF,1934-01-01,0,"BNY MELLON, NATIONAL ASSOCIATION",BANK OF NY MELLON CORP THE,237000.0,1,29,0,0,OCC,2025-09-30,3587146.0,9,PA,0,1,15258
NM,1.0,8011,UKIAH,6187.0,0.0,2022-08-31,0.0,10549.0,-7.0,4362.0,1903-11-28,14,14,12,SACRAMENTO,8011_20250930,DIF,1934-01-01,0,SAVINGS BANK OF MENDOCINO COUNTY,Unknown,31421.0,4,9,0,0,FDIC,2025-09-30,0.0,4,CA,0,0,95482
SM,1.0,8018,MIAMI,20002.0,0.0,2022-08-31,277.0,23142.0,627.0,2863.0,1926-07-12,5,5,6,SOUTH FLORIDA,8018_20250930,DIF,1934-01-01,0,GROVE BANK & TRUST,COCONUT GROVE BANKSHARES INC,23320.0,5,5,0,0,FED,2025-09-30,2809560.0,4,FL,0,1,33133
NM,1.0,8021,WAUCHULA,23072.0,0.0,2023-09-22,78.0,23150.0,1800.0,0.0,1929-04-01,5,5,6,TAMPA,8021_20250930,DIF,1934-01-01,0,CREWS BANK & TRUST,CREWS BANKING CORP,59005.0,5,20,0,0,FDIC,2025-09-30,1081239.0,4,FL,1,1,33873
NM,1.0,8028,MOUNT VERNON,2682.0,0.0,2022-08-31,0.0,2682.0,115.0,0.0,1901-01-24,5,5,6,ALBANY GA,8028_20250930,DIF,1934-01-01,0,MOUNT VERNON BANK,HEART OF GA BANCSHARES INC,6104.0,5,3,0,0,FDIC,2025-09-30,2349516.0,2,GA,1,0,30445
SM,1.0,8033,ATLANTA,5233.0,0.0,2022-08-31,0.0,5234.0,315.0,1.0,1921-06-18,5,5,6,ATLANTA,8033_20250930,DIF,1934-01-01,0,CITIZENS TRUST BANK,CITIZENS BANCSHARES CORP,24368.0,5,7,0,0,FED,2025-09-30,1078958.0,4,GA,0,1,30314
NM,1.0,8035,BATH,5277.0,0.0,2021-08-29,33.0,6057.0,0.0,747.0,1923-10-23,9,9,7,INDIANAPOLIS,8035_20250930,DIF,1934-01-01,0,BATH STATE BANK,BATH ST BCORP EMPLOYEE STK OWNERSHIP PLAN WITH 401 K PROVISIONS,6709.0,3,3,0,0,FDIC,2025-09-30,5473449.0,2,IN,1,1,47010
NM,0.0,803,WHEELING,275963.0,0.0,2025-02-28,2703.0,325722.0,74320.0,47056.0,1870-01-20,5,5,4,SCOTT DEPOT,803_20250930,DIF,1934-01-01,0,"WESBANCO BANK, INC.",WESBANCO INC,607479.0,1,254,0,0,FDIC,2025-09-30,1070448.0,4,WV,0,1,26003
NM,1.0,8056,CARMEL,395166.0,0.0,2024-01-26,0.0,504839.0,89993.0,109673.0,1923-06-23,9,9,7,INDIANAPOLIS,8056_20250930,DIF,1934-01-01,0,MERCHANTS BANK OF INDIANA,MERCHANTS BCORP,386463.0,3,7,0,0,FDIC,2025-09-30,3530786.0,4,IN,0,1,46032
NM,1.0,8063,NORTH SALEM,10277.0,0.0,2022-08-31,0.0,10661.0,629.0,384.0,1923-07-14,9,9,7,INDIANAPOLIS,8063_20250930,DIF,1934-01-01,0,THE NORTH SALEM STATE BANK,NORTH SALEM STATE BCORP THE,21628.0,3,9,0,0,FDIC,2025-09-30,1136830.0,4,IN,0,1,46165
NM,1.0,8067,BROOK,2351.0,0.0,2022-08-31,0.0,2569.0,126.0,218.0,1931-04-01,9,9,7,INDIANAPOLIS,8067_20250930,DIF,1934-01-01,0,COMMUNITY STATE BANK,Unknown,3230.0,3,2,0,0,FDIC,2025-09-30,0.0,8,IN,0,1,47922
SM,1.0,8074,GARRETT,4885.0,0.0,2022-08-31,0.0,5532.0,141.0,647.0,1893-11-01,9,9,7,INDIANAPOLIS,8074_20250930,DIF,1934-01-01,0,THE GARRETT STATE BANK,G S B FINANCIAL CORP,8656.0,3,4,0,0,FED,2025-09-30,1210011.0,5,IN,1,1,46738
NM,1.0,8083,FAIRFAX,4220.0,0.0,2024-06-30,1.0,4916.0,292.0,695.0,1924-10-20,11,11,7,CEDAR RAPIDS,8083_20250930,DIF,1934-01-01,0,FAIRFAX STATE SAVINGS BANK,VANDERBILT HOLDING CO INC,4839.0,4,3,0,0,FDIC,2025-09-30,2524537.0,4,IA,1,1,52228
NM,1.0,8094,MASON CITY,6676.0,0.0,2024-06-30,222.0,7529.0,180.0,631.0,1933-01-01,11,11,7,DES MOINES,8094_20250930,DIF,1934-01-01,0,NSB BANK,NORTHWOOD FINL SERVICES CORP,9308.0,4,6,0,0,FDIC,2025-09-30,1204841.0,2,IA,1,1,50401
SM,1.0,8101,LE MARS,14964.0,0.0,2024-06-30,3.0,15135.0,900.0,168.0,1901-01-01,11,11,7,SIOUX CITY,8101_20250930,DIF,1934-01-01,0,PRIMEBANK,PRIMEBANK INC,18718.0,4,4,0,0,FED,2025-09-30,2700500.0,2,IA,1,1,51031
SM,1.0,8108,BELLEVILLE,1511.0,0.0,2022-08-31,0.0,1575.0,225.0,64.0,1905-05-05,11,11,10,HAYS,8108_20250930,DIF,1934-01-01,0,NEW CENTURY BANK,REPUBLIC BCORP INC,3683.0,4,2,0,0,FED,2025-09-30,3333790.0,4,KS,1,0,66935
NM,1.0,8110,OVERLAND PARK,3679.0,0.0,2025-01-31,0.0,3768.0,5460.0,89.0,1927-05-17,11,11,10,KANSAS CITY,8110_20250930,DIF,1934-01-01,0,KENDALL BANK,NORTHEAST KS BANCSHARES INC,7283.0,4,4,0,0,FDIC,2025-09-30,2562650.0,4,KS,0,0,66210
SM,1.0,8117,HAZARD,5614.0,0.0,2025-06-01,0.0,5984.0,0.0,370.0,1923-03-19,9,9,4,LEXINGTON,8117_20250930,DIF,1934-01-01,0,PBT BANCORP,HAZARD BCORP,9240.0,3,3,0,0,FED,2025-09-30,1357082.0,4,KY,0,1,41701
NM,1.0,8118,JAMESTOWN,2370.0,0.0,2021-12-31,654.0,3448.0,135.0,424.0,1899-07-17,9,9,8,LOUISVILLE,8118_20250930,DIF,1934-01-01,0,BANK OF JAMESTOWN,JAMESTOWN BCORP INC,6562.0,3,3,0,0,FDIC,2025-09-30,1399804.0,4,KY,0,0,42629
NM,1.0,8120,ELIZABETHTOWN,8644.0,0.0,2023-04-01,2.0,8975.0,919.0,329.0,1919-11-04,9,9,8,LOUISVILLE,8120_20250930,DIF,1934-01-01,0,"MAGNOLIA BANK, INCORPORATED",MAGNOLIA BANCSHARES INC,12349.0,3,16,0,0,FDIC,2025-09-30,1095843.0,4,KY,1,0,42701
NM,1.0,8121,MAYSVILLE,325.0,0.0,2023-11-27,0.0,363.0,0.0,38.0,1928-01-01,9,9,4,LEXINGTON,8121_20250930,DIF,1934-01-01,0,SECURITY BANK AND TRUST CO.,SECURITY BCORP MAYSVILLE INC,1741.0,3,3,0,0,FDIC,2025-09-30,2952484.0,8,KY,1,1,41056
NM,1.0,8122,RUSSELL,2072.0,0.0,2022-08-31,0.0,2072.0,1285.0,0.0,1932-02-28,9,9,4,LEXINGTON,8122_20250930,DIF,1934-01-01,0,FIRST & PEOPLES BANK AND TRUST COMPANY,FIRST&PEOPLES BANCSHARES INC,3718.0,3,4,0,0,FDIC,2025-09-30,1363935.0,8,KY,0,1,41169
NM,1.0,8126,HARTFORD,1319.0,0.0,2022-08-31,15.0,1680.0,70.0,346.0,1928-07-05,9,9,8,LOUISVILLE,8126_20250930,DIF,1934-01-01,0,"COMMONWEALTH COMMUNITY BANK, INC.",OHIO CNTY CMTY BANCSHARES INC,1736.0,3,3,0,0,FDIC,2025-09-30,1951127.0,7,KY,1,1,42347
SM,1.0,8136,OWENSBORO,59443.0,0.0,2022-08-31,0.0,66878.0,1875.0,7435.0,1909-01-01,9,9,8,LOUISVILLE,8136_20250930,DIF,1934-01-01,0,INDEPENDENCE BANK OF KENTUCKY,INDEPENDENCE BANCSHARES INC,62116.0,3,26,0,0,FED,2025-09-30,1118854.0,4,KY,1,1,42301
NM,1.0,8140,COLFAX,1033.0,0.0,2022-08-31,0.0,1033.0,-1.0,0.0,1901-01-01,13,13,11,SHREVEPORT,8140_20250930,DIF,1934-01-01,0,COLFAX BANKING COMPANY,COMMUNITY BANCSHARES CO,4093.0,5,5,0,0,FDIC,2025-09-30,2948254.0,8,LA,1,0,71417
NM,1.0,8141,MANY,13365.0,0.0,2022-08-31,0.0,13513.0,373.0,148.0,1902-01-01,13,13,11,SHREVEPORT,8141_20250930,DIF,1934-01-01,0,SABINE STATE BANK AND TRUST COMPANY,SABINE BANCSHARES INC,49958.0,5,51,0,0,FDIC,2025-09-30,1108042.0,4,LA,1,1,71449
SM,1.0,8144,GUEYDAN,341.0,0.0,2022-08-31,1.0,342.0,0.0,0.0,1927-05-14,13,13,6,BATON ROUGE,8144_20250930,DIF,1934-01-01,0,BANK OF GUEYDAN,GUEYDAN BANCSHARES INC,1666.0,5,1,0,0,FED,2025-09-30,1084801.0,2,LA,0,0,70542
NM,1.0,8149,VACHERIE,10810.0,0.0,2022-08-31,0.0,10810.0,0.0,0.0,1910-12-03,13,13,6,BATON ROUGE,8149_20250930,DIF,1934-01-01,0,FIRST AMERICAN BANK AND TRUST,ONE AMERICAN CORP,35517.0,5,25,0,0,FDIC,2025-09-30,1083729.0,4,LA,0,0,70090
NM,1.0,8162,FRANKFORT,3918.0,0.0,2022-10-09,0.0,3918.0,10.0,0.0,1901-01-01,9,9,7,DETROIT,8162_20250930,DIF,1934-01-01,0,STATE SAVINGS BANK,CENTRAL-STATE BCORP INC,12744.0,3,9,0,0,FDIC,2025-09-30,1245666.0,4,MI,0,0,49635
NM,1.0,8165,HONOR,4403.0,0.0,2022-10-09,0.0,4590.0,183.0,187.0,1917-06-15,9,9,7,DETROIT,8165_20250930,DIF,1934-01-01,0,HONOR BANK,HONOR BCORP INC,11700.0,3,9,0,0,FDIC,2025-09-30,1881680.0,4,MI,0,0,49640
NM,1.0,8172,BALDWIN,4177.0,0.0,2022-10-09,0.0,4742.0,-4043.0,565.0,1908-01-01,9,9,7,DETROIT,8172_20250930,DIF,1934-01-01,0,LAKE-OSCEOLA STATE BANK,LAKE FINANCIAL CORP,13204.0,3,13,0,0,FDIC,2025-09-30,4764346.0,8,MI,0,0,49304
SM,1.0,8183,ROYAL OAK,5620.0,0.0,2022-08-31,12.0,5632.0,2784.0,0.0,1910-12-06,9,9,7,DETROIT,8183_20250930,DIF,1934-01-01,0,CITIZENS STATE BANK,CITIZENS BANCSHARES INC,13170.0,3,3,0,0,FED,2025-09-30,1129047.0,4,MI,0,0,48073
NM,1.0,8191,RED WING,888.0,0.0,2024-06-30,0.0,888.0,0.0,0.0,1915-10-14,11,11,9,MINNEAPOLIS,8191_20250930,DIF,1934-01-01,0,THE FIRST STATE BANK OF RED WING,NOBLE BANK HOLDING CO INC,1484.0,3,3,0,0,FDIC,2025-09-30,1127548.0,8,MN,1,0,55066
NM,1.0,8197,BELLEVUE,1344.0,0.0,2022-12-01,2.0,1628.0,111.0,282.0,1901-04-01,14,14,12,SEATTLE,8197_20250930,DIF,1934-01-01,0,PORTAGE BANK,PORTAGE BANCSHARES INC,3003.0,4,3,0,0,FDIC,2025-09-30,1127173.0,4,WA,0,0,98004
SM,1.0,81,WARREN,1648.0,0.0,2022-08-31,2.0,2224.0,86.0,574.0,1901-12-31,13,13,8,LITTLE ROCK,81_20250930,DIF,1934-01-01,0,WARREN BANK AND TRUST COMPANY,Unknown,2959.0,5,4,0,0,FED,2025-09-30,0.0,8,AR,1,1,71671
NM,1.0,8200,NEW ULM,7050.0,0.0,2022-08-31,225.0,7987.0,266.0,712.0,1875-12-13,11,11,9,MANKATO,8200_20250930,DIF,1934-01-01,0,CITIZENS BANK MINNESOTA,CITIZENS BCORP OF NEW ULM INC,11318.0,3,6,0,0,FDIC,2025-09-30,1135114.0,2,MN,0,0,56073
NM,1.0,8205,SLEEPY EYE,2370.0,0.0,2022-08-31,65.0,2627.0,109.0,192.0,1881-01-01,11,11,9,MANKATO,8205_20250930,DIF,1934-01-01,0,AMERICANA COMMUNITY BANK,MIDWEST BANCSHARES INC,4953.0,3,4,0,0,FDIC,2025-09-30,1128705.0,4,MN,0,0,56085
NM,1.0,8207,MILAN,1215.0,0.0,2024-06-30,11.0,1595.0,149.0,369.0,1915-12-15,11,11,9,FARGO,8207_20250930,DIF,1934-01-01,0,PRAIRIE SUN BANK,DAKOTA FINANCIAL INC,2978.0,3,4,0,0,FDIC,2025-09-30,3615272.0,2,MN,1,0,56262
NM,1.0,8210,FREEPORT,1553.0,0.0,2022-08-31,1.0,1554.0,45.0,0.0,1908-01-01,11,11,9,MINNEAPOLIS,8210_20250930,DIF,1934-01-01,0,FREEPORT STATE BANK,FREEPORT BANCSHARES INC,5022.0,3,3,0,0,FDIC,2025-09-30,1125795.0,2,MN,0,0,56331
NM,1.0,8214,HAMEL,2038.0,0.0,2022-08-31,0.0,2339.0,30.0,301.0,1919-01-01,11,11,9,MINNEAPOLIS,8214_20250930,DIF,1934-01-01,0,FARMERS STATE BANK OF HAMEL,Unknown,3431.0,3,2,0,0,FDIC,2025-09-30,0.0,7,MN,1,0,55340
NM,1.0,8218,SWANVILLE,94.0,0.0,2022-08-31,0.0,94.0,0.0,0.0,1907-05-01,11,11,9,MINNEAPOLIS,8218_20250930,DIF,1934-01-01,0,FIRST STATE BANK OF SWANVILLE,SWANVILLE BANCSHARES INC,1010.0,3,1,0,0,FDIC,2025-09-30,1124622.0,4,MN,1,0,56382
SM,1.0,8231,HAZLEHURST,3366.0,0.0,2022-08-31,0.0,3366.0,-189.0,0.0,1891-10-26,13,13,6,JACKSON MS,8231_20250930,DIF,1934-01-01,0,COPIAH BANK,COPIAH BANCSHARES INC,8864.0,5,9,0,0,FED,2025-09-30,3319972.0,4,MS,0,1,39083
NM,1.0,8232,HOLLY SPRINGS,9234.0,0.0,2022-08-31,0.0,9620.0,2010.0,386.0,1869-02-01,13,13,8,JACKSON MS,8232_20250930,DIF,1934-01-01,0,BANK OF HOLLY SPRINGS,HOLLY SPRINGS BANCSHARES INC,17023.0,5,9,0,0,FDIC,2025-09-30,2590644.0,4,MS,1,0,38635
NM,1.0,8234,VICKSBURG,5072.0,0.0,2022-08-31,0.0,5104.0,360.0,32.0,1890-02-01,13,13,6,JACKSON MS,8234_20250930,DIF,1934-01-01,0,RIVERHILLS BANK,RIVERHILLS CAPITAL CORP,10805.0,5,5,0,0,FDIC,2025-09-30,1082786.0,4,MS,1,0,39183
NM,1.0,8235,INDIANOLA,32819.0,0.0,2022-08-31,0.0,35716.0,742.0,2897.0,1920-04-10,13,13,8,JACKSON MS,8235_20250930,DIF,1934-01-01,0,PLANTERS BANK & TRUST COMPANY,PLANTERS HOLDING CO,40670.0,5,23,0,0,FDIC,2025-09-30,1096484.0,4,MS,0,1,38751
SM,1.0,823,BLACKSTONE,3433.0,0.0,2022-08-31,49.0,3482.0,180.0,0.0,1873-07-15,5,5,5,RICHMOND,823_20250930,DIF,1934-01-01,0,CITIZENS BANK AND TRUST COMPANY,CITIZENS BCORP OF VIRGINIA INC,16716.0,1,12,0,0,FED,2025-09-30,3219474.0,8,VA,0,0,23824
NM,1.0,8243,ANGUILLA,1566.0,0.0,2022-08-31,0.0,1566.0,0.0,0.0,1904-01-01,13,13,6,JACKSON MS,8243_20250930,DIF,1934-01-01,0,BANK OF ANGUILLA,PYRAMID FINANCIAL CORP,5720.0,5,5,0,0,FDIC,2025-09-30,3664216.0,2,MS,0,0,38721
NM,1.0,8250,WIGGINS,2617.0,0.0,2022-08-31,0.0,2617.0,5.0,0.0,1916-12-04,13,13,6,JACKSON MS,8250_20250930,DIF,1934-01-01,0,BANK OF WIGGINS,Unknown,4245.0,5,3,0,0,FDIC,2025-09-30,0.0,8,MS,0,1,39577
SM,1.0,8251,ADRIAN,1908.0,0.0,2025-07-23,53.0,1961.0,465.0,0.0,1932-10-18,11,11,10,KANSAS CITY,8251_20250930,DIF,1934-01-01,0,ADRIAN BANK,ADRIAN BANCSHARES INC,6112.0,4,3,0,0,FED,2025-09-30,1399505.0,2,MO,1,0,64720
SM,1.0,8252,SPRINGFIELD,47384.0,0.0,2023-03-07,0.0,49707.0,6200.0,2323.0,1883-04-13,11,11,8,SPRINGFIELD MO,8252_20250930,DIF,1934-01-01,0,OMB BANK,JAMESMARK BANCSHARES INC,51144.0,4,10,0,0,FED,2025-09-30,2816803.0,4,MO,0,0,65807
SM,1.0,8255,SIKESTON,12638.0,0.0,2022-10-17,0.0,12875.0,547.0,237.0,1934-01-01,11,11,8,ST. LOUIS,8255_20250930,DIF,1934-01-01,0,MONTGOMERY BANK,MONTGOMERY BCORP INC,36347.0,4,12,0,0,FED,2025-09-30,1119495.0,4,MO,1,1,63801
NM,1.0,8268,JEFFERSON CITY,637.0,0.0,2024-06-30,0.0,637.0,0.0,0.0,1909-02-23,11,11,8,COLUMBIA MO,8268_20250930,DIF,1934-01-01,0,"FARMERS BANK OF LOHMAN, MISSOURI",Unknown,1550.0,4,2,0,0,FDIC,2025-09-30,0.0,7,MO,0,0,65109
N,0.0,8273,KANSAS CITY,1009442.0,0.0,2025-08-29,81845.0,1095996.0,129500.0,4709.0,1902-08-28,11,11,10,KANSAS CITY,8273_20250930,DIF,1934-01-01,0,"UMB BANK, NATIONAL ASSOCIATION",UMB FINANCIAL CORP,1368376.0,4,212,0,0,OCC,2025-09-30,1049828.0,4,MO,0,1,64106
SM,1.0,8274,KAHOKA,3735.0,0.0,2024-10-05,57.0,3792.0,428.0,0.0,1903-09-08,11,11,8,ST. LOUIS,8274_20250930,DIF,1934-01-01,0,EXCHANGE BANK OF NORTHEAST MISSOURI,LINCOLN COUNTY BCORP INC,9617.0,4,7,0,0,FED,2025-09-30,1097173.0,2,MO,1,0,63445
NM,1.0,8276,ALTON,2455.0,0.0,2022-08-31,0.0,2599.0,0.0,144.0,1924-04-17,11,11,8,SPRINGFIELD MO,8276_20250930,DIF,1934-01-01,0,ALTON BANK,Unknown,2575.0,4,2,0,0,FDIC,2025-09-30,0.0,8,MO,1,0,65606
NM,1.0,8282,POPLAR BLUFF,4961.0,0.0,2022-12-15,0.0,5209.0,240.0,248.0,1912-01-01,11,13,8,ST. LOUIS,8282_20250930,DIF,1934-01-01,0,FIRST MISSOURI STATE BANK,POPLAR BLUFF BCORP INC,8125.0,4,1,0,0,FDIC,2025-09-30,5650530.0,2,MO,1,0,63901
NM,1.0,8283,KANSAS CITY,9693.0,0.0,2021-04-09,0.0,9851.0,5597.0,158.0,1928-01-12,11,11,10,KANSAS CITY,8283_20250930,DIF,1934-01-01,0,LEAD BANK,LUNA PARENT INC,110852.0,4,2,0,0,FDIC,2025-09-30,5749238.0,9,MO,0,0,64108
NM,1.0,8295,BUFFALO,4690.0,0.0,2024-10-25,0.0,4810.0,264.0,120.0,1905-11-20,11,11,8,SPRINGFIELD MO,8295_20250930,DIF,1934-01-01,0,O'BANNON BANKING COMPANY,BUFFALO BANCSHARES INC,8904.0,4,5,0,0,FDIC,2025-09-30,1143968.0,4,MO,0,0,65622
SM,1.0,8296,GAINESVILLE,2886.0,0.0,2022-08-31,0.0,2891.0,234.0,5.0,1894-07-24,11,11,8,SPRINGFIELD MO,8296_20250930,DIF,1934-01-01,0,CENTURY BANK OF THE OZARKS,CENTURY BANCSHARES INC,10181.0,4,6,0,0,FED,2025-09-30,1095469.0,2,MO,0,0,65655
NM,1.0,8317,FORSYTH,1297.0,0.0,2022-08-31,171.0,1468.0,60.0,0.0,1917-01-01,14,14,9,BILLINGS,8317_20250930,DIF,1934-01-01,0,FIRST STATE BANK OF FORSYTH,FORSYTH BANCSHARES INC,4049.0,4,1,0,0,FDIC,2025-09-30,1247017.0,2,MT,0,0,59327
NM,1.0,8321,COLORADO SPRINGS,7119.0,0.0,2022-08-31,37.0,7220.0,466.0,64.0,1897-05-01,13,11,10,DENVER,8321_20250930,DIF,1934-01-01,0,STOCKMENS BANK,FIRST BANCSHARES INC,17900.0,4,11,0,0,FDIC,2025-09-30,2484417.0,2,CO,0,0,80903
NM,1.0,8322,BROKEN BOW,2764.0,0.0,2024-06-30,0.0,3438.0,300.0,674.0,1917-02-23,11,11,10,GRAND ISLAND,8322_20250930,DIF,1934-01-01,0,NEBRASKA STATE BANK AND TRUST COMPANY,FIRST CENTRAL NEBRASKA CO,8419.0,4,4,0,0,FDIC,2025-09-30,1051072.0,2,NE,1,1,68822
NM,1.0,8323,COLON,538.0,0.0,2024-06-30,7.0,545.0,121.0,0.0,1899-04-28,11,11,10,OMAHA,8323_20250930,DIF,1934-01-01,0,COMMUNITY STATE BANK,Unknown,1029.0,4,2,0,0,FDIC,2025-09-30,0.0,2,NE,0,0,68018
NM,1.0,8333,SWANTON,710.0,0.0,2024-06-30,0.0,716.0,25.0,6.0,1894-04-01,11,11,10,OMAHA,8333_20250930,DIF,1934-01-01,0,FIRST TRI COUNTY BANK,SWANTON AGENCY INC,1830.0,4,2,0,0,FDIC,2025-09-30,1054895.0,2,NE,0,0,68445
NM,1.0,8383,HARVEY,889.0,0.0,2024-06-30,0.0,919.0,0.0,30.0,1913-06-05,11,11,9,FARGO,8383_20250930,DIF,1934-01-01,0,FIRST STATE BANK OF HARVEY,FIRST HARVEY BCORP INC,1775.0,3,2,0,0,FDIC,2025-09-30,1128666.0,2,ND,1,0,58341
NM,1.0,8386,DRAYTON,8112.0,0.0,2024-06-30,0.0,8584.0,180.0,472.0,1916-04-01,11,11,9,FARGO,8386_20250930,DIF,1934-01-01,0,KODABANK,KODA BANCOR INC,13164.0,3,12,0,0,FDIC,2025-09-30,1126671.0,2,ND,1,0,58225
NM,1.0,8387,ARTHUR,7783.0,0.0,2024-12-06,5.0,9467.0,900.0,1679.0,1905-01-01,11,11,9,FARGO,8387_20250930,DIF,1934-01-01,0,BANKNORTH,FIRST FINANCIAL CORP,21860.0,3,11,0,0,FDIC,2025-09-30,1128040.0,2,ND,1,0,58006
NM,1.0,8390,HANKINSON,1035.0,0.0,2024-06-30,0.0,1168.0,70.0,133.0,1903-08-03,11,11,9,FARGO,8390_20250930,DIF,1934-01-01,0,LINCOLN STATE BANK,LINCOLN HOLDING CO,2925.0,3,3,0,0,FDIC,2025-09-30,1495788.0,2,ND,1,0,58041
NM,1.0,8397,WATERFORD,422.0,0.0,2021-08-29,0.0,432.0,0.0,10.0,1908-01-01,9,9,4,COLUMBUS,8397_20250930,DIF,1934-01-01,0,THE WATERFORD COMMERCIAL AND SAVINGS BANK,2012 WATERFORD COML&SVG BK SHAREHOLDERS VOTING TR,1714.0,3,2,0,0,FDIC,2025-09-30,4452401.0,8,OH,0,0,45786
SM,1.0,8403,OTTOVILLE,677.0,0.0,2022-08-31,0.0,683.0,45.0,6.0,1904-01-01,9,9,4,COLUMBUS,8403_20250930,DIF,1934-01-01,0,THE OTTOVILLE BANK COMPANY,Unknown,2236.0,3,1,0,0,FED,2025-09-30,0.0,8,OH,0,0,45876
NM,1.0,8405,CHAMBERSBURG,26684.0,0.0,2023-01-23,0.0,33228.0,2611.0,6544.0,1906-01-10,2,2,3,HARRISBURG,8405_20250930,DIF,1934-01-01,0,FARMERS AND MERCHANTS TRUST COMPANY OF CHAMBERSBURG,FRANKLIN FINL SERVICES CORP,53947.0,1,25,0,0,FDIC,2025-09-30,1118238.0,4,PA,0,1,17201
NM,1.0,8421,WEST MILTON,7641.0,0.0,2022-08-31,0.0,9351.0,1954.0,1710.0,1920-01-01,2,2,3,HARRISBURG,8421_20250930,DIF,1934-01-01,0,SUSQUEHANNA COMMUNITY BANK,SUSQUEHANNA CMTY FINANCIAL INC,12968.0,1,7,0,0,FDIC,2025-09-30,1985216.0,4,PA,0,0,17886
NM,1.0,8426,JOHNSTOWN,18688.0,0.0,2022-08-31,0.0,23077.0,500.0,4389.0,1924-01-01,2,2,3,WEXFORD,8426_20250930,DIF,1934-01-01,0,1ST SUMMIT BANK,1ST SUMMIT BCORP JOHNSTOWN INC,22337.0,1,17,0,0,FDIC,2025-09-30,1830240.0,4,PA,0,1,15904
NM,1.0,8432,COOKEVILLE,18245.0,0.0,2022-08-31,184.0,18430.0,1260.0,1.0,1901-11-01,13,13,6,NASHVILLE,8432_20250930,DIF,1934-01-01,0,ONE BANK OF TENNESSEE,B P C CORP,44156.0,5,20,0,0,FDIC,2025-09-30,1081613.0,4,TN,1,1,38501
NM,1.0,8439,TREZEVANT,13753.0,0.0,2022-08-31,0.0,14101.0,936.0,348.0,1916-01-01,13,13,8,NASHVILLE,8439_20250930,DIF,1934-01-01,0,CENTENNIAL BANK,F&M BANCSHARES INC,25505.0,5,14,0,0,FDIC,2025-09-30,1135806.0,4,TN,0,1,38258
SM,1.0,845,ROMNEY,3229.0,0.0,2024-01-02,0.0,3915.0,632.0,686.0,1888-01-01,5,5,5,SCOTT DEPOT,845_20250930,DIF,1934-01-01,0,THE BANK OF ROMNEY,ROMNEY BANKSHARES INC,11211.0,1,7,0,0,FED,2025-09-30,1417324.0,8,WV,0,0,26757
NM,0.0,8468,SANTA ROSA,27329.0,0.0,2022-08-31,0.0,28734.0,0.0,1405.0,1890-05-01,14,14,12,SAN FRANCISCO,8468_20250930,DIF,1934-01-01,0,EXCHANGE BANK,FRANK P DOYLE TRUST ARTICLE IX,66696.0,4,21,0,0,FDIC,2025-09-30,1025998.0,4,CA,0,1,95401
SM,1.0,847,SAINT MARYS,669.0,0.0,2024-01-02,0.0,669.0,8.0,0.0,1896-12-21,5,5,5,SCOTT DEPOT,847_20250930,DIF,1934-01-01,0,THE PLEASANTS COUNTY BANK,PLEASANTS CNTY BANKSHARES INC,1702.0,1,2,0,0,FED,2025-09-30,2728447.0,8,WV,0,0,26170
NM,1.0,8487,CLAYTON,2773.0,0.0,2022-08-31,0.0,2773.0,1129.0,0.0,1928-05-01,9,9,8,SPRINGFIELD IL,8487_20250930,DIF,1934-01-01,0,CENTRAL STATE BANK,CLAYTON BANCSHARES INC,5233.0,3,4,0,0,FDIC,2025-09-30,1095861.0,2,IL,1,0,62324
NM,1.0,8491,BETHANY,1428.0,0.0,2022-08-31,10.0,1784.0,200.0,346.0,1887-01-01,9,9,7,CHAMPAIGN,8491_20250930,DIF,1934-01-01,0,SCOTT STATE BANK,SCOTT BANCSHARES INC,5009.0,3,7,0,0,FDIC,2025-09-30,1206425.0,4,IL,1,1,61914
NM,1.0,8499,GREENFIELD,2051.0,0.0,2024-10-22,5.0,2109.0,49.0,53.0,1890-01-06,11,11,7,DES MOINES,8499_20250930,DIF,1934-01-01,0,UNION STATE BANK,GREENFIELD BCORP LTD,4229.0,4,4,0,0,FDIC,2025-09-30,3640407.0,2,IA,1,1,50849
NM,1.0,8503,MARCUS,976.0,0.0,2024-06-30,5.0,981.0,75.0,0.0,1928-12-28,11,11,7,SIOUX CITY,8503_20250930,DIF,1934-01-01,0,THE FARMERS STATE BANK,WEST IOWA BANC CORP,1669.0,4,1,0,0,FDIC,2025-09-30,1249187.0,2,IA,1,1,51035
NM,1.0,8506,NEW ALBIN,6988.0,0.0,2024-06-30,1.0,7085.0,0.0,96.0,1898-01-01,11,11,7,CEDAR RAPIDS,8506_20250930,DIF,1934-01-01,0,NEW ALBIN SAVINGS BANK,Unknown,4227.0,4,1,0,0,FDIC,2025-09-30,0.0,2,IA,0,1,52160
NM,1.0,8507,SLOAN,525.0,0.0,2024-06-30,0.0,525.0,50.0,0.0,1889-10-19,11,11,7,SIOUX CITY,8507_20250930,DIF,1934-01-01,0,SLOAN STATE BANK,SLOAN STATE CORP,1748.0,4,2,0,0,FDIC,2025-09-30,1201439.0,2,IA,1,1,51055
NM,1.0,8510,EARLING,1696.0,0.0,2024-06-30,0.0,1701.0,25.0,5.0,1892-01-01,11,11,7,OMAHA,8510_20250930,DIF,1934-01-01,0,FARMERS TRUST & SAVINGS BANK,J CARL H BCORP,3650.0,4,3,0,0,FDIC,2025-09-30,1135534.0,2,IA,1,1,51530
NM,1.0,8511,DENISON,3316.0,0.0,2024-06-30,0.0,3316.0,35.0,0.0,1927-03-15,11,11,7,SIOUX CITY,8511_20250930,DIF,1934-01-01,0,CRAWFORD COUNTY TRUST AND SAVINGS BANK,VIKING CORP THE,6918.0,4,3,0,0,FDIC,2025-09-30,1021570.0,2,IA,1,1,51442
NM,1.0,8513,RAKE,1821.0,0.0,2024-06-30,0.0,1821.0,0.0,0.0,1914-01-15,11,11,7,DES MOINES,8513_20250930,DIF,1934-01-01,0,STATE SAVINGS BANK,RAKE BCORP,2166.0,4,1,0,0,FDIC,2025-09-30,1210002.0,2,IA,0,1,50465
NM,1.0,8519,SOUTH ENGLISH,999.0,0.0,2024-06-30,1.0,1000.0,0.0,0.0,1908-01-01,11,11,7,CEDAR RAPIDS,8519_20250930,DIF,1934-01-01,0,WHITE STATE BANK,COUNTRY BCORP,2411.0,4,3,0,0,FDIC,2025-09-30,1203910.0,2,IA,0,1,52335
NM,1.0,8522,BRITT,1486.0,0.0,2024-06-30,27.0,1513.0,695.0,0.0,1927-11-12,11,11,7,DES MOINES,8522_20250930,DIF,1934-01-01,0,FIRST STATE BANK,READLYN BANCSHARES INC,2611.0,4,2,0,0,FDIC,2025-09-30,1139327.0,2,IA,0,1,50423
NM,1.0,8527,VIDALIA,6854.0,0.0,2022-08-31,445.0,7299.0,110.0,0.0,1903-07-01,13,13,11,SHREVEPORT,8527_20250930,DIF,1934-01-01,0,CONCORDIA BANK & TRUST COMPANY,CONCORDIA CAPITAL CORP,15473.0,5,9,0,0,FDIC,2025-09-30,2557414.0,4,LA,1,1,71373
NM,1.0,8531,COUSHATTA,3828.0,0.0,2022-08-31,1006.0,4834.0,69.0,0.0,1897-08-01,13,13,11,SHREVEPORT,8531_20250930,DIF,1934-01-01,0,BANK OF COUSHATTA,COUSHATTA BANCSHARES INC,5657.0,5,3,0,0,FDIC,2025-09-30,1104530.0,4,LA,1,0,71019
NM,1.0,8532,ERATH,790.0,0.0,2022-08-31,0.0,790.0,0.0,0.0,1910-01-01,13,13,6,BATON ROUGE,8532_20250930,DIF,1934-01-01,0,BANK OF ERATH,BANK OF ERATH HOLDING CO,3189.0,5,3,0,0,FDIC,2025-09-30,4125152.0,8,LA,0,0,70533
NM,1.0,8533,NEWELLTON,2861.0,0.0,2021-11-16,2.0,3003.0,243.0,140.0,1922-01-01,13,13,11,SHREVEPORT,8533_20250930,DIF,1934-01-01,0,TENSAS STATE BANK,TENSAS BANCSHARES INC,4540.0,5,4,0,0,FDIC,2025-09-30,1109487.0,2,LA,1,0,71357
NM,1.0,8534,OPELOUSAS,1312.0,0.0,2022-08-31,0.0,1312.0,-650.0,0.0,1931-01-01,13,13,6,BATON ROUGE,8534_20250930,DIF,1934-01-01,0,ST. LANDRY BANK AND TRUST COMPANY,ST LANDRY BANCSHARES INC,6031.0,5,8,0,0,FDIC,2025-09-30,1417203.0,7,LA,1,1,70570
NM,1.0,8535,LESTER PRAIRIE,96.0,0.0,2022-08-31,0.0,96.0,385.0,0.0,1913-09-15,11,11,9,MANKATO,8535_20250930,DIF,1934-01-01,0,FIRST COMMUNITY BANK,PSB FINANCIAL SHARES INC,531.0,3,2,0,0,FDIC,2025-09-30,1495797.0,8,MN,1,0,55354
NM,1.0,8536,NICOLLET,7718.0,0.0,2022-08-31,1.0,9447.0,0.0,1728.0,1903-01-01,11,11,9,MANKATO,8536_20250930,DIF,1934-01-01,0,PROGROWTH BANK,PROGRESSIVE GROWTH CORP,6018.0,3,4,0,0,FDIC,2025-09-30,1126877.0,2,MN,0,0,56074
NM,1.0,8537,SAINT PAUL,2142.0,0.0,2022-08-31,0.0,3073.0,103.0,931.0,1908-01-15,11,11,9,MINNEAPOLIS,8537_20250930,DIF,1934-01-01,0,BANKCHEROKEE,CHEROKEE BANCSHARES INC,10651.0,3,3,0,0,FDIC,2025-09-30,1128228.0,4,MN,0,0,55107
NM,1.0,8541,FAIRMONT,2378.0,0.0,2022-08-31,4.0,2382.0,99.0,0.0,1917-06-01,11,11,9,MANKATO,8541_20250930,DIF,1934-01-01,0,STATE BANK OF FAIRMONT,WEB INC,4208.0,3,1,0,0,FDIC,2025-09-30,1126112.0,2,MN,1,0,56031
NM,1.0,8544,PERHAM,4837.0,0.0,2024-06-30,0.0,4845.0,100.0,8.0,1911-01-01,11,11,9,FARGO,8544_20250930,DIF,1934-01-01,0,UNITED COMMUNITY BANK,PERHAM STATE BANCSHARES INC,8515.0,3,3,0,0,FDIC,2025-09-30,1126242.0,4,MN,1,0,56573
NM,1.0,8546,SAINT JOSEPH,4681.0,0.0,2022-08-31,2.0,5124.0,180.0,441.0,1904-11-04,11,11,9,MINNEAPOLIS,8546_20250930,DIF,1934-01-01,0,SENTRY BANK,SAINT JOSEPH BANCSHARES ACQUISITIONS,9030.0,3,4,0,0,FDIC,2025-09-30,3348011.0,4,MN,0,0,56374
SM,1.0,8552,MERIDIAN,2823.0,0.0,2022-08-31,0.0,2906.0,0.0,83.0,1902-03-02,13,13,6,JACKSON MS,8552_20250930,DIF,1934-01-01,0,GREAT SOUTHERN BANK,GREAT SOUTHERN CAPITAL CORP,6957.0,5,11,0,0,FED,2025-09-30,1080568.0,8,MS,1,1,39301
NM,1.0,855,EUTAW,1619.0,0.0,2022-08-31,0.0,1619.0,0.0,0.0,1900-01-01,5,5,6,SHELBY,855_20250930,DIF,1934-01-01,0,"MERCHANTS & FARMERS BANK OF GREENE COUNTY, ALABAMA",MERCHANTS&FARMERS BANCSHARES,3387.0,5,2,0,0,FDIC,2025-09-30,2111432.0,4,AL,1,1,35462
NM,1.0,8560,CARROLLTON,2334.0,0.0,2022-08-31,0.0,2638.0,120.0,304.0,1912-08-12,11,11,10,KANSAS CITY,8560_20250930,DIF,1934-01-01,0,BANK 21,KNOTT HOLDING CO INC,6841.0,4,5,0,0,FDIC,2025-09-30,1060047.0,4,MO,1,1,64633
NM,1.0,8564,GRAIN VALLEY,482.0,0.0,2022-08-31,0.0,482.0,0.0,0.0,1905-05-11,11,11,10,KANSAS CITY,8564_20250930,DIF,1934-01-01,0,THE BANK OF GRAIN VALLEY,GRAIN VALLEY BANCSHARES INC,3615.0,4,2,0,0,FDIC,2025-09-30,2858942.0,4,MO,1,0,64029
NM,1.0,8569,LATHROP,3421.0,0.0,2022-08-31,0.0,3670.0,220.0,249.0,1879-09-28,11,11,10,KANSAS CITY,8569_20250930,DIF,1934-01-01,0,GOPPERT FINANCIAL BANK,GOPPERT FINANCIAL CORP,8288.0,4,4,0,0,FDIC,2025-09-30,1051380.0,2,MO,0,0,64465
NM,1.0,8572,ROGERSVILLE,1633.0,0.0,2022-08-31,2.0,1933.0,250.0,298.0,1908-01-01,11,11,8,SPRINGFIELD MO,8572_20250930,DIF,1934-01-01,0,CITIZENS BANK OF ROGERSVILLE,WILDCAT BANCSHARES INC,3653.0,4,2,0,0,FDIC,2025-09-30,4504917.0,4,MO,1,0,65742
NM,1.0,8576,VIENNA,7572.0,0.0,2024-06-30,1.0,7617.0,337.0,44.0,1900-08-17,11,11,8,COLUMBIA MO,8576_20250930,DIF,1934-01-01,0,THE MARIES COUNTY BANK,MARIES COUNTY BCORP INC,16112.0,4,12,0,0,FDIC,2025-09-30,1099814.0,2,MO,0,0,65582
SM,1.0,8584,IBERIA,510.0,0.0,2024-06-30,0.0,510.0,35.0,0.0,1899-10-01,11,11,8,COLUMBIA MO,8584_20250930,DIF,1934-01-01,0,BANK OF IBERIA,MILCO BCORP INC,2420.0,4,2,0,0,FED,2025-09-30,1118760.0,8,MO,0,0,65486
NM,1.0,8594,MONTROSE,532.0,0.0,2022-08-31,1.0,533.0,9.0,0.0,1895-01-01,11,11,10,KANSAS CITY,8594_20250930,DIF,1934-01-01,0,MONTROSE SAVINGS BANK,MONTROSE SVG BANCSHARES INC,1788.0,4,1,0,0,FDIC,2025-09-30,1062694.0,2,MO,1,0,64770
SM,1.0,8595,BENNINGTON,2466.0,0.0,2024-06-30,0.0,3178.0,956.0,712.0,1928-01-28,11,11,10,OMAHA,8595_20250930,DIF,1934-01-01,0,I3 BANK,BBIG HOLDINGS LLC,6765.0,4,5,0,0,FED,2025-09-30,4459754.0,4,NE,0,1,68007
NM,1.0,8604,HORDVILLE,630.0,0.0,2024-06-30,0.0,632.0,0.0,2.0,1906-01-01,11,11,10,GRAND ISLAND,8604_20250930,DIF,1934-01-01,0,FIRST STATE BANK,FIRSTAND CO,1178.0,4,1,0,0,FDIC,2025-09-30,2684589.0,2,NE,0,0,68846
NM,1.0,861,WINFIELD,7205.0,0.0,2022-06-30,0.0,8007.0,653.0,802.0,1907-10-03,5,5,6,SHELBY,861_20250930,DIF,1934-01-01,0,STATE BANK & TRUST,PEOPLES BCORP INC,7797.0,5,4,0,0,FDIC,2025-09-30,1085602.0,8,AL,1,0,35594
NM,1.0,8632,MOHALL,791.0,0.0,2024-06-30,82.0,873.0,0.0,0.0,1915-06-01,11,11,9,FARGO,8632_20250930,DIF,1934-01-01,0,THE CITIZENS STATE BANK AT MOHALL,JORGENSON HOLDING CO,2104.0,3,3,0,0,FDIC,2025-09-30,1122057.0,2,ND,1,0,58761
SM,1.0,8637,BOWMAN,5626.0,0.0,2024-06-30,0.0,5758.0,125.0,132.0,1910-01-01,11,11,9,FARGO,8637_20250930,DIF,1934-01-01,0,DAKOTA WESTERN BANK,DAKOTA WESTERN BANKSHARES INC,10365.0,3,5,0,0,FED,2025-09-30,1124798.0,2,ND,1,0,58623
NM,1.0,8640,TOLNA,1254.0,0.0,2024-06-30,0.0,1254.0,0.0,0.0,1917-08-01,11,11,9,FARGO,8640_20250930,DIF,1934-01-01,0,FARMERS & MERCHANTS BANK OF NORTH DAKOTA,TOLNA BCORP INC,2703.0,3,3,0,0,FDIC,2025-09-30,1135039.0,2,ND,1,0,58380
NM,1.0,8647,WEST SALEM,768.0,0.0,2022-08-31,0.0,923.0,155.0,155.0,1915-04-15,9,9,4,COLUMBUS,8647_20250930,DIF,1934-01-01,0,FARMERS STATE BANK,COMMUNITY IND BCORP INC,5461.0,3,6,0,0,FDIC,2025-09-30,1883219.0,4,OH,0,0,44287
NM,1.0,8660,PARIS,13297.0,0.0,2022-08-31,0.0,13297.0,526.0,0.0,1877-05-15,13,13,8,NASHVILLE,8660_20250930,DIF,1934-01-01,0,COMMERCIAL BANK & TRUST CO.,COMMERCIAL HOLDING CO,24986.0,5,11,0,0,FDIC,2025-09-30,1099382.0,9,TN,1,1,38242
SM,1.0,8661,PARSONS,1397.0,0.0,2022-10-11,0.0,1397.0,137.0,0.0,1907-03-09,13,13,8,NASHVILLE,8661_20250930,DIF,1934-01-01,0,FARMERS BANK,TOWNSEND FINANCIAL CORP,2707.0,5,1,0,0,FED,2025-09-30,1095807.0,4,TN,0,0,38363
NM,0.0,8663,NASHVILLE,225394.0,0.0,2025-07-01,63.0,229129.0,42046.0,3672.0,1906-01-01,13,13,6,NASHVILLE,8663_20250930,DIF,1934-01-01,0,FIRSTBANK,FB FINANCIAL CORP,369559.0,5,133,0,0,FDIC,2025-09-30,1132104.0,4,TN,0,1,37203
SM,1.0,8668,TIMBERVILLE,19280.0,0.0,2022-08-31,0.0,19284.0,1622.0,4.0,1908-01-01,5,5,5,RICHMOND,8668_20250930,DIF,1934-01-01,0,FARMERS & MERCHANTS BANK,F&M BANK CORP,30803.0,1,15,0,0,FED,2025-09-30,1076495.0,4,VA,0,1,22853
NM,1.0,8672,BLUE GRASS,701.0,0.0,2022-08-31,0.0,722.0,0.0,21.0,1915-12-02,5,5,5,RICHMOND,8672_20250930,DIF,1934-01-01,0,THE BLUE GRASS VALLEY BANK,Unknown,1326.0,1,2,0,0,FDIC,2025-09-30,0.0,8,VA,0,0,24413
NM,1.0,8681,SAINT JOHN,891.0,0.0,2022-08-31,0.0,1023.0,1125.0,132.0,1908-01-01,14,14,12,SEATTLE,8681_20250930,DIF,1934-01-01,0,LAMONT BANK OF ST. JOHN,Unknown,1460.0,4,1,0,0,FDIC,2025-09-30,0.0,2,WA,0,0,99171
NM,1.0,8693,GALESVILLE,1795.0,0.0,2022-08-31,1.0,1910.0,0.0,114.0,1883-01-01,9,9,9,EAU CLAIRE,8693_20250930,DIF,1934-01-01,0,BLUFF VIEW BANK,GALE BANK HOLDING CO INC,3880.0,3,3,0,0,FDIC,2025-09-30,1127249.0,2,WI,1,0,54630
NM,1.0,8695,LAKE MILLS,7955.0,0.0,2022-08-31,6.0,9523.0,0.0,1562.0,1893-01-01,9,9,7,MILWAUKEE,8695_20250930,DIF,1934-01-02,0,BANK OF LAKE MILLS,Unknown,17571.0,3,2,0,0,FDIC,2025-09-30,0.0,6,WI,1,0,53551
NM,1.0,8698,PORT WASHINGTON,12630.0,0.0,2022-08-31,0.0,13400.0,453.0,770.0,1899-09-11,9,9,7,MILWAUKEE,8698_20250930,DIF,1934-01-01,0,THE PORT WASHINGTON STATE BANK,PORT BANCSHARES INC,18742.0,3,8,0,0,FDIC,2025-09-30,1208577.0,4,WI,0,1,53074
NM,1.0,8700,WALDO,2554.0,0.0,2022-08-31,0.0,2982.0,72.0,428.0,1913-01-01,9,9,7,MILWAUKEE,8700_20250930,DIF,1934-01-01,0,WALDO STATE BANK,Unknown,3643.0,3,1,0,0,FDIC,2025-09-30,0.0,4,WI,0,0,53093
NM,1.0,8714,AUGUSTA,8650.0,0.0,2022-08-31,0.0,9297.0,4639.0,647.0,1914-12-01,9,9,9,EAU CLAIRE,8714_20250930,DIF,1934-01-02,0,UNITY BANK,KIMBERLY LEASING CORP,17246.0,3,16,0,0,FDIC,2025-09-30,1122990.0,2,WI,1,0,54722
SM,1.0,8725,RANCHESTER,292.0,0.0,2024-11-25,0.0,292.0,0.0,0.0,1912-01-01,14,14,10,BILLINGS,8725_20250930,DIF,1934-01-01,0,COWBOY STATE BANK,COWBOY STATE BCORP INC,2123.0,4,2,0,0,FED,2025-09-30,2992426.0,4,WY,1,0,82839
SM,0.0,8728,FAYETTEVILLE,259710.0,0.0,2022-10-31,10656.0,280246.0,62946.0,9880.0,1871-01-01,13,13,8,LITTLE ROCK,8728_20250930,DIF,1934-01-01,0,ARVEST BANK,ARVEST BANK GROUP INC,723682.0,5,227,0,0,FED,2025-09-30,1095674.0,4,AR,0,1,72701
NM,1.0,872,COCHRAN,1545.0,0.0,2022-08-31,0.0,1545.0,0.0,0.0,1922-01-05,5,5,6,ALBANY GA,872_20250930,DIF,1934-01-01,0,STATE BANK OF COCHRAN,CENTRAL GEORGIA BANKING CO,12025.0,5,4,0,0,FDIC,2025-09-30,3184125.0,4,GA,1,0,31014
SM,1.0,8730,RISON,4392.0,0.0,2022-12-05,0.0,4504.0,60.0,112.0,1932-01-01,13,13,8,LITTLE ROCK,8730_20250930,DIF,1934-01-01,0,GATEWAY BANK,SIGMA HOLDINGS INC,5322.0,5,3,0,0,FED,2025-09-30,4512378.0,4,AR,1,0,71665
SM,1.0,8735,DUMAS,4172.0,0.0,2023-09-01,0.0,4337.0,182.0,165.0,1909-05-10,13,13,8,LITTLE ROCK,8735_20250930,DIF,1934-01-01,0,MERCHANTS AND FARMERS BANK,M&F FINANCIAL CORP,9384.0,5,3,0,0,FED,2025-09-30,1099506.0,4,AR,0,1,71639
SM,1.0,8738,VAN BUREN,6628.0,0.0,2022-08-31,0.0,6628.0,300.0,0.0,1886-05-01,13,13,8,LITTLE ROCK,8738_20250930,DIF,1934-01-01,0,CITIZENS' BANK & TRUST CO.,FIRST BANK CORP,14122.0,5,9,0,0,FED,2025-09-30,1491360.0,4,AR,0,1,72956
SM,0.0,873,COLUMBUS,842506.0,0.0,2024-11-01,627.0,890569.0,35855.0,47436.0,1888-01-01,5,5,6,ATLANTA,873_20250930,DIF,1934-01-01,0,SYNOVUS BANK,SYNOVUS FINANCIAL CORP,1440860.0,5,253,0,0,FED,2025-09-30,1078846.0,4,GA,0,1,31901
NM,1.0,8745,MIDDLEBURY,8439.0,0.0,2021-08-29,186.0,10423.0,379.0,1798.0,1910-01-01,9,9,7,INDIANAPOLIS,8745_20250930,DIF,1934-01-01,0,FIRST STATE BANK OF MIDDLEBURY,CRYSTAL VALLEY FINANCIAL CORP,23498.0,3,6,0,0,FDIC,2025-09-30,1210244.0,4,IN,0,1,46540
NM,1.0,8751,CRESTON,2947.0,0.0,2024-06-30,153.0,3100.0,55.0,0.0,1883-01-01,11,11,7,DES MOINES,8751_20250930,DIF,1934-01-01,0,IOWA STATE SAVINGS BANK,AMES NATIONAL CORP,6397.0,4,3,0,0,FDIC,2025-09-30,1202258.0,2,IA,0,1,50801
NM,1.0,8752,WHEATLAND,4324.0,0.0,2024-06-30,282.0,4851.0,460.0,245.0,1905-01-01,11,11,7,CEDAR RAPIDS,8752_20250930,DIF,1934-01-01,0,FIRST TRUST AND SAVINGS BANK,WHEATLAND BCORP,8012.0,4,8,0,0,FDIC,2025-09-30,1206014.0,2,IA,1,1,52777
NM,1.0,8760,ALGONA,1513.0,0.0,2024-06-30,1.0,1653.0,138.0,139.0,1895-01-01,11,11,7,DES MOINES,8760_20250930,DIF,1934-01-01,0,FARMERS STATE BANK,WHITTEMORE BANCSHARES INC,3849.0,4,3,0,0,FDIC,2025-09-30,1245611.0,2,IA,1,1,50511
NM,1.0,8761,LANSING,4121.0,0.0,2024-06-30,1.0,5160.0,640.0,1038.0,1908-01-14,11,11,7,CEDAR RAPIDS,8761_20250930,DIF,1934-01-01,0,KERNDT BROTHERS SAVINGS BANK,KERNDT BANK SERVICES INC,7271.0,4,6,0,0,FDIC,2025-09-30,1203590.0,2,IA,1,1,52151
NM,1.0,8762,SACRAMENTO,2033.0,0.0,2022-08-31,0.0,2033.0,0.0,0.0,1895-01-01,9,9,8,MOUNT VERNON,8762_20250930,DIF,1934-01-01,0,THE SACRAMENTO DEPOSIT BANK,SACRAMENTO BCORP,4161.0,3,2,0,0,FDIC,2025-09-30,1133923.0,4,KY,1,0,42372
NM,1.0,876,DAWSON,2454.0,0.0,2022-08-31,0.0,2499.0,225.0,45.0,1911-07-01,5,5,6,ALBANY GA,876_20250930,DIF,1934-01-01,0,BANK OF DAWSON,DAWSON BANCSHARES INC,4990.0,5,1,0,0,FDIC,2025-09-30,1085536.0,2,GA,1,0,39842
SM,1.0,8772,SPRINGFIELD,5799.0,0.0,2022-08-31,396.0,6844.0,349.0,649.0,1911-01-01,9,9,8,LOUISVILLE,8772_20250930,DIF,1934-01-01,0,SPRINGFIELD STATE BANK,SPRINGFIELD BANKSHARES INC,9318.0,3,3,0,0,FED,2025-09-30,1119365.0,8,KY,0,1,40069
NM,1.0,8774,CECILIA,14947.0,0.0,2022-08-31,857.0,18997.0,646.0,3193.0,1903-05-01,9,9,8,LOUISVILLE,8774_20250930,DIF,1934-01-01,0,THE CECILIAN BANK,PINE KNOB HOLDINGS LLC,38248.0,3,19,0,0,FDIC,2025-09-30,5623570.0,4,KY,0,0,42724
NM,1.0,8775,COLUMBIA,2772.0,0.0,2022-08-31,4.0,2778.0,101.0,2.0,1866-01-01,9,9,8,LOUISVILLE,8775_20250930,DIF,1934-01-01,0,BANK OF COLUMBIA,COLUMBIA BANCSHARES INC,7388.0,3,3,0,0,FDIC,2025-09-30,1132140.0,2,KY,1,0,42728
NM,1.0,877,EASTMAN,580.0,0.0,2022-08-31,0.0,580.0,0.0,0.0,1919-01-02,5,5,6,ALBANY GA,877_20250930,DIF,1934-01-01,0,MAGNOLIA STATE BANK,MAGNOLIA BANKSHARES INC,8274.0,5,5,0,0,FDIC,2025-09-30,2453936.0,4,GA,1,0,31023
NM,1.0,8785,WINCHESTER,7190.0,0.0,2022-08-31,162.0,8052.0,619.0,700.0,1912-09-13,9,9,4,LEXINGTON,8785_20250930,DIF,1934-01-01,0,PEOPLES EXCHANGE BANK,GENBEACH CO INC,16062.0,3,9,0,0,FDIC,2025-09-30,1246944.0,4,KY,0,0,40391
NM,1.0,8798,COTTONPORT,5915.0,0.0,2022-08-31,0.0,5915.0,30.0,0.0,1902-07-02,13,13,6,BATON ROUGE,8798_20250930,DIF,1934-01-01,0,COTTONPORT BANK,MANSURA BANCSHARES INC,16890.0,5,13,0,0,FDIC,2025-09-30,1081097.0,4,LA,0,1,71327
NM,1.0,8799,JONESBORO,279.0,0.0,2022-08-31,0.0,279.0,0.0,0.0,1904-01-01,13,13,11,SHREVEPORT,8799_20250930,DIF,1934-01-01,0,JACKSON PARISH BANK,JACKSON BCORP INC,1882.0,5,1,0,0,FDIC,2025-09-30,1131705.0,8,LA,0,0,71251
NM,1.0,879,LINCOLNTON,902.0,0.0,2006-03-31,0.0,902.0,45.0,0.0,1911-12-02,5,5,6,ATLANTA,879_20250930,DIF,1934-01-01,0,FARMERS STATE BANK,LINCOLN BANCSHARES INC,7289.0,5,3,0,0,FDIC,2025-09-30,2645937.0,8,GA,1,0,30817
NM,1.0,8811,HEBRON,5545.0,0.0,2022-08-31,0.0,5706.0,-225.0,161.0,1910-06-11,2,2,5,BALTIMORE,8811_20250930,DIF,1934-01-01,0,HEBRON SAVINGS BANK,HSB BCORP INC,25165.0,1,13,0,0,FDIC,2025-09-30,2876544.0,4,MD,0,0,21830
NM,1.0,8816,QUEENSTOWN,7882.0,0.0,2022-08-31,0.0,7914.0,0.0,32.0,1899-01-01,2,2,5,BALTIMORE,8816_20250930,DIF,1934-01-01,0,THE QUEENSTOWN BANK OF MARYLAND,QUEENSTOWN BCORP OF MD INC,15076.0,1,9,0,0,FDIC,2025-09-30,2618614.0,4,MD,0,0,21658
NM,1.0,8821,ADAMS,2532.0,0.0,2024-06-30,49.0,3462.0,0.0,881.0,1914-01-01,11,11,9,MINNEAPOLIS,8821_20250930,DIF,1934-01-01,0,UNITED FARMERS STATE BANK,ADAMS BANCSHARES INC,5885.0,3,3,0,0,FDIC,2025-09-30,1126738.0,2,MN,1,0,55909
NM,1.0,8822,ADRIAN,561.0,0.0,2024-06-30,0.0,561.0,0.0,0.0,1889-10-23,11,11,9,SIOUX FALLS,8822_20250930,DIF,1934-01-01,0,ADRIAN STATE BANK,ADRIAN BUILDING CORP,1654.0,3,1,0,0,FDIC,2025-09-30,1125254.0,2,MN,1,0,56110
NM,1.0,8824,GLENWOOD,1695.0,0.0,2024-06-30,55.0,1750.0,150.0,0.0,1908-01-04,11,11,9,FARGO,8824_20250930,DIF,1934-01-01,0,EAGLE BANK,EAGLE INVESTMENT CO INC,6343.0,3,5,0,0,FDIC,2025-09-30,2565950.0,2,MN,1,0,56334
NM,1.0,8833,CURRIE,1706.0,0.0,2024-06-30,2.0,1714.0,0.0,6.0,1931-02-01,11,11,9,SIOUX FALLS,8833_20250930,DIF,1934-01-01,0,CURRIE STATE BANK,CURRIE BCORP INC,3319.0,3,2,0,0,FDIC,2025-09-30,1125151.0,2,MN,0,0,56123
NM,1.0,8840,WELLS,527.0,0.0,2022-08-31,0.0,530.0,0.0,3.0,1924-02-29,11,11,9,MANKATO,8840_20250930,DIF,1934-01-01,0,PEOPLES STATE BANK OF WELLS,PEOPLES EQUITY CORP,1682.0,3,1,0,0,FDIC,2025-09-30,1125124.0,2,MN,1,0,56097
SM,1.0,8842,GRAND MARAIS,1092.0,0.0,2022-08-31,0.0,1189.0,91.0,97.0,1916-09-16,11,11,9,MINNEAPOLIS,8842_20250930,DIF,1934-01-01,0,GRAND MARAIS STATE BANK,CENTRAL TRUST CO,3106.0,3,2,0,0,FED,2025-09-30,1020920.0,4,MN,1,0,55604
N,1.0,8843,LONG PRAIRIE,6765.0,0.0,2024-06-30,3.0,6768.0,0.0,0.0,1881-09-01,11,11,9,FARGO,8843_20250930,DIF,1934-01-01,0,AMERICAN HERITAGE NATIONAL BANK,AMERICAN HERITAGE HOLDING CO,13860.0,3,7,0,0,OCC,2025-09-30,4520953.0,4,MN,0,0,56347
NM,1.0,8845,APPLETON,574.0,0.0,2024-06-30,5.0,579.0,75.0,0.0,1915-02-20,11,11,9,FARGO,8845_20250930,DIF,1934-01-01,0,FARMERS AND MERCHANTS STATE BANK OF APPLETON,MPS INVESTMENT CO,2124.0,3,1,0,0,FDIC,2025-09-30,1121984.0,2,MN,1,0,56208
NM,1.0,8848,BUFFALO LAKE,638.0,0.0,2022-08-31,1.0,639.0,10.0,0.0,1893-01-01,11,11,9,MANKATO,8848_20250930,DIF,1934-01-01,0,CENBANK,CENTRAL TRUST CO,2338.0,3,3,0,0,FDIC,2025-09-30,1020920.0,2,MN,1,0,55314
SM,1.0,8850,DULUTH,6040.0,0.0,2022-08-31,0.0,7158.0,432.0,1118.0,1915-09-14,11,11,9,MINNEAPOLIS,8850_20250930,DIF,1934-01-01,0,NORTH SHORE BANK OF COMMERCE,NORTH SHORE FINANCIAL CORP,15691.0,3,7,0,0,FED,2025-09-30,1136540.0,4,MN,1,1,55802
NM,1.0,8851,DULUTH,19771.0,0.0,2022-08-31,2.0,21867.0,-127.0,2094.0,1916-06-28,11,11,9,MINNEAPOLIS,8851_20250930,DIF,1934-01-01,0,PARK STATE BANK,PARK FINANCIAL GROUP INC,33181.0,3,15,0,0,FDIC,2025-09-30,4792022.0,4,MN,0,0,55806
NM,1.0,8853,GLENWOOD,9128.0,0.0,2024-06-30,2.0,9738.0,115.0,608.0,1907-05-09,11,11,9,FARGO,8853_20250930,DIF,1934-01-01,0,GLENWOOD STATE BANK (INCORPORATED),Unknown,14282.0,3,3,0,0,FDIC,2025-09-30,0.0,4,MN,1,0,56334
NM,1.0,8857,GROVE CITY,806.0,0.0,2022-08-31,0.0,884.0,4.0,78.0,1907-12-07,11,11,9,MANKATO,8857_20250930,DIF,1934-01-01,0,GROVE BANK,GROVE BCORP INC,1628.0,3,1,0,0,FDIC,2025-09-30,5381601.0,8,MN,0,0,56243
NM,1.0,8858,CHANDLER,990.0,0.0,2024-06-30,0.0,997.0,5.0,7.0,1902-01-01,11,11,9,SIOUX FALLS,8858_20250930,DIF,1934-01-01,0,STATE BANK OF CHANDLER,CHANDLER BANCSHARES INC,1879.0,3,1,0,0,FDIC,2025-09-30,1843688.0,2,MN,0,0,56122
NM,1.0,8863,DEER RIVER,1872.0,0.0,2024-06-30,2.0,2144.0,105.0,270.0,1920-01-01,11,11,9,FARGO,8863_20250930,DIF,1934-01-01,0,WOODLAND BANK,REMER BCORP INC,4733.0,3,4,0,0,FDIC,2025-09-30,1126327.0,4,MN,0,0,56636
NM,1.0,8865,WEST CONCORD,1511.0,0.0,2024-06-30,0.0,1637.0,108.0,126.0,1930-06-02,11,11,9,MINNEAPOLIS,8865_20250930,DIF,1934-01-01,0,HERITAGE BANK MINNESOTA,WEST CONCORD BANCSHARES INC,2804.0,3,3,0,0,FDIC,2025-09-30,1135619.0,5,MN,1,0,55985
N,1.0,8866,WINONA,37534.0,0.0,2024-06-30,483.0,38216.0,-633.0,199.0,1875-01-01,11,11,9,MINNEAPOLIS,8866_20250930,DIF,1934-01-01,0,"MERCHANTS BANK, NATIONAL ASSOCIATION",MERCHANTS FINANCIAL GROUP INC,65592.0,3,22,0,0,OCC,2025-09-30,1128769.0,4,MN,0,1,55987
NM,1.0,8867,WINGER,5545.0,0.0,2024-06-30,0.0,5741.0,158.0,196.0,1904-01-01,11,11,9,FARGO,8867_20250930,DIF,1934-01-01,0,ULTIMA BANK MINNESOTA,FINANCIAL SERVICES WINGER INC,11454.0,3,6,0,0,FDIC,2025-09-30,1127276.0,2,MN,1,0,56592
SM,0.0,8870,COLUMBUS,35202.0,0.0,2025-07-01,0.0,35202.0,7156.0,0.0,1888-06-01,13,13,8,JACKSON MS,8870_20250930,DIF,1934-01-01,0,BANKFIRST FINANCIAL SERVICES,BANKFIRST CAPITAL CORP,75498.0,5,52,0,0,FED,2025-09-30,1247455.0,4,MS,0,0,39701
NM,0.0,8879,FLOWOOD,60339.0,0.0,2023-04-20,0.0,60342.0,4977.0,3.0,1905-08-14,13,13,6,JACKSON MS,8879_20250930,DIF,1934-01-01,0,COMMUNITY BANK OF MISSISSIPPI,COMMUNITY BANCSHARES MS EMPLOYEE STK OWNERSHIP PLAN,122576.0,5,56,0,0,FDIC,2025-09-30,2313544.0,4,MS,0,1,39232
SM,1.0,8888,KANSAS CITY,17662.0,0.0,2022-08-31,252.0,18344.0,-333.0,430.0,1905-12-02,11,11,10,KANSAS CITY,8888_20250930,DIF,1934-01-01,0,COUNTRY CLUB BANK,CCB FINANCIAL CORP,62238.0,4,22,0,0,FED,2025-09-30,1053496.0,4,MO,1,0,64112
NM,1.0,8889,CLAYTON,27387.0,0.0,2022-08-31,0.0,28117.0,6650.0,730.0,1894-06-13,11,11,8,ST. LOUIS,8889_20250930,DIF,1934-01-01,0,MIDWEST REGIONAL BANK,MIDWEST REGIONAL BCORP INC,26282.0,4,7,0,0,FDIC,2025-09-30,3595020.0,4,MO,0,0,63105
NM,1.0,8892,SULLIVAN,26395.0,0.0,2022-08-31,4.0,27089.0,911.0,690.0,1895-04-01,11,11,8,ST. LOUIS,8892_20250930,DIF,1934-01-01,0,SULLIVAN BANK,MID-MISSOURI HOLDING CO INC,28880.0,4,11,0,0,FDIC,2025-09-30,2300768.0,4,MO,0,0,63080
NM,1.0,8893,BLUE SPRINGS,879.0,0.0,2022-08-31,0.0,1027.0,115.0,148.0,1888-02-27,11,11,10,KANSAS CITY,8893_20250930,DIF,1934-01-01,0,AMERICA'S COMMUNITY BANK,URICH BCORP INC,1769.0,4,1,0,0,FDIC,2025-09-30,1064492.0,4,MO,1,0,64015
NM,1.0,8896,JONESBURG,1005.0,0.0,2024-06-30,1.0,1116.0,31.0,110.0,1921-02-21,11,11,8,COLUMBIA MO,8896_20250930,DIF,1934-01-01,0,JONESBURG STATE BANK,MONTGOMERY BANCSHARES INC,4774.0,4,3,0,0,FDIC,2025-09-30,1100251.0,4,MO,1,0,63351
NM,1.0,8898,SAINT LOUIS,673.0,0.0,2022-08-31,0.0,675.0,135.0,2.0,1926-01-01,11,11,8,ST. LOUIS,8898_20250930,DIF,1934-01-01,0,ST. JOHNS BANK AND TRUST COMPANY,UNITY BANCSHARES L L C,10117.0,4,4,0,0,FDIC,2025-09-30,2630746.0,4,MO,0,1,63114
NM,1.0,889,SOPERTON,3786.0,0.0,2022-06-30,1.0,3787.0,775.0,0.0,1903-06-01,5,5,6,ALBANY GA,889_20250930,DIF,1934-01-01,0,GEORGIA FIRST BANK,SOPERTON BANCSHARES INC,10052.0,5,3,0,0,FDIC,2025-09-30,1250736.0,4,GA,1,0,30457
SM,1.0,88,ROGERS,19307.0,0.0,2024-12-16,12.0,20277.0,1400.0,958.0,1907-10-08,13,13,8,LITTLE ROCK,88_20250930,DIF,1934-01-01,0,GENERATIONS BANK,HARRELL BANCSHARES INC,27877.0,5,12,0,0,FED,2025-09-30,2352196.0,4,AR,0,0,72758
SM,1.0,8903,TROY,12388.0,0.0,2022-08-31,1.0,13445.0,750.0,1056.0,1924-03-10,11,11,8,ST. LOUIS,8903_20250930,DIF,1934-01-01,0,PEOPLES BANK & TRUST CO.,LINCOLN COUNTY BCORP INC,20841.0,4,10,0,0,FED,2025-09-30,1097173.0,4,MO,1,1,63379
NM,1.0,8904,MARYVILLE,11628.0,0.0,2007-05-25,546.0,12969.0,473.0,795.0,1868-12-12,11,11,10,KANSAS CITY,8904_20250930,DIF,1934-01-01,0,THE NODAWAY VALLEY BANK,NODAWAY VALLEY BANCSHARES INC,44858.0,4,10,0,0,FDIC,2025-09-30,1066414.0,4,MO,1,1,64468
NM,1.0,893,CARTHAGE,12123.0,0.0,2022-08-31,0.0,12123.0,458.0,0.0,1929-10-26,13,13,6,NASHVILLE,893_20250930,DIF,1934-01-01,0,CITIZENS BANK,Unknown,20070.0,5,7,0,0,FDIC,2025-09-30,0.0,4,TN,0,1,37030
NM,1.0,8941,FARGO,12823.0,0.0,2024-06-30,0.0,15055.0,329.0,2232.0,1927-09-05,11,11,9,FARGO,8941_20250930,DIF,1934-01-01,0,BANK FORWARD,BK FORWARD EMPLOYEE STK OWNERSHIP PLAN&TR,26656.0,3,12,0,0,FDIC,2025-09-30,4932798.0,2,ND,1,0,58104
NM,1.0,8942,FORMAN,4126.0,0.0,2024-06-30,34.0,4160.0,0.0,0.0,1900-01-01,11,11,9,FARGO,8942_20250930,DIF,1934-01-01,0,STOCK GROWERS BANK,NAPOLEON BCORP INC,6611.0,3,6,0,0,FDIC,2025-09-30,1127155.0,2,ND,1,0,58032
NM,1.0,8943,RUGBY,2645.0,0.0,2024-06-30,0.0,2755.0,200.0,110.0,1897-08-04,11,11,9,FARGO,8943_20250930,DIF,1934-01-01,0,MERCHANTS BANK,MERCHANTS HOLDING CO,7637.0,3,6,0,0,FDIC,2025-09-30,1142206.0,2,ND,0,0,58368
NM,1.0,8946,KINDRED,357.0,0.0,2024-06-30,0.0,357.0,42.0,0.0,1898-12-01,11,11,9,FARGO,8946_20250930,DIF,1934-01-01,0,KINDRED STATE BANK,Unknown,1113.0,3,1,0,0,FDIC,2025-09-30,0.0,2,ND,1,0,58051
NM,1.0,8975,BRISTOW,949.0,0.0,2022-08-31,0.0,949.0,95.0,0.0,1924-03-17,13,13,10,OKLAHOMA CITY,8975_20250930,DIF,1934-01-01,0,COMMUNITY BANK,SOONER SW BANKSHARES INC,4993.0,5,2,0,0,FDIC,2025-09-30,2411619.0,4,OK,0,0,74010
NM,1.0,8980,WEWOKA,3755.0,0.0,2022-11-04,45.0,4896.0,436.0,1096.0,1911-12-05,13,13,10,OKLAHOMA CITY,8980_20250930,DIF,1934-01-01,0,SECURITY STATE BANK OF OKLAHOMA,SECURITY BANCSHARES CORP,12896.0,5,4,0,0,FDIC,2025-09-30,4414838.0,8,OK,0,0,74884
NM,1.0,898,FOREST,3536.0,0.0,2022-08-31,8.0,3842.0,146.0,298.0,1900-03-27,13,13,6,JACKSON MS,898_20250930,DIF,1934-01-01,0,THE BANK OF FOREST,FIRST FOREST CORP,6673.0,5,3,0,0,FDIC,2025-09-30,1085518.0,4,MS,1,0,39074
NM,1.0,899,ARGENTA,657.0,0.0,2022-08-31,11.0,668.0,10.0,0.0,1887-10-01,9,9,7,CHAMPAIGN,899_20250930,DIF,1934-01-01,0,THE GERBER STATE BANK,GERBER BANCSHARES INC,2098.0,3,2,0,0,FDIC,2025-09-30,3420702.0,2,IL,1,1,62501
SM,1.0,89,FAYETTEVILLE,25942.0,0.0,2023-02-24,43.0,26964.0,1845.0,979.0,1933-08-18,13,13,8,LITTLE ROCK,89_20250930,DIF,1934-01-01,0,SIGNATURE BANK OF ARKANSAS,WHITE RIVER BANCSHARES CO,36747.0,5,11,0,0,FED,2025-09-30,3306589.0,4,AR,0,1,72703
NM,1.0,90040,GRAND JUNCTION,2654.0,0.0,2022-08-31,0.0,2701.0,-665.0,47.0,1960-12-16,13,13,10,DENVER,90040_20250930,DIF,1987-09-28,0,HOME LOAN STATE BANK,Unknown,4818.0,4,2,0,0,FDIC,2025-09-30,0.0,4,CO,0,0,81501
NM,1.0,9005,ROSCOE,1839.0,0.0,2024-06-30,0.0,1839.0,0.0,0.0,1903-05-23,11,11,9,SIOUX FALLS,9005_20250930,DIF,1934-01-01,0,FIRST STATE BANK OF ROSCOE,ROSCOE CMTY BANKSHARES INC,3418.0,4,3,0,0,FDIC,2025-09-30,2619059.0,2,SD,1,0,57471
NM,1.0,9007,REDFIELD,1206.0,0.0,2024-06-30,11.0,1612.0,0.0,395.0,1909-01-01,11,11,9,SIOUX FALLS,9007_20250930,DIF,1934-01-01,0,HEARTLAND STATE BANK,WESSINGTON BANKSHARES INC,5258.0,4,4,0,0,FDIC,2025-09-30,1123018.0,2,SD,1,0,57469
SI,1.0,90140,ADAMS,11672.0,0.0,2022-08-31,0.0,15723.0,158.0,4051.0,1869-05-01,2,2,1,WINDSOR,90140_20250930,DIF,1985-07-24,0,ADAMS COMMUNITY BANK,COMMUNITY BCORP BERKSHIRES MHC,18584.0,1,10,0,0,FDIC,2025-09-30,5626937.0,5,MA,0,1,01220
SI,1.0,90141,AMESBURY,22507.0,0.0,2024-11-17,0.0,23871.0,-808.0,1364.0,1828-01-01,2,2,1,NORTH BOSTON,90141_20250930,DIF,1985-07-01,0,BANKPROV,PROVIDENT BCORP INC,39319.0,1,7,0,0,FDIC,2025-09-30,4298711.0,4,MA,0,0,01913
SI,1.0,90146,ATHOL,7080.0,0.0,2022-08-31,0.0,8750.0,40.0,1670.0,1867-02-12,2,2,1,WINDSOR,90146_20250930,DIF,1985-09-10,1,ATHOL SAVINGS BANK,Unknown,12004.0,1,5,0,0,FDIC,2025-09-30,0.0,5,MA,0,0,01331
SM,1.0,90169,RAYNHAM,21741.0,0.0,2024-11-17,0.0,27970.0,558.0,6229.0,1872-03-19,2,2,1,SOUTH BOSTON,90169_20250930,DIF,1985-06-20,0,BLUESTONE BANK,BLUESTONE FINANCIAL MHC,27344.0,1,12,0,0,FED,2025-09-30,3134102.0,4,MA,0,1,02767
SM,1.0,90173,CAMBRIDGE,20813.0,0.0,2024-11-17,0.0,26531.0,192.0,5718.0,1854-04-02,2,2,1,NORTH BOSTON,90173_20250930,DIF,1985-06-18,1,EAST CAMBRIDGE SAVINGS BANK,1854 BCORP,27447.0,1,12,0,0,FED,2025-09-30,4459820.0,4,MA,0,0,02141
SI,1.0,90175,CANTON,7535.0,0.0,2024-11-17,0.0,7539.0,60.0,4.0,1835-03-04,2,2,1,SOUTH BOSTON,90175_20250930,DIF,1985-10-11,0,THE BANK OF CANTON,PONKAPOAG BCORP MHC,20496.0,1,6,0,0,FDIC,2025-09-30,3223855.0,4,MA,0,1,02021
SI,1.0,90181,CLINTON,7855.0,0.0,2022-08-31,0.0,10588.0,4663.0,2733.0,1851-05-15,2,2,1,WINDSOR,90181_20250930,DIF,1985-11-20,0,CLINTON SAVINGS BANK,CLINTON FINANCIAL SERVICES MHC,13892.0,1,9,0,0,FDIC,2025-09-30,3195756.0,4,MA,0,0,01510
NM,0.0,90183,NATICK,89617.0,0.0,2024-11-17,986.0,91085.0,982.0,482.0,1835-03-05,2,2,1,SOUTH BOSTON,90183_20250930,DIF,1985-11-08,0,MIDDLESEX SAVINGS BANK,MIDDLESEX BCORP MHC,98361.0,1,35,0,0,FDIC,2025-09-30,3932072.0,4,MA,0,0,01760
SM,0.0,90188,EASTHAMPTON,29704.0,0.0,2024-01-29,0.0,32028.0,4031.0,2324.0,1869-02-10,2,2,1,WINDSOR,90188_20250930,DIF,1985-09-05,0,BANKESB,HOMETOWN FINANCIAL GROUP MHC,41485.0,1,11,0,0,FED,2025-09-30,3728930.0,4,MA,0,0,01027
SM,1.0,90190,EDGARTOWN,11572.0,0.0,2024-11-17,0.0,15473.0,-81.0,3901.0,1955-04-15,2,2,1,SOUTH BOSTON,90190_20250930,DIF,1985-11-04,0,MARTHA'S VINEYARD BANK,VINEYARD BCORP MHC,25437.0,1,10,0,0,FED,2025-09-30,5557826.0,5,MA,0,1,02539
SI,1.0,90191,EVERETT,9120.0,0.0,2025-02-15,0.0,9708.0,94.0,588.0,1889-03-01,2,2,1,NORTH BOSTON,90191_20250930,DIF,1985-07-01,0,EAGLE BANK,EAGLE BCORP MHC,14620.0,1,6,0,0,FDIC,2025-09-30,5952551.0,4,MA,0,1,02149
SI,1.0,90196,SWANSEA,38793.0,0.0,2024-11-17,0.0,46115.0,4410.0,7322.0,1851-11-15,2,2,1,SOUTH BOSTON,90196_20250930,DIF,1985-06-18,0,BAYCOAST BANK,NARRAGANSETT FINANCIAL CORP,60953.0,1,25,0,0,FDIC,2025-09-30,2623430.0,4,MA,0,1,02777
SI,1.0,90203,GLOUCESTER,12504.0,0.0,2024-11-17,0.0,13415.0,120.0,911.0,1846-04-15,2,2,1,NORTH BOSTON,90203_20250930,DIF,1985-10-22,1,CAPE ANN SAVINGS BANK,Unknown,17070.0,1,4,0,0,FDIC,2025-09-30,0.0,5,MA,0,1,01930
SI,1.0,90206,GREENFIELD,15724.0,0.0,2022-08-31,0.0,17091.0,778.0,1367.0,1869-03-19,2,2,1,WINDSOR,90206_20250930,DIF,1985-11-04,0,GREENFIELD SAVINGS BANK,GSB MHC,27521.0,1,8,0,0,FDIC,2025-09-30,3309889.0,4,MA,0,1,01301
SI,1.0,90208,HAVERHILL,14539.0,0.0,2024-11-17,0.0,17778.0,1095.0,3239.0,1891-01-01,2,2,1,NORTH BOSTON,90208_20250930,DIF,1985-10-08,0,PENTUCKET BANK,RIVER RUN BCORP MHC,19448.0,1,6,0,0,FDIC,2025-09-30,4267472.0,4,MA,0,0,01830
SI,0.0,90211,HINGHAM,54048.0,0.0,2024-11-17,0.0,100522.0,1025.0,46474.0,1834-04-02,2,2,1,SOUTH BOSTON,90211_20250930,DIF,1985-07-01,0,HINGHAM INSTITUTION FOR SAVINGS,Unknown,53495.0,1,9,0,0,FDIC,2025-09-30,0.0,4,MA,0,0,02043
SI,0.0,90213,HOLYOKE,63038.0,0.0,2022-08-31,456.0,72263.0,7042.0,8769.0,1885-03-17,2,2,1,WINDSOR,90213_20250930,DIF,1985-07-01,0,PEOPLESBANK,PEOPLESBANCORP MHC,84819.0,1,20,0,0,FDIC,2025-09-30,3186585.0,4,MA,0,1,01040
SI,1.0,90215,HUDSON,22130.0,0.0,2024-11-17,0.0,32511.0,20226.0,10381.0,1869-02-26,2,2,1,NORTH BOSTON,90215_20250930,DIF,1985-11-27,0,AVIDIA BANK,AVIDIA BCORP INC,64453.0,1,10,0,0,FDIC,2025-09-30,6031006.0,4,MA,0,0,01749
SI,1.0,90227,TEWKSBURY,24141.0,0.0,2024-11-17,0.0,24206.0,3858.0,65.0,1854-04-12,2,2,1,NORTH BOSTON,90227_20250930,DIF,1985-07-01,0,THE LOWELL FIVE CENT SAVINGS BANK,LOWELL FIVE BCORP MHC,43278.0,1,15,0,0,FDIC,2025-09-30,4268349.0,4,MA,0,1,01876
SM,1.0,90229,LOWELL,3310.0,0.0,2024-11-17,0.0,4486.0,34.0,1176.0,1892-04-06,2,2,1,NORTH BOSTON,90229_20250930,DIF,1985-10-10,1,WASHINGTON SAVINGS BANK,Unknown,4916.0,1,2,0,0,FED,2025-09-30,0.0,4,MA,0,1,01852
SM,1.0,90234,MARBLEHEAD,1579.0,0.0,2024-11-17,0.0,1579.0,89.0,0.0,1871-03-18,2,2,1,NORTH BOSTON,90234_20250930,DIF,1985-09-17,1,MARBLEHEAD BANK,Unknown,7221.0,1,3,0,0,FED,2025-09-30,0.0,5,MA,0,0,01945
SI,1.0,90235,MARLBOROUGH,24407.0,0.0,2024-11-17,0.0,28174.0,-2676.0,3767.0,1860-04-03,2,2,1,NORTH BOSTON,90235_20250930,DIF,1985-11-15,0,MAIN STREET BANK,MAIN STREET GROUP BANCSHARES MHC,33133.0,1,6,0,0,FDIC,2025-09-30,3469354.0,4,MA,0,0,01752
NM,1.0,9023,CHARLES TOWN,10146.0,0.0,2024-01-02,8.0,11088.0,675.0,934.0,1870-02-20,5,5,5,SCOTT DEPOT,9023_20250930,DIF,1934-01-01,0,BANK OF CHARLES TOWN,POTOMAC BANCSHARES INC,23480.0,1,9,0,0,FDIC,2025-09-30,2234920.0,4,WV,0,1,25414
SI,1.0,90245,MONSON,9230.0,0.0,2022-08-31,0.0,9230.0,326.0,0.0,1872-03-27,2,2,1,WINDSOR,90245_20250930,DIF,1985-07-01,0,MONSON SAVINGS BANK,MONSON FINANCIAL SERVICES MHC,17310.0,1,6,0,0,FDIC,2025-09-30,3370508.0,4,MA,0,0,01057
NM,1.0,9024,GRANTSVILLE,1692.0,0.0,2024-01-02,0.0,1692.0,0.0,0.0,1900-01-01,5,5,5,SCOTT DEPOT,9024_20250930,DIF,1934-01-01,0,"CALHOUN COUNTY BANK, INC.",CALHOUN BANKSHARES INC,5858.0,1,4,0,0,FDIC,2025-09-30,1357046.0,5,WV,0,0,26147
SI,1.0,90250,NEWBURYPORT,70700.0,0.0,2024-11-17,10.0,110022.0,0.0,39312.0,1820-01-01,2,2,1,NORTH BOSTON,90250_20250930,DIF,1985-08-13,0,INSTITUTION FOR SAVINGS IN NEWBURYPORT AND ITS VICINITY,IFS 1820 BCORP MHC,43050.0,1,13,0,0,FDIC,2025-09-30,5806739.0,5,MA,0,0,01950
SI,1.0,90251,NEWBURYPORT,26891.0,0.0,2024-11-17,0.0,30247.0,4425.0,3356.0,1854-04-01,2,2,1,NORTH BOSTON,90251_20250930,DIF,1985-07-01,0,NEWBURYPORT FIVE CENTS SAVINGS BANK,RIVER RUN BCORP MHC,30900.0,1,12,0,0,FDIC,2025-09-30,4267472.0,4,MA,0,0,01950
SI,1.0,90253,NORTH ADAMS,12682.0,0.0,2022-08-31,0.0,14322.0,797.0,1640.0,1848-01-01,2,2,1,WINDSOR,90253_20250930,DIF,1985-07-19,0,MOUNTAINONE BANK,MOUNTAINONE FINANCIAL MHC,24936.0,1,6,0,0,FDIC,2025-09-30,2634212.0,4,MA,0,1,01247
SM,1.0,90258,NORTH BROOKFIELD,4883.0,0.0,2022-08-31,0.0,5490.0,188.0,607.0,1854-08-03,2,2,1,WINDSOR,90258_20250930,DIF,1985-11-08,0,NORTH BROOKFIELD SAVINGS BANK,TRUNORTH BCORP MHC,8378.0,1,7,0,0,FED,2025-09-30,5616189.0,4,MA,0,0,01535
SI,1.0,90259,SOUTH EASTON,23076.0,0.0,2024-11-17,0.0,23428.0,-155.0,352.0,1864-02-08,2,2,1,SOUTH BOSTON,90259_20250930,DIF,1985-09-06,0,NORTH EASTON SAVINGS BANK,1864 BCORP MHC,34648.0,1,14,0,0,FDIC,2025-09-30,5887019.0,4,MA,0,0,02375
SI,1.0,90268,PROVINCETOWN,5467.0,0.0,2024-11-17,0.0,5467.0,50.0,0.0,1851-04-14,2,2,1,SOUTH BOSTON,90268_20250930,DIF,1985-07-01,1,SEAMEN'S BANK,Unknown,12256.0,1,5,0,0,FDIC,2025-09-30,0.0,8,MA,0,0,02657
SM,0.0,90282,SPENCER,21483.0,0.0,2022-08-31,0.0,27718.0,-805.0,6235.0,1871-04-05,2,2,1,WINDSOR,90282_20250930,DIF,1985-07-08,0,CORNERSTONE BANK,PEOPLESBANCORP MHC,29357.0,1,12,0,0,FED,2025-09-30,3186585.0,4,MA,0,0,01562
NM,0.0,90290,WHITINSVILLE,28251.0,0.0,2023-09-30,4772.0,33463.0,2325.0,440.0,1870-06-03,2,2,1,WINDSOR,90290_20250930,DIF,1985-09-10,0,UNIBANK FOR SAVINGS,UFS BCORP,57700.0,1,15,0,0,FDIC,2025-09-30,2465519.0,6,MA,0,0,01588
SI,1.0,90291,WAKEFIELD,11611.0,0.0,2024-11-17,0.0,12324.0,1944.0,713.0,1869-05-26,2,2,1,NORTH BOSTON,90291_20250930,DIF,1985-08-05,0,THE SAVINGS BANK,WAKEFIELD BCORP MHC,15021.0,1,9,0,0,FDIC,2025-09-30,4466912.0,5,MA,0,1,01880
SI,1.0,90297,WEBSTER,13227.0,0.0,2022-08-31,0.0,17955.0,640.0,4728.0,1868-03-15,2,2,1,WINDSOR,90297_20250930,DIF,1985-08-02,0,WEBSTER FIVE CENTS SAVINGS BANK,WEBFIVE MHC,31603.0,1,7,0,0,FDIC,2025-09-30,3803033.0,4,MA,0,0,01570
NM,1.0,902,BYRON,5826.0,0.0,2022-08-31,10.0,5900.0,180.0,64.0,1932-07-01,9,9,7,PRINCETON,902_20250930,DIF,1934-01-01,0,BYRON BANK,BYRON BANCSHARES INC,8138.0,3,4,0,0,FDIC,2025-09-30,1203107.0,4,IL,1,0,61010
SB,1.0,90300,WESTFIELD,32216.0,0.0,2022-08-31,0.0,36052.0,820.0,3836.0,1853-04-15,2,2,1,WINDSOR,90300_20250930,DIF,1989-08-09,0,WESTFIELD BANK,WESTERN NEW ENGLAND BCORP INC,52024.0,1,27,0,0,OCC,2025-09-30,3866382.0,4,MA,0,0,01085
SM,1.0,90303,SOUTH WEYMOUTH,35147.0,0.0,2024-11-17,0.0,35966.0,150.0,819.0,1833-02-01,2,2,1,SOUTH BOSTON,90303_20250930,DIF,1985-11-19,0,SOUTH SHORE BANK,CHARLESBRIDGE MHC,47282.0,1,13,0,0,FED,2025-09-30,5164989.0,4,MA,0,0,02190
SI,1.0,90308,WINCHESTER,13836.0,0.0,2025-04-30,0.0,18449.0,346.0,4613.0,1871-07-01,2,2,1,NORTH BOSTON,90308_20250930,DIF,1986-03-14,0,WINCHESTER SAVINGS BANK,WINCHESTER BCORP MHC,15376.0,1,5,0,0,FDIC,2025-09-30,6006899.0,4,MA,0,0,01890
NM,1.0,9030,LOST CREEK,1082.0,0.0,2024-01-02,0.0,1082.0,75.0,0.0,1911-02-01,5,5,5,SCOTT DEPOT,9030_20250930,DIF,1934-01-01,0,THE HARRISON COUNTY BANK,HARRISON BANKSHARES INC,3739.0,1,4,0,0,FDIC,2025-09-30,1249178.0,8,WV,0,1,26385
SI,1.0,90311,WORCESTER,7617.0,0.0,2025-07-01,0.0,7617.0,0.0,0.0,1895-03-09,2,2,1,SOUTH BOSTON,90311_20250930,DIF,1985-11-20,0,BAY STATE SAVINGS BANK,1895 MHC,11432.0,1,8,0,0,FDIC,2025-09-30,3535437.0,4,MA,0,0,01608
NM,1.0,9035,LAND O' LAKES,1761.0,0.0,2021-08-29,0.0,1761.0,75.0,0.0,1921-09-01,9,9,9,APPLETON,9035_20250930,DIF,1934-01-01,0,HEADWATERS STATE BANK,LAKE SHORE III CORP,2594.0,3,2,0,0,FDIC,2025-09-30,4465559.0,4,WI,0,0,54540
NM,1.0,9036,IRON RIVER,1061.0,0.0,2021-08-29,0.0,1099.0,90.0,38.0,1911-06-06,9,9,9,EAU CLAIRE,9036_20250930,DIF,1934-01-01,0,SECURITY STATE BANK,SECURITY BANK SHARES INC,4708.0,3,3,0,0,FDIC,2025-09-30,1128497.0,4,WI,0,0,54847
NM,1.0,9037,PLATTEVILLE,6354.0,0.0,2022-08-31,1.0,6508.0,19.0,153.0,1915-02-15,9,9,7,MADISON,9037_20250930,DIF,1934-01-01,0,MOUND CITY BANK,MOUND CTY FINL SERVICES INC,11776.0,3,6,0,0,FDIC,2025-09-30,2510428.0,2,WI,0,1,53818
SM,1.0,90384,LANDISBURG,4697.0,0.0,2022-08-31,0.0,4697.0,0.0,0.0,1903-10-19,2,2,3,HARRISBURG,90384_20250930,DIF,1992-04-17,0,THE BANK OF LANDISBURG,Unknown,10349.0,1,4,0,0,FED,2025-09-30,0.0,5,PA,0,0,17040
NM,1.0,903,CHICAGO,11823.0,0.0,2022-08-31,0.0,12735.0,941.0,912.0,1922-06-30,9,9,7,CHICAGO,903_20250930,DIF,1934-01-01,0,AMALGAMATED BANK OF CHICAGO,AMALGAMATED INVESTMENTS CO,31056.0,3,2,0,0,FDIC,2025-09-30,1020676.0,4,IL,0,1,60602
NM,1.0,9047,MONTICELLO,9805.0,0.0,2024-06-30,28.0,10246.0,854.0,413.0,1931-03-11,11,11,7,CEDAR RAPIDS,9047_20250930,DIF,1934-01-01,0,CITIZENS STATE BANK,HERKY HAWK FINANCIAL CORP,9797.0,4,8,0,0,FDIC,2025-09-30,1245741.0,2,IA,1,1,52310
NM,1.0,9057,MOUNDVILLE,1705.0,0.0,2022-08-31,0.0,1705.0,46.0,0.0,1907-09-17,5,5,6,SHELBY,9057_20250930,DIF,1934-01-01,0,BANK OF MOUNDVILLE,MOUNDVILLE BANCSHARES INC,2477.0,5,1,0,0,FDIC,2025-09-30,2317690.0,8,AL,0,0,35474
NM,1.0,9064,CORDELE,3469.0,0.0,2022-08-31,0.0,3523.0,860.0,54.0,1896-01-01,5,5,6,ALBANY GA,9064_20250930,DIF,1934-01-01,0,PLANTERS FIRST BANK,PLANTERS FIRST BCORP,14243.0,5,7,0,0,FDIC,2025-09-30,1081136.0,4,GA,1,1,31015
NM,1.0,9068,DUDLEY,5447.0,0.0,2022-08-31,0.0,5447.0,565.0,0.0,1905-11-01,5,5,6,ALBANY GA,9068_20250930,DIF,1934-01-01,0,BANK OF DUDLEY,HOGAN INVESTMENTS I INC,14523.0,5,7,0,0,FDIC,2025-09-30,2631435.0,4,GA,0,0,31022
NM,1.0,9069,EATONTON,4680.0,0.0,2022-08-31,0.0,4809.0,229.0,129.0,1922-11-15,5,5,6,ATLANTA,9069_20250930,DIF,1934-01-01,0,FARMERS & MERCHANTS BANK,PUTNAM-GREENE FINANCIAL CORP,6271.0,5,2,0,0,FDIC,2025-09-30,1246252.0,4,GA,0,0,31024
NM,1.0,9070,MOLENA,702.0,0.0,2022-08-31,0.0,702.0,90.0,0.0,1899-01-01,5,5,6,ATLANTA,9070_20250930,DIF,1934-01-01,0,FIRST BANK OF PIKE,Unknown,3330.0,5,4,0,0,FDIC,2025-09-30,0.0,4,GA,0,0,30258
NM,1.0,9079,HARVARD,4155.0,0.0,2022-08-31,0.0,4477.0,60.0,322.0,1866-08-01,9,9,7,CHICAGO,9079_20250930,DIF,1934-01-01,0,THE HARVARD STATE BANK,HARVARD BANCSHARES INC,6449.0,3,5,0,0,FDIC,2025-09-30,1209604.0,4,IL,1,0,60033
NM,1.0,9080,ROCHELLE,3087.0,0.0,2022-08-31,1.0,3977.0,0.0,889.0,1892-07-05,9,9,7,PRINCETON,9080_20250930,DIF,1934-01-01,0,HOLCOMB BANK,HOLCOMB BCORP INC,7742.0,3,4,0,0,FDIC,2025-09-30,1245563.0,4,IL,1,0,61068
SM,0.0,9087,SOUTH BEND,118606.0,0.0,2022-08-31,680.0,120187.0,11851.0,901.0,1922-01-01,9,9,7,INDIANAPOLIS,9087_20250930,DIF,1934-01-01,0,1ST SOURCE BANK,1ST SOURCE CORP,261221.0,3,81,0,0,FED,2025-09-30,1199602.0,4,IN,0,1,46601
NM,1.0,9096,ATKINS,2783.0,0.0,2024-06-30,3.0,3077.0,284.0,291.0,1915-04-15,11,11,7,CEDAR RAPIDS,9096_20250930,DIF,1934-01-01,0,ATKINS SAVINGS BANK & TRUST,Unknown,3171.0,4,1,0,0,FDIC,2025-09-30,0.0,2,IA,0,1,52206
NM,1.0,9099,OTTUMWA,5245.0,0.0,2024-06-30,14.0,5581.0,240.0,322.0,1903-01-01,11,11,7,DES MOINES,9099_20250930,DIF,1934-01-01,0,SOUTH OTTUMWA SAVINGS BANK,CORNERSTONE FINL SERVICES GROUP,11691.0,4,6,0,0,FDIC,2025-09-30,1142372.0,8,IA,1,1,52501
SM,1.0,90,MONTICELLO,5905.0,0.0,2024-06-24,0.0,6117.0,740.0,212.0,1913-01-01,13,13,8,LITTLE ROCK,90_20250930,DIF,1934-01-01,0,COMMERCIAL BANK & TRUST COMPANY,DREW BANCSHARES INC,7302.0,5,8,0,0,FED,2025-09-30,1098198.0,4,AR,1,1,71655
NM,1.0,91005,COLORADO SPRINGS,6113.0,0.0,2022-08-31,0.0,6113.0,1817.0,0.0,1980-06-10,13,13,10,DENVER,91005_20250930,DIF,1985-11-05,0,5STAR BANK,LITTLE LONDON BCORP,13888.0,4,6,0,0,FDIC,2025-09-30,4754758.0,4,CO,0,0,80903
NM,1.0,9100,PILOT GROVE,15560.0,0.0,2024-07-12,5.0,15878.0,750.0,313.0,1911-01-01,11,11,7,CEDAR RAPIDS,9100_20250930,DIF,1934-01-01,0,PILOT GROVE SAVINGS BANK,PILOT GROVE SB EMPLOYEE STK OWNERSHIP PLAN,27074.0,4,17,0,0,FDIC,2025-09-30,1881532.0,2,IA,1,1,52648
NM,1.0,9105,WEST BEND,1576.0,0.0,2025-06-24,15.0,1822.0,0.0,231.0,1926-01-01,11,11,7,DES MOINES,9105_20250930,DIF,1934-01-01,0,WEST IOWA BANK,WEST BEND BCORP,4081.0,4,5,0,0,FDIC,2025-09-30,1916760.0,2,IA,0,1,50597
NM,1.0,9106,YALE,942.0,0.0,2024-06-30,0.0,943.0,43.0,1.0,1921-03-21,11,11,7,DES MOINES,9106_20250930,DIF,1934-01-01,0,FARMERS STATE BANK,YALE BCORP,1681.0,4,1,0,0,FDIC,2025-09-30,1491810.0,2,IA,1,1,50277
NM,1.0,9120,ROLETTE,533.0,0.0,2024-06-30,0.0,534.0,25.0,1.0,1928-01-01,11,11,9,FARGO,9120_20250930,DIF,1934-01-01,0,ROLETTE STATE BANK,Unknown,1608.0,3,1,0,0,FDIC,2025-09-30,0.0,2,ND,1,0,58366
NM,1.0,9121,BOTTINEAU,1605.0,0.0,2024-06-30,0.0,1812.0,95.0,207.0,1901-10-21,11,11,9,FARGO,9121_20250930,DIF,1934-01-01,0,STATE BANK OF BOTTINEAU,STATE BK BOTTINEAU HOLDING CO,3298.0,3,1,0,0,FDIC,2025-09-30,1127436.0,2,ND,1,0,58318
NM,1.0,9123,DEVILS LAKE,41803.0,0.0,2024-06-30,1.0,42125.0,9540.0,321.0,1902-10-01,11,11,9,FARGO,9123_20250930,DIF,1934-01-01,0,WESTERN STATE BANK,WESTERN ST AGENCY EMPLOYEE STK OWNERSHIP PLAN&TR,89103.0,3,10,0,0,FDIC,2025-09-30,4247081.0,4,ND,0,0,58301
SM,1.0,91280,LITTLE ROCK,3793.0,0.0,2022-08-31,0.0,3816.0,0.0,23.0,1927-10-21,13,13,8,LITTLE ROCK,91280_20250930,DIF,1987-12-21,0,BANK OF LITTLE ROCK,LITTLE ROCK BANKSHARES INC,6021.0,5,5,0,0,FED,2025-09-30,2617082.0,4,AR,0,0,72201
N,0.0,91325,ATLANTA,12.0,0.0,2022-08-31,0.0,12.0,373.0,0.0,1969-05-14,5,9,6,ATLANTA,91325_20250930,DIF,2000-05-05,0,CIBC NATIONAL TRUST COMPANY,CANADIAN IMPERIAL BK OF COM,2038.0,5,15,0,0,OCC,2025-09-30,1231342.0,7,GA,0,1,30327
NM,1.0,9137,OSGOOD,6132.0,0.0,2022-08-31,0.0,6779.0,150.0,647.0,1915-01-01,9,9,4,COLUMBUS,9137_20250930,DIF,1934-01-01,0,OSGOOD BANK,OSB BCORP INC,12524.0,3,6,0,0,FDIC,2025-09-30,2582452.0,4,OH,0,0,45351
SM,1.0,9139,MILLERSBURG,10757.0,0.0,2022-08-31,186.0,10959.0,1517.0,16.0,1879-01-01,9,9,4,COLUMBUS,9139_20250930,DIF,1934-01-01,0,"THE COMMERCIAL AND SAVINGS BANK OF MILLERSBURG, OHIO",CSB BCORP INC,30956.0,3,16,0,0,FED,2025-09-30,1967865.0,4,OH,0,1,44654
SM,0.0,913,CHICAGO,944254.0,1207606.0,2022-08-31,2032896.0,4747293.0,487.0,562537.0,1889-01-01,9,16,7,CHICAGO,913_20250930,DIF,1934-01-01,0,THE NORTHERN TRUST COMPANY,NORTHERN TRUST CORP,1747992.0,3,65,0,0,FED,2025-09-30,1199611.0,1,IL,0,1,60603
NM,1.0,9155,GREENWOOD,4600.0,0.0,2022-08-31,624.0,5225.0,0.0,1.0,1933-06-05,5,5,5,COLUMBIA SC,9155_20250930,DIF,1934-01-01,0,COUNTYBANK,TCB CORP,18516.0,1,13,0,0,FDIC,2025-09-30,3147625.0,4,SC,1,1,29646
SM,1.0,9168,WAYNESBORO,10337.0,0.0,2025-06-13,0.0,10524.0,574.0,187.0,1914-02-14,13,13,6,NASHVILLE,9168_20250930,DIF,1934-01-01,0,WAYNE COUNTY BANK,WAYNE COUNTY BANCSHARES INC,16403.0,5,8,0,0,FED,2025-09-30,1084829.0,4,TN,0,1,38485
NM,1.0,9172,PARIS,24316.0,0.0,2025-06-20,14.0,26172.0,0.0,1842.0,1905-01-01,13,13,8,NASHVILLE,9172_20250930,DIF,1934-01-01,0,SECURITY BANK AND TRUST COMPANY,SECURITY BANCSHARES INC,35142.0,5,16,0,0,FDIC,2025-09-30,5473421.0,4,TN,0,0,38242
NM,1.0,9176,CAMDEN,16986.0,0.0,2025-05-23,0.0,19717.0,-2.0,2731.0,1931-02-27,13,13,8,NASHVILLE,9176_20250930,DIF,1934-01-01,0,APEX BANK,APEX BCORP INC,51149.0,5,22,0,0,FDIC,2025-09-30,5009389.0,5,TN,0,1,38320
NM,1.0,9179,LIVINGSTON,626.0,0.0,2022-08-31,0.0,626.0,408.0,0.0,1932-01-01,13,13,6,NASHVILLE,9179_20250930,DIF,1934-01-01,0,UNION BANK & TRUST COMPANY,OVERTON FINANCIAL SERVICES INC,3781.0,5,1,0,0,FDIC,2025-09-30,2854092.0,5,TN,1,0,38570
NM,1.0,9189,BRIGHTON,1047.0,0.0,2022-08-31,0.0,1049.0,0.0,2.0,1910-10-10,13,13,8,NASHVILLE,9189_20250930,DIF,1934-01-01,0,BRIGHTON BANK,BRIGHTON BCORP INC,1331.0,5,2,0,0,FDIC,2025-09-30,1140248.0,8,TN,0,0,38011
NM,1.0,9196,SELMER,1627.0,0.0,2022-08-31,3.0,1746.0,100.0,116.0,1915-03-15,13,13,8,NASHVILLE,9196_20250930,DIF,1934-01-01,0,HOME BANKING COMPANY,HOME BANCSHARES INC,2970.0,5,5,0,0,FDIC,2025-09-30,2525048.0,8,TN,0,0,38375
NM,1.0,9204,PROVO,22863.0,0.0,2022-08-31,154.0,25161.0,4025.0,2144.0,1891-10-17,14,14,12,SALT LAKE CITY,9204_20250930,DIF,1934-01-01,0,CENTRAL BANK,CENTRAL BCORP,71641.0,4,12,0,0,FDIC,2025-09-30,1025662.0,4,UT,0,1,84601
NM,1.0,9244,GLENNVILLE,4974.0,0.0,2022-08-31,0.0,4974.0,45.0,0.0,1905-01-18,5,5,6,ALBANY GA,9244_20250930,DIF,1934-01-01,0,GLENNVILLE BANK,GB BANK GROUP INC,12092.0,5,7,0,0,FDIC,2025-09-30,3348897.0,8,GA,0,0,30427
NM,1.0,9245,LA FAYETTE,4594.0,0.0,2022-08-31,17.0,4761.0,0.0,150.0,1899-07-18,5,5,6,ATLANTA,9245_20250930,DIF,1934-01-01,0,"THE BANK OF LAFAYETTE, GEORGIA",LAFAYETTE BANKSHARES INC,8551.0,5,3,0,0,FDIC,2025-09-30,1085965.0,8,GA,0,0,30728
NM,1.0,9259,HOFFMAN,1626.0,0.0,2022-08-31,32.0,2303.0,70.0,645.0,1911-01-01,9,9,8,MOUNT VERNON,9259_20250930,DIF,1933-12-16,0,FARMERS STATE BANK OF HOFFMAN,FARMERS STATE BCORP INC,4279.0,3,3,0,0,FDIC,2025-09-30,1491520.0,2,IL,0,0,62250
SM,1.0,925,GENEVA,1282.0,0.0,2022-08-31,0.0,1380.0,0.0,98.0,1903-01-01,9,9,7,CHICAGO,925_20250930,DIF,1934-01-01,0,THE STATE BANK OF GENEVA,GENEVA BANCSHARES INC,2817.0,3,1,0,0,FED,2025-09-30,1136924.0,4,IL,1,1,60134
N,1.0,9263,STILLMAN VALLEY,6821.0,0.0,2022-08-31,98.0,7060.0,405.0,141.0,1882-06-09,9,9,7,PRINCETON,9263_20250930,DIF,1933-12-16,0,STILLMAN BANCCORP N.A.,STILLMAN BANCCORP INC,10665.0,3,6,0,0,OCC,2025-09-30,1210646.0,4,IL,1,1,61084
SM,1.0,9265,RUSHVILLE,863.0,0.0,2022-08-31,0.0,863.0,0.0,0.0,1890-01-01,9,9,7,SPRINGFIELD IL,9265_20250930,DIF,1933-12-16,0,RUSHVILLE STATE BANK,RUSHVILLE BANCSHARES INC,2924.0,3,1,0,0,FED,2025-09-30,1208652.0,2,IL,1,1,62681
N,1.0,926,KEWANEE,7133.0,0.0,2022-08-31,0.0,7308.0,578.0,175.0,1928-03-01,9,9,7,PRINCETON,926_20250930,DIF,1934-01-01,0,PEOPLES NATIONAL BANK OF KEWANEE,PEOPLES FINL CORP OF IL INC,11267.0,3,10,0,0,OCC,2025-09-30,1491801.0,7,IL,0,0,61443
NM,1.0,9273,VILLA GROVE,858.0,0.0,2022-08-31,12.0,870.0,36.0,0.0,1919-10-19,9,9,7,CHAMPAIGN,9273_20250930,DIF,1933-12-16,0,VILLA GROVE STATE BANK,VILLA GROVE BANCSHARES INC,2322.0,3,2,0,0,FDIC,2025-09-30,1203237.0,8,IL,1,0,61956
NM,0.0,9274,WARSAW,525.0,0.0,2022-08-31,0.0,525.0,0.0,0.0,1864-01-01,9,11,7,SPRINGFIELD IL,9274_20250930,DIF,1934-01-01,0,THE HILL-DODGE BANKING COMPANY,R DEAN PHILLIPS BK TR DATED 11-19-2004,1594.0,3,1,0,0,FDIC,2025-09-30,5558681.0,2,IL,1,1,62379
SM,1.0,9288,BERNE,14526.0,0.0,2022-08-31,179.0,15745.0,40.0,1040.0,1891-10-21,9,9,7,INDIANAPOLIS,9288_20250930,DIF,1934-01-01,0,FIRST BANK OF BERNE,FIRST BERNE FINANCIAL CORP,25889.0,3,7,0,0,FED,2025-09-30,1133008.0,2,IN,1,1,46711
SM,1.0,9295,LAKE VIEW,358.0,0.0,2024-06-30,0.0,358.0,0.0,0.0,1914-01-01,11,11,7,SIOUX CITY,9295_20250930,DIF,1934-01-01,0,FARMERS STATE BANK,JEMS INC,880.0,4,1,0,0,FED,2025-09-30,1201756.0,7,IA,0,0,51450
SM,1.0,9298,MANCHESTER,6868.0,0.0,2024-06-30,4.0,7132.0,4395.0,260.0,1925-07-20,11,11,7,CEDAR RAPIDS,9298_20250930,DIF,1934-01-01,0,FARMERS & MERCHANTS SAVINGS BANK,DUNN INVESTMENT CO,17944.0,4,7,0,0,FED,2025-09-30,2558484.0,4,IA,1,1,52057
NM,1.0,9299,STORY CITY,3386.0,0.0,2024-06-30,342.0,4040.0,238.0,312.0,1928-01-28,11,11,7,DES MOINES,9299_20250930,DIF,1934-01-01,0,RELIANCE STATE BANK,AMES NATIONAL CORP,5778.0,4,2,0,0,FDIC,2025-09-30,1202258.0,2,IA,0,1,50248
NM,1.0,9300,READLYN,1813.0,0.0,2024-06-30,0.0,2048.0,0.0,235.0,1904-05-15,11,11,7,CEDAR RAPIDS,9300_20250930,DIF,1934-01-01,0,READLYN SAVINGS BANK,READLYN BANCSHARES INC,3404.0,4,2,0,0,FDIC,2025-09-30,1139327.0,2,IA,1,1,50668
NM,1.0,9306,HICKMAN,3317.0,0.0,2025-06-20,17.0,3340.0,0.0,6.0,1930-01-01,9,9,8,MOUNT VERNON,9306_20250930,DIF,1934-01-01,0,THE CITIZENS BANK,CITIZENS BCORP OF HICKMAN INC,5213.0,3,3,0,0,FDIC,2025-09-30,1099270.0,2,KY,1,1,42050
SM,1.0,9309,HOPKINSVILLE,4227.0,0.0,2022-08-31,0.0,4508.0,321.0,281.0,1922-06-22,9,9,8,MOUNT VERNON,9309_20250930,DIF,1934-01-01,0,UNITED SOUTHERN BANK,TODD BANCSHARES INC,9736.0,3,7,0,0,FED,2025-09-30,1140574.0,4,KY,0,0,42240
NM,1.0,9310,WEST LIBERTY,2602.0,0.0,2022-08-31,370.0,2972.0,203.0,0.0,1910-01-01,9,9,4,LEXINGTON,9310_20250930,DIF,1934-01-01,0,COMMERCIAL BANK,COMMERCIAL BANCSHARES SVG&EMPLOYEE STK OWNERSHIP PLAN,5349.0,3,1,0,0,FDIC,2025-09-30,2538860.0,8,KY,1,0,41472
NM,1.0,9313,STANFORD,1296.0,0.0,2022-08-31,0.0,1296.0,0.0,0.0,1906-01-01,9,9,4,LEXINGTON,9313_20250930,DIF,1934-01-01,0,"PBK BANK, INC.",COMMUNITY BANCSHARES INC,6240.0,3,6,0,0,FDIC,2025-09-30,1134283.0,8,KY,0,0,40484
NM,1.0,9315,MAYSVILLE,541.0,0.0,2022-08-31,0.0,656.0,20.0,115.0,1835-06-26,9,9,4,LEXINGTON,9315_20250930,DIF,1934-01-01,0,BANK OF MAYSVILLE,FIRST BANK OF KENTUCKY CORP,4046.0,3,3,0,0,FDIC,2025-09-30,1071575.0,8,KY,0,1,41056
NM,1.0,9319,LEESVILLE,4050.0,0.0,2023-08-31,0.0,4050.0,116.0,0.0,1928-01-01,13,13,6,SHREVEPORT,9319_20250930,DIF,1934-01-01,0,MERCHANTS & FARMERS BANK & TRUST COMPANY,MERCHANTS&FARMERS BANCSHARES,12777.0,5,9,0,0,FDIC,2025-09-30,1084203.0,4,LA,0,0,71446
NM,1.0,931,MILFORD,236.0,0.0,2022-08-31,0.0,236.0,0.0,0.0,1907-09-23,9,9,7,CHAMPAIGN,931_20250930,DIF,1934-01-01,0,CITIZENS STATE BANK OF MILFORD,ARTHUR R MURRAY INC,1614.0,3,1,0,0,FDIC,2025-09-30,1201390.0,2,IL,1,1,60953
NM,1.0,9320,MARION,3076.0,0.0,2022-08-31,0.0,3128.0,221.0,52.0,1907-02-01,13,13,11,SHREVEPORT,9320_20250930,DIF,1934-01-01,0,MARION STATE BANK,Unknown,7125.0,5,6,0,0,FDIC,2025-09-30,0.0,4,LA,0,0,71260
NM,1.0,9322,SAINT JOSEPH,8972.0,0.0,2022-08-31,328.0,10163.0,363.0,863.0,1902-04-02,13,13,11,SHREVEPORT,9322_20250930,DIF,1934-01-01,0,CROSS KEYS BANK,BSJ BANCSHARES INC,14879.0,5,10,0,0,FDIC,2025-09-30,1132382.0,4,LA,1,0,71366
NM,1.0,9323,WINNFIELD,734.0,0.0,2022-08-31,0.0,734.0,45.0,0.0,1901-01-01,13,13,11,SHREVEPORT,9323_20250930,DIF,1934-01-01,0,BANK OF WINNFIELD & TRUST COMPANY,BLACK CAT FINANCIAL CORP,3995.0,5,2,0,0,FDIC,2025-09-30,3723953.0,7,LA,1,1,71483
NM,1.0,9325,JONESBORO,25460.0,0.0,2022-08-31,237.0,25925.0,589.0,228.0,1913-01-01,13,13,11,SHREVEPORT,9325_20250930,DIF,1934-01-01,0,JONESBORO STATE BANK,JONESBORO BANCSHARES INC,22915.0,5,2,0,0,FDIC,2025-09-30,5211708.0,5,LA,0,0,71251
NM,1.0,9326,WASHINGTON,3999.0,0.0,2022-01-28,0.0,3999.0,145.0,0.0,1893-04-10,13,13,6,BATON ROUGE,9326_20250930,DIF,1934-01-01,0,WASHINGTON STATE BANK,WASHINGTON ST BANCSHARES INC,9051.0,5,7,0,0,FDIC,2025-09-30,1086627.0,4,LA,1,0,70589
NM,1.0,9327,BREAUX BRIDGE,3216.0,0.0,2022-08-31,0.0,4203.0,30.0,987.0,1932-01-01,13,13,6,BATON ROUGE,9327_20250930,DIF,1934-01-01,0,FARMERS-MERCHANTS BANK & TRUST COMPANY,Unknown,13638.0,5,6,0,0,FDIC,2025-09-30,0.0,4,LA,1,1,70517
NM,1.0,9328,CHATHAM,2053.0,0.0,2022-08-31,0.0,2053.0,0.0,0.0,1908-01-01,13,13,11,SHREVEPORT,9328_20250930,DIF,1934-01-01,0,PEOPLES BANK,HOMELAND BANCSHARES INC,2872.0,5,1,0,0,FDIC,2025-09-30,3816547.0,4,LA,1,0,71226
NM,1.0,9330,LE CENTER,805.0,0.0,2022-08-31,61.0,901.0,240.0,35.0,1902-01-01,11,11,9,MANKATO,9330_20250930,DIF,1934-01-01,0,FIRST STATE BANK OF LE CENTER,FIRST ST AGENCY OF LE CTR INC,3415.0,3,2,0,0,FDIC,2025-09-30,1127940.0,2,MN,1,0,56057
NM,1.0,9332,MAPLE PLAIN,850.0,0.0,2022-08-31,0.0,878.0,85.0,28.0,1905-05-29,11,11,9,MINNEAPOLIS,9332_20250930,DIF,1934-01-01,0,BANK OF MAPLE PLAIN,MAPLE BANC SHARES INC,1730.0,3,1,0,0,FDIC,2025-09-30,1123812.0,8,MN,1,0,55359
N,0.0,9336,UPSALA,823.0,0.0,2022-08-31,0.0,823.0,285.0,0.0,1914-05-11,11,11,9,MINNEAPOLIS,9336_20250930,DIF,1934-01-01,0,STEARNS BANK UPSALA NATIONAL ASSOCIATION,STEARNS FINL SERVICES EMPLOYEE STK OWNERSHIP PLAN,1917.0,3,1,0,0,OCC,2025-09-30,2295837.0,4,MN,1,0,56384
NM,1.0,9337,WAVERLY,1109.0,0.0,2012-12-31,0.0,1109.0,66.0,0.0,1907-01-01,11,11,9,MINNEAPOLIS,9337_20250930,DIF,1934-01-01,0,"CITIZENS STATE BANK OF WAVERLY, INC.",CATTAIL BANCSHARES INC,2274.0,3,2,0,0,FDIC,2025-09-30,1133549.0,2,MN,1,0,55390
NM,1.0,9340,NEW YORK MILLS,996.0,0.0,2024-06-30,11.0,1007.0,92.0,0.0,1916-12-16,11,11,9,FARGO,9340_20250930,DIF,1934-01-01,0,"FARMERS & MERCHANTS STATE BANK OF NEW YORK MILLS, INCORPORATED",NEW YORK MILLS BANCSHARES INC,1638.0,3,1,0,0,FDIC,2025-09-30,1124202.0,8,MN,1,0,56567
NM,1.0,9349,FOUNTAIN,392.0,0.0,2024-06-30,0.0,392.0,0.0,0.0,1901-01-01,11,11,9,MINNEAPOLIS,9349_20250930,DIF,1934-01-01,0,FIRST STATE BANK OF FOUNTAIN,Unknown,615.0,3,1,0,0,FDIC,2025-09-30,0.0,2,MN,0,0,55935
NM,1.0,9351,LAKE PARK,534.0,0.0,2024-06-30,4.0,538.0,100.0,0.0,1926-10-11,11,11,9,FARGO,9351_20250930,DIF,1934-01-01,0,STATE BANK OF LAKE PARK,LAKE PARK BANCSHARES INC,1130.0,3,2,0,0,FDIC,2025-09-30,1132793.0,8,MN,1,0,56554
NM,1.0,9354,HOFFMAN,309.0,0.0,2024-06-30,0.0,309.0,0.0,0.0,1911-03-21,11,11,9,FARGO,9354_20250930,DIF,1934-01-01,0,FARMERS STATE BANK OF HOFFMAN,HOFFMAN BANCSHARES INC,852.0,3,1,0,0,FDIC,2025-09-30,1125003.0,2,MN,1,0,56339
NM,1.0,9356,DE KALB,3870.0,0.0,2022-08-31,1.0,4015.0,335.0,144.0,1914-12-01,13,13,6,JACKSON MS,9356_20250930,DIF,1934-01-01,0,THE COMMERCIAL BANK,COMMERCIAL CAPITAL CORP,6529.0,5,5,0,0,FDIC,2025-09-30,1086739.0,4,MS,0,0,39328
NM,1.0,9359,GREENWOOD,15671.0,0.0,2023-12-31,0.0,15856.0,1065.0,185.0,1904-08-04,13,13,8,JACKSON MS,9359_20250930,DIF,1934-01-01,0,BANK OF COMMERCE,COMMERCE BCORP INC,20300.0,5,10,0,0,FDIC,2025-09-30,2770660.0,2,MS,0,1,38930
NM,1.0,9366,MENDENHALL,6219.0,0.0,2022-08-31,0.0,6258.0,2740.0,39.0,1908-11-05,13,13,6,JACKSON MS,9366_20250930,DIF,1934-01-01,0,PEOPLES BANK,PEOPLES BANCSHARES INC,21724.0,5,6,0,0,FDIC,2025-09-30,4189314.0,4,MS,1,1,39114
SM,1.0,9369,ADVANCE,7301.0,0.0,2022-08-31,0.0,7459.0,650.0,158.0,1902-01-30,11,11,8,ST. LOUIS,9369_20250930,DIF,1934-01-01,0,THE BANK OF ADVANCE,MILES BANCSHARES INC,16117.0,4,7,0,0,FED,2025-09-30,2848073.0,8,MO,1,0,63730
NM,1.0,9378,HOLDEN,5962.0,0.0,2022-08-31,0.0,6123.0,301.0,161.0,1881-03-24,11,11,10,KANSAS CITY,9378_20250930,DIF,1934-01-01,0,F & C BANK,F&C BCORP INC,15832.0,4,3,0,0,FDIC,2025-09-30,2168931.0,2,MO,0,0,64040
N,1.0,9385,BROOKFIELD,1371.0,0.0,2024-06-30,70.0,1441.0,0.0,0.0,1894-12-14,11,11,10,COLUMBIA MO,9385_20250930,DIF,1934-01-01,0,"BANK OF BROOKFIELD - PURDIN, NATIONAL ASSOCIATION",CAPITAL BANCSHARES INC,2115.0,4,4,0,0,OCC,2025-09-30,1022063.0,2,MO,0,0,64628
NM,1.0,9388,SOUTH WEST CITY,3121.0,0.0,2022-08-31,0.0,3121.0,815.0,0.0,1898-01-01,11,11,10,SPRINGFIELD MO,9388_20250930,DIF,1934-01-01,0,THE CORNER STONE BANK,Unknown,7680.0,4,5,0,0,FDIC,2025-09-30,0.0,8,MO,1,0,64863
NM,1.0,9392,GRANDIN,4271.0,0.0,2022-08-31,2.0,4273.0,225.0,0.0,1913-01-13,11,11,8,ST. LOUIS,9392_20250930,DIF,1934-01-01,0,BANK OF GRANDIN,Unknown,5845.0,4,5,0,0,FDIC,2025-09-30,0.0,4,MO,1,0,63943
N,0.0,9396,PASSAIC,1002033.0,0.0,2022-08-31,714.0,1086715.0,119622.0,83968.0,1927-01-01,2,2,2,JAMESBURG,9396_20250930,DIF,1934-01-01,0,VALLEY NATIONAL BANK,VALLEY NATIONAL BCORP,1329972.0,1,238,0,0,OCC,2025-09-30,1048773.0,4,NJ,0,1,07055
NM,1.0,93,SPARKMAN,1466.0,0.0,2024-03-20,0.0,1520.0,56.0,54.0,1916-01-01,13,13,8,LITTLE ROCK,93_20250930,DIF,1934-01-01,0,RIVERSIDE BANK,OAK TREE FINANCIAL CORP INC,2130.0,5,2,0,0,FDIC,2025-09-30,5977479.0,5,AR,0,0,71763
SM,1.0,9406,CATTARAUGUS,100.0,0.0,2022-08-31,0.0,100.0,0.0,0.0,1882-03-30,2,2,2,SYRACUSE,9406_20250930,DIF,1934-01-01,0,BANK OF CATTARAUGUS,Unknown,1260.0,1,1,0,0,FED,2025-09-30,0.0,4,NY,0,0,14719
N,1.0,9410,SPENCER,4163.0,0.0,2022-08-31,0.0,4268.0,1270.0,105.0,1884-03-24,2,2,2,SYRACUSE,9410_20250930,DIF,1934-01-01,0,TIOGA STATE BANK NATIONAL ASSOCIATION,TSB SERVICES INC,17224.0,1,12,0,0,OCC,2025-09-30,1048858.0,4,NY,0,0,14883
NM,1.0,9417,CARSON,418.0,0.0,2024-06-30,0.0,418.0,0.0,0.0,1913-08-29,11,11,9,FARGO,9417_20250930,DIF,1934-01-01,0,GRANT COUNTY STATE BANK,GRANT COUNTY BCORP INC,1543.0,3,2,0,0,FDIC,2025-09-30,1136371.0,2,ND,1,0,58529
NM,1.0,9420,BEULAH,4203.0,0.0,2024-06-30,7.0,4503.0,158.0,293.0,1899-01-01,11,11,9,FARGO,9420_20250930,DIF,1934-01-01,0,THE UNION BANK,UNION HOLDING CO,8745.0,3,6,0,0,FDIC,2025-09-30,1126372.0,2,ND,0,0,58523
NM,1.0,9422,LANKIN,624.0,0.0,2024-06-30,98.0,844.0,100.0,122.0,1905-05-15,11,11,9,FARGO,9422_20250930,DIF,1934-01-01,0,CITIZENS STATE BANK OF LANKIN,CITIZENS STATE BANCSHARES INC,2331.0,3,4,0,0,FDIC,2025-09-30,2253060.0,2,ND,1,0,58250
NM,1.0,9423,FARGO,108178.0,0.0,2024-06-30,34.0,108736.0,2787.0,524.0,1906-01-01,11,11,9,FARGO,9423_20250930,DIF,1934-01-01,0,CHOICE FINANCIAL GROUP,CHOICE FINANCIAL HOLDINGS INC,124499.0,3,18,0,0,FDIC,2025-09-30,1125030.0,4,ND,0,0,58104
NM,1.0,9437,WINCHESTER,15496.0,0.0,2022-08-31,0.0,15562.0,1289.0,66.0,1934-01-01,9,9,4,COLUMBUS,9437_20250930,DIF,1934-01-01,0,FIRST STATE BANK,FIRST STATE BCORP INC,25760.0,3,18,0,0,FDIC,2025-09-30,2376941.0,9,OH,0,0,45697
NM,1.0,9438,MOUNT VICTORY,181.0,0.0,2022-08-31,1.0,182.0,75.0,0.0,1929-09-14,9,9,4,COLUMBUS,9438_20250930,DIF,1934-01-01,0,THE MT. VICTORY STATE BANK,VICTORY BANCSHARES INC,753.0,3,1,0,0,FDIC,2025-09-30,2266873.0,8,OH,0,0,43340
NM,1.0,9439,NEW MATAMORAS,321.0,0.0,2022-08-31,0.0,321.0,18.0,0.0,1911-07-11,9,9,4,COLUMBUS,9439_20250930,DIF,1934-01-01,0,THE PEOPLES SAVINGS BANK,PSB HOLDINGS INC,1829.0,3,3,0,0,FDIC,2025-09-30,3213892.0,8,OH,0,0,45767
NM,1.0,9450,TIFFIN,5397.0,0.0,2022-08-31,0.0,5397.0,2830.0,0.0,1873-03-03,9,9,4,COLUMBUS,9450_20250930,DIF,1934-01-01,0,FIRST BANK OF OHIO,TONTI FINANCIAL CORP,11954.0,3,5,0,0,FDIC,2025-09-30,1069714.0,6,OH,0,0,44883
SM,1.0,9457,CINCINNATI,16356.0,0.0,2022-08-31,1982.0,18338.0,735.0,0.0,1892-01-01,9,9,4,COLUMBUS,9457_20250930,DIF,1934-01-01,0,THE NORTH SIDE BANK AND TRUST COMPANY,Unknown,21432.0,3,9,0,0,FED,2025-09-30,0.0,4,OH,0,1,45223
NM,1.0,9462,MIAMISBURG,4164.0,0.0,2022-08-31,4.0,4600.0,450.0,432.0,1923-11-23,9,9,4,COLUMBUS,9462_20250930,DIF,1934-01-01,0,FARMERS & MERCHANTS BANK,F&M BCORP,10709.0,3,5,0,0,FDIC,2025-09-30,1071155.0,4,OH,0,0,45342
NM,1.0,9463,MARTINS FERRY,6462.0,0.0,2022-08-31,980.0,9824.0,488.0,2382.0,1902-01-01,9,9,4,COLUMBUS,9463_20250930,DIF,1934-01-01,0,UNIFIED BANK,UNITED BCORP INC,20863.0,3,18,0,0,FDIC,2025-09-30,1071502.0,4,OH,0,0,43935
SM,1.0,9465,ALVA,7791.0,0.0,2024-10-15,251.0,10199.0,-302.0,2157.0,1901-09-10,13,13,10,OKLAHOMA CITY,9465_20250930,DIF,1934-01-01,0,ALVA STATE BANK & TRUST COMPANY,GRACE INV CO INC ESOP THE,14455.0,5,6,0,0,FED,2025-09-30,3822687.0,2,OK,1,0,73717
NM,1.0,9467,EDMOND,5759.0,0.0,2022-08-31,0.0,5906.0,127.0,147.0,1930-06-01,13,13,10,OKLAHOMA CITY,9467_20250930,DIF,1934-01-01,0,VALOR BANK,FIRST OF GRANDFIELD CORP,9066.0,5,1,0,0,FDIC,2025-09-30,1056723.0,4,OK,1,0,73013
NM,1.0,9472,WELCH,5388.0,0.0,2022-08-31,0.0,5937.0,315.0,549.0,1923-10-01,13,13,10,OKLAHOMA CITY,9472_20250930,DIF,1934-01-01,0,"WELCH STATE BANK OF WELCH, OKLA.",WELCH BANCSHARES INC,13100.0,5,6,0,0,FDIC,2025-09-30,1061660.0,2,OK,1,0,74369
NM,1.0,9486,SANDY,1521.0,0.0,2022-08-31,0.0,1709.0,15.0,188.0,1911-01-31,14,14,12,PORTLAND,9486_20250930,DIF,1934-01-01,0,CLACKAMAS COUNTY BANK,CCB FINANCIAL CORP,6742.0,4,4,0,0,FDIC,2025-09-30,1246690.0,4,OR,1,0,97055
SM,1.0,9489,CLIFTON,8039.0,0.0,2023-01-03,0.0,8051.0,642.0,12.0,1890-01-01,13,13,6,NASHVILLE,9489_20250930,DIF,1934-01-01,0,PEOPLES BANK,PB BANCSHARES EMP STK OWNERSHIP PLAN,14474.0,5,5,0,0,FED,2025-09-30,4262525.0,4,TN,0,0,38425
NM,1.0,9499,ROGERSVILLE,16259.0,0.0,2022-08-31,0.0,16259.0,3169.0,0.0,1906-04-01,13,13,6,KNOXVILLE,9499_20250930,DIF,1934-01-01,0,THREAD BANK,THREAD BCORP INC,16760.0,5,3,0,0,FDIC,2025-09-30,1143203.0,8,TN,0,1,37857
NM,1.0,9502,DANVILLE,2333.0,0.0,2024-01-19,0.0,2387.0,-77.0,54.0,1919-09-08,5,5,5,RICHMOND,9502_20250930,DIF,1934-01-01,0,MOVEMENT BANK,Unknown,3927.0,1,4,0,0,FDIC,2025-09-30,0.0,4,VA,0,1,24540
SM,1.0,9507,MARION,4940.0,0.0,2022-08-31,25.0,5139.0,595.0,174.0,1874-04-13,5,5,5,RICHMOND,9507_20250930,DIF,1934-01-01,0,THE BANK OF MARION,SOUTHWEST VA BANKSHARES INC,16307.0,1,17,0,0,FED,2025-09-30,1132391.0,8,VA,0,1,24354
NM,1.0,950,ALGONA,5398.0,0.0,2024-06-30,128.0,7762.0,132.0,2236.0,1928-01-01,11,11,7,DES MOINES,950_20250930,DIF,1934-01-01,0,IOWA STATE BANK,MID-IOWA BANCSHARES CO,9772.0,4,5,0,0,FDIC,2025-09-30,1207673.0,2,IA,0,1,50511
NM,1.0,9517,CLEVELAND,2903.0,0.0,2022-08-31,0.0,3255.0,51.0,352.0,1907-04-19,9,9,7,APPLETON,9517_20250930,DIF,1934-01-01,0,CLEVELAND STATE BANK,WISCUB INC,5635.0,3,3,0,0,FDIC,2025-09-30,1202865.0,4,WI,0,0,53015
NM,1.0,951,CHEROKEE,3685.0,0.0,2024-06-30,37.0,4427.0,82.0,705.0,1888-10-08,11,11,7,SIOUX CITY,951_20250930,DIF,1934-01-01,0,CHEROKEE STATE BANK,Unknown,5005.0,4,1,0,0,FDIC,2025-09-30,0.0,2,IA,0,1,51012
SM,1.0,9523,OAKFIELD,2038.0,0.0,2024-10-28,3.0,2688.0,180.0,647.0,1901-01-01,9,9,7,APPLETON,9523_20250930,DIF,1934-01-01,0,BRISTOL MORGAN BANK,OAKFIELD BCORP INC,5149.0,3,4,0,0,FED,2025-09-30,2736899.0,4,WI,0,1,53065
NM,1.0,9526,STEVENS POINT,1627.0,0.0,2022-08-31,0.0,1627.0,9.0,0.0,1906-06-01,9,9,7,APPLETON,9526_20250930,DIF,1934-01-01,0,THE PINERIES BANK,PINERIES BANKSHARES INC,3338.0,3,1,0,0,FDIC,2025-09-30,2514921.0,8,WI,1,0,54481
NM,1.0,9529,NEWBURG,4867.0,0.0,2021-08-29,0.0,5288.0,110.0,421.0,1911-01-01,9,9,7,MILWAUKEE,9529_20250930,DIF,1934-01-01,0,STATE BANK OF NEWBURG,SBN COMMUNITY BCORP INC,8720.0,3,2,0,0,FDIC,2025-09-30,3089314.0,2,WI,0,0,53060
NM,1.0,9536,UNION GROVE,4086.0,0.0,2022-08-31,0.0,4086.0,0.0,0.0,1903-01-01,9,9,7,MILWAUKEE,9536_20250930,DIF,1934-01-01,0,COMMUNITY STATE BANK,COMMUNITY STB EMPLOYEE STK OWNERSHIP PLAN&TR,16224.0,3,7,0,0,FDIC,2025-09-30,3195671.0,4,WI,1,1,53182
NM,0.0,953,DES MOINES,117605.0,0.0,2024-06-30,8948.0,139773.0,8550.0,13220.0,1917-06-01,11,11,7,DES MOINES,953_20250930,DIF,1934-01-01,0,BANKERS TRUST COMPANY,BTC FINANCIAL CORP,152784.0,4,22,0,0,FDIC,2025-09-30,1201671.0,4,IA,0,1,50309
SM,1.0,954,FONTANELLE,2363.0,0.0,2024-06-30,0.0,2965.0,0.0,602.0,1905-08-23,11,11,7,DES MOINES,954_20250930,DIF,1934-01-01,0,FNB BANK,FIRST FONTANELLE EMPLOYEE STK OWNERSHIP PLAN&TR,7567.0,4,5,0,0,FED,2025-09-30,3696141.0,2,IA,1,0,50846
SM,1.0,955,FORT MADISON,6532.0,0.0,2024-06-30,1.0,7483.0,250.0,950.0,1854-07-01,11,11,7,CEDAR RAPIDS,955_20250930,DIF,1934-01-01,0,CONNECTION BANK,FORT MADISON FINANCIAL CO,12846.0,4,5,0,0,FED,2025-09-30,1357037.0,4,IA,1,1,52627
SM,1.0,956,GLENWOOD,3362.0,0.0,2024-06-30,0.0,3375.0,1180.0,13.0,1899-01-01,11,11,7,OMAHA,956_20250930,DIF,1934-01-01,0,GLENWOOD STATE BANK,GLENWOOD BCORP,8703.0,4,4,0,0,FED,2025-09-30,1204421.0,8,IA,0,1,51534
NM,1.0,958,IDA GROVE,32795.0,0.0,2024-06-30,973.0,42437.0,1061.0,8669.0,1932-02-04,11,11,7,SIOUX CITY,958_20250930,DIF,1934-01-01,0,UNITED BANK OF IOWA,IDA GROVE BANCSHARES INC,44699.0,4,37,0,0,FDIC,2025-09-30,1205183.0,2,IA,1,1,51445
NM,1.0,9614,TUSCALOOSA,1859.0,0.0,2024-02-01,0.0,1859.0,139.0,0.0,1914-08-01,5,5,6,MONTGOMERY,9614_20250930,DIF,1934-01-01,0,LOCAL BANK,LOCAL BCORP INC,2549.0,5,3,0,0,FDIC,2025-09-30,5683604.0,4,AL,0,0,35406
NM,1.0,9615,SWEET WATER,1624.0,0.0,2022-06-30,0.0,1624.0,75.0,0.0,1913-01-01,5,5,6,MONTGOMERY,9615_20250930,DIF,1934-01-01,0,SWEET WATER STATE BANK,TOMBIGBEE BANCSHARES INC,5474.0,5,5,0,0,FDIC,2025-09-30,3346745.0,2,AL,1,0,36782
NM,1.0,9620,CLEWISTON,6257.0,0.0,2022-08-31,0.0,6257.0,600.0,0.0,1922-01-01,5,5,6,SOUTH FLORIDA,9620_20250930,DIF,1934-01-01,0,FIRST BANK,PIONEER BANKCORP INC,22669.0,5,7,0,0,FDIC,2025-09-30,2061162.0,4,FL,0,0,33440
SM,0.0,9622,TALLAHASSEE,22053.0,0.0,2022-08-31,478.0,22911.0,3269.0,380.0,1907-06-13,5,5,6,TAMPA,9622_20250930,DIF,1934-01-01,0,CAPITAL CITY BANK,CAPITAL CITY BANK GROUP INC,129761.0,5,68,0,0,FED,2025-09-30,1085509.0,4,FL,0,1,32301
NM,1.0,9631,PETERSBURG,4469.0,0.0,2022-08-31,0.0,4842.0,78.0,373.0,1910-05-18,9,9,7,SPRINGFIELD IL,9631_20250930,DIF,1934-01-01,0,ALLIANCE COMMUNITY BANK,AC BCORP INC,9746.0,3,6,0,0,FDIC,2025-09-30,1406971.0,2,IL,1,1,62675
NM,1.0,9632,PEORIA,13670.0,0.0,2022-08-31,2.0,15379.0,2750.0,1707.0,1904-01-04,9,9,7,PRINCETON,9632_20250930,DIF,1934-01-01,0,FORTRESS BANK,FIRST STATE BCORP INC,19310.0,3,10,0,0,FDIC,2025-09-30,3735152.0,4,IL,0,0,61615
SM,1.0,963,OSAGE,4875.0,0.0,2024-06-30,81.0,5291.0,160.0,335.0,1899-12-01,11,11,7,DES MOINES,963_20250930,DIF,1934-01-01,0,THE HOME TRUST & SAVINGS BANK,HTB INC,4768.0,4,1,0,0,FED,2025-09-30,1427033.0,2,IA,1,1,50461
NM,1.0,9647,MOORESVILLE,7497.0,0.0,2022-08-31,0.0,7550.0,257.0,53.0,1931-02-18,9,9,7,INDIANAPOLIS,9647_20250930,DIF,1934-01-01,0,CITIZENS BANK,CITBA FINANCIAL CORP,16367.0,3,9,0,0,FDIC,2025-09-30,1207208.0,4,IN,0,1,46158
NM,1.0,9658,CHENEY,860.0,0.0,2022-08-31,0.0,860.0,0.0,0.0,1884-01-01,11,11,10,WICHITA,9658_20250930,DIF,1934-01-01,0,"THE CITIZENS STATE BANK OF CHENEY, KANSAS",CITIZENS STATE BANCSHARES INC,2811.0,4,1,0,0,FDIC,2025-09-30,2146395.0,8,KS,1,0,67025
NM,1.0,9659,DOWNS,2063.0,0.0,2022-08-31,0.0,2081.0,95.0,18.0,1892-01-01,11,11,10,HAYS,9659_20250930,DIF,1934-01-01,0,STATE BANK OF DOWNS,B BANK INC,3901.0,4,2,0,0,FDIC,2025-09-30,1143575.0,8,KS,1,0,67437
SM,1.0,9661,HOLYROOD,819.0,0.0,2022-08-31,0.0,819.0,240.0,0.0,1887-01-01,11,11,10,HAYS,9661_20250930,DIF,1934-01-01,0,BANK OF HOLYROOD,HOLYROOD BANCSHARES INC,1775.0,4,1,0,0,FED,2025-09-30,1062788.0,2,KS,1,0,67450
NM,0.0,9665,TOPEKA,3024.0,0.0,2022-08-31,142.0,3166.0,0.0,0.0,1870-07-22,11,11,10,KANSAS CITY,9665_20250930,DIF,1934-01-01,0,KAW VALLEY BANK,R DEAN PHILLIPS BK TR DATED 11-19-2004,10253.0,4,7,0,0,FDIC,2025-09-30,5558681.0,4,KS,0,1,66608
NM,1.0,9669,FREDONIA,1402.0,0.0,2022-08-31,0.0,1503.0,10.0,101.0,1894-01-01,9,9,8,MOUNT VERNON,9669_20250930,DIF,1934-01-01,0,FREDONIA VALLEY BANK,FREDONIA VALLEY BCORP INC,2871.0,3,2,0,0,FDIC,2025-09-30,2509507.0,8,KY,0,0,42411
NM,1.0,966,ROYAL,672.0,0.0,2024-06-30,4.0,719.0,0.0,43.0,1915-04-12,11,11,7,SIOUX CITY,966_20250930,DIF,1934-01-01,0,HOME STATE BANK,ROYAL BANCSHARES INC,1501.0,4,1,0,0,FDIC,2025-09-30,1207758.0,2,IA,1,1,51357
NM,1.0,9672,OWINGSVILLE,1570.0,0.0,2022-08-31,0.0,1600.0,14.0,30.0,1893-05-10,9,9,4,LEXINGTON,9672_20250930,DIF,1934-01-01,0,OWINGSVILLE BANKING COMPANY,BATH COUNTY BANKING CO,3037.0,3,3,0,0,FDIC,2025-09-30,1071735.0,2,KY,0,0,40360
NM,1.0,9678,GLASGOW,12305.0,0.0,2023-10-01,17.0,12579.0,520.0,257.0,1899-03-17,9,9,8,LOUISVILLE,9678_20250930,DIF,1934-01-01,0,EDMONTON STATE BANK,EDMONTON BANCSHARES INC,35978.0,3,18,0,0,FDIC,2025-09-30,1098031.0,4,KY,1,1,42141
SM,1.0,968,STORM LAKE,4327.0,0.0,2024-06-30,0.0,4327.0,0.0,0.0,1908-01-01,11,11,7,SIOUX CITY,968_20250930,DIF,1934-01-01,0,SECURITY TRUST & SAVINGS BANK,STORM LAKE SECURITY BCORP,4831.0,4,3,0,0,FED,2025-09-30,2382344.0,2,IA,1,1,50588
SM,1.0,969,TEMPLETON,1682.0,0.0,2024-06-30,0.0,1682.0,36.0,0.0,1923-01-01,11,11,7,DES MOINES,969_20250930,DIF,1934-01-01,0,TEMPLETON SAVINGS BANK,Unknown,4225.0,4,2,0,0,FED,2025-09-30,0.0,2,IA,0,1,51463
NM,0.0,9712,ROCKLAND,200018.0,0.0,2025-07-01,0.0,213761.0,60719.0,13743.0,1907-09-10,2,2,1,SOUTH BOSTON,9712_20250930,DIF,1934-01-01,0,ROCKLAND TRUST COMPANY,INDEPENDENT BANK CORP,516578.0,1,152,0,0,FDIC,2025-09-30,1136803.0,4,MA,0,1,02370
SM,1.0,9719,OXFORD,7054.0,0.0,2022-08-31,4.0,7113.0,1861.0,55.0,1884-06-04,9,9,7,DETROIT,9719_20250930,DIF,1934-01-01,0,OXFORD BANK,OXFORD BANK CORP,32248.0,3,9,0,0,FED,2025-09-30,1249383.0,4,MI,0,0,48371
NM,1.0,9727,BLOMKEST,1196.0,0.0,2006-03-31,0.0,1211.0,90.0,15.0,1910-01-01,11,11,9,MANKATO,9727_20250930,DIF,1934-01-01,0,CONCORDE BANK,MATSON FINANCIAL INC,2701.0,3,2,0,0,FDIC,2025-09-30,2623551.0,4,MN,1,0,56216
NM,1.0,9728,BYRON,2279.0,0.0,2024-06-30,829.0,3108.0,224.0,0.0,1904-12-27,11,11,9,MINNEAPOLIS,9728_20250930,DIF,1934-01-01,0,FIRST SECURITY BANK,OLMSTED BCORP INC,3601.0,3,1,0,0,FDIC,2025-09-30,1129001.0,4,MN,1,0,55920
NM,1.0,9733,KENT,781.0,0.0,2024-06-30,169.0,950.0,95.0,0.0,1902-07-14,11,11,9,FARGO,9733_20250930,DIF,1934-01-01,0,VANTAGE BANK,MINNDAK BANCSHARES INC,2336.0,3,2,0,0,FDIC,2025-09-30,4203425.0,4,MN,1,0,56553
NM,1.0,9735,NEW RICHLAND,1498.0,0.0,2022-08-31,625.0,2583.0,0.0,460.0,1898-10-31,11,11,9,MANKATO,9735_20250930,DIF,1934-01-01,0,STATE BANK OF NEW RICHLAND,NEW RICHLAND BANCSHARES INC,2968.0,3,1,0,0,FDIC,2025-09-30,1487327.0,2,MN,1,0,56072
NM,1.0,9737,DETROIT LAKES,13603.0,0.0,2024-06-30,333.0,14572.0,650.0,636.0,1917-06-01,11,11,9,FARGO,9737_20250930,DIF,1934-01-01,0,MIDWEST BANK,MIDWEST BANK GROUP INC,24744.0,3,7,0,0,FDIC,2025-09-30,1125580.0,4,MN,1,0,56501
NM,1.0,9745,LITCHFIELD,1360.0,0.0,2022-08-31,9.0,1754.0,67.0,385.0,1926-03-23,11,11,9,MANKATO,9745_20250930,DIF,1934-01-01,0,HOME STATE BANK,KANDIYOHI BANCSHARES INC,5738.0,3,4,0,0,FDIC,2025-09-30,1125553.0,4,MN,1,0,55355
N,1.0,9746,DILWORTH,1189.0,0.0,2024-06-30,0.0,1189.0,30.0,0.0,1915-07-01,11,11,9,FARGO,9746_20250930,DIF,1934-01-01,0,"NORTHWESTERN BANK, NATIONAL ASSOCIATION",NORTHWESTERN BANCSHARES INC,5887.0,3,6,0,0,OCC,2025-09-30,1126466.0,4,MN,1,0,56529
NM,1.0,9747,VERGAS,553.0,0.0,2024-06-30,0.0,553.0,0.0,0.0,1909-09-01,11,11,9,FARGO,9747_20250930,DIF,1934-01-01,0,VERGAS STATE BANK,VERGAS BCORP INC,1547.0,3,1,0,0,FDIC,2025-09-30,2206842.0,4,MN,0,0,56587
NM,1.0,9751,LORETTO,11335.0,0.0,2022-08-31,0.0,15176.0,383.0,3841.0,1917-06-02,11,11,9,MINNEAPOLIS,9751_20250930,DIF,1934-01-01,0,21ST CENTURY BANK,CROSSTOWN HOLDING CO,19159.0,3,8,0,0,FDIC,2025-09-30,1126149.0,4,MN,0,0,55357
NM,1.0,9752,NEWFOLDEN,622.0,0.0,2024-06-30,0.0,622.0,0.0,0.0,1922-10-20,11,11,9,FARGO,9752_20250930,DIF,1934-01-01,0,MARSHALL COUNTY STATE BANK,Unknown,925.0,3,1,0,0,FDIC,2025-09-30,0.0,7,MN,1,0,56738
NM,1.0,9760,VERNON CENTER,9027.0,0.0,2022-08-31,131.0,9786.0,200.0,628.0,1929-12-01,11,11,9,MANKATO,9760_20250930,DIF,1934-01-01,0,COMMUNITY BANK MANKATO,VERNON CENTER BANCSHARES INC,12291.0,3,5,0,0,FDIC,2025-09-30,1127847.0,4,MN,0,0,56090
NM,1.0,9769,ROSEMOUNT,2222.0,0.0,2022-08-31,16.0,2238.0,175.0,0.0,1909-01-01,11,11,9,MINNEAPOLIS,9769_20250930,DIF,1934-01-01,0,THE FIRST STATE BANK OF ROSEMOUNT,HIGGINS BCORP INC,3149.0,3,2,0,0,FDIC,2025-09-30,2380948.0,4,MN,0,0,55068
SM,1.0,976,BLISSFIELD,769.0,0.0,2022-08-31,0.0,769.0,65.0,0.0,1873-05-24,9,9,7,DETROIT,976_20250930,DIF,1934-01-01,0,BLISSFIELD STATE BANK,BLISSFIELD BANK CORP,3099.0,3,1,0,0,FED,2025-09-30,1245648.0,2,MI,1,0,49228
SM,1.0,9770,PIPESTONE,4629.0,0.0,2024-06-30,322.0,5050.0,646.0,99.0,1903-01-01,11,11,9,SIOUX FALLS,9770_20250930,DIF,1934-01-01,0,FIRST STATE BANK SOUTHWEST,FIRST STB SW KSOP PLAN&TR,8118.0,3,6,0,0,FED,2025-09-30,2399678.0,2,MN,1,0,56164
NM,1.0,9773,WARROAD,1378.0,0.0,2024-06-30,0.0,1378.0,75.0,0.0,1912-09-13,11,11,9,FARGO,9773_20250930,DIF,1934-01-01,0,SECURITY STATE BANK OF WARROAD,WARROAD BANCSHARES INC,3449.0,3,2,0,0,FDIC,2025-09-30,1127986.0,4,MN,0,0,56763
SM,1.0,9775,KILMICHAEL,4833.0,0.0,2023-02-22,1.0,4912.0,553.0,78.0,1904-09-16,13,13,8,JACKSON MS,9775_20250930,DIF,1934-01-01,0,BANK OF KILMICHAEL,KILMICHAEL BCORP INC,7998.0,5,5,0,0,FED,2025-09-30,3097850.0,4,MS,1,0,39747
NM,1.0,9777,MARKS,1144.0,0.0,2022-08-31,0.0,1148.0,82.0,4.0,1917-08-17,13,13,8,JACKSON MS,9777_20250930,DIF,1934-01-01,0,CITIZENS BANK & TRUST CO.,CB&T BANCSHARES INC,3794.0,5,2,0,0,FDIC,2025-09-30,2605249.0,2,MS,0,1,38646
SM,1.0,977,BROWN CITY,6414.0,0.0,2022-08-31,0.0,6771.0,120.0,357.0,1889-05-29,9,9,7,DETROIT,977_20250930,DIF,1934-01-01,0,TRI-COUNTY BANK,TRI-COUNTY BCORP INC,19269.0,3,12,0,0,FED,2025-09-30,1969506.0,4,MI,0,0,48416
NM,1.0,9788,BLOOMSDALE,4959.0,0.0,2022-08-31,2.0,4966.0,400.0,5.0,1914-05-01,11,11,8,ST. LOUIS,9788_20250930,DIF,1934-01-01,0,BLOOMSDALE BANK,PEOPLES COMMUNITY BCORP INC,10069.0,4,5,0,0,FDIC,2025-09-30,1416505.0,4,MO,1,0,63627
NM,1.0,9791,FAYETTE,2126.0,0.0,2024-06-30,0.0,2174.0,-36.0,48.0,1903-01-01,11,11,10,COLUMBIA MO,9791_20250930,DIF,1934-01-01,0,COMMERCIAL TRUST COMPANY OF FAYETTE,HARRIS TAUBMAN FINANCIAL CORP,4071.0,4,2,0,0,FDIC,2025-09-30,2313049.0,8,MO,1,1,65248
NM,1.0,9794,KEARNEY,3502.0,0.0,2022-08-31,0.0,3502.0,85.0,0.0,1882-06-10,11,11,10,KANSAS CITY,9794_20250930,DIF,1934-01-01,0,KEARNEY TRUST COMPANY,TRUSTCO BANKSHARES INC,8579.0,4,2,0,0,FDIC,2025-09-30,1063075.0,4,MO,1,0,64060
NM,1.0,9797,CLAYTON,28867.0,0.0,2024-09-04,0.0,29007.0,-249.0,140.0,1911-05-15,11,11,8,ST. LOUIS,9797_20250930,DIF,1934-01-01,0,M1 BANK,M1 BANCSHARES INC,29300.0,4,2,0,0,FDIC,2025-09-30,5115280.0,4,MO,0,0,63105
NM,1.0,9803,ODESSA,12344.0,0.0,2023-01-03,19.0,13114.0,675.0,751.0,1880-01-01,11,11,10,KANSAS CITY,9803_20250930,DIF,1934-01-01,0,BANK OF ODESSA,COUNTRY AGENCIES&INVESTMENTS,18650.0,4,4,0,0,FDIC,2025-09-30,1053339.0,8,MO,0,0,64076
NM,1.0,9812,ADAMS,782.0,0.0,2024-06-30,0.0,999.0,48.0,217.0,1918-01-18,11,11,10,OMAHA,9812_20250930,DIF,1934-01-01,0,ADAMS STATE BANK,Unknown,1737.0,4,1,0,0,FDIC,2025-09-30,0.0,2,NE,1,0,68301
NM,1.0,9818,NORTH BEND,1264.0,0.0,2024-06-30,0.0,1264.0,80.0,0.0,1891-06-27,11,11,10,OMAHA,9818_20250930,DIF,1934-01-01,0,PLATTE VALLEY BANK,PLATTE VALLEY BCORP INC,2502.0,4,1,0,0,FDIC,2025-09-30,4045027.0,2,NE,0,0,68649
NM,1.0,9819,OSHKOSH,974.0,0.0,2024-06-30,0.0,974.0,100.0,0.0,1921-06-21,11,11,10,GRAND ISLAND,9819_20250930,DIF,1934-01-01,0,NEBRASKA STATE BANK,O&F CATTLE CO,2386.0,4,1,0,0,FDIC,2025-09-30,1051399.0,2,NE,1,0,69154
NM,1.0,9822,TABLE ROCK,2041.0,0.0,2024-06-30,0.0,2396.0,150.0,355.0,1885-10-26,11,11,10,OMAHA,9822_20250930,DIF,1934-01-01,0,STATE BANK OF TABLE ROCK,DUROC INVESTMENT CO,4374.0,4,6,0,0,FDIC,2025-09-30,1053973.0,2,NE,1,0,68447
SM,1.0,982,CROSWELL,1529.0,0.0,2022-08-31,0.0,1529.0,-314.0,0.0,1895-12-04,9,9,7,DETROIT,982_20250930,DIF,1934-01-01,0,EASTERN MICHIGAN BANK,EASTERN MI FINANCIAL CORP,14979.0,3,13,0,0,FED,2025-09-30,1129467.0,7,MI,0,0,48422
SM,1.0,9831,ALDEN,3159.0,0.0,2022-08-31,0.0,3282.0,119.0,123.0,1916-10-05,2,2,2,SYRACUSE,9831_20250930,DIF,1934-01-01,0,ALDEN STATE BANK,Unknown,13609.0,1,3,0,0,FED,2025-09-30,0.0,4,NY,0,0,14004
SM,0.0,983,DALLAS,793000.0,3000.0,2022-08-31,7000.0,1036000.0,86000.0,233000.0,1849-03-05,13,13,11,DALLAS,983_20250930,DIF,1934-01-01,0,COMERICA BANK,COMERICA INC,1773000.0,5,359,0,0,FED,2025-09-30,1199844.0,4,TX,0,1,75201
NM,0.0,9846,CHARLOTTE,5653000.0,0.0,2022-08-31,236000.0,7228000.0,1381000.0,1339000.0,1872-01-01,5,5,5,CHARLOTTE,9846_20250930,DIF,1934-01-01,0,TRUIST BANK,TRUIST FINANCIAL CORP,11005000.0,1,1931,0,0,FDIC,2025-09-30,1074156.0,9,NC,0,1,28202
SM,1.0,9871,ST. HENRY,4639.0,0.0,2022-08-31,0.0,4644.0,295.0,5.0,1905-01-05,9,9,4,COLUMBUS,9871_20250930,DIF,1934-01-01,0,THE ST. HENRY BANK,ST HENRY BCORP INC THE,12398.0,3,3,0,0,FED,2025-09-30,4001144.0,2,OH,1,0,45883
NM,1.0,9875,CORDELL,1311.0,0.0,2022-08-31,0.0,1340.0,18.0,29.0,1902-05-29,13,13,10,OKLAHOMA CITY,9875_20250930,DIF,1934-01-01,0,BANK360,ROCKY FINANCIAL CORP,2181.0,5,2,0,0,FDIC,2025-09-30,1063833.0,4,OK,1,0,73632
NM,1.0,9879,NOBLE,430.0,0.0,2022-08-31,3.0,433.0,5.0,0.0,1902-07-04,13,13,10,OKLAHOMA CITY,9879_20250930,DIF,1934-01-01,0,FIRST STATE BANK,NOBLE BANCSHARES INC,1462.0,5,1,0,0,FDIC,2025-09-30,1050178.0,7,OK,0,0,73068
NM,1.0,9881,MIAMI,2936.0,0.0,2022-08-31,0.0,2959.0,430.0,23.0,1922-12-01,13,13,10,OKLAHOMA CITY,9881_20250930,DIF,1934-01-01,0,SECURITY BANK AND TRUST COMPANY,SSB HOLDINGS INC,4508.0,5,4,0,0,FDIC,2025-09-30,2410603.0,4,OK,1,1,74354
NM,1.0,9888,HONESDALE,14577.0,0.0,2022-08-31,1.0,16413.0,1737.0,1835.0,1906-01-01,2,2,3,PHILADELPHIA,9888_20250930,DIF,1934-01-01,0,THE DIME BANK,DIMECO INC,33213.0,1,9,0,0,FDIC,2025-09-30,2065432.0,4,PA,0,0,18431
NM,0.0,9889,MILLERSBURG,91877.0,0.0,2025-04-30,185.0,93026.0,2136.0,964.0,1868-02-21,2,2,3,HARRISBURG,9889_20250930,DIF,1934-01-01,0,MID PENN BANK,MID PENN BCORP INC,145582.0,1,63,0,0,FDIC,2025-09-30,1944204.0,4,PA,0,1,17061
NM,1.0,9923,MULLINS,29261.0,0.0,2022-08-31,0.0,29261.0,16175.0,0.0,1933-01-01,5,5,5,COLUMBIA SC,9923_20250930,DIF,1934-01-01,0,ANDERSON BROTHERS BANK,ANDERSON BANCSHARES INC,93046.0,1,26,0,0,FDIC,2025-09-30,1138197.0,4,SC,0,1,29574
NM,1.0,9932,WAGNER,3437.0,0.0,2024-06-30,4.0,3630.0,132.0,189.0,1902-05-31,11,11,9,SIOUX FALLS,9932_20250930,DIF,1934-01-01,0,"COMMERCIAL STATE BANK, OF WAGNER",COMMERCIAL HOLDING CO,7325.0,4,1,0,0,FDIC,2025-09-30,1127182.0,2,SD,1,0,57380
NM,1.0,9935,MARION,4514.0,0.0,2024-06-30,17.0,5063.0,575.0,532.0,1904-01-01,11,11,9,SIOUX FALLS,9935_20250930,DIF,1934-01-01,0,RIVERS EDGE BANK,FIRST STATE ASSOCIATES INC,8169.0,4,5,0,0,FDIC,2025-09-30,2410582.0,2,SD,1,0,57043
NM,1.0,9963,CLARKSVILLE,24286.0,0.0,2025-04-25,0.0,24491.0,-22.0,205.0,1906-01-01,13,13,6,NASHVILLE,9963_20250930,DIF,1934-01-01,0,F&M BANK,F&M FINANCIAL CORP,38265.0,5,19,0,0,FDIC,2025-09-30,1138450.0,4,TN,1,1,37040
SM,1.0,9967,ARP,13826.0,0.0,2024-11-15,0.0,14988.0,105.0,1162.0,1911-08-01,13,13,11,DALLAS,9967_20250930,DIF,1934-01-01,0,AMERICAN STATE BANK,STEELE BANCSHARES INC,12286.0,5,5,0,0,FED,2025-09-30,4136046.0,4,TX,0,0,75750
NM,1.0,9978,UVALDE,27248.0,0.0,2022-08-31,0.0,27248.0,375.0,0.0,1907-07-06,13,13,11,AUSTIN,9978_20250930,DIF,1934-01-01,0,FIRST STATE BANK OF UVALDE,BRISCOE RANCH INC,29812.0,5,8,0,0,FDIC,2025-09-30,1102451.0,4,TX,0,1,78801
SM,1.0,9986,NEW CASTLE,787.0,0.0,2022-08-31,0.0,787.0,50.0,0.0,1917-05-02,5,5,5,RICHMOND,9986_20250930,DIF,1934-01-01,0,FARMERS & MERCHANTS BANK OF CRAIG COUNTY,Unknown,2192.0,1,1,0,0,FED,2025-09-30,0.0,8,VA,0,0,24127
NM,1.0,9997,SHEPHERDSTOWN,7640.0,0.0,2024-01-02,0.0,7925.0,278.0,285.0,1869-05-19,5,5,5,SCOTT DEPOT,9997_20250930,DIF,1934-01-01,0,JEFFERSON SECURITY BANK,JSB FINANCIAL INC,11345.0,1,6,0,0,FDIC,2025-09-30,5850143.0,5,WV,0,0,25443
NM,1.0,9998,WARDENSVILLE,2261.0,0.0,2024-01-02,0.0,2261.0,244.0,0.0,1918-07-01,5,5,5,SCOTT DEPOT,9998_20250930,DIF,1934-01-01,0,CAPON VALLEY BANK,HIGHLANDS BANKSHARES INC,7064.0,1,5,0,0,FDIC,2025-09-30,1131750.0,4,WV,0,0,26851
SM,1.0,999,MARCELLUS,502.0,0.0,2022-10-09,0.0,508.0,0.0,6.0,1877-05-28,9,9,7,DETROIT,999_20250930,DIF,1934-01-01,0,G. W. JONES EXCHANGE BANK,JONES BCORP INC,2688.0,3,4,0,0,FED,2025-09-30,2004039.0,7,MI,0,1,49067
NM,1.0,99,DELIGHT,3032.0,0.0,2025-06-12,0.0,3144.0,0.0,112.0,1911-06-16,13,13,8,LITTLE ROCK,99_20250930,DIF,1934-01-01,0,BANK OF DELIGHT,Unknown,5771.0,5,4,0,0,FDIC,2025-09-30,0.0,2,AR,1,0,71940
