CERT,PC1,PC2,PC3
10004,2.113289151791747,0.22727099938442105,-0.4188609071485745
10012,-0.4324931946759235,-0.10082717680389645,-0.06342489465616619
10015,0.7397234309951166,0.41791163548884624,-0.059980317840999886
10044,-0.9133792601684921,1.2736480610110965,0.70495250860383
10055,-0.07606455559099395,0.545592583860504,0.10035127945281612
10057,-2.0881454447920373,1.3436237015927284,0.9790808421080494
1005,-0.07921627777988119,-1.151306409425364,-0.5886231174988747
10072,0.14921990259645737,-0.34877578553912497,-0.29029271985140914
10074,0.18171565654379232,0.3717162673736153,-0.02583819855875787
10075,-0.5025550488248699,-0.21635430304970524,-0.10567618046598683
10077,-3.403326767156774,2.473569851906118,1.7943618029025845
1008,1.7089862716499835,1.3263320156423075,0.1411885016990424
10101,0.0654190504466492,0.40812525861714055,0.02557090333721539
10111,-0.22832736417983313,0.05318452104194775,-0.024030930505899325
10118,0.7024838756652508,-0.3168665363984911,-0.352819125445939
10120,-0.5422333610069184,-0.4115818245750179,-0.049679175776312146
10121,-2.170572131357182,1.0635471165729207,0.8750092944929755
10122,-0.5495998741227167,-1.0107947926279577,-0.4263130317948979
10125,-0.5448086376000589,-1.4454142666190177,-0.6098504039298254
10127,-0.2515414424499448,0.4976822737224265,0.1558828596924409
10132,-0.4359179958067928,-0.1602501056799411,-0.0998825836496728
10137,1.4931226219280618,0.5934292190559332,-0.11736274269569034
10145,-3.203385459166789,3.488611864448634,2.16681949751986
1014,0.3768803236442265,-0.6415693093937173,-0.46361938309614503
10157,-0.15303607716136772,-0.7851031073752133,-0.4303867491352857
10159,-0.16718288400036396,-0.42954397744754697,-0.2818612972245435
10162,0.1274072913790322,0.46355190503764415,0.05094830088991974
10163,-0.02214467056654068,0.30535158215263514,-0.003518319055650141
10165,1.0798044683094727,0.5183546674236648,-0.11988999382296561
10167,-0.713504450730166,-0.09468867165168672,0.027344008283597124
10168,-0.11908319367564053,-0.2543249000554155,-0.2230100440099734
10169,0.07238150837148521,0.1883480335267839,-0.08896933135234193
10174,0.31952919062820484,0.3169459506947722,-0.10081448735668722
10175,0.9903983069627207,0.49638236391877155,-0.08136125212929482
10178,0.9122950507436087,0.7402166135164133,0.0016248204147387168
10185,0.12305571249722311,1.336123516403278,0.4126108586081362
10187,-1.2811152413599955,0.31806551911366376,0.3571457696218734
10191,0.5830453949087422,1.4951475183216507,0.38221621030795383
10194,-0.030091872261450242,-0.785516773277653,-0.4650205072452458
10197,1.8687118270511816,-0.386782286478872,-0.6179104806314212
10200,-0.519676609158731,1.0888334131063784,0.4462246821208035
10202,3.27299700988341,0.893317419249358,-0.3486163751773683
10212,-0.0740934022561503,-0.47205754365914165,-0.23998518825339427
10214,-0.7002670075782869,-0.18571782757699218,-0.027824253084724564
10218,0.10625364982914061,-1.0952284217333859,-0.5986468818437667
1022,-0.9214884293725634,-1.3182914093801716,-0.42677904776007297
10236,2.4230215812839124,0.7344564441477082,-0.2319852073520921
10243,1.6628449269000622,0.5313365455128823,-0.21682586338594914
10248,2.057802492404112,0.3773486731206618,-0.3454882192403066
10250,0.37478817705872247,-0.3795386312069977,-0.3513281469692582
10253,-0.7051182634264653,0.5798098077383369,0.28211232211114506
10255,-0.47206016616676977,-1.628812364057126,-0.7059602732548156
10266,-0.7365393719351018,-0.10740327030686193,0.0187125569525488
1027,2.355544248475257,0.17056568320623092,-0.49133413987402963
10280,1.453723493288801,1.7856735705104523,0.4195919144072674
1028,0.45702534705230874,0.19916421936635414,-0.1264935337471797
10307,0.35391316850498966,0.862367271906881,0.15539963054252295
10308,0.8205849755437841,0.029169635203828752,-0.26485704837306934
10315,0.05854208468201402,-0.7018177334732123,-0.44176647239401073
10317,-1.0732274913268511,0.28966640225068185,0.27555494603866315
10319,2.5342261477724177,-0.06594345993953786,-0.5898207443036978
10327,-0.07967538582558749,2.929123135084197,1.165509413289426
10330,2.947919687421068,1.4810936769405123,-0.04553586249814289
10344,-0.6253040042635585,0.5527494200171261,0.2565596353016266
10345,-0.2794767254477318,0.027834380852315047,-0.06264148661649838
10352,0.10940501336055755,1.2619916522295251,0.35906832405385464
10363,-0.1465647644308428,0.43637868989395884,0.08343721784019263
10374,-0.870861789110522,-0.06841618910174284,0.06384886668426802
10378,0.864159479307602,-0.053769962131120876,-0.31706744618768984
10380,-0.488354739693858,-0.21735910690232585,-0.09860050961418247
10382,0.32598125858248445,0.27312447823602015,-0.045616246238204795
10383,-0.39050021420650605,-1.1133609537579179,-0.4957886875101673
10384,1.5102351196358959,0.17119649350990968,-0.3371282791525986
10407,-1.9321349303196254,0.7536863522349821,0.6886501214106032
10434,1.6299240535648503,-0.4651133201476396,-0.5380125915287297
10437,0.17322429144844861,-0.019451157864590656,-0.12708993176136513
10438,0.7914927029133905,-0.1166981533265088,-0.27160068855239045
10446,-0.03306604683324417,0.4580404237163565,0.06213367372221425
10458,0.6379620622600721,-0.1298662982824585,-0.3046808340524609
10460,-0.2562413533993798,1.953882352546419,0.7421348915615997
10463,-0.17306738346075742,-1.5791038393409134,-0.7477532370498928
10464,-0.19548252708737326,-1.4209203067157,-0.6880253633172345
10467,-0.22464574172693327,1.2463410906960295,0.44560090508662203
10469,-1.3758959543924512,0.8273234664815219,0.5982247546874874
10471,-0.5447505681118567,-1.194103785417298,-0.5044761528361207
10473,0.033025466173219796,-0.45296648400224565,-0.33385790854541475
10474,1.2970434451314719,-0.035004316362260514,-0.3531196545384881
1047,-0.2694372516485119,-0.33404444381966414,-0.19489195037369983
10492,-0.9600240165298929,-0.17224560265116715,0.0345686672151994
10494,-0.7924796642973506,-0.4968252053875215,-0.11513629080194006
10497,-0.4948291084303341,-0.31234548496596365,-0.13017459008758273
1049,-0.8141088558832641,0.038335075073430716,0.09633892213304683
10500,-0.9947501720186213,-0.5319458056186734,-0.09061408059156863
10503,-1.5630992216907387,-0.30510387499891145,0.13935110942372725
10505,-0.11499832743972713,-0.48466863588497666,-0.28588639821088774
10520,0.3794278560177136,0.31303450741509964,-0.11575540069659288
10523,-1.0259496335561629,-1.3919663328324936,-0.45035430401337684
10528,-0.03389644404088418,1.2370580349666709,0.4179951793059725
10531,1.4759077563684828,0.6272180702987837,-0.13802875091100333
10532,1.5086945623311407,1.19597523925909,0.10750848322103711
10533,0.5552401965626699,0.5685530753254303,0.024778681428908562
10561,-0.30025461059798075,0.28355833144751535,0.05904024584747898
10567,0.7733414239437602,0.6051968248564418,-0.07032909536268481
10571,-0.46304517088794905,0.03587184863809523,-0.00017604033112791686
10576,0.02285137152174625,-0.5662992501507891,-0.3875005749880924
1058,0.03299159864039943,-0.24221432541834081,-0.204368424672908
10594,1.0579247726281005,1.2187836467457394,0.20869111483044084
10595,0.8553148684533359,0.7949465747806127,0.017462663235849055
105,2.3108142155793843,0.3056860755424069,-0.4338501723403703
10608,1.604714739879318,0.32840274040823314,-0.3050973254561093
1060,-0.45419878381581946,-0.19269273874615023,-0.10264074667866406
10618,0.6478707762392236,0.5498847730251339,-0.005561553495590979
10619,-0.0521079944476854,-0.11029340461409483,-0.15248015988497027
10623,1.6450658520180699,-0.03139831024152329,-0.4400980197211673
10626,-0.9118449142200118,0.8096554418566467,0.433517214620661
10628,-0.07757568185214722,-0.6829152136908858,-0.41432604578336996
10634,-0.5415614122987074,-0.9824271460469517,-0.40933458996355504
10635,0.16081936216137932,0.16946965479915413,-0.12042237340900835
10639,-0.21955945400968882,-0.5190776322445623,-0.3042349355396554
10641,-0.078546425443962,0.16573666631605102,-0.05737622915926992
10643,-0.14001948459066066,-0.6109603040683683,-0.36293944906653425
10647,0.20817526448798657,0.9347636473836249,0.23513507696205543
10663,-0.43344861992242056,-1.0203951653214096,-0.4509675203439755
10667,0.5578825102681109,-0.24129913525934954,-0.34612279347179353
10672,-0.46429661718460147,0.15135119971314276,0.046878146525079836
10674,0.1033802725516178,1.7117934947767874,0.5416538361618546
10677,-0.10989010529031279,-0.16781604258388233,-0.18166276352424082
10685,-0.34404490039317454,-1.8897641442926554,-0.8312135930347629
1068,-0.32827563537975607,1.2077769676745265,0.5044354935970234
10704,-1.2716418655127557,0.8564082229741892,0.5488771794356277
10709,1.2220294880888642,0.30243723701515735,-0.2000931121609012
10719,-0.9348268248923951,-1.7723660121160143,-0.6414243657837397
1073,-0.8227616041616089,1.073490889195159,0.5450431119178907
10741,0.6246641724321955,0.6435465776729905,0.007665433047287204
10788,-0.11513361828018039,-0.46645128841106176,-0.20744170243904042
10791,-0.7399487447458196,-0.02389991807632952,0.11366446641799026
10799,-0.5514958141656006,0.5808739855323874,0.25725991201924586
107,-0.6503795427625148,-0.3350331956679698,-0.11390488947996527
10803,0.0901822107119537,0.3061701554629376,-0.04429672667893287
10804,-0.5898396137059606,-0.33532232004187423,-0.1294222426718454
10809,-0.8599589015005378,-1.0488475774013681,-0.357536473320859
10820,-0.7746077546460135,0.15050616655923138,0.16081489510246522
10821,0.8334850543380419,0.36162325093255765,-0.056631422654219644
10829,0.23810551517677433,0.2901934778993578,-0.07149487278546897
10831,-1.3726724409230935,0.6525106037061997,0.49137125102047224
10840,-0.062309779653576924,1.3160406504853392,0.4197862215831222
10843,-0.42032963933450557,0.5862513295749401,0.2686748329186749
10844,-0.17449297297256097,0.27270803116311354,0.03637649714040421
10845,0.1368331332994587,-0.3718087593298098,-0.29170169000321594
10849,0.16684491187683467,-0.5843975189206465,-0.3933793012758446
10853,1.9611094734653731,0.5637469501008163,-0.21952024555472133
10855,-0.048234253316206906,-0.09799963448510092,-0.15827560095649237
10858,-1.5536045230435926,-0.4326333571405432,0.08334342511561883
10860,2.5367184236379887,1.0495197381609045,-0.12441335371405988
1086,-0.9943578149344366,0.27110360905660397,0.2296291854000168
10871,-0.3156561744960101,1.6347516607217114,0.6646234488214637
10878,-0.4888126109320001,0.8353690194131252,0.33171779530498574
10883,-0.46405000459790097,-1.455473853615838,-0.5922179371943168
10886,1.140306731459976,1.059656240839575,0.0714956251328397
10903,-0.252945486535935,-1.6274053149732568,-0.6987443907712475
10906,-0.5336803912385263,-0.8905562059258214,-0.37533350600720694
10907,-0.2490557947104914,-0.4245677971128549,-0.21308818803625384
1090,-0.701420026823847,0.39335040503182456,0.2029846648875927
10918,1.3316577265697638,0.7351828450739508,0.011432025795494046
10919,-1.57742917590422,0.7740628219874778,0.5958908856333447
10920,-2.0946625177088434,1.120625957077817,0.8812297723928315
10928,-0.36067046967189664,-0.08542386247454785,-0.07131261680949025
1092,0.7022123929651602,0.6640995557529633,0.016420754278446196
10956,0.42048524357878897,0.5903495640318069,0.03211182261145208
10958,0.05105544642807186,-0.4965146736880873,-0.34368644499789613
1095,0.12087063559462796,0.2586935915663924,-0.06850543828273746
10960,-0.8098656046167066,-0.2686160856847638,-0.04580735903162345
10962,2.0075295925533614,1.2390461885664392,-0.0033678112186614462
10965,-0.16239109233701712,0.6325916219172234,0.17012357553969873
10967,-0.3972540331350261,-0.520449234985918,-0.2612256341380452
10969,2.5568116218040857,1.007136689820553,-0.2026466552507106
10971,0.4414862985033198,-0.4562022227333169,-0.40614262695410247
10973,-0.41328220784249675,-0.5797027134442626,-0.28108531283497784
10976,-0.36726643817933174,0.1563792839994955,0.014628879579868375
10980,-0.2570465010431975,-0.6529798522289125,-0.3539825143413513
10982,-1.4907990089855596,0.006311031992902398,0.25070479824789416
10984,2.0135786850842083,1.2129584664142923,0.0029692174316915836
10989,-0.28715392709785026,0.05385268754849541,-0.04581124092803571
1098,-0.9741304724768168,-1.6558233657923864,-0.5838311535413188
10993,-0.3166657734588058,-0.7644964324780706,-0.37181417953490975
10998,-0.18636035655103375,-1.3434020274898955,-0.6613651747115575
109,0.6131851923709195,0.4043250675252934,-0.04193902323490765
11002,0.23417093335551156,0.9851226659687787,0.28223438608776646
11003,-1.1728297298715153,-0.8450961726669663,-0.18146206220685057
1100,-0.026174362393899628,-0.7916734941138807,-0.4566972948303715
11013,-2.4443429557939615,-0.3712254050901021,0.34833496307799605
11035,0.930845513181495,-0.8111924039861472,-0.5992386614676231
1105,0.6346890118042745,-0.5748077340299719,-0.4725961680739343
11063,1.9719160152897177,-3.5760488792943703,6.17749356766893
110,-0.3161284754135387,0.5464676484035561,0.19694510469237436
11112,1.7866268910426404,-0.08239956542581937,-0.4906204144479299
11113,-1.5465472875952675,1.1141246413299588,0.7767560964663118
11124,0.10158872743277576,0.09493664314987531,-0.0831927200383489
11133,-0.4655186576787049,-1.7379676985520998,-0.7536374234998956
11159,0.3887371257273254,0.46128267552003194,-0.01694572614379414
11175,3.682501623687534,3.4051954404288884,0.6085502679514521
11178,3.1427803803783387,-0.4373820719938266,-0.8546798981708486
1117,-0.10917856643752519,-0.0798301212533744,-0.11474174948166699
11181,-0.23927549183417618,-0.3684718493719777,-0.21655192084901223
1118,-1.0429526648204477,-0.8747904402292253,-0.23798091709659522
11225,-0.331457073902747,-0.3113519903025352,-0.18602600392909868
11228,-1.6101586204045728,0.5940917175789237,0.5289623201279291
1122,0.17281163679501854,-0.04534489554240927,-0.1894393927116336
11232,0.025320231677010984,-0.13129686529310736,-0.20848630206930757
11235,-0.8095574642485931,-0.3431108132587086,-0.048165342589244924
11236,0.7932127506457768,0.098403135786219,-0.23556628877779962
11241,-0.00856169576738123,0.5830622722172651,0.13526977185232572
11242,-1.8603631679940171,2.0705595779981403,1.2546988921884337
11243,1.2567629749751743,1.154903617962078,0.1471530031127702
11252,-2.9127719230700553,3.6708263530343843,2.2046839907081135
11259,-0.3369474820211251,1.0885268442218001,0.4005207409277695
1125,-1.0655346740998493,1.3888039753245898,0.7330541673900806
11261,-0.057349581365845656,0.9247368345949397,0.28528000599204706
11295,0.02036578348697694,1.1239562349087773,0.32493465094075974
11299,3.5231969175328444,2.2437191004760146,0.11626544644589
11302,-1.5484534576078142,0.8718379277732028,0.6357197726650206
11306,-0.5935239132275866,-1.0932982325616458,-0.44922210294527515
11307,-0.6569816848990914,1.3956427063318135,0.6388912437657751
11310,0.36429560235379516,-0.6554418699746446,-0.46592757086130987
11317,2.893678077114854,1.534527129332245,-0.014070247755105956
11319,3.042961090568535,-0.18078432623096685,-0.7572635051807204
11324,-0.2652524860493041,-0.21971681834529477,-0.1702402308468907
11343,-0.8876347148957676,0.058270345106403505,0.1432883559468994
11347,0.36569465774213133,0.020682448238462443,-0.14077691040763954
11352,-0.35682939556012216,-0.9822477010636811,-0.4647834743055281
11355,-0.29870985016483154,0.5859616429989446,0.24621759197969645
11358,-0.10738824581108727,2.1844359713713373,0.8066093210495273
11407,0.02688492541356997,-0.6954450999422026,-0.44270689578244476
11409,-0.36029020735413547,-0.5896510280114352,-0.2915508633983294
11415,1.2349882463604023,-0.3017959811414103,-0.4779757172145058
11417,-0.2606675642394056,0.9534774108026515,0.32053096634144995
1141,-0.0651001036051267,1.226039823133868,0.3947031744371604
11431,-0.9592868529974821,-0.8618637488893225,-0.25482617115733214
11445,-1.0333735664413992,2.325296780197371,1.1222566921926038
11446,1.0178072270571494,-0.9245079568734019,-0.6420412531034235
11448,0.27242305370127273,0.1112209953202469,-0.13445153937635282
11459,-0.03463449575343982,0.7157843932151845,0.17017807276245328
11462,-0.0493002763450845,0.43962979623405807,0.06297940713208887
11463,-0.12321964607009936,0.7692511583982854,0.2895634607515669
11465,-0.11135479880140696,0.9525267777957307,0.3321940930607646
11466,0.22381288237105507,0.3546647165999912,-0.028687751247558933
11475,-0.8005771691038461,0.00028892211273480814,0.07316616326763035
11477,-1.4534192422007985,-0.5874807548737941,-0.008256034623284307
1147,0.25571564395572943,-0.7184921997599121,-0.47568226228705035
11482,-1.3199740781477942,1.1086778000213984,0.6813015941714832
11491,-0.7611576996688482,-0.3530566547112565,-0.09369257024771993
11492,0.3359093115400653,-0.14668687411112416,-0.23883066697121821
11501,1.3089832373771304,0.1195381400869446,-0.32821508760193197
11507,0.11219500539382468,-0.040081093782689405,-0.15093331444155775
11519,1.30181540879421,1.440012578086342,0.2543806432196716
11521,0.9653316823142212,0.39622629989807207,-0.1034828492971295
11522,-0.1462890254184503,0.42285409446911304,0.07023364389168783
11526,-0.08591153827111103,0.8941418730226443,0.2785116147631193
11527,1.158604233864135,2.448395465906254,0.7093617118130339
11539,4.035953977357369,0.19870392958575014,-0.7778841576431428
11557,-0.7390197323296253,0.020549976450533487,0.05680970869173789
11559,0.06019955153923094,-3.007711540135187,5.3574452135939294
11569,0.10893461546551575,-0.5422749627417991,-0.3459016259900591
11570,-0.9380246078596985,0.17178968945528153,0.1729887420798661
11578,0.9456640833653271,0.582569226425213,-0.037930253647615854
11580,-1.9774832726489369,2.035065294516209,1.231895608446087
11582,-0.3896707551601799,-0.36436253436496946,-0.1530782721807816
11595,-0.31655471874856345,-0.38522109446652675,-0.22087943887028993
11601,0.15919304899770073,-1.2227033845580364,-0.6258682518993768
11608,-0.2119693915403936,-1.1501639847908003,-0.5378633309156343
11623,-0.08598106299072325,-0.6775473209744859,-0.374875064621781
1163,-0.2520900994852292,-0.9285351182562506,-0.47099361320746563
1164,0.2748075587083299,-0.1337958836150901,-0.23541238117011581
1165,-1.049724537502045,0.51854332688389,0.3484122029574003
11666,-0.39011749917298433,-0.7208735348903846,-0.3349378859071342
11667,-1.2871190323528245,0.19463701253206578,0.30229418707422906
11669,2.0843900954153134,-0.39528806119431215,-0.6535866784482045
11670,-0.10097163998517238,-0.2629877482973583,-0.20140130614117746
11674,-0.30371068019224323,-0.04973720531408345,-0.06959509807596133
1167,-1.1489496814685969,-1.8859774251204322,-0.5988179142739075
11680,-0.2661612050762932,0.21920393865484544,0.07465977534624736
11681,0.22453647512054453,-0.22803873478644932,-0.22343205929312046
11682,-1.2092689558969743,-1.051446351251931,-0.26645694749239957
11686,0.5815989749457245,0.2834254623913936,-0.07842216978310401
11699,0.2200388016792859,0.3491718851906556,-0.0011050012493508516
1169,0.05008650376268138,0.16448529650452523,-0.03394677914749249
11702,-0.03283972493255663,-0.27400500786677884,-0.22711025227352563
11706,1.2799098982371453,0.9987324399562257,0.04585153277156377
11708,-0.8467723155862675,0.19193439489783642,0.17527662285235185
11711,-0.6438807434842624,-0.3310963775225587,-0.11618310938158302
11715,2.9479662737111747,0.28840423109472757,-0.523936197299246
11716,-0.2578299686004127,-0.3030044672059549,-0.14840984710831778
11719,-0.4199028924145846,0.8133644877103846,0.310859764943171
11722,-0.3646193556772282,-0.29715063043606815,-0.1465951031271684
11729,0.9412381781727943,-0.7055399525648055,-0.5557191216508738
11731,-0.0052988847284263715,1.186624525028543,0.40360530157613017
11732,1.6919120829694263,-0.08127987429716474,-0.4277112006814191
11734,0.2492744685785849,-0.834714689195303,-0.5124161223509116
11739,-0.2659869497938786,-0.8879819347153804,-0.4366504657461871
11741,-0.11695103845678206,-0.9895384211891115,-0.5042018766528761
11746,0.4633845601867276,-0.7682880171839745,-0.5390326924347567
11747,0.015317253881871482,0.247683725908984,0.04107294313021033
11750,-1.3508921468797819,0.1618330073845341,0.33313028581222615
11759,-0.6784149011575974,1.575562573595793,0.7932890663636245
11763,0.36423592204927135,-0.5047717474130059,-0.4105676782421159
11764,-0.16584916257685955,-0.26762321950946405,-0.18973285120131725
11767,0.0008708647960149347,-0.7658207544250665,-0.42490014900238776
11771,-0.3714797511985728,-1.3346575220889594,-0.5941814777920403
11777,0.1925217344447308,-0.44965429727984424,-0.3373326320417176
11778,-0.5020289207471764,-0.9822214429651933,-0.42121744301615044
11782,-0.8246928516960942,-0.16780503665614704,0.0070446356469590935
11785,2.3997018460543607,0.9345550173684237,-0.1803705189819153
11788,0.5023274642043961,1.0674445813028652,0.2174943844134608
11792,0.5000427725348798,0.7573364982953877,0.08723331914184203
11807,-0.21475172627628097,-0.5643979778737982,-0.31381788275565575
11810,1.855258583463058,-0.26531156447591064,-0.5739446266850802
11813,0.5824541544237997,-0.7383989767399466,-0.5237844785450783
11817,-0.8561519785886839,1.068202176272624,0.568299510479172
11821,-0.16479076018067648,-0.0727233151558288,-0.13053464607843218
11823,-0.27605437949534795,-0.18593093129721328,-0.15203330467641094
1184,-0.08406613192390994,0.05088403579467466,-0.10498049637636807
11860,-0.3781181668961875,-0.7519637007024673,-0.36238152097681653
11862,-0.22831246705672298,-0.399577015063998,-0.2554974471684051
11868,-0.3668819248845611,-1.2043593825452785,-0.5440073612597254
11891,-0.10331366793009698,0.6625313652357583,0.35248845986574145
11903,0.25818768967179323,0.6543675646846441,0.06341839387509134
11904,-1.3844459157497924,-0.057642616289427386,0.1955811367479196
11905,0.23811210605416347,0.5425566351131833,0.07272940717334582
11907,-0.7555063014068936,0.4735151927649202,0.2530363003778095
11916,-0.9062260482422365,1.56722028729868,0.7712606619095493
11922,1.0410581030794033,0.4439488858238672,-0.15344222102115548
11932,0.002741738666724705,-1.2789103654676246,-0.6790264676293717
11934,-0.44981379045842235,-0.49592720572820903,-0.23627724859685512
11935,-0.5512307854569183,-0.6819346034537462,-0.2869342847010608
11952,1.0986950674506086,-0.443007057433842,-0.5337526559364746
11953,0.8897385854756421,0.51086057322505,-0.05592535636041741
11971,-0.17853888174853869,-1.0097850090915002,-0.4982333816574269
1198,-0.1268429783821044,0.9551129178178018,0.2856017507360599
12010,0.10108677533407946,-0.5244232836750918,-0.34970699492679364
12079,0.22700563340784838,0.5733184486337095,0.08278463175142033
12086,-1.859839393640136,1.0535642664554752,0.788095176819884
12087,-1.1656596120977543,-0.2953518789242895,0.04523651148237956
1208,0.29436156347247633,0.07636294613884284,-0.13718372302045143
12098,0.024249254915124866,0.1922979212209796,-0.05339782813621601
1209,-0.13368150474112517,-0.224669239365129,-0.19628498110802511
12107,4.766748530805044,-0.14699579108171423,-1.0160501182049664
1210,0.22992090068963078,0.21923625861523915,-0.057673880999954595
12113,-0.841218449919195,-0.5930102016034807,-0.17350144490738037
12121,1.233148080938439,1.7158525260554502,0.38026624746861365
12126,0.49636062885780396,1.304289415486596,0.322214561772128
12128,-1.7597805025808906,-0.838961155498197,-0.009105132997797442
12135,0.8225771518197394,0.5790378553354544,-0.056076630854670954
12136,0.049477589661031385,-0.3446238815854191,-0.2877644864725211
12139,-0.49029328148319745,-0.9648889810642929,-0.40965694230371247
1213,0.06644842105290376,-0.5299588713054806,-0.22360321644068507
12149,-0.33390044735476215,0.6790009531578676,0.2296707227637702
12162,-0.8060602600059277,-0.0891488088008403,0.030239958491894942
12163,-0.32611014730511284,-0.48961761717135877,-0.2027483251549519
12166,0.2478822993045027,-1.2031339038075946,-0.6661428507929011
1219,4.046786404293116,0.2778283399963672,-0.7051347299466177
12201,-0.28620190182345334,-0.30693994039599953,-0.17317053658776804
12203,0.8882258169584992,0.41233586210296674,-0.11945228957614329
12204,0.2543145220798876,-1.2218332005722417,-0.6809664254520796
12207,-0.7352905832665219,-0.14736955805915972,0.02032046450288955
12208,1.8494604261207934,0.3851378289698581,-0.3002915329325369
12214,-0.015585994190781827,0.15234519498476215,-0.07446647855024517
12219,-0.8339241926918283,0.5851816859561425,0.35236242168207177
12220,0.24750960913173517,0.1746151791546728,-0.14133564278821706
12223,0.8215674033136271,0.12083291682803625,-0.23006258134151072
12225,-0.18745469669702094,-0.5610991227528191,-0.3331957576961321
12226,-0.16924756561567117,-0.8676959735175543,-0.460786671787233
12229,-0.18064003520108304,-1.1146268944821998,-0.5385962980754687
12230,-0.21387710586876313,0.21529423790370825,0.018003789810218596
12232,1.0698605780445705,0.877722504926707,0.07796053815653935
12241,-0.24765403720913962,0.5390992220162549,0.1726043248315029
12244,-0.7598012756046505,-0.7781431105785614,-0.24963265732869017
12246,-0.20145497776100038,0.9923283155231312,0.3772727418342797
12248,-0.06558348528905517,0.2856529706060155,0.002844293440496056
12258,0.7005553620513334,0.4522315737123309,-0.07699780587784003
12259,2.430267626965976,0.31070019165671403,-0.43822311854868234
1225,-0.5051303148071371,-1.0410815552334005,-0.39876691137902764
12266,-0.2530765567011646,1.0747724868946678,0.4257185246463268
12283,-1.042352077669551,-1.0621734656762616,-0.30579641488812903
12284,-0.6530412191597175,0.06171320916639359,0.050983641713169256
12285,2.836900230841201,0.5064955394825542,-0.42256037499631277
12293,-0.9771353685173803,1.9876037515316933,0.9448782000591339
12298,-0.30155268879704994,2.2131642946357815,0.9097182722158504
12299,0.10283995689267987,1.0523855035055825,0.31666231888791774
12303,-0.6540838428879332,0.0006261740497053199,0.025643624325591727
12305,-1.7337958863410832,-0.5629994779714218,0.07662780809708182
12315,-1.6682927414463586,0.15656156299801738,0.36104502182104814
12322,0.3810794937266693,0.16793636748173696,-0.159412583258679
12325,-0.6777416965998343,-0.660151952975929,-0.2443287719096597
12327,-1.0370890317299621,0.2673851773462884,0.2397443740543176
12331,-0.24764881346213954,0.6933168688121896,0.22185596354125992
12349,0.39649211961116154,0.04841348451005253,-0.20679818658817378
12354,-1.182265361000191,-0.23344148235906803,0.08723571195207348
12365,-0.09977954779249958,-0.4277878728165628,-0.27669975926346113
12368,0.572992032870694,-0.5316803355606655,-0.4454694049058974
12372,1.4054145519145496,0.5487504531781787,-0.08000753758255934
1237,1.1811238420362777,0.2154798162423445,-0.23494171350933762
12383,0.07169823801254943,-1.1272849567103533,-0.6179865205325318
12384,-1.025882118228376,-0.5291901881213753,-0.0828236979535496
12386,-0.4621276472504905,-0.6464491590482537,-0.289259172889751
12388,-0.2713000586170267,-0.18058408075016635,-0.07160078843803538
12402,-0.8022874876465959,-0.6922901298105409,-0.2254963292118752
12410,-0.13331633702156998,-1.3859117143942306,-0.6602883913602412
12417,3.9319301059579423,0.419646819611199,-0.6413455017857547
12422,-0.21374167458527338,0.36272924055752187,0.14560448635803072
12425,0.3681814626337169,1.009479819231811,0.27010424607160144
12432,-0.5748847075342696,2.6766501820957442,1.2285681413859375
12441,-0.06972389672330913,-0.465216238370523,-0.2823721460526611
12444,0.2962456243651267,-0.40277288303091835,-0.3403373715772685
12457,-0.2689510144515608,1.971504672770294,0.7559779316450445
12484,0.6137048942050858,-0.5306739709897705,-0.455925089707149
12485,-0.41191461371862126,0.6720775497733077,0.2773788591822983
12493,1.4601427514302998,1.6787465038757008,0.3562988262387302
12511,0.13759025268877065,-0.03845334682666828,-0.16724086209538339
12512,-0.2984250115952627,-0.01734554073069294,-0.07590018029861476
12513,-0.8720921805117559,-0.22907596599951596,0.007618534487952025
12517,0.36128849391173834,-0.9456576022298333,-0.5709337758888271
12531,1.2865891661594577,2.1939043533533007,0.5633298320251923
12549,-0.34306559086970434,-0.863722161071115,-0.4188194532457821
12591,-0.1686140399423098,-1.4526206012198826,-0.6586468080372335
12592,-0.5917838895291042,-1.0973923883051502,-0.4441716583245398
12594,-0.0019389572118724125,1.2790555883119956,0.40352390114900977
12602,-3.0027404977220598,2.1422008183842483,1.5600815985692367
12608,-0.2760813019368745,0.6521771271797915,0.20271080028254124
12609,-0.07193545581509807,-0.9374449687987485,-0.4914730492009999
12611,1.0579795629961575,1.129582321857767,0.20130216928063605
12614,0.6232518240444699,-0.007993045881060343,-0.21878822483014665
12616,-0.8848583583891839,2.181260211235948,1.016764665198198
12627,2.0654233283756356,1.6484740504803705,0.2030439572624771
12633,0.5764903013921231,-0.43677381004461563,0.39734516027996447
12661,-0.008775289658810463,-0.9451625782350004,-0.49988900924970897
12694,-0.10525491710159918,-0.25074450825283295,-0.17455962436021813
12706,0.022060470388231616,-1.0752673327289022,-0.5636211445766776
12717,-0.8456621213103773,-2.545440919472982,-0.9890854773444261
12722,-0.02786236896078306,1.3998550178147495,0.47865513738375404
12745,0.35582162575342624,1.3942044634361048,0.39259160175787344
12757,0.6071861937128249,2.1266076604925708,0.5912310889631159
12758,1.5001495244277543,1.9945821815477605,0.4492621767999589
12761,1.1284495648580584,0.9632710922947,0.10086477557048092
12769,0.3250941742602594,-0.06277185777689001,-0.19514467916058542
12788,-0.5854994846842606,-0.5415501514828259,-0.21876868629222557
12814,-0.4500697379594492,-0.4028318837119503,-0.1761903709477287
12815,-0.5628565606909706,-0.01743301081016403,0.00088195782463023
1281,0.4466794013957895,-0.4900136697094598,-0.407289099323298
12828,-0.06891832008951142,-0.5919530378729702,-0.3492561617034196
12836,-1.558250631123261,0.35183754353731567,0.4135560656506141
12839,0.4155151483683049,-0.04446934491607445,-0.2155177491852743
12854,-0.2984390702256475,-0.41600757757165374,-0.23443596697056643
12855,-0.7944915218966336,-1.4096430335963694,-0.5247467178127815
12857,-0.6127796356298731,-1.1637001820874258,-0.469285163845285
12858,0.3013658998378688,-1.1949737531865585,-0.6493666636868177
12865,0.04917478637917802,0.7987326457095649,0.23411423077121973
12869,0.4077853772089949,-0.21998418600889896,-0.30343439271602624
12874,0.46708896524459015,-0.05106475444236542,-0.22872108625445273
12885,-0.5694499596648593,0.8110008544913907,0.35775466807532025
12893,-0.7560179967810221,1.8143222511766743,0.8671383539565157
12899,0.068544733331785,-0.012916511713756514,-0.10700017011155345
1291,0.3547332190379691,-0.1359367007338593,-0.2472139711755462
12944,-0.05680235441538462,0.5833118068403421,0.1546443008764359
1294,1.2102589467320986,0.3804074851055201,-0.19709666651909133
12956,-0.5315311892704897,-0.5397452220912636,-0.22178575447103605
12959,1.0901979254899508,0.4650213886523271,-0.11267371610906875
12969,-0.07877752078873318,-0.3590526196585388,-0.2543656151010403
1296,-1.1531970221705177,0.4998759025538166,0.38348660693546827
12978,1.7358705191962682,-3.3842113711749717,7.539236854922032
12980,-0.8629557761778266,-1.3032263374027155,-0.46501937329679255
12985,-0.028549261680500027,-0.0857741738467004,-0.1086530245250887
1299,-0.32071390476560774,-0.8679198140591688,-0.39316446128944516
13000,0.08368526030664948,-0.21856799509910568,-0.24416505959207557
13006,0.16656070959391567,0.5131686986519267,0.08135739289592352
13012,0.5328328374948949,0.20757033872185393,-0.14141416576378962
13018,-0.9695560721411822,-0.8287139189566858,-0.20860527359662512
13020,2.8720410403292123,0.013891220572218078,-0.6212509454178391
13025,-0.330370363314175,-0.5945158272498617,-0.2828489930287032
13030,1.4501667406820966,-0.1596788729269743,-0.4750869285231604
13032,0.05477456388150832,-0.1731367774212198,-0.19653469241765528
13033,-0.528319697391956,0.17784646991335282,0.06830143495165834
13054,0.6797466294533012,0.016454695395289157,-0.16659753071864508
13055,-0.6936738865705223,0.098603546166974,0.09826211806829023
13058,1.609404781154993,-0.2199600320265202,-0.4801205977817268
13063,-0.37029079969014556,-0.45650348445609285,-0.2284876482424673
13068,-0.06290903343794209,-0.8983153089099482,-0.5067332107473389
13071,-0.17800260023576267,0.26922260958049266,0.03468544864892803
13083,0.8406542999010904,-0.09827002416880691,-0.32378161462959243
13102,-0.5656031576070191,-0.13321578201059275,-0.028834093265998183
13107,-0.3152292253299078,-0.31757698381493854,-0.1871712538170798
13109,0.2763023848992954,-0.6956062895515275,-0.46999771503818194
13111,0.32604529266020854,-0.05756012901858364,-0.2147748074485192
13112,0.34094169323709256,-0.6566749627214825,-0.4621308704664077
13113,1.327244586924191,-0.3352083451333261,-0.42016894789341913
13130,-0.2089621143501801,-1.193438503203814,-0.5841403364092467
13167,-0.6627279394479089,0.22281707094170025,0.12112220003460088
13179,0.16920245345545465,0.7609813646508821,0.12540329743570733
13195,0.5462371022354682,-0.6408236069129635,-0.4837103038418758
13196,-0.8714991778904687,0.09206429970789717,0.12185047308912435
13198,0.6314951756468756,-0.16667979490448248,-0.3207506330515771
131,0.0391102465513842,-0.6288190512324069,-0.37877160923762343
13209,0.05650230757958251,1.2042714905968763,0.3681842591317083
13216,-0.23512918198072433,-0.9533842340098548,-0.4663101788160877
13220,-0.7018707500015231,-0.6501105691012689,-0.23173336928524338
13242,-0.7011140711479089,-0.708508260720387,-0.2591788977774236
13249,-0.5838650864149205,-1.1306841258455624,-0.4622208054479145
13251,-1.949226632151115,3.4693367769970065,1.8358338218282269
13255,-0.06831020531551818,-0.9087681593028129,-0.4873143796420395
13264,0.5102806105144597,-0.3503231182692816,-0.36689316923113496
13274,0.4192425795534417,3.0693107594747353,1.0622771011660235
13297,-0.623707645040962,-1.9755181044182109,-0.8041200032429298
13303,-1.1900481256143334,0.9386841902708924,0.6257742246952221
13305,0.4846096254620931,-0.26736358142136774,-0.3189867214423098
1331,-0.307527326847299,0.22721276249145772,0.03048616336068841
13339,-0.010477195234357304,-0.3724048778695794,-0.2662236256618634
13341,-0.41660750060998014,-0.5077703018260353,-0.24120876891772924
13366,0.9717063092678412,0.1704186797105623,-0.21653518243089068
13381,0.6487399687924379,-0.6794440957100781,-0.4683094108478988
13382,0.12547624973487065,0.2795610746969048,-0.06484841959359883
13397,-3.1986178696920016,0.13022166133141527,0.7655732400517755
13407,-0.5308522467514929,1.5430705102731035,0.6547432436567723
13415,-0.8976944001349055,-0.2000106366502927,0.0068019270352842635
13416,0.544832062312233,2.3224679619995805,0.6907636018933397
13421,0.5262572462318664,-0.8690087381199062,1.2552999665469475
13430,0.19196439070895877,0.1889172102099893,-0.10236166646618737
13450,-0.28494986258157456,0.4735282212364138,0.1257215140324046
13454,-0.18621383926180518,-0.003537320272837461,-0.09314019769116304
13561,0.5059186612696569,-0.9012196270451581,-0.6058912739267713
13565,-0.8379836616628732,-1.378623980210061,-0.5034351461004476
13582,3.5925268847981675,0.2941856624645428,-0.6561462210614817
13599,0.01873410871036724,0.022955980288381885,-0.13443186904535018
13600,-0.43830176341445526,0.48340382905340407,0.17067489203295297
13611,-0.6248485437874622,-0.9398126923678846,-0.37651981530427525
13616,-2.4647433498878173,1.194343681446968,1.054059692378549
13622,0.2928132608339882,-1.1428065287062097,-0.5999667875503127
13632,-0.5619207051608333,-0.33118239879461203,-0.13803142004167762
13652,0.27745355702665053,-0.17390156802876047,-0.2569421290515662
13656,1.9376254583337307,-0.9585003983251582,-0.8580996781271077
1365,0.1974164680722621,-0.9312876411116701,-0.549564801171912
13662,0.007829498194675249,-0.10348449779647685,-0.18815486741058848
13692,1.3944147696774305,0.4148484968273496,-0.207967118149193
13696,0.7849161332151011,1.4889981561261043,0.4183153216932849
13703,-0.5345611076014437,0.4690644175491799,0.19606661307455625
13712,1.0744431321915993,0.4690031931531246,-0.11569317284385666
13715,-0.9587123665085856,-1.1705988580750513,-0.38445039041836426
13716,1.532382665027795,0.1668306410278634,-0.31379902919080616
13729,-1.236627052651272,-0.30121706741889936,0.05409620150486112
13735,-0.2893604845616744,-0.14098675437303285,-0.07428632461657311
13736,-1.1198482730481332,-0.6741597196831505,-0.08879241991049458
13737,0.4037318013226108,-0.6129546194404241,-0.43006778253693495
1373,0.8546628458050365,0.4363045247356504,-0.08026813545633492
13748,-1.057840759472707,-2.0656657465720967,-0.7334248507941398
1374,-0.4405585861409905,0.047292702626714145,-0.010939285382164972
13753,-1.125901276142162,-0.5011732170385185,-0.04484198428639733
1376,0.41906650496709286,0.20357715365262444,-0.09508176409343337
13774,-1.1806588118433852,0.5820765810164067,0.40961975207297474
13775,-0.5777283287292033,-0.17833145616426313,-0.055943991050606205
13784,-0.35405276159831334,-1.2732931421096474,-0.5745401709638808
13788,-0.2585603077411227,0.47332897618259584,0.11861483811087407
13794,-0.5542873922548229,0.028348283780876445,0.01273680624462638
13798,-1.5555648450243873,0.6036010815170373,0.5267434947877546
13801,-0.39568761100314576,-1.337229350918973,-0.6041678806457457
13802,0.032998474600136225,-0.4292910580887463,-0.33262045028267767
13809,-0.5218930835232661,-0.15360267421969875,-0.07421414084148065
1380,0.0658441690530432,0.5965206806335401,0.1290330884288947
13813,0.10456187472627725,0.4238646932938054,0.06831120639516831
13816,-1.2912667580176598,0.23620278605134576,0.29618121630544025
13819,-0.035001222019959484,-0.4391767786813693,-0.3064335184794969
13821,1.0735054034385285,0.6271725703281894,-0.08093977616428887
13838,0.9498531179002803,-0.17199308527368332,-0.3752571707377097
13843,-0.04033841851701701,0.3968635508923449,0.074292004022793
13868,-0.17448752625198805,-0.8800887058544697,-0.45839398329017594
13876,-0.011399051554060263,-0.9272798024989541,-0.48318197251904765
13883,-0.42854174242638987,-0.565077562945271,-0.2711203813523327
13887,-0.35116581055403373,-0.6443728936953416,-0.2884403155404559
13892,0.13204646725606972,-0.5933328137045542,-0.4175809196430598
13897,0.42427124728230725,-0.2458913533817469,-0.31400116628213837
13902,-1.2295664411896037,-0.7204856336065675,-0.1175084410679589
13905,2.361481542099558,1.581074223145839,0.12002407469921157
13919,-0.17517468205602335,0.2996549415302448,0.03352265777954909
1391,-0.7802750914851375,-1.0170426914900508,-0.3620445684890043
13926,-2.2282117386992932,1.2561644010818516,0.9710935674838478
13931,0.30979613654809846,-0.08185144299122475,-0.12804630583838197
13946,0.6897228397395929,1.0092772178717362,0.18270162179750826
13947,-0.5552339474498001,0.00827956904574735,0.0027496928898603384
13951,-0.42165133152003387,-1.030638597926685,-0.45736383058693975
13953,-0.12016162046588637,-0.4920433387274443,-0.2783496791308763
13960,0.5847826226410853,1.930907978552084,0.5794536069948771
13962,-0.0309800056620248,0.034558108083082135,-0.12595489456084905
13983,-0.33217104704110345,-0.751570193145756,-0.34671932580103065
13986,-1.6372059922752684,-1.3535474218485668,-0.2806025419927468
13990,-0.8886626379218805,-0.5636911488401871,-0.14333350771060618
13999,-0.1854619675646654,0.8034536145879692,0.2543615621466441
1399,1.4924294005473968,-0.0021737796348818665,-0.39885587991593974
14009,-0.5411612341690284,0.6069479821189162,0.2532223232790853
14017,-0.002403244749338821,-0.49615571471559505,-0.3325989235895265
14025,0.020724835643762655,0.3186959733693702,-0.020559021950165676
14026,0.34793339358449177,1.7890248323503504,0.6112227398909907
14029,0.6809602404296853,0.5126361577464772,-0.015675934444850475
1402,0.663703575875777,-0.09126043081949306,-0.2841156526621553
14036,-0.606718110870037,0.034401376538781434,0.03359540445770462
14056,2.562233370864589,-6.42874860298276,15.16339483867956
14058,2.0126798292220975,0.3471257176635687,-0.2937335743273443
14065,-0.002983784666067311,0.09630298734175162,-0.10250405024121467
14069,-1.057230204210818,0.9799481169811202,0.6601944658623512
14073,2.017577426092219,0.1688989466866159,-0.4249985067392135
14079,0.6813150707060458,0.2485477619502258,-0.12188611531346034
14083,0.7790132138709076,-0.6104197844479581,-0.5248486095065159
14095,-0.0006154645954582263,0.5753192505750946,0.09756246368734899
14096,1.1192893843333742,0.07899715837282699,-0.27830681469379087
1409,1.3372452795817356,0.0017136316683767326,-0.3692125926291283
14113,-0.2596371107503976,-0.39276139277898764,-0.219368410492968
14134,-0.5372755381884468,-0.5110982075717699,-0.18121583054778373
14136,0.2315274075344321,0.07557318529691118,-0.12015809054055009
1413,-0.04712708040865733,-0.9801649149306367,-0.5025826768595102
14140,-0.058988859280206384,-1.116748891233782,-0.5369367548190727
14158,1.2723891687026814,-1.0500347714543612,-0.793865260521341
1415,-0.2079362299569515,-0.152511761449462,-0.1336452776227757
14168,-0.045472186206781104,0.3373884564106852,0.03169409080083106
14178,-1.1780396837661826,0.18442275337134426,0.24216238309094856
1417,-0.2579850303371187,-0.6762317749051682,-0.31930200443417306
14184,0.8658046013023433,-0.24852089216443357,-0.3803537022378548
14185,1.0035302970339353,0.8463372206226446,0.06935630972771799
1418,0.8550814297396518,0.2582753749090407,-0.20696886238555295
14195,-0.5741450580317015,-0.18851627065028698,-0.07325227452248727
14207,2.846036633460445,-0.5266084816042986,-0.8213943693801489
14208,-0.4948002857232266,0.7610613542936207,0.30289628254653017
14209,-0.9734705760948841,-0.16461665120820376,0.05686460195395192
14222,1.2860459763286118,-0.26217604101951675,-0.4556712229593548
14225,0.31236817164384467,-0.07148990909923333,-0.21243117977816167
14230,0.5913603907223032,-0.06212026540986592,-0.26759809460699613
14247,-1.2418646410446972,-0.2246446381470108,0.08819174584868945
14260,-1.673161308466017,2.2309529161456103,1.2359655933024825
14264,-0.45311922902938423,-0.8728436523607594,-0.3921562032916671
14266,1.011251242844701,-0.020364113755410324,-0.33898203742067684
14269,1.0328969699061434,-0.07400403431922324,-0.3310322360689601
1426,-0.19381145559528615,0.6731506394690105,0.20537512994818086
14275,0.007717195461015408,-0.307267055631173,-0.21856102315081888
14276,0.009658755129613589,0.17417008930221095,-0.03364338272155622
1427,-0.7721016352807808,-0.008224425088996606,0.053340412045443666
14281,0.07042983049979702,1.3926064772416638,0.48431078261779376
14291,0.364296980824216,-1.0126590390626495,-0.5901892588731567
14293,2.2985359761212285,0.604625066882273,-0.22052215356625463
14311,-0.7284147491210704,-0.7778167890240539,-0.2719547161402657
14312,-1.0585316608985806,-1.7681232766362187,-0.6084634012399237
14316,0.4358673303260225,1.143881067550755,0.29805406788790856
14327,-0.04466926257049373,1.5675866237396021,0.5593644802856095
14331,0.3271705124767818,1.2942802083339664,0.3314399719607705
14333,-1.106657997068346,0.395100745837589,0.31440848208823285
14334,2.9776869521807017,0.5956023002625578,-0.4111945447877381
14344,0.2995254762001877,-0.07464402433785823,-0.1633460491218977
14349,0.17633980599462634,-0.709764078952914,-0.44000299817165167
1434,-0.749076266785812,0.6740543021351381,0.33370796640445766
14352,-0.09446343121397213,-0.2771366489852592,-0.21824148910700655
14355,-0.7993405902112276,-0.001915360377820207,0.06638608202170697
1435,0.7284774149167125,-0.5273172613608932,-0.4337400726843564
14382,-0.30785861047988067,-1.1183348571190008,-0.5227914526452077
1438,-1.255709718523415,0.09357157285514862,0.2255426509937904
14392,-1.9487537870813683,2.1350235759484404,1.2719256265983379
14399,-0.8999570546170511,0.0331766726258377,0.10767044634495708
1439,-1.1713631126297055,3.3196870622865324,1.5551917405981304
14400,-0.6722176087656887,0.9700255698270007,0.43699748818194134
14410,-0.027403343876302354,-0.695322023909898,-0.39689236324512644
14413,-0.19741050835838,-1.1539812126345295,-0.5771797437793044
14415,-0.7930359961209752,0.28724253063179567,0.20859189722866156
14420,2.8149807567051717,1.2999107290487955,-0.07199495635603165
14427,0.8186702134582777,0.49916476516884734,-0.06999975796164269
14445,-0.4205842389511291,0.3532547358631973,0.11580659573581763
14488,1.501672362061342,0.7912547258313857,-0.02679373408464412
14491,0.284433643261676,0.8301006983353681,0.17936167332910824
14492,0.7130870058595569,0.6093172655704349,-0.01944525067461712
14507,-0.38689529536420847,-1.1586074331552565,-0.5255854709991776
14513,0.0664886986658776,0.11492545298690986,-0.11552835237447921
14521,1.2967458088502413,-0.6684253082117118,-0.6330915269187639
14522,0.018529196812550008,-0.9141812373590744,-0.46201433616837106
14523,0.11154585950860049,-0.32130554018872604,-0.2731638773640416
14531,1.3355232500467844,0.3878770328143435,-0.19958563874100327
14546,-0.26485215888849495,0.4947500048000068,0.16950742780039554
14556,-0.41136126068947926,-0.18865946195201042,-0.11833169469024878
14560,-0.527605143055871,-0.3194080361898165,-0.1260394152666622
14561,-1.4972982582464882,-0.1747605882349014,0.19015853685984607
14567,-0.02586674590062536,-0.30670375169200376,-0.21616564795548887
14574,1.6352072575448584,-0.30056629684115593,-0.5499233437877934
14578,-0.3363071141772306,-0.270353693287092,-0.16640456095795278
14581,-0.5462308694757805,-0.3437513326542451,-0.13267216971206452
14584,0.18429835692651625,-0.24025273317920703,-0.24108288960261878
14587,0.3875922612278588,0.1189227314421165,-0.15066357961367913
14597,-0.025162024736685287,0.6601040512316056,0.15429314609835906
14604,0.22197998477693903,-0.5160318011865364,-0.3939592930920596
14619,0.1725112357873488,-0.8892514781969821,-0.5215758884796065
14633,0.4489744608855628,-0.4639085324084701,-0.3786825504277835
14642,-0.8353625883508007,-0.44036187138608773,-0.0869489735831981
14644,-0.1005804453987262,-1.0080703545094047,-0.5105946458548807
14646,-0.5095200198043873,-0.8182673787145051,-0.354894927019266
14649,0.367474317095851,0.10126414821737445,-0.12539573197489315
1464,0.3744509365668617,-0.471746482737632,-0.4090260254910197
14650,-0.44576247951101233,-0.15774865326763812,-0.058973135006862215
14660,-1.287682838390118,-0.293990007201661,0.07336943318585724
14662,1.7273061332415867,0.17575614657598726,-0.3645191382445088
14674,-0.5444070638024975,-0.6238191060491526,-0.26541266542558467
14679,1.1451068034752954,1.183408899258988,0.26223285373705574
1468,-0.34658130691720607,-0.33182261779514205,-0.19152126735946204
14690,-0.42096758864099637,-0.8559924468928781,-0.39562827513031046
14692,-0.12233944602807957,-1.5377544097008353,-0.7356293576127599
14694,1.4704432002842815,0.3708347607462088,-0.257230677491645
14695,0.4398133684936042,-0.5272430067481519,-0.40909346862322493
14701,-0.5633353552833639,0.7270444050656436,0.31884109354164075
14705,1.6177854651149663,-0.10752551722614608,-0.45494681606817083
14722,1.9048477202753982,-0.026017510795013698,-0.4933413593476257
14730,-0.5328712539977788,-0.28732289003118977,-0.12678840774934938
14731,-0.32133725339692315,0.6221460846257835,0.20968751693106474
14735,1.1083455782312535,-0.4208486062617531,-0.5190673517751625
14744,0.10477739445398408,0.0062932416134150885,-0.13825905911930367
1475,-0.30645774182199337,1.351672128327136,0.5136730845909016
14761,-0.3570742571067905,-0.9989489662774168,-0.4470160845259682
14769,-1.2840003521833872,-2.2250006659102772,-0.7400551958633421
14772,0.626579845230213,-0.39444324792637137,-0.32297716882407235
14773,0.38322633010011725,0.16005122416170567,-0.1267733694538022
14779,-0.36854324507445885,-0.8378835969001612,-0.38014915844833636
14785,-0.17049106830636207,-0.11791775806299741,-0.15276882036152625
147,-0.6071133324974266,0.7424157045720372,0.33354387589345535
14801,-1.3864815299295292,-0.18818964737557367,0.14137660335036067
14807,0.30821639274345924,-0.758784567844735,-0.449105200520001
14809,0.5799936068474367,1.127016157267757,0.24419803051022165
14812,0.9404419495458951,-1.2207873062879873,-0.774921128204545
14820,0.6708366869896468,0.028439575054716563,-0.2540944304098609
14836,-0.6979936074429761,-1.0089856660243448,-0.3789921781160386
14843,0.19165873295110483,-0.3159127625398698,-0.2769669095674034
14851,0.05263785124459329,0.6431790446596707,0.16689161340569503
14853,0.36385499333200316,0.6301732247734182,0.019874574680534444
14857,0.3654857489326002,0.4744185963626781,-0.015975713325290897
14863,0.8894199273697208,-0.20518946815560854,-0.37135230268375763
14864,0.38539812437601983,-0.2571700115321473,-0.26336291880108903
14867,0.22116925362467546,-0.36721069963428904,-0.32775059709821003
14868,0.09953146659051426,-0.8443681921087264,-0.48068007780477295
1487,-0.5545313911087182,-0.5834923268325864,-0.23790708003734148
14883,-0.16252051182116597,-0.37892950545135334,-0.25446971478341024
14885,-0.37102861896970235,-0.9336996676086928,-0.44091489657387084
14894,-0.5984690544357067,-0.27710710289031854,-0.10562766681262084
14899,1.7358169482625447,0.7137472398140222,-0.16747006656503002
148,-0.25853268954784125,0.37663833794937146,0.08174172593304664
14904,1.3638315232291436,-0.07288817434169696,-0.4008523899736223
14907,-0.8674200664058249,0.6884837192740794,0.3708796731157819
14911,-0.8270519185191535,-0.6624868357735675,-0.203101181608043
14912,0.47539284858546,1.0230143289899374,0.2709099635646909
14914,0.4065235122301324,-0.7195803857093815,-0.5164497392888382
14920,-0.20161101535492212,-0.25766290731005587,-0.09169684856040179
14922,-0.29897781336125673,0.6596730921196168,0.2180366529868843
14929,-0.11667501288320845,-0.5157438100135395,-0.3280450429616758
14930,1.40032007215147,0.8337806941217752,-0.04621023215490388
14952,-0.06852777413384731,-0.4880761951499091,-0.32405241602455237
14960,-0.7051724120151415,-1.746033022907706,-0.6932400297227621
14966,-0.23340361913722174,-0.9298794223101131,-0.4583958655715213
14969,-0.2010933639494632,-0.92572409804958,-0.4791133232513941
14974,1.4967173729235925,0.3369491009879732,-0.2783216218245605
1497,-0.42946395002163706,-0.26919822222959566,-0.0963158197337202
14982,-0.0744291267677169,-0.6254987696587407,-0.3911934926080531
14991,0.42961397102246474,-0.9731038263674509,-0.5853504652537874
14995,-0.8176834767099161,-1.3081419379321992,-0.4591697410488425
14999,-1.4544377650451121,1.082563424324211,0.6923656973211991
149,-0.00946276176467051,1.2089537249140758,0.4010969782648518
15010,-0.11059780771683665,-0.6249842694027542,-0.37692191651676094
15019,-0.23026892303866925,-0.46633440739320936,-0.2512022863841224
15032,0.2855448604112229,-0.5170849178135578,-0.3879450257773553
15035,0.3287238214212754,-0.7309792868769649,-0.48944397618465174
15038,-0.31048626450169237,0.661478997347851,0.23372081473398754
15046,-0.824731236344468,-0.282777206009012,-0.046000743731438684
15050,-0.5388416417297376,-0.41439278832855153,-0.17906866674622265
15059,2.4497279702987873,1.9271937470097902,0.18696246317019
15078,-0.7781486410682625,-0.523057317188141,-0.16073530825296
15085,0.8763664601459279,0.02208287544493421,-0.312894473195684
15091,-0.0322621195001233,-0.8396137828365071,-0.4531985991082727
15092,-1.7987239780633972,0.8675308983083623,0.693815315096454
15098,-0.9904253764870908,-0.033302190302108174,0.10092684752271407
15101,0.8552722358281991,1.761543850580653,0.5241187775164615
15104,-0.32075007991210047,0.9044212722012698,0.32535621343809784
15105,-1.5185096189520002,0.26350963266820543,0.36593844484785637
15111,0.12516519136493456,0.835862994064719,0.20085953668283696
15113,0.21081917678786638,0.6435802029682567,0.0964320164790105
15118,2.086848054575402,0.10743950799681252,-0.3852782098487447
15136,-0.5916766077502762,-0.07833306723473206,-0.014515827396641047
1513,0.46933975960393043,0.42632961569678596,-0.00977828706283433
15146,0.9203378388896158,-0.5500239632519145,-0.5218912937827355
15152,0.30047503497368655,-0.09372037759884098,-0.22695211559137393
15164,0.15808760965121935,0.3004837045591598,0.05424869286397578
15165,1.6597473974680832,0.05431240623686412,-0.3419614031280419
15194,-0.21608837958515464,0.08872993851310812,0.003565565087684771
15200,0.27951559026937334,-0.07290529837290993,-0.1915264353002722
15205,-0.5221522666437137,-0.9873393276443106,-0.40309595517520896
15206,0.4138144377914296,0.4495956192281175,-0.0027562967302320446
15214,-1.5276709961181312,0.9372493625971865,0.6771619062234608
15216,-0.23039446972954616,-0.13075168224582778,-0.14147891816471442
15228,-0.06107246499239466,-0.5675907279013769,-0.3704637864273817
15229,0.3983102455959619,-0.12714973484286446,-0.24069631130157415
15237,-1.5848970751843063,0.0553099276442529,0.299921105128372
15242,0.44455822422176006,-0.09152815724164225,-0.24532601241866647
15243,-0.9066608011554863,-0.5978266078262284,-0.15616840826346468
15249,2.1049404565943095,0.8075198922502641,-0.17521810057429194
15254,0.5270127223308974,0.7686582912307132,0.03339772649357259
15255,0.8976133391365259,-0.8254541815414611,-0.6307468537311123
15258,-0.47788536530514825,0.43698647650718075,0.19357450927158776
15259,-0.3714938425143452,-1.3136024693842392,-0.6001797189103665
15261,-0.8722327579840821,0.26327287575126423,0.20968595332780987
15264,0.14191573098973437,-0.2206816827171365,-0.25143436413782816
15270,-0.40136256100084194,-0.9051729730690528,-0.3972736387977252
15271,-0.35897355878801485,-0.5641249399041462,-0.28352770295791574
15272,-0.09121091013808309,-0.7470248806983485,-0.41405559668578445
1527,0.06359222122013114,-0.5663571833086599,-0.3558169575627318
15282,1.826429403518116,-0.05327988599368571,-0.5057276139788103
15286,-0.46170533776529027,-0.9169834710888684,-0.3819332467456863
1528,-0.07924209460145104,0.14756310530246217,3.483583606081695e-05
15305,-1.3000988525201451,1.0744942742028847,0.6594558443824606
15306,0.26154629615003533,0.29266148449337054,-0.04691069222379548
15310,0.8452982925191878,-0.15975466602589844,-0.3006002435654506
15311,0.2829099022823992,-0.5830338609015531,-0.4435395946156972
15321,-0.8385536715570402,-0.7925279943592173,-0.2479774668815095
15323,-0.1510231141394363,0.6486809130234827,0.16386970965861056
15324,0.2699768924474379,-0.6160217651433825,-0.4463711447682583
15326,-1.2546652281116164,-1.6460788692114579,-0.49437995303202714
15334,-0.39953312521979334,0.27260589877682817,0.07663738028104734
15336,-0.36877202481801974,2.4669809914058525,0.9897679476292106
15345,0.31892925607340755,-0.7384119414738436,-0.464183209699837
15346,-0.32667856661177014,-0.7789055987932658,-0.3345500453346877
15347,1.2854074324125124,0.15933705201263984,-0.31482673226835517
15348,-0.994674852239483,1.2941200561130144,0.6594942453458211
15355,-1.0170297541748294,-0.0380579487958757,0.10743715720745602
15359,-0.39313615618594616,-0.756599232869726,-0.35003786695108974
15362,0.5639088348475386,2.580078538129899,0.8825444664674666
15364,-0.7550692225766185,-0.1771735523074626,-0.02204306932054777
15367,0.16910057257998717,0.35852057522885467,-0.040630784010150196
15399,0.10363438279296643,-0.3238725267461245,-0.2697347769563421
15405,-0.6263613877107443,0.7027728736589783,0.34135124239674003
15415,-0.2106206669892261,-0.09167227635192485,-0.11867388958825002
15423,0.6756895634461741,-0.7076386793497229,-0.5188786920147077
15427,-1.3489018371256452,0.29786684126361657,0.34290770413773297
15442,0.07097804501009561,0.47636067415005423,0.1270004993128344
15443,-0.17909727605644618,0.557282473459949,0.14379831620734296
15444,-0.24142848792947952,-0.2495831789583718,-0.13148680418570063
1545,0.9226226996310337,-1.0127880056764829,-0.668688299078218
15460,-0.549556594803632,-0.31147957786204955,-0.1291897257383319
15463,0.20438183894121806,1.0511271679439809,0.2697584129548782
15465,-0.1312610511640068,-0.22970573029582342,-0.18230796466454344
15469,-2.1955824835984816,0.16800471177248552,0.5165139833848059
15471,-0.6617369588371171,-0.4831326712406806,-0.17475869306123873
15472,0.06203713510072338,-0.40681195366030043,-0.29556322513411837
15477,-0.11465053394706735,-0.24790527716286992,-0.2038740316432813
15478,-0.3418591086367971,-0.4560694354810869,-0.23470087310988946
1547,-0.9185855240062895,0.7186485319190655,0.39714640138617985
15480,0.39077363418603267,0.20603600586349793,-0.15826631882913586
15489,0.48513093160696985,-0.4594020988496465,-0.41807361475501337
15496,-0.19579535234654355,2.3800648219071427,0.987090657969555
15501,-1.1034164083137898,0.7949324895061091,0.48440435907189855
1550,-0.5823311318889322,-1.260161494149908,-0.5204478190800382
15510,4.081773064035218,1.622119037035384,-0.20433316386157174
15511,0.01706915208159786,-0.6596202734757709,-0.39533238190670195
15519,-0.09998005600535292,0.10595041476927511,-0.07765261487419287
15523,-1.0988540080842744,0.21331332715068943,0.24477242516726638
1552,0.44528496495968106,-0.09343038750055764,-0.24655517136638191
15532,-0.45562936050818037,2.5578683871070256,1.063293095614188
15539,-0.2918593497944005,-0.46697142147630044,-0.26570684185639887
1553,0.1116677576981345,-0.401627747602533,-0.31267437589256714
15545,-0.043612477772310726,-0.8650205574074462,-0.470446225632791
15546,0.641467693289958,-0.14676502470658032,-0.3198498181793069
15547,-0.2535585110070586,2.4948644462627265,1.0135680608328206
15555,-0.37790832267550095,-0.900584401634733,-0.41850625015371395
15562,-0.49306530390216113,-0.13912711871470768,-0.06763519075424382
15565,0.512649674759018,0.019429985202080766,-0.20094131918558897
15566,0.46040213029549437,-0.43345750484118534,-0.4060166624780816
1556,1.6205298076957069,0.6588508938275077,-0.14128822011426265
15572,-0.4835968431445066,-0.1456334153746985,-0.07872455538656935
15578,2.106598168142452,1.252252847339739,0.024095634504293587
15580,-0.673880355268952,-1.858148306628429,-0.7479223274470156
15584,0.13013448371342098,0.42226152898405295,0.013570580969683195
15585,0.9474536239344333,1.0368975352432004,0.11016937411719614
15590,0.743562558453559,0.8614288374881871,0.12925728142970586
15593,-1.2471444257669964,0.40174838728779083,0.3516912071342745
15597,-0.5694785170474673,0.8750166024722725,0.36981225410328616
15598,0.512293169032795,0.04708987871362851,-0.17182026902134537
155,-0.38713099789499894,-0.49176767348074923,-0.24835210977143396
15606,0.856445436759571,0.11448649309952916,-0.22899281178321143
15610,-0.39046164495311897,-0.3087668326632609,-0.17404253634449188
15614,-0.8784287142551926,-1.3224031610087623,-0.46947722437465517
15621,0.7495035105844943,0.17772229571767822,-0.21300026577802847
15629,0.5714069765609807,0.39879718504873024,-0.12465481613943998
1562,0.39823311389719984,-0.2042900125320056,-0.29495326849591114
15632,-0.1537896177221515,0.7732721960453973,0.2512129127078798
15651,0.009897045967872803,-0.7408758063525193,-0.39301000138153724
15657,-0.7939179646841102,-0.5793077966776523,-0.18033385360804657
15663,0.06393058596665711,-1.021284470028303,-0.5130380458675782
15664,-0.37418768971313743,0.23071827857578986,0.06396710611642138
15669,-0.2999914249596371,-0.578095775970454,-0.3038154945065839
1566,0.2965265612271501,1.4250122237862661,0.4125224017593344
15671,-0.7326412660688819,-0.031822856491439865,0.03300903178914566
15675,-0.9501447261911377,-0.4441375743109353,-0.07166435968042739
15687,1.5920087171910349,0.929262430818962,-0.004367786624176692
15690,0.10293111073763898,-0.5410871251247708,-0.3952795935193615
15699,1.2511129993871344,1.1859364651727171,0.10216780113644709
15701,-0.48490736243650107,-0.3100074343121606,-0.14964723483380163
15703,-0.2717855891882971,0.7977131882184456,0.27636477789836783
15708,0.16195948424223436,-0.902719762847967,-0.5329410204437139
15728,-0.20635171999948662,-0.9636519816828065,-0.4907464931904449
15729,-0.08176851190056132,0.5412882279910135,0.13456805742602662
15731,0.014935127828787378,1.2212070879992525,0.3863857059684517
15734,-0.43528527995687005,-0.7975112248662892,-0.360379068696005
15741,-0.8381237394134426,-0.46226556284446074,-0.11949590268582792
15749,-1.2989001951950245,2.00192181512751,1.036514735848551
15751,0.3137089086744922,-0.43570540262306334,-0.3930880253999049
15752,0.09869256825446543,-0.4986221795291482,-0.33259969032500614
15760,-1.267035036449112,0.5967334994627308,0.46272654957601494
15762,0.578222594127632,1.5520167521565094,0.4243189133773057
15763,-0.11417800605731286,0.31062225025396123,0.03931029602755001
15771,-0.4906608096664523,1.1534777795696107,0.4668644417492252
15772,-0.15405334321277717,-0.5991408147662342,-0.3367319249017059
15778,-1.8637066724764422,-0.5861081133908398,0.10623986977451778
15779,2.7183041622587925,-0.09934900497581119,-0.6328850094741454
15784,1.104579964083249,0.10951308222632526,-0.30237796347051954
15792,-0.00521211558969511,-0.5408766350137355,-0.3203468451465382
15797,-0.40065332979495993,-0.7591069763974801,-0.35179022442587926
15799,-0.17759481651448217,-0.6649792809899204,-0.38016870928560764
15801,-0.1721389333675988,1.4819361873371308,0.5688777333110754
15808,-1.2276037824072326,0.23579197660837325,0.2777084411646665
15809,1.6979751420979792,1.4139840627447366,0.16327466782782094
15815,-0.41887377409265036,0.09985843868316935,0.017265018414630604
15817,0.14692542571788142,1.0139858490643154,0.36938373672576147
15826,-0.485748428785261,0.6946588395525564,0.30061029562478214
15839,-0.97352304676828,2.855724494751339,1.4200801674558066
15847,-0.9916099578197686,-0.6567532756359428,-0.16020869590820652
15853,-0.10541216323752602,-0.37427088770365957,-0.25028482774240796
15871,-0.861887467220228,-1.5617172353583222,-0.5726911166344851
15873,-0.6263053148982983,-1.2114407735981176,-0.46972583079093605
15883,0.2222716541383051,-0.13825197704474151,-0.1675881953657423
15898,-0.9809079145015724,0.20416779863924914,0.2382872588804586
15899,-0.8940522863474498,0.9581889869473587,0.49107112792561175
15904,-0.19690663327264832,1.062800878580209,0.3826282881902864
15908,-0.5079678336975875,-0.861309453532067,-0.3703746683209226
15912,0.23329125974712028,-0.04853792624541881,-0.11644784716777253
15913,0.6131848884292638,0.9067054144306057,0.1837795240045762
15930,-1.3441982608623346,-0.35627266546296216,0.059636258362730885
15932,-0.09446590204780123,0.1134610739545663,-0.0693885616605755
15939,-0.5313798116306178,-0.8205193934108892,-0.34721817707641034
15945,3.3397469516557803,0.5218445355903456,-0.5213714238580168
15947,2.5429592115119317,0.11261535679684467,-0.48479827847519147
15953,1.464556850329082,0.14483163860439097,-0.32290958650779245
15966,-3.4656853339962828,2.6172222084564036,1.888873230522247
15969,-0.2927779768693891,-1.591146423652442,-0.6962767928785679
15970,0.9132260159346316,-0.8191792139479194,-0.6043451523875509
15987,0.14751805872171944,-0.2542155788050308,-0.25262897846451715
15990,0.0365399393987162,1.3439095434192532,0.5158700105787105
1600,2.236562127398381,0.8638625607894301,-0.1556228563304462
16026,-0.29800131694254134,-1.3299832112551897,-0.5224361123036918
16030,-0.10084065564453153,1.3954231427774837,0.5076078063898071
16032,0.011896313606668246,-0.1303776973263396,-0.1734675813344216
16039,1.2612089959832178,-0.3388818107222492,-0.4496122808833068
16040,0.38006033722267407,-1.434988868140311,-0.7476472890509113
1604,1.0942629635582717,0.3918072952962147,-0.1745006582889681
16068,0.2789364812145508,-1.8666462724615744,-0.9329302861593117
16075,-0.11354867971777505,0.6156888078886935,0.15845353961323858
16079,-0.5557277747765783,0.440734941530099,0.20417559089191967
1607,-0.23031940338932705,-0.7196109370191728,-0.3863308107520017
16094,-0.06130147249986771,-0.34025561105588764,-0.26816661060594854
1609,-1.6390300503616635,-0.5080552209417052,0.09121167382301985
160,0.005127840710198476,0.6319263960395767,0.1644324474544229
16101,-0.12421920673728266,-0.706115391983504,-0.38625131412694697
16103,0.7605982598716263,-0.7395604065380122,-0.5854294606720777
1610,0.31437578564997093,-0.5159424511506765,-0.40386665595744853
16110,-0.530718222532516,-0.4524925973652869,-0.19720813071013005
16111,2.1843716646510467,0.3714586431237513,-0.3768357135380238
16114,0.6015131195933121,0.40499161669433575,-0.08285475739975137
16116,0.7717724062665751,-0.07223153842264289,-0.3054034769422974
1611,-0.2780360571307665,-1.5467553983209346,-0.6869898374779316
16120,-0.446233982654139,-0.17816465303318332,-0.10464981811202684
16125,-0.46206777439730173,-0.3947467620078004,-0.1912619257043194
16126,-0.04583589611365878,-1.0454545419723156,-0.551199394375638
16127,1.793052106440702,0.30547625378362886,-0.2914164068740369
1612,2.635812015801591,0.279306624251675,-0.4904480726549317
16130,-0.28053970093409103,-0.026501889549834092,-0.06378140236946721
16151,0.21533231805280387,-0.2955143363807981,-0.3099705081531155
16152,0.08566557970962178,0.9558167833983433,0.23126737289973398
16154,-0.6796222537973658,0.9015655509394319,0.41025867332256444
16160,-0.19625926366836746,0.3900461967208586,0.09368791737174963
16161,0.14664576655982914,1.3709774020617904,0.4664715814772968
16162,1.8010115036847636,-0.021108264137773867,-0.47996145934128925
16167,0.13345148786414407,0.11909737969559875,-0.12842507776894013
1616,3.120838227254643,0.5920632434552704,-0.4382663224226524
16175,-0.00888320831941612,-0.23699258395105383,-0.18333564342043673
16176,-0.3486627957449745,0.6408781017001308,0.24517902587068074
16177,-0.4368897271898252,0.5693713731820931,0.20635050102435049
1617,-0.4217825686944646,-1.0109590970983637,-0.4348099328317626
16185,-1.0028762973463508,0.5478492374887457,0.3479524341093951
16191,0.3685705406590904,-0.1794524580640475,-0.2682803209140326
16198,-1.5730195243329643,-0.22582507760423282,0.17979449201976466
16201,-0.527136784167475,-0.3446956185243592,-0.12886311801897335
16216,-0.07673716900589359,-0.6076706864826525,-0.36306574482699994
16221,-0.12760649052891793,-0.8713371960541132,-0.43245268391174857
16222,1.4813591386647051,0.9743245453580498,0.042841065132978806
16228,-0.47894162454128525,2.1327503011580085,0.8781411701947835
1622,0.4036126244455254,0.07002162348594355,-0.22006937711742755
16231,0.6822028666540844,-0.1832767538200612,-0.33326317209664524
16243,0.6672833695356517,1.8616077057297862,0.4862586044491725
16246,0.18175778130857798,0.7018410575706346,0.10789523561065621
16247,-0.7030086612530058,-0.39007371234471166,-0.05476716331638707
16250,-0.25952419768911067,-1.5811568228799961,-0.7354305477350453
16265,0.7357281229454192,0.09800989003268161,-0.208084730194188
16275,0.31227217608023655,2.066812625016396,0.6844269540151442
16276,-0.21224712218603137,-0.7552354633338756,-0.3910086428727328
16281,0.1992864874168914,0.07408141217753841,-0.1563301899113786
16282,-0.6037342463415094,1.1846623560991856,0.5087820378896242
16283,-0.053142610537024536,-0.34280499604313946,-0.25928259111421964
16288,-0.23332035671811846,-0.968122664276244,-0.47976680490639784
16307,1.040432973638306,-0.24563640289353478,-0.39277810494689974
16318,0.020902951356220775,-1.905269969954716,-0.8886946975346707
16330,-1.9586812048789215,0.9684131282515084,0.7786911739981935
16332,0.16580022447335924,-0.2045854155808246,-0.2595037525465738
16333,-0.20233841698907604,-0.15102789977322542,-0.14634446274183296
16334,-0.15517357830591394,1.9001630482704261,0.6918564278722631
16339,-0.10475748381829907,-0.4691429416945476,-0.3028893598209787
16344,0.45998867989295084,-0.32276908313844055,-0.3241830692420556
16369,-0.0024073870463946078,-0.2805100956462946,-0.23684048936853477
16370,0.09720526159475534,-0.761436267526364,-0.44932656432430945
16386,1.3322206954405071,0.8613418636669867,-0.01203332474628682
16389,-0.3468033367564233,-0.8515628902610723,-0.4009658362678646
16394,0.9328567292907989,1.6463066660864574,0.4234926278785725
16396,0.3509844710451728,0.4251240843223397,-0.05479228437425242
1639,-0.09855281431496549,-1.0539331116928963,-0.5614631095408777
16402,-0.15713421712293915,-0.025781331069957492,-0.09652733063080556
16410,-0.019073220270682756,-0.24590931701586272,-0.24674065584669982
16413,-0.7021502696585628,-0.23302102298652094,0.006603194069737017
16416,-1.4132201944237357,0.491780109306869,0.4396479583652541
16417,4.43856090556332,1.62094529359265,-0.21694011628535873
16418,-0.0027280731628204287,0.5685579880359122,0.1117747965061074
16436,-0.363155473601871,-0.7496415916604284,-0.36480933367512974
16440,-0.7859080001391053,1.3035276205551476,0.615640133891379
16448,-0.06805507167987906,-0.6563316759280756,-0.40581994133516164
16450,-0.4213071887782469,-0.372902715768784,-0.16648293150649793
16453,0.03094896389848362,-0.4339772298436238,-0.30736993626142645
16464,1.6492876640216483,0.1345604877515369,-0.34896151037293327
16470,-0.2668086029351502,-0.739492014672062,-0.37927038611869945
16473,-0.5309870472390116,0.38290967079119564,0.16645108844723716
16477,0.7849237516746432,-0.36266788164620045,-0.41948203271738277
16501,0.02687717594872784,-1.2952116080990015,-0.641335307794385
16516,0.34088458598788535,0.4290803657507518,0.06664326724595283
16539,-0.12358251097240185,0.24487719092264995,0.015017580535143281
16546,-0.1383910096644494,0.37430088955059443,0.07465368730045312
16547,0.6314087400413764,0.2561134364775982,-0.14413944387264271
1654,-0.0639543536878881,-0.03712251763320599,-0.14723937380468305
16553,0.129432998908573,-0.8070711973268433,-0.4634644695334624
1655,-0.45645666741524527,-0.20378205636439134,-0.11262689319884335
16561,0.20199433594136315,0.44060264434268465,0.0779645893357757
16571,1.007200638117451,-2.3273428479341813,3.656873904533316
16581,-0.8118663391349171,2.260207855207661,1.017368200213019
16584,-0.8216782022072534,0.9467071029433599,0.48675619747396476
16585,-1.5968082899396199,2.275491542658719,1.3772201003909221
16595,0.010303011061077921,0.5506870941342376,0.08348864141013414
16600,-1.071582684938866,0.14719658077243586,0.1985931973057674
16601,0.4047381526742624,1.496357730889802,0.3778339370806019
16603,-0.06253729275857997,0.34061506557222154,0.03795788999572218
16604,0.3948179849975701,0.3179967448025003,-0.1041867050986669
16609,1.9449940278723226,-0.32133136549460556,-0.6129459222779543
1660,-1.038834317722129,1.6191868956078104,0.820119242414302
16612,0.19873847599660857,2.1698407909705635,0.7713057093319476
16620,0.08996947308644762,-0.6018096526292495,-0.38101971386399724
16629,0.15227953614109227,-0.48201486572074204,-0.3562629747425847
16635,3.5069587293231788,-0.09381916163019717,-0.7599001015925385
16636,-1.9034752939689448,0.25406177168917915,0.47412987077286045
16643,0.677604795453977,1.2254913944125942,0.23004290364329755
16652,2.5922609724282224,2.606411022432368,0.46537091940754544
16656,0.35830780367236836,0.21036646166797904,-0.09430075876448199
16659,0.4767204717836324,0.03156610742570871,-0.2001704714651908
16664,-0.34292978090253484,0.3492418380935984,0.09139327752732503
16666,-0.14312201077771322,-0.02313555627306973,-0.10564854398890618
16667,-0.1822037093916992,-1.526304885288687,-0.6830336374741245
16689,-0.4265241985964182,1.5516701165630256,0.6725817503177767
16695,-0.6590982495164802,0.14604524542975958,0.08796114518737842
16704,-0.06888447487689041,-0.4670632783604167,-0.3257830349582679
16707,-0.3484590196353474,1.3733209107878401,0.5563158799228503
16720,0.1465168888167096,1.7810398445251743,0.559212965362243
16723,-0.4233009757677457,0.3087864737583817,0.11556540780961506
16733,1.0895537374068682,-0.14541922000238452,-0.36451629009812997
16752,3.739976065971642,1.192113583477047,-0.31973309721823345
16753,0.7746772018894368,1.0770223418620375,0.20577172724806014
16757,-0.6137852429063377,-1.0027617000793605,-0.405862451560582
1675,-1.2295056662919495,-0.4252812004885071,0.0007899829885389281
16780,0.14636019336175063,0.276299126317787,-0.07151874411828758
16788,0.37633074130212024,0.9784632626054878,0.18248187316334163
1678,0.7239187197920601,-0.5204261472188167,-0.4436223000528899
16795,0.21805755355737885,0.7982763011698614,0.13722000333266746
16810,-0.9236017514679422,-1.5168463365670608,-0.5381588375942481
16817,-0.6925230667499974,1.229811402850148,0.5532412177022802
16820,-0.06813695047353277,-0.5561143524048785,-0.3246333550656686
16825,-0.019822372077525033,2.722069625057314,1.0007408755026104
16835,-0.21635533354895722,-0.8549160951058442,-0.41746837650218827
16840,-0.6377536424614411,-0.6457604456595142,-0.2435788524352202
16849,0.8320605238541241,-0.1559708171810235,-0.311292287846479
16852,-0.8688371103769855,0.10625689133931707,0.13687851619268462
16854,-0.075829348756635,-0.04243570279696909,-0.14630719101959835
16858,-0.45200677296296965,0.7880648482631852,0.3022675155105408
16863,0.8860884275389296,0.5542827557074222,-0.01968456848109777
16866,0.8875993275285513,0.8640960129524673,0.06929299940366042
16868,0.23322369676050733,-0.40826466917897125,-0.36499500324599954
1686,-0.6177471082855893,-0.9553536782535295,-0.38492701529474105
1687,-0.37216848782826834,-0.05035557423631467,-0.02901964325137171
16889,1.5813288708195925,-3.3588814332282104,6.042984457857606
16891,-0.729151170196515,-1.3195424705453136,-0.508005182044085
16895,-0.9565982529026839,1.6928964095735892,0.8444368223197073
16897,-0.692097883329653,1.477150588299233,0.6618483311731556
16900,3.179912240491104,0.7795644388023606,-0.3923788667896319
16906,-0.07193102144822858,1.6511627174216514,0.6020639232679864
16908,-0.18992972030533012,-0.057997555483509815,-0.11703678965454528
16916,0.6506537683098848,0.6985478269239322,0.021352994125878964
1693,0.016272764423763752,0.7285086920607988,0.20151869077230022
16941,-0.46840011959296207,1.0483029907079462,0.4650793823540946
16953,1.6180671122553765,0.4132187549808824,-0.2564902307831931
16959,1.514394573592004,1.5067223714308258,0.1976416771825058
16968,-0.5840322082614048,0.49211398126422146,0.21311120614206525
1696,-0.7529148600446118,1.4386286047874988,0.6585783461783706
16970,1.432238080795259,1.090275109896978,0.07794992812509592
16971,0.04666449717835684,0.03778581276292222,-0.11654287229543904
16976,0.31395806674958265,0.06094062267234458,-0.15393901933542706
16980,-0.33551467851248934,-0.9486461689661185,-0.4361768249626452
16982,-0.06003213866253624,-0.27538946881456694,-0.23201405810050416
169,-0.0734638486041582,0.5617989682294033,0.11315383467634611
17009,-0.2621314641618669,1.3254536074461871,0.47691270563692517
1700,-0.028063357974982103,-0.3718127122529226,-0.2945077917683427
17011,-0.7523484091592105,1.639908246041743,0.7419190761648753
17040,0.2529799805312771,0.4967887248293901,0.0010381969473676222
1705,0.41050548542182236,-0.2776931459792404,-0.3183057389073589
17062,-1.58336993430599,-1.088621633646142,-0.181663734644092
17068,0.2988334309750499,0.5526801913054575,0.09860420022151704
17073,-0.5859496816032868,-0.23521321265958411,-0.05712463388938893
17077,-0.07820440762773893,-0.5999706206135212,-0.3673350849612199
17094,-0.33745723989061105,0.599167057667839,0.19411972546944917
17096,-1.1607131457765438,-0.4127596790548624,-0.012883535232436015
170,0.838367910656004,0.7950589954924483,0.012720473929919708
17115,-0.41444937475602195,-0.7864493542947191,-0.35227204455452954
1711,0.1856126952629019,-0.32180577377311465,-0.29165832737673747
17120,0.5638322251983955,-0.3505013497528483,-0.3772107773594306
17122,-0.483618391169227,-0.20309325529292094,-0.10515468161404773
17123,-0.19804594101961417,-0.739064486880745,-0.37457922600118204
1713,0.5225257330418147,0.05455288528400509,-0.21757229911562445
17145,-1.9725971659678816,2.21780109177701,1.3086241818956565
17159,-0.7600304342522635,-0.5311457327653993,-0.1690296126088251
1715,-1.9790319616458114,0.6555578080783188,0.7070774929134205
17160,-1.434675344385892,-0.7159070630716065,-0.06710132568110502
17162,-0.8993550869758642,-0.9317514444412753,-0.2983413421467609
17169,0.17388420552677805,0.03524710140605943,-0.13594640084031176
17174,0.08348450182927619,-0.19048873558157622,-0.25079340105362824
17180,-0.09268372490273316,-0.9593412854971445,-0.48376137553556764
17190,-2.021385536186421,1.5438091214809304,1.0521112845390215
17193,-1.7217449710932786,-0.11477729573268795,0.2613873742823707
17205,-1.0011691243395227,1.0868269161669006,0.6200529097580764
1720,0.36397605393538324,0.5961487728051312,0.013789919993228554
17211,0.15409077847973807,-0.7090549165515921,-0.4564393774425144
17214,-0.7273537789278467,-0.6877378672689607,-0.24352959130409804
17229,0.0709143701545847,-0.4726252013059907,-0.33481047889627624
17230,-0.4914887277891072,0.2619613745697321,0.19218254713519373
17232,0.3388005727978784,0.46008554479235725,-0.03463141845265942
17241,-0.7082625691275669,-0.44359505532603405,-0.14390852215131228
17259,0.847503747344977,-0.916390491361437,-0.6280097693423661
17262,0.32818922725814614,0.13863358578715385,-0.08158785710555067
17266,2.121224122146945,-5.397702903311317,9.69900861615327
17280,0.188870474988985,-1.6770563034249808,-0.8378462765859039
17281,-0.19354925716002835,-0.707065501870541,0.1367545157418521
17282,-0.009319256315905779,0.17621759317206112,-0.0211565908947333
172,0.02473288338941877,1.6452276170125673,0.556009011693109
17308,-0.14235805271821725,-0.3806448338973498,-0.24594953992647278
1730,0.027843850981177563,-0.707709122460323,-0.39992338107536834
17317,3.1183615481600233,1.1862578500900491,-0.20860043394079386
17320,1.3559331736926,0.5873771952729296,-0.16127653365785594
17323,0.014173280635398692,-0.06530050039525792,-0.13273242088767018
17327,-0.01772229494061815,-0.5056522093587186,-0.2915643548196201
17348,0.19357715702832926,-0.2335247023434499,-0.2495161958538023
17350,0.6525585242027364,0.2775945368330116,-0.14772353744809838
1735,-0.5203223238401163,0.17764678542859477,0.07072131369977065
17369,0.33397853298489244,-0.3742224376051703,-0.37487822783135194
17374,0.10264859242507719,-0.38297667487593573,-0.2991198503472032
17375,0.029720495390421247,0.08776510368956153,-0.03217097130552873
17388,-0.714593409815481,1.1901708411397431,0.597201293755249
17393,-0.02841079452733264,-0.11946154363381202,-0.1596808169468401
17399,0.010049881491389683,-0.26473438461934806,-0.20960495053390774
17403,0.23893720881220185,-0.01051424954091026,-0.21669022948008854
17410,0.22359333634481393,-0.17911155983974122,-0.2414865895316936
17411,-0.17370912532479021,-0.43359811610845134,-0.26592459591294093
17431,0.5934137456357688,-1.3977693468492636,-0.8002588940554218
17437,1.2322196090671373,-0.1972289153515534,-0.417248528242943
17438,3.0324954956922445,1.1282869911215407,-0.24664321537185505
17441,-0.05387346168733348,0.2985810782453029,-0.009141378142858201
17446,3.3287791035230225,-6.525694480443995,14.63161770210357
17450,-0.09473578946881839,0.2737907804040566,0.0005275950384348743
17451,0.17384358814727507,0.18456432160309275,-0.11640589230467244
17453,-0.45018317022149706,-1.0963306837634215,-0.48469281073147263
17470,-0.17190229303801535,-2.0413038804943944,-0.9016739917103322
17477,-0.5366061586352532,-0.2802397104062814,-0.12340509114225086
17491,0.358524930293024,-0.5621451760951086,-0.3936857602262312
17509,-0.31596045525123656,-0.5360208591129455,-0.2717995875465809
17513,0.14623867357587775,-0.5287047214237194,-0.37777953431284134
17514,-0.015957229417475943,-0.9203248998947604,-0.49463377857088203
17534,0.4650930993547173,-1.9626345449835378,1.6761761190207958
1753,1.3506648165637218,0.3289596010869919,-0.22539548036028087
17543,0.19760964072993356,1.1573998974484916,0.29088801179643886
17551,-2.2682252681630417,0.15963791781055317,0.5219025063694726
17563,-1.25623080021282,0.01423687649129288,0.19872677376750597
17569,-1.2247514194837865,0.677589899387752,0.535712483671429
1756,1.5607396973152743,-0.06857366943065446,-0.42107241961130404
17572,-1.4044266693102896,-0.5061096200191298,0.01417609214705544
17580,-0.4794118549609814,-0.11599898939118493,-0.06975027744362797
17587,2.885436750658953,1.0854604717640939,-0.17709950813724182
17588,1.0006272789527841,1.363310900394417,0.2399670201358382
17589,-1.224706786795123,2.332654007056601,1.155465491128749
175,0.2366799755696283,1.07813684899546,0.2521434474658488
17603,2.4288402183451474,1.8170804698499758,0.16959328338720275
17607,-0.16758256320649834,-0.3252816907588877,-0.24050312422219716
17612,0.24404655952107243,0.933101858833712,0.18364366862416348
17614,-2.3458469936078727,1.467362966716766,1.092393797489891
17621,2.7878225471167837,1.8563526131157,0.11916983979714411
17622,-0.3419319976840036,0.019024579294277005,-0.03602676135297625
17629,0.45274696646544155,1.0512473335282233,0.1763107936331127
17632,1.8313662939644075,-0.06597441412155802,-0.4534022269482103
17636,0.016834217058722758,-0.7808381805327941,-0.4667039412664175
17639,0.03797645619576598,-0.042344576937858903,-0.1701577217555282
17643,0.7821421781202885,0.18726806320659442,-0.17252677268485897
17650,-0.8527977627848986,0.06111686147265084,0.10389528200466576
17658,-0.7005000052620125,-0.1248551060187104,0.018154852442366563
17661,-1.2626149028211353,-0.14972814843005183,0.14582949291251826
17671,-0.09987168571571947,0.3423003440394442,0.027599466123386405
17672,-0.7593638643069384,0.46464204939177384,0.25489464485359875
17676,-0.19648144995129357,-0.061323169563863,-0.12066656912749053
17685,2.329386313871074,0.9152655452739524,-0.17494248768755705
1768,-0.14300789442675782,-1.4515814228582735,-0.6821906492104729
17734,0.3440104224258562,2.1382485420506945,0.7346651853093025
17735,-0.020714935305206992,-0.20659579669703876,-0.20542705767415614
17736,0.2868404734394092,-1.4090130265016327,-0.7470309613709737
17739,0.7925986210597039,0.984673525159135,3.730169529145155
17741,0.3777958379460898,-0.31560934869777274,-0.3214718509768004
17743,-0.8593844256507871,-1.7472939624466897,-0.6503494324257437
17749,-1.52077544261602,-0.40462656907012773,0.09293332479078144
17751,-0.3501988176355411,-0.9768257230659173,-0.4355048895100107
17759,0.3681705264845987,0.3951140906518382,-0.08097889642297834
17764,0.09161708043329762,-0.26094394709603586,-0.17050437084976558
17767,1.6851644202380145,2.113817052304128,0.4874803000969307
17769,-0.33845454653297447,-0.54782443701594,-0.27885778223553503
17773,0.405502096617129,0.49412442061949463,-0.03216234222781873
17775,-0.08499553728143372,0.7123859680024458,0.24222130740542624
17782,-0.8351102411428379,0.9299000659092916,0.46352147126976734
1778,-1.0193467969960488,1.2780979950717557,0.6774288447653591
17797,-0.9320331695063154,-2.310628570750605,-0.8607615165175259
17798,0.17544102021538366,-2.1141529072722784,-0.5251045386702464
1779,-0.011916562892170444,-0.7223867379452241,-0.4480619059138431
17809,-0.842244757618057,-0.14488963390317455,0.024973868201657857
1780,-0.11798513323591271,-1.117583441765166,-0.5574353768481428
17811,-1.0160582271024803,-0.3990833081438683,-0.045645591807792596
17813,-0.20867341392994962,0.5325630744078783,0.14952764059564444
1781,0.2920860764583241,-0.8040591656449226,-0.4839485104971407
17825,-1.2741207412384634,-0.0838060118433275,0.15524811671584587
17830,-1.1156225360431047,2.2509730235078305,1.1235863765339178
17832,-0.5792607375685435,-0.7561213458356394,-0.30689156100083187
17841,0.4345879392054842,0.9177931967132554,0.19169102891504192
17842,-0.2956037825043589,-0.8286828657598199,0.8608153470687959
17863,-0.16577468801873146,-1.2278487282817685,-0.6119119007525115
1786,1.4944852496336656,0.03507788526019854,-0.40612479307218474
17870,-0.12178818468357042,-1.099178447838874,-0.5301069334595063
17872,0.16836647646929648,-0.06848070984682696,-0.18116831996576893
17878,1.7660254947545089,1.2763175097973665,0.08687990112430417
17881,-0.5756284557983218,0.045847185718624055,0.03182656776766751
17897,-0.8451556308924407,-0.5038312183753915,-0.10849519192478087
178,2.019442909791823,-0.1437480326703252,-0.5493374900311209
17903,-1.1477585898838765,0.0506151667765545,0.213618062857512
17906,-0.35284303937192113,0.3903280395925096,0.11400024365571622
17910,-0.035074901434528426,0.8870498734932606,0.2607985434826333
17913,-0.3134000730582528,-0.7862008967885111,-0.39498767208412705
17922,-0.330467030441731,-0.980399400963068,-0.47188479297301533
17927,-0.2909759724224015,0.3436224941656152,0.07988785166073926
17933,-0.057717366909419504,-0.269277040902878,-0.23306519644295068
17937,-0.38326451258315264,0.20614366935865622,0.07351336578505023
17943,-0.639990946857544,-0.12459790737161684,-0.001196189060067574
17950,1.8267754717530693,0.5905142795242784,-0.21439067780451976
17951,-0.4621587163898038,-1.2433655562291581,-0.5437430344971831
17959,-0.08128626771183949,1.1063407436067805,0.4083941225666207
17960,0.23057726362705974,-0.7734434519321993,-0.4675375787840277
17964,-0.0818045852998131,0.12860119942339163,-0.031564447998479774
17975,0.36064079285920286,-0.8222454456489936,-0.5178736149787999
17979,-0.29140435856425384,-0.4846385120412373,-0.2551348126945499
17982,-0.7516820861248306,0.37530874593121255,0.20874479180417355
17985,1.1347486736490138,-3.801458436442431,5.524578900725179
17993,0.4054287876859418,-0.43304070131167993,-0.34437445693062
17995,-0.6573641958660656,-0.09713286574893569,0.00749734103713959
18012,-0.7644507911782842,-0.8393976322811371,-0.2933998635577285
18013,-0.33135105115147145,-1.2462717973984352,-0.5760125204747082
18019,0.4257500273207663,0.5599556220151186,-0.005037144459814552
18028,-0.8148801380171113,0.13646095215970142,0.146648823309359
18030,0.25275537117601093,-0.4026789893025182,-0.35754131534364747
18033,1.0412531467396648,0.33160450019621573,-0.22944579162151477
18038,-0.6967687194595552,-0.6797956278008915,-0.21744200571362143
18059,-0.7079488406723938,1.2285457895580403,0.568256286846233
18063,-0.22087142000295462,0.36493999961765433,0.06313053464898076
18071,-1.9776284666751789,-1.1085481571973486,-0.08557948298610146
1808,0.9885926222123265,-0.3344728706881499,-0.4387960661221965
18094,-0.8107201104264675,0.43833817216978044,0.35115610733734126
18100,0.07642920788417817,-0.9028987484885385,-0.5207568313677922
18101,-0.45619291730387784,-0.3762474598757338,-0.1850675388133627
18109,-0.3339294281480735,0.09324629208817029,-0.020718672151378296
18118,0.7664798987512211,0.06582933751980406,-0.25528352836093965
18120,-1.095011967535738,1.8676675660436812,0.9613869325452712
18129,0.32597470150949837,-0.43433145063602313,-0.33572104120024104
18136,0.857339890927948,1.688194336946785,0.4119089806731329
18143,0.9782034932079774,0.37309930473960606,-0.1525001135335839
18145,0.8680190155181957,2.280486722820166,0.628681379639038
18155,-0.562319272598825,-0.4797287903012224,-0.19031090465241948
18164,1.3716198102507278,1.7074575423641167,0.4367525939091173
18165,-0.36971744527197226,0.44080607373709146,0.13455855154961827
18171,-0.6096689124155453,-0.23224896807724932,-0.04664280058629679
18185,-0.10317723041664303,0.11087578412895574,-0.07154853060412739
18190,-0.5967769517123637,-0.8927514683747857,-0.33985914401928846
18194,-0.27631007324224294,-1.353641058927266,-0.6135346274459252
18198,-0.18585611805396945,-0.03278903732584713,-0.070021292553473
18199,0.17294355484211194,-0.8410491086656138,-0.5058294007036604
18200,-0.5435017328048385,-0.8928050624611351,-0.34929958885489504
18204,-0.6342589571362596,-1.8639137949490068,-0.7447742004550362
18213,-1.079885260934433,-0.27392738440415443,0.029305959176818473
18216,-0.12995507179727514,0.9745570095468354,0.29651520629677236
1821,-0.5888456769436593,1.2413687222059135,0.5610510386461739
18229,0.23234081828531675,-1.1042143596188316,-0.6128606966727819
18237,0.3560917797062595,1.0021339601401396,0.27766309861225114
18238,-1.0278287851987438,0.349988168926803,0.3012011446099539
18258,-0.06229804004466839,-0.7695196121196579,-0.4043039453890199
18266,1.8907775159198281,2.2811435288419846,0.527385630977933
18272,-0.712427606111259,-0.5889799414033065,-0.20530677963595903
18284,1.090001715577935,-0.15421350798604308,-0.3134411843835591
18296,-0.267025599177772,0.015478882148276505,-0.06995189313157447
18297,-0.6680078986271281,-0.8575830749107858,-0.32053056011584224
1829,2.072085748214697,1.160155553392321,0.02164501603888221
18301,-0.3560580498617184,2.013019006513138,0.8183841655853309
18302,-0.8812924452117553,1.8462815259675491,0.9587778342001044
1833,0.005040732233080622,-0.5836125197078101,-0.37523661413863735
18344,0.6735303678467671,0.30501462331943574,-0.13921314627187414
18355,-0.6533455310009182,-1.6249544373525184,-0.6507951152585687
18356,-0.8006871821995816,-0.6065666183526814,-0.18971445747061647
18361,2.0609116130311422,-0.2292560993662956,-0.5799931815131734
18374,-0.16222140676080263,-0.6919640731847233,-0.3706398636844085
18378,-0.4043477230876588,0.335529394533299,0.09962590922109445
18380,0.3253319181291242,0.1109242374178292,-0.11008346503176322
18384,-0.3042628294344886,-0.8713043685405889,-0.40146279892704373
18385,-0.3821282554552248,0.08499909200628496,-0.008623813778718929
18389,2.321707152576042,1.6517121106038464,0.1008517070676515
18394,-0.9030319952531729,0.48773326252953514,0.32822641438131767
1839,0.05777712130914632,-0.7280424632586191,-0.4106662919374739
183,-0.9256282227363765,-0.24984409111895112,0.001186761545006273
18400,-0.22527421906461487,-0.4952218271780786,-0.2707841899112943
18402,0.5659289516410004,-0.798038512570294,-0.5144975133241505
18408,-0.15890447808968897,-1.7960164502351668,-0.8350089394231537
18409,0.012315186092495026,-0.8819130085182912,-0.05385189324781872
18429,-0.01884848037630603,-0.5813891868461636,-0.33867634003362906
18431,0.2490112685797384,-0.004704120637594847,-0.2133777687299335
1843,-0.3035421485005246,-0.9138776814933873,-0.45025942818262177
18443,-0.33795809241346514,-0.34705667664236933,-0.16363670365629715
18448,1.217507209904946,-1.1408834878999992,-0.8021056342214047
18454,-1.1179074585610604,0.6506999206104781,0.42169749474909934
18463,0.14634128130890406,-1.297093655347603,-0.6722780477764697
18474,-0.20312564226744245,-0.9503712741843423,-0.49318187337723257
1847,0.4519287746216781,0.9695056485471296,0.2239216913178026
18483,-0.7297782536427333,1.1990555294193783,0.5483623844584717
18489,0.07524475902451054,1.5057810134647103,0.5045710976364678
1849,-0.08397664516818236,-0.47667127471110193,-0.30958434702933463
18503,0.19148767973188457,-0.37146714186283636,-0.2817177786488721
18508,0.7050931306129996,0.9427802103830494,0.21803384715538587
18514,-0.645943674116858,0.658149757861319,0.3276085659634036
18518,0.24315238168746225,-0.5709299655860608,-0.4381601463478963
18519,0.8627650505337138,0.20181854980449299,-0.2174383249902872
1852,-0.25334066649308623,-0.6787784522045975,-0.35362871054786316
18561,1.0410972861657917,0.8839913388999006,0.0460595710231925
18564,-0.3277585590913957,0.4786271728022537,0.15701280298118242
18566,-0.447607631138185,-1.8623019101191216,-0.8105449964205391
18569,1.0187180127006519,-0.4421441655284573,-0.4718837812201824
18576,-0.3316320742516515,0.5884940791545044,0.19533556119732493
1857,-0.45546402324878166,-0.4564645940449486,-0.2189014239438296
18584,-0.04867020668676019,0.1644260990883737,-0.038731388974744534
18592,-0.7125581650064783,1.9804753233203787,0.872525143664399
18609,-0.47327577239156116,-0.9169025953614532,-0.39701017859084636
1860,0.1737461743644205,0.4874944516727689,0.12466522843239093
18610,0.9443949471439996,0.08851629042656821,-0.26930464992868497
18618,-0.4161230403051131,-0.32463579442324597,-0.13877109731057483
18620,1.097425653618185,0.6543989269704007,-0.067150524047856
1865,-0.28407756453591676,0.5037408481811143,0.1813645384861532
18660,1.137684493527106,1.8828490002000153,0.4255181815277506
18677,-0.611320217709921,0.02023604813174223,0.024611839565685013
1867,-0.4677657922778002,-0.872593228191013,-0.336872473395012
1868,-0.4059691563743948,-0.60226284295344,-0.2714738813944171
18698,-0.7587748008927756,0.6233084108819378,0.3146336738128086
1869,-0.010755472732045827,-0.09475332575193289,-0.17131323403082863
18710,1.367421780603104,2.4302003301969703,0.6313255525000324
18714,-0.028042405350531395,-1.1448178707937486,-0.5791977093673167
18719,3.561588977686929,2.508935836243211,0.24557173058290438
18724,-0.17828616764822913,0.1869547945661912,-0.022842764646723298
18740,-0.1508766472220467,-0.35063070774120975,-0.2434485080003331
18748,-0.3195694744077802,-0.8621326812004022,-0.4251885893442476
1874,0.08179147587969603,-0.8016288701279467,-0.49983091335606583
18761,-0.3327626621270925,-0.8525616119267966,-0.39489947884070303
18780,-0.17656007175812516,0.452126410816275,0.08790038369086418
18820,0.9444866332979774,-0.285142690040015,-0.4021910886983303
18841,0.1371771723258308,0.1867340043991637,-0.0993734757537427
18856,0.1096035935243351,0.5686685026701424,0.09006352710712519
18858,-0.3537833069436774,-0.2145723382792538,-0.1239617731105579
18879,2.104327008735961,0.1355696750229507,-0.4005581474111245
18880,-1.2435004915244583,-0.216483596443841,0.10678335488048095
18885,-0.30734910357505163,-0.36251002651276054,-0.19451393772645542
18892,-0.4447610910325592,-0.6604130394663191,-0.3072777581570584
18895,-1.4846346885745676,-1.4565035492262801,-0.36438247689447734
18922,-0.41671607832762586,-0.43657082160806526,-0.2027123200053596
18930,-0.20843861177836542,-0.28116337808781167,-0.21112851796091245
18937,-1.1546457339518315,0.3073834833885069,0.28750137195069475
18942,-0.8778457304282313,2.2889902964132776,1.0448436237864416
1895,-0.2025577086667839,-1.0834623570178998,-0.5299744108409695
18983,-0.5793301690460898,-1.29441129552931,-0.5373384083782986
19001,-0.2181270937244467,-0.603955501340772,-0.33523455713204064
19008,0.31826191327497294,-0.7677296468522212,-0.4614269384895983
19011,-1.590975813882979,0.6918409266261627,0.6241454073473123
19024,-0.06524803447549812,0.1673773143574645,-0.0585298053558856
1903,-0.5092214258794598,-0.4360346827619814,-0.1954451226625849
1905,-0.22453923553327232,-0.7285839724744341,-0.37199329278434173
19070,-0.5264726276781005,-0.13505321478830856,-0.026541865830149686
19080,-0.2419534824968742,-1.412515555242001,-0.6273042132615655
19087,-0.47059094495062814,-0.9167208276163592,-0.407888971145904
1908,-0.378419069784664,-0.6467965919204081,-0.2748065717772348
19101,0.7843500925844588,-0.3382995645104932,-0.40120526125656264
19105,-0.9734008956161175,-0.5584526546712204,-0.12383131676856389
1913,-1.344831890314192,-0.7527106164741769,-0.10603182931776571
19143,-0.2014064862311345,2.0328829206152306,0.7896613590584892
19163,0.14122253401889814,0.1498017238161484,-0.1044668299470663
19184,-0.4278974193329632,-0.15218102769899253,-0.06398852836129795
19212,0.8073735591386336,0.5659372585613133,-0.03502889526878585
19213,-0.03824585307535867,0.13642322799421536,-0.07061583438424689
19215,1.3443476792104172,-2.9888938748287472,4.820014029990539
19220,-0.11312552607424817,-0.7622712911190119,-0.430875005841377
19222,0.7169964999453097,-0.2115983708284312,-0.3749915408908437
19230,-0.0726630447835828,0.6755918051235362,0.21082857721231751
19234,2.3221414301689185,2.0819138693556254,0.28162946091593255
19254,2.1312349701691775,0.3769263465545529,-0.3412120012929511
19274,1.339354758405527,0.825289491464384,-0.02467397053695877
19278,-0.46412539189554153,-1.459764503652119,-0.5993283612371123
19285,-0.40598652090430826,-0.5458604696114933,-0.2554483937130564
19288,0.8703757233889138,1.0314144249358526,0.10117109682311805
1929,-0.3386483150150091,0.8038692230138942,0.4031678344871049
19300,0.26801956564587087,-0.49592948528562675,-0.3648493519324377
1931,0.0724141530690216,-0.10140897327399816,-0.21049068112723981
19333,-0.41610202580540534,0.4727473089771418,0.2067835740202747
1933,3.0166324170559236,0.13481422848143565,-0.6287616354644957
19349,0.29143053303348254,0.07726689318958631,-0.1787731272646221
19351,0.2775780898282068,0.39806268877776474,-0.008985742964482372
19354,0.5004314244998573,2.055554144609124,0.712302545687703
19358,-0.8971740683163666,-0.7904973147521791,-0.24142813889349418
1936,-0.5416832529146577,-0.6032453057504912,-0.2399437621217676
19371,-0.3711773320949738,0.03623284379969763,-0.0032366545841022005
1937,0.04384670912945285,-0.12142349488645653,-0.12967723344187615
19381,0.08518053416084262,0.7751801063364725,0.17691786695717948
19396,0.3771486918583701,-0.3584267235734918,-0.3460515586641289
19401,-0.027527641480096367,0.5305058261486972,0.08309725916632642
19416,-0.9920480979809055,-0.4213699857836542,-0.04281162529300774
1941,-0.39873918079622855,-0.6667911308873143,-0.29242824240118276
19420,-0.07740582039773793,1.2151318039756192,0.39805431134012287
19434,-0.658908875742273,-0.5858794222554963,-0.21902959520029544
19440,0.5990247797499095,-0.27333359745818697,-0.32280551655523293
19448,-0.4563884141447653,-0.18036790875644065,-0.07294429542947309
19459,-0.37819908112013617,-0.9512788263347551,-0.4308353518409424
1945,-0.623670591146167,-0.30030512394876535,-0.10864905195109875
1946,0.5710916912530654,-0.17480439671724884,-0.3262512640905141
19482,-0.05759917991700914,-0.9436504277505124,-0.5175226864640495
19502,-0.35035529183217545,0.4325034681315706,0.1347261614177357
19506,2.01766676435886,0.2209820243173467,-0.40778220692042594
19512,-0.29138768850975083,-0.5594746299032886,-0.2940783221859562
19525,-1.4575240826849525,0.9203591864615654,0.6513304022686922
19531,-0.20861141317265344,-0.2946731475232049,-0.17161576766658018
19532,-0.9317342319851284,0.494746775834022,0.3273268963383522
19540,-0.4360535994016106,-0.7595885699753991,-0.35118541186417546
19544,0.5122239349069553,-0.6005098560478277,-0.4699998743816522
19559,0.17481800204953468,0.6933373453703106,0.14377675371531473
1956,0.8873676291420513,1.0419901100561613,0.14154882303354144
19573,-0.35097203719306186,-0.4196914031739635,-0.22402019122981345
19581,0.031915411967105414,-1.4132276736235971,-0.6732897220141523
19589,-0.08170927953000309,-0.2439540163856475,-0.22281746515318954
19590,1.989087584090715,1.1949598266171997,-0.008773847128055718
19595,-0.34852671999828594,-0.2795767839185242,-0.17318115279648177
19600,-0.04741875495558814,-0.8064623860859296,1.7694428453624267
19603,-0.609648701713126,-0.5227913386441572,-0.20078259842285714
19608,-0.5122744066659994,-1.2081567171936594,-0.49722475368758423
19629,-0.6432988468708638,1.9013383586730213,0.8666775799863352
19638,3.320735439084131,0.5377612325848935,-0.5122427347539319
19644,-1.0140126755804413,-0.7067398707270072,-0.1752090094942115
1964,-0.093101163822383,0.11431250538436312,-0.07007960003650834
19674,0.382104594471879,0.23105172405256189,-0.09632079809407229
19679,-0.007795443015811199,0.3788905894704986,0.012274401679154197
19680,-0.08705744205856471,2.286088834459494,0.8570632809526497
19681,0.2741959841417457,-0.12422895594973464,-0.2375399926268735
19687,-1.2458629265599963,0.16807039494075984,0.2533548236438356
19689,1.5227361470219214,0.7575856620468937,-0.06802799028820734
19690,0.6729635901831069,1.466433073489482,0.3648207342934082
19700,-0.34754790383721224,1.1059435324187703,0.40759093439858524
19716,-0.6071782929481303,-0.2883712612930541,-0.07461431707434214
19720,-0.1332763160660408,1.6852261833083915,0.6044034636239645
1972,1.3440010661035207,0.07697029074848262,-0.3354491955122834
19742,-0.40809796882940835,0.04399892144427173,-0.02163241197251434
19755,0.9214426228361009,0.7462787511748957,0.054594240898842
19772,1.0474667798354123,-0.32815625653393826,-0.47054996073007027
19788,0.5274988019469048,0.5040693737887865,-0.01886593310015255
1978,-0.4864855961613694,0.6903760910289447,0.2772995942148076
19795,1.0637465115742748,-0.6135297161490079,-0.5574913558508633
19796,-1.146391984314943,0.7520740990271608,0.4860472064415476
197,-0.4793711243754731,0.36018587471081,0.130478745392
19800,-0.736342492293203,-0.15801478884757317,-0.018992432567851946
19809,1.3732997871352408,0.41321567622794986,-0.1695521785881468
1980,0.34457147614556793,-0.02879934920529247,-0.20443123883817263
19819,-0.8033960055116363,-0.2616222375444788,-0.04459618605016922
19827,-0.10875239397111917,1.0250001094967958,0.3712515772466647
1982,-0.44976239746779056,-0.14457133392010826,0.004369519647248537
19836,-0.6902833331548018,1.2363959810402068,0.6288377919458008
1983,-0.12335240343879345,-0.3979596353547018,-0.2818144252493078
19850,-0.6522415310864045,-0.5927350751081458,-0.20899990078708386
1986,-3.5028849985067536,0.9403860593165984,1.1779006713713231
19899,1.38733795486052,-0.15287778976486666,-0.3823979208239374
19904,-0.26643860005751613,-0.7828825580597817,-0.4060940698092838
1992,0.0634798194664909,-0.3252500480663833,-0.22606383481055092
1993,-0.8781688278211318,-0.5146350994204799,-0.10086933624620395
19977,0.0885471356471203,-1.0107191139440639,-0.5225716138626619
19978,0.24002963169861033,0.08511487616035332,-0.1463424261773144
20026,0.27968501342121255,0.9122389616529539,0.16437080356898698
20099,-0.396479012404135,-1.7422926526668432,-0.773824837849979
20100,0.2490438569843718,0.41523645392684755,-0.016122424992562636
20130,0.463478655613158,0.7736287757417837,0.16979809538202179
20156,-0.5812500704298651,-0.5790587367207268,-0.23611200401131563
20161,0.2734708134244011,0.49985229900231354,0.02283600724012357
20162,0.39696666845962525,0.21723056662236287,-0.13383932518061034
20164,0.7231369863326297,0.7401714157536378,0.023979907998863074
20179,-0.4604807066083879,-1.1072094003279245,-0.46543881376158835
20198,-0.3233715858416535,1.4275729900674003,0.5428396861885981
20215,-0.23284162140436104,-0.28384471202654643,-0.18332372697708377
20231,-0.41000620271162125,-0.677540971077893,-0.31614827829608966
20234,0.0372022257182574,-1.0052332490089744,-0.49905105018182794
20239,-0.03654031520290105,-0.6449084960661182,-0.3780701480690549
20241,0.14859955850668946,-0.05709360472225188,-0.18820582401703778
20268,0.3677620618966274,0.9720700256120091,3.6589739089980373
20279,0.3002271207782042,0.29782033101177463,-0.08348052486696711
20296,-0.42190384311756474,-0.2950944202263659,-0.134010291716301
20311,-0.23333524610455886,0.09574972528589193,-0.04620630136569457
20353,-0.39184784967780945,1.6704168629684393,0.6984797090972892
20369,-0.2112977944449454,0.5487481005417287,0.15277047814034747
2036,-0.1958456627820538,1.754533237903949,0.6688976879166778
20387,0.0026678352762283266,0.11610019306606933,-0.030012727804364012
20429,-0.00740153867509716,0.795658810741513,0.2060942861872962
20454,-0.48186516460127937,-0.5944129587499861,-0.2697253240950129
20468,-0.02396008351622022,0.00788621680886905,-0.09185663773485186
20479,1.270287964633547,1.4204399085291763,0.27663985732136603
20484,0.25849361299441315,0.4022539370098813,-0.029712016153707364
20488,-0.6332569319567283,-1.0285901136362192,-0.41122953591816286
20537,0.3364138863610411,1.1140900130251354,0.3288215128491181
20568,-0.5229233914790671,-0.9122706001612177,-0.3671588002747914
2057,-0.5599530228086408,-1.4620779655240337,-0.6128080877514098
20657,-0.022419286884813483,0.4535309297164938,0.04746749825110631
2068,1.6155818847826418,1.4874945511645679,0.3052570050467409
20698,0.6065544272572673,0.48345499098699907,-0.038804021315612544
20720,0.01408431853847681,-0.16589595251223233,-0.21993833234043852
20727,-0.661248261523227,-1.1330645080027761,-0.44787485489677153
20741,0.21853836799943419,-0.1547084769157245,-0.21478768306379561
20776,2.591264123283103,-0.048353059542660566,-0.6070775614649524
20818,0.22129623103373094,-0.2704174381180116,-0.2795954573356071
20845,0.628670605528056,0.7248900152000017,0.028842139166149475
20856,0.04912852583144234,0.3488834737794292,0.026912304029949822
20872,3.8702422376023633,1.6260122342119299,-0.19066321596087704
20884,2.80935888392649,1.3038157469803249,-0.10881369001403446
2093,0.5063111607668526,0.17261716998316798,-0.11517877336540784
20954,-0.5204584981672702,-0.6107627452796864,-0.2626680115651912
20989,-0.3120864040325608,0.5967715616729286,0.21197183228106575
20993,0.015148434725834645,0.13283370044391196,-0.06369587494465921
2102,-0.47825732057604786,-0.8309869007802334,-0.36741438224354045
21031,-0.2589809930981352,-0.33617159506752414,-0.20618136550594862
21050,-1.1891555708893662,0.6400850442927634,0.4488807061645737
21074,-0.0027487226655119935,0.01982573371372367,-0.12083257648950536
2107,-0.24133155912949544,0.11961528588154714,-0.004496463859372646
21083,-0.10197055501266954,0.28687396004060894,0.01657974587029643
210,-0.18809663833892062,-1.18668602396897,-0.5582083907821822
21121,0.44316041051940486,0.7996982529462174,0.11435536579477361
21161,-0.4066439812451858,-0.620437859262955,-0.29652565609964676
21219,0.743596244581114,0.7964353102324901,0.038520430059366687
21227,-1.12659635483413,0.27898015256957337,0.26880708292724814
21247,-0.10257202916065318,-0.7825612958824657,-0.4297412190789466
21255,3.3469709898208078,2.892295162523417,0.45735123586850285
21265,-0.5492607322086331,-1.169361483289903,-0.4773107685810045
21284,-0.5300439749566587,-1.212732540792101,-0.5162022218358919
21292,0.9591513626348577,0.27547044396937814,-0.1726071857748559
21329,2.060930087487911,0.47700411063551074,-0.2975993860065112
21342,0.262648073081489,-0.8038273916283248,-0.5105134569037408
21379,-0.5347753027636639,0.6270160648067065,0.3058602067864077
2138,0.06938935687187357,-0.3051406793226985,-0.26476140769534856
21448,-1.375116021618306,2.3719004083975794,1.2135048335750638
21455,4.0158195682121525,1.7295162004349887,-0.12033033805446684
2145,0.9429012995870955,2.71779465046256,0.8443823866025505
21486,-1.5551484204485138,-0.15470867638450095,0.2003049575474542
214,-0.33770167207593943,-0.17463224700640997,-0.07683405353972332
21525,-0.31439675636781156,-0.7815060321734872,-0.3620002070553559
21526,-2.1251873239989076,2.053606362236984,1.2780911248849052
21529,-0.6043590777801928,0.17601701611241863,0.08596224667683643
2154,0.8143893442778235,2.1492192064728606,0.6082839320764487
21557,0.6109455731923492,0.7089682371344825,0.05269597894804735
21567,0.14730831740121883,0.8328151958053961,0.1734091266731475
21573,0.09246470794657778,-0.3887225766833682,-0.3059443040322647
2157,1.4133960962411556,-0.8655427105911623,-0.7050775346264819
21591,-0.46924278077791554,-1.5726570367537198,-0.6683431165181447
21606,-0.44216964105536916,0.1618817272797429,0.0368705701832899
2160,-1.1344004172596105,2.344401683416018,1.140975977462455
21635,-0.5870917519600544,0.014671854782520009,0.013705050704351423
21692,-0.8699383324945485,-1.5991241922267243,-0.5877826794834919
21693,-0.9439156989627686,-0.47025341682245814,-0.09469100614662329
21714,-0.22004879838094052,0.15970365606414713,-0.01653807173376579
21716,-0.5032572484516693,-0.6948515597999397,-0.28732918924556455
21721,-0.424796330561676,-0.6616612885325508,-0.3131144978703631
21728,-0.7111212841127371,-0.1762366520812562,0.01848390877303101
21752,0.06031113865753772,1.3518869188108755,0.4481185661856624
21784,0.6485284952083,0.5335511175530844,-0.033255698676178364
21805,0.6268587883724378,-0.7281816147105731,-0.5273900263443153
21807,0.0242928874015735,0.8072924435800116,0.21874985133802832
21843,-2.393288700235281,-0.14367620677258222,0.42798797810586514
21848,1.321081056925358,0.5549572538551663,-0.15479412885291677
21874,-0.40186529170278384,-0.25535913798619586,-0.14238657772235366
21883,-0.3452973183260291,-0.17454259914543335,-0.12624007180083804
21897,0.161675219376371,-0.34196681961897807,-0.3265657432237839
21906,0.24359845080457834,0.985446842714618,0.2437031591521714
21928,-0.2465538961189233,-0.6008564683399901,-0.3350514736881569
21943,0.253272700426569,0.15525210807033496,-0.0824773709155601
21955,0.01509544997524187,-0.19569547324088055,-0.23477634645484277
21956,-0.39068757526937226,-0.40953970033417425,-0.20019967027399285
21978,-0.32455864751382796,-0.12615810269991343,-0.08478840647763446
21988,1.8593495556891209,0.31087354158600317,-0.27366525065072805
21998,0.10892045107386258,1.1465741552856081,0.3804982588534806
22015,0.5273058376288665,0.19054635157711847,-0.1368025499550014
22020,1.8432335736542,0.24781834204422432,-0.37297789480602317
22046,-0.47459872218912563,1.6166740196519527,0.6568977889057587
2205,1.0705322876661165,0.6404672664799865,-0.08908643142316157
22065,-0.22639636784361852,0.024862136323088615,-0.07414510234524885
22086,-0.2808095766005957,-0.02537125031468204,-0.08459911501992542
2208,0.32360869537476344,-0.2560240080739243,-0.31867381812990253
22090,0.41851166625636943,0.33288931438919495,-0.09350748965564526
22092,0.12997479077797164,1.400459986737671,0.43753640709580127
22134,-0.11464695283685981,0.06432164607485948,-0.0747797814309555
22138,-0.22157801676107775,-0.12163691216272161,-0.1357079470562172
22139,-0.3557621785211516,-0.35610354727436855,-0.20178951144726964
22180,-0.7711675807684224,-0.8928833795058652,-0.28782043789950224
22205,0.1422428342823947,-0.7159159187337608,-0.46655512169423635
22229,-0.40814063058363886,0.7374337620766863,0.33848450081600134
22242,1.533747889095688,-0.32615693752624375,-0.5457485398088322
2224,-0.049006596239362814,-0.9292430418870103,-0.47741513565802596
22257,0.17281630569411285,-0.7808936414198647,-0.4657326493047015
22263,-0.356231840662454,-0.30187529281313064,-0.17703922906353786
22271,-1.265794460601525,1.9784901392570315,1.0225459182311638
22273,0.7162484808358341,1.479708958139031,0.399716785037176
22282,-0.9749342510440421,-0.14729227996560873,0.04900120593394276
2228,-0.06047487687277605,-0.49319906328189156,-0.3329706691141833
2229,-0.9848471685328262,-0.42371513124592713,-0.055929276174097195
22308,0.7538391777548473,-0.1255484337219435,-0.31496400641376715
22319,-0.7422501942166773,-0.17602596932617015,-0.023110993234611795
2232,-0.021346227735418177,-0.359557507094501,-0.25368914188151215
22334,-0.5601938405696729,-0.40797734738015673,-0.14184774500232916
22340,0.8148492251003645,1.2591749738571791,0.2781962892733778
22354,-0.20960178142017946,0.2654985527196631,0.04308354017708568
22355,0.13281369576592952,1.0201456887376856,0.3517348760277987
22358,-0.30671908499883765,-0.5327638856337662,-0.23178666111886667
22366,-0.9658805806541153,-0.0080961579538513,0.13636745585295965
22373,1.1693500980469265,-1.8335530681530048,2.282979876638795
22381,-0.40025268324784846,-0.42921676143217213,-0.22010531756632024
22394,-0.6680171951466386,1.8183610033182362,0.8587623677471958
22396,-0.21666465630720133,-0.2296297137448592,-0.1868159949316224
2240,0.3987119925354592,1.1643598345144563,0.2832684804025751
2241,0.21491752351988835,0.11688993147184588,-0.1446425677223838
22430,1.5771601868418488,1.6628643360321778,0.33575028452808386
22434,-0.34634452921197867,0.5698731203018232,0.1827917904491519
22447,1.326917225545537,0.10847728286615825,-0.3177890121584932
22448,0.08260436172403016,-0.12871198500122538,-0.16539845265529904
2244,0.9879516885506556,0.5782452566079934,-0.08371039498207763
22451,0.2643010888068613,-0.46694544036994035,-0.3736189470013351
22460,-0.46418030257658655,-0.8478577196918099,-0.3807165801452728
2249,-0.3187754108626818,0.015670010527834774,-0.033788946569663074
22502,-0.459477269005309,1.095066026193002,0.4328173883522029
22514,0.14523144363122745,3.0680912997583234,1.1331275975008839
22526,-0.48825679012392975,1.2875031203988532,0.5489189745314521
22536,4.003728581521415,0.20279491301059746,-0.7090907362836827
22537,0.029159873976048748,0.5765522960003031,0.09559275076081082
22549,-3.2061949230620237,1.7867119590516032,1.4657543832618523
22559,0.8157391296625351,-0.4424116242993664,-0.4430677696128878
22567,-0.35792282960216887,-0.10076493552670786,-0.07719517814439937
22578,0.23193676419370068,0.8717553881872597,0.18000524578227284
22597,-0.15514860117857618,0.009567203019090163,-0.06521642577030139
22598,-0.5185244279398489,-1.6970177276981557,-0.7077001554076592
22600,3.1470879906413196,0.8920369790248199,6.782481280430366
22601,1.085548707490877,2.211593372237981,0.5068024297023168
22636,-0.4916495387541639,-0.872745162291494,-0.3808153512094555
22639,-0.4309634755500586,0.16300326874601648,0.03460533244989421
22653,0.6076137717269724,1.0411463853957972,0.13186408059924604
22657,-0.2423248191941131,-0.1009854156820134,-0.1003770855308087
22669,-0.6657350387337779,-0.017263782570072893,0.02255230792755868
226,-0.8850424655983008,-0.8963736618376912,-0.2848589214103793
2270,0.27171522962562844,-0.9726440912246799,-0.3093284865724527
22717,-0.4565808033181603,-0.3817429310306906,-0.18726889359240068
22739,0.8018804114700175,0.404647057006115,-0.10867765785851356
2273,-0.7751407279907275,-0.8883424234041856,-0.311944674330532
22756,0.9138756966490765,1.0961496345264339,0.14836840043341556
22811,-0.7480662504027864,0.2180481345313239,0.14600656760810346
22835,-0.1151971347341099,0.43431469148361607,0.09972023287096736
22839,-2.2705583199916046,2.337185312261646,1.4460764850343002
2284,0.8211853177391033,0.0592115743814418,-0.2573224221880788
22855,0.7276209112026779,-0.860927323679902,-0.6364507158945751
22858,-0.06437388188625036,-0.2400204335877255,-0.19391505914829626
2285,0.03422493624747716,-1.0876309170693306,-0.6119322950759226
22867,-0.5497381008837792,-1.2903192502399887,-0.5404672692710527
2286,-0.05050814962746463,-1.0028543626853443,-0.5390780784258041
22874,-0.34733061801637033,-0.263308483998113,-0.16113903083917028
22876,0.01409632837926401,-0.5570352237319804,-0.3705157036953216
22888,-0.33035225177607586,1.36347663083286,0.5181759152186268
22895,-0.7442451094960393,0.4038985943743436,0.23982730776807126
228,1.171786286644343,-0.428173812716857,-0.4831949581150125
2290,-3.0238196657727943,1.8135665679909942,1.4374203207112006
22918,0.259861915990315,-0.09941698393097324,-0.2195790232111193
22925,-1.2684475865393676,-0.10064642882448128,0.15227154752084296
22942,-0.06888146685002412,1.3142665251085461,0.4437705475457914
22953,1.4625481096669892,0.05465373606055498,-0.36502500251495995
22954,-0.8210440397018997,1.6978576377168606,0.8207291365978088
22957,0.8329514587945739,0.1456048862296804,-0.2196906755993112
22964,-0.04793241891220345,0.11807006758105365,-0.08188399679343607
22971,0.27815813225954134,0.002783339430416011,-0.13437125556660046
22993,0.10873423284438771,1.9608860286374115,0.6596503942710344
23007,-0.3372808502359196,-0.07363817394105807,-0.08295664089556498
2300,-0.2179483463925708,1.2340592942959987,0.4296750021137549
2301,0.3151562258294709,0.32997117741242715,-0.06364527152019069
23030,-0.10348870816628818,0.2576798444904273,0.007748018592757341
23041,-0.2164785993564894,0.10786684316951806,-0.04261758620861029
23086,-0.661439676759577,3.0327692338812833,1.458319777008954
23091,-0.16044328501589938,-0.4324212861054618,-0.2713987059094091
23099,-1.077479307937305,1.3027681762204268,0.6889460437154392
230,-0.07203148179997461,-0.4847026503404209,-0.2865750379778697
23123,0.6425405084552407,-0.6535817708830174,-0.5311763824259332
23126,0.518816824557171,-0.1394431475337257,-0.22472977842688555
23144,-0.6033790828842582,1.1973013932663528,0.5296233338959159
23152,0.04719105922946085,0.7175380640799935,0.21448316606588952
2315,-0.24627873552627064,-0.3175818815642254,-0.19522982932543592
2317,0.3024038900249197,-0.35750144572210196,-0.32876154292021925
23189,0.014491496115497764,-0.5717522101667,-0.37587514725080634
231,0.10505633975582095,-0.8493353389358944,-0.49860621439558866
2320,1.6623591388139165,1.7864265467845417,0.3137480631972482
23210,-0.8646904925071955,0.3844727760955879,0.24266304379891246
23220,1.2513882409853805,0.46610119204996775,-0.1848859802128194
23257,0.8473821625507827,0.0629756372981566,-0.245218067916553
2326,0.3784588011393699,0.348980242901467,-0.06072070581575777
23270,-0.590789746989032,-0.3586724156642024,-0.14140312703721855
23275,0.5192800362991302,0.2805718111710972,-0.09496337244882004
2327,-0.5746154683535722,-0.3916108958845895,-0.14534153817295156
23286,-0.17674884538100744,-1.8203268051780783,-0.8250500471497405
23287,-0.35356582045046725,-1.1852752416420973,-0.5178915241430162
2328,-0.6416687101388281,-0.04286949913601699,0.00409918291129373
23293,-0.8420441716651913,-0.8583993071777173,-0.26912284208256565
23296,-0.38187721039868583,-1.4425059412059442,-0.6172647718384491
23298,-0.7581394248048821,-1.0751312428562867,-0.38510703748788105
232,-0.0597868438868575,3.2594927698845364,1.413674727223405
23373,0.1172906837463773,1.0751426025593693,0.327525699867553
23376,-0.7802866370237597,0.17232307388657842,0.14828847870879752
23404,0.11950156075695686,1.5692867471676792,0.502275624180134
23430,-0.259150632839052,0.8608671080726393,0.2812901526321655
23473,-0.07424623665586012,-0.6398071063929098,-0.35626383214887414
23474,-0.4409943031079406,-1.383501043385299,-0.6044577637890098
23498,1.9291260681560016,2.0796878964771706,0.33743616436774215
234,-3.121334682388434,0.8070553502893885,1.020444058652026
23523,-0.3441436691909001,-0.5098566008256397,-0.25916762971591556
23546,-0.9861462624684902,1.7271007833653365,0.838912410825936
23551,-1.1034762521927683,0.8172121345557251,0.49185327247828764
23597,0.16583295231981124,0.3088052324691379,-0.023309604262793073
2359,0.060905613993632424,-1.6099220276749144,-0.7896459745339393
235,0.07579497791750865,0.15561389476680149,-0.0691175771902488
23620,-0.2536094336555806,-0.9829205232875408,-0.4426173823349548
23622,-0.7139242234378632,0.009497224317892215,0.08680281780338296
23623,-0.19353456399610386,-1.6801719450429133,-0.7724119340442183
23627,0.6591083140986872,0.13318570108158576,4.3129887940032
23647,-0.7507834116497064,-0.6046681900751325,-0.1557066808744871
23737,-0.476879100226916,-0.5489605718951426,-0.2297507981412141
23749,-1.5089244310775507,-0.3759586789658302,0.09521972185176823
23764,1.241197421420986,1.4684114014258138,0.2242081023138906
23772,-0.6435170325607313,-0.6354734173010042,-0.2377140180022857
23798,-0.7597082018756128,0.6467738642902843,0.36386453950273984
23799,-0.25965701675648134,-0.3508158228173536,-0.21585339621770125
2379,-2.2436302137565622,1.2278305468040016,0.9706211780071318
23805,-1.2739346674918135,0.8612175385882603,0.5599236537988754
23806,0.3223445224770833,-0.29685335102442584,-0.3297512609843807
2380,1.0782260716959526,-0.41399179172924383,-0.5098906451257345
23815,0.6323571053788826,2.1584952822023484,0.6586580756284416
23826,-4.527191631368702,1.7010396432942623,1.7694901581339577
23864,1.1387380544420962,2.463769225055392,0.7696880755962222
23886,0.0037488720167880725,-0.3481822335693347,-0.26247763096309396
2391,-0.4721447282231751,-0.9545568853747871,-0.3980851191031031
23966,-0.8779869614185095,-1.2435305342485836,-0.43377421007799477
23986,2.3110808250260355,1.8171264900265516,0.18027690753765413
23989,0.922142971024735,1.4881157708425945,0.35070723376494956
23992,-0.4495586483237286,-0.0020724850565751914,0.04399870899574791
23998,-0.6484556338577925,-0.3364934768897178,-0.06002031696281242
24015,1.1483496461794962,0.9305878437564721,0.07488784703204061
24045,0.6969455861261812,-0.4432426144309877,-0.408731109036059
24064,-1.2591664653461132,-0.01948554234833044,0.17824176504060274
24085,-0.6340789413923553,0.45270797911249727,0.20990494920927716
24156,-0.11247094785873313,-0.6768800882395576,-0.3783947994559671
24170,-0.4036726645506521,-0.5062655250594714,-0.22773951791613883
24199,-0.5532239511764169,1.970439035326392,0.825430092807197
24211,-1.5416470907097848,-0.8282302971444707,-0.08573659333994899
24303,-0.21112576300599248,2.799335427427014,1.0924778428337207
24305,-0.3482277442368959,0.13608118596560367,0.038714587381825025
24347,-0.37796436746275563,0.04442784328446289,0.003311647581088389
24353,0.21996488145562182,1.0518215388777425,0.2719086298499791
24367,-0.6310682031644941,-0.0582155164047655,0.000200376893807338
24387,1.601569429803656,0.7426283471140116,0.027078375051121584
2443,-0.3671915225053048,0.7354626031844206,0.27947681333145674
24443,1.1001896314780397,0.6417303151478533,-0.050654592244583165
2444,-0.8098402608424702,0.4152281164480927,0.26112448797988336
24472,-0.2869548993057778,-0.37835471608297455,-0.2271730960677461
2448,-0.6273308719655828,0.4498936190316973,0.23162626132761022
24498,-0.2352114932401017,-0.22974220138484192,-0.17251546158590064
24516,1.176694837232492,-0.45405235519404136,-0.4913438038252338
2452,-0.1532369848714694,-0.8789103896831034,-0.46866800796932
2453,-0.09813583379449108,-0.6205081231176927,-0.3825287939671232
24540,-0.596639667652081,1.17116018211432,0.5475768740722182
2455,-0.28146062879017597,-1.166463596532187,-0.5505472249269907
24563,-0.5260797002602406,0.970845873504006,0.40259925362847454
245,0.6378508413074006,-0.376286593464215,-0.3956662557462107
24603,0.004026442720211002,-0.046703328296243664,-0.14785492466104905
24677,3.474888394278235,1.7403546402501067,-0.012922270513638047
2467,1.6977463284743695,0.08921868473539714,-0.41905941491436466
2468,-0.2684863046592017,-0.0864870589462638,-0.10683519625380239
2469,-0.6370922914225546,-0.18699460497702355,-0.04830729789775888
2477,-0.10897459727002712,-0.020063301444934924,-0.11612895230989227
24823,0.20909117272601935,-0.38834680068747696,-0.34432067332847244
24829,-1.1325884846490286,-0.29603507115705396,0.05514034576855993
2482,-1.264381450063296,-0.30910190152254896,0.0626055259338804
24865,-0.15907794476401071,1.656230390043833,0.5965504867662985
24867,-2.621223312852119,1.0673694610678102,1.0006557546020054
24897,0.6169606269390616,1.8124579807850876,0.5107240041903416
248,0.10465096038070855,-0.2388157802873594,-0.2611351623770245
24902,0.41578988762046826,1.52390604816653,0.4390832565489556
24919,-0.22371388632232062,-0.6006263701984301,-0.33683510240829945
24920,-0.8458620926657135,-0.6193478724795243,-0.1629851439704626
24922,-0.5057940653152104,-0.13014039103644914,-0.0678102111176562
24961,-0.873658408363679,-0.278282854599069,-0.016921388677853148
24966,0.4203459539694935,0.5321435432597036,-0.010865454721777383
2496,-0.39800702862516124,-1.5277598032627306,-0.6834515661028818
24998,-0.36021549076593834,-0.19564971406841714,-0.1223316424101217
25093,-0.3124280522571627,-1.9379650033634153,-0.8376636607887501
25103,-0.04901279219948544,0.23307809604716728,-0.014480895109538315
25158,-0.1321880518472535,-1.1371952859250405,-0.5188544134789997
25161,-1.8822702789749417,-0.23165235970141967,0.25509559635384027
25173,-0.24463902723961845,-0.8690485843131601,-0.4449916561685265
25178,-0.9204880108494778,-1.7433470471700478,-0.5885569649366501
251,-0.8719509349551354,0.05504824994843902,0.10644762883888322
25247,-1.1528323770674438,0.5035747416899191,0.4032492889584737
25249,-0.19925044045960338,-0.3149527253905908,-0.22774370949129163
25258,-0.8328184717816871,-1.8422972162242444,-0.6979931322923837
25267,1.0531959671676367,-0.1764186360642971,-0.3769707415811876
25291,-0.1238498562107217,-0.4431493359728702,-0.28947609295123816
252,0.20915217818805573,0.22234549802777256,0.00436052901385649
25328,-0.3814868004658673,0.40282488179566067,0.12176294635656869
253,-1.024414848188243,-2.132229591278971,-0.7672272959805541
254,-0.9805324413827639,-1.0829675003069743,-0.34162088312578864
25591,-0.665894512004462,1.7741150309044926,0.827517553151028
25621,-0.2315289823313351,0.04138681344212709,-0.06834854706718628
25644,-0.5988908473450856,-0.45442217024253595,-0.17987436072583834
25665,0.30997309799416567,-0.787496924727697,-0.491392713098488
25679,1.0009319417427422,0.595793438377763,0.01777460128647135
25703,2.03245457715755,1.7764586071500774,0.254694426654116
25738,-0.16893932814493537,0.07944339735800902,-0.06996547238613418
25744,4.688977322162762,-0.5985124242739338,-1.191237070780446
25749,-2.7567819756012772,1.0974683503342801,1.0452124646801393
25750,0.9067120900375703,-1.454947417130356,-0.8764935943296485
25752,-0.30995896311766546,0.8331696028812384,0.2831966634111916
25795,-0.29249641686769356,-0.338521585927067,-0.20332599303670693
25803,-1.9277113983338527,2.8422275797432723,1.5654257293420857
25849,-0.975272120419524,0.2931184739732771,0.2337820263938099
25858,0.8537847736467625,-0.05806278402216398,-0.3013223053726092
25869,0.029043591888607858,0.2942433120380323,0.028515158871685462
25883,-1.919326531675002,1.602524495159748,1.0341389139719377
25886,0.02351003468034935,-0.8777525792573703,-0.48520333118162084
258,-0.09737327779099073,-0.5781831344424149,-0.3408823074675831
26021,-1.3206811068133923,1.403434974250157,0.828603676742871
2608,-0.8462210448071563,-1.607624408178863,-0.5976592778864807
2616,2.0947277061672342,0.7016665501606418,-0.2335601988189199
26181,1.3822444327530636,0.41991274853572247,-0.18324626571287397
26185,0.3766298994589812,-0.19482641579290114,-0.2851641372465343
26189,-2.54215153520158,-0.1536373965453616,0.46342789877418017
26217,-0.26674277684727815,-0.5175068596061138,-0.29461801910446306
26223,0.6204758401883935,0.48342492597600195,0.010942908658273744
26228,0.41089432822887906,2.1335170462608777,0.6480657939931496
26260,1.8243783938856057,0.34621383481085066,-0.3557549293835641
26271,-0.4188751469163959,0.6066786590884026,0.2172014387180018
26299,-0.6097902616549447,-0.6330316938377312,-0.25187546208918477
262,1.9499467939463462,0.07008425625644293,-0.47239149629251154
26312,-0.30710744809630103,-1.7246523611423266,-0.7902118805249677
26323,-0.008123423185265152,0.07464408922076282,-0.09590293723506409
26333,0.05549279741604077,-0.9820625503623853,-0.5190188352056023
26336,-0.5736108147144177,-1.7749071965941599,-0.726757608507164
26340,-1.2329025662656954,-0.5036700002413926,-0.03179578188388359
26342,-0.0357132770822284,0.24893517852119718,-0.006925173014816874
26351,-0.5529700222153389,-0.5860336043109746,-0.17814395257992213
26358,0.35117701549684593,-0.3067472282369292,-0.35975695414794345
26363,-1.4269664040633177,-0.12760456171586373,0.1775579432165601
26379,-0.3329714580383861,0.030496458133181095,-0.012888177605341456
26381,-0.564195739145857,-0.9814281070357237,-0.4066571928222913
26393,-1.1014641086993657,-0.40070026328551567,0.004788795688553771
26395,2.4090466024755517,2.316948205113018,0.5871631912894555
26397,-0.4788477549082145,-0.39615895843404186,-0.14318195091425107
26411,-0.7788202035626042,-1.493032633252003,-0.5618537227642046
26416,-0.03912773347566404,1.1561250995171575,0.37360496256199943
26442,-0.35809325400578956,-0.6104558446406712,-0.3067453346742792
26444,-0.7647069772982198,-1.8557365997516553,-0.7144613081081053
26450,-0.8927723965162593,-0.48395014045763873,-0.07212192804553716
26451,2.5744238791911966,0.5836928102167857,-0.35988625877097946
26455,0.4124595429104188,-0.7078768806650325,-0.4424878964065701
26483,-0.49250841704076986,-0.1141676514205127,-0.045004255917874623
26484,0.21903936647560793,0.19945033160515066,-0.06869477046113903
26487,-1.5773123610281161,0.5363380931086347,0.517421041305551
26499,0.9174426326054622,0.3064087391002681,-0.16278606792820674
26512,0.7614441056578284,-0.7662348849505546,-0.5668017008355186
26513,-0.6003679335325209,-1.3167128984240175,-0.5410919865480313
26517,0.6072511812431103,-1.0632577046433649,-0.6504128675911747
26519,-0.8284077961205134,1.4969161062063563,0.7262562446502273
26520,2.299499150854453,1.6499328616659388,0.1585036263022933
26522,2.4328686882078596,1.6058881938532958,0.09342757745091414
26523,-0.1568762599148518,-0.15565578418548912,-0.14261005246346845
26530,1.457537284192545,1.9596600472830514,0.43046571363194147
26536,3.353699726327518,-0.050172699214294465,-0.747658168692704
26539,-0.10891094519857424,0.8832127744691384,0.2815575727188064
26542,0.7042879902040018,1.212970363282522,0.2170209116929142
26543,-0.06769564260880978,-0.6053359184466759,-0.33208547329927995
26554,-0.9692537388058818,-1.9629773024919928,-0.7137917252434591
26555,-0.921169049981724,-0.2187553019649462,0.008225543971878179
26559,-0.5159348554213014,-1.3942016024772104,-0.594193582696078
26564,1.7894474069324575,0.50901607415013,-0.2358593200398507
26567,-3.3452847894137596,1.5856553935463698,1.406558632884022
26576,-0.8278138489856903,-2.265593590685161,-0.8784843603017305
26588,0.7391386330911848,0.20163194645937127,-0.20598835065816454
26591,0.3009877001799887,-0.739968651768347,-0.43160626528126267
26602,0.36959423611044845,-1.061553621996961,-0.6389847462236691
26610,0.1758748598536427,-0.9409215925034318,-0.5062920147690306
26626,-0.04366638388801222,0.49150684491593893,0.19564630812601175
26627,0.07055505127506673,0.21276046855015776,-0.0782456390731973
26634,-0.6027501650128831,0.4125316156217739,0.18475164265198168
26653,-0.1275325481847846,0.9774498881495447,0.2951525122179318
26658,-0.3734757245117362,1.6986469139641693,0.6630475969969956
26677,-0.7641265755280967,0.15531349438956063,0.11979934303055768
26687,0.2059485077257594,0.987199430738511,0.21587743460007253
26703,-0.6592534212236146,-0.6898063992915967,-0.2625207761841424
26704,0.4208226921321645,1.0096956478595793,0.20186777257272176
26708,-0.2380531299685265,-0.7249133492655484,-0.3683715719396134
26725,0.3128872820875,0.11079880214909264,-0.1284248203979688
26738,-0.4151368889336896,0.5450556448534654,0.19036430442436103
26755,-0.6664410121047397,0.9622058111651476,0.4513691496137449
26760,-0.28343246825628804,-0.939273905252848,-0.46276994414551237
26790,-1.3810175064016224,-0.7813724050477296,-0.1083513439427189
26798,-0.9291406994938187,0.5579118778769644,0.33254886352184965
26799,-1.5360707897474208,4.510823915141827,2.2152449443500424
267,-1.0387329790460766,1.1156157312951607,0.6000059309078064
26829,0.0763620248275347,-0.3772133021294045,-0.29772654858259495
2682,-0.23719080163436224,0.44292066224918325,0.11696198529807443
26847,0.14463730286478474,0.3756789881873492,-0.0234302729832879
26856,-0.6446777373476967,0.37639760798820054,0.195824695935439
26871,-1.3872096682434836,-0.20971777715255585,0.13254233602369553
26876,-0.7257930367907651,-2.1951123326947406,-0.8734048107634189
26881,-0.15048846332958868,1.8451923723219408,0.6710891063121014
26891,-1.1673985534049545,-0.28236781462723465,0.04357687545090262
26906,-0.1749488772803732,-0.9489152546954767,-0.4892628934075432
26912,-0.0023750129043674834,0.5505151493537149,0.102772902222154
2691,0.03160154595732346,-0.27766795185585674,-0.2507284149410535
26922,0.07784528632788942,-1.2080077378480707,-0.6199050788641732
26941,1.5211022560221081,0.8025121455806665,-0.07731532354338394
26944,-0.30645676535187644,0.1599515934757629,0.005633925997894809
2695,0.4923420365255694,1.0899975370164368,0.2630157466720748
26962,0.3891388373458658,-0.2910749086714189,-0.2980293664617031
2700,0.2719855710557121,0.3132903396636762,-0.05813969024511208
27010,-0.8886965812949741,0.4785990083256211,0.28904856523099454
27015,-0.4770866474658928,-1.6915015530309605,-0.7192724976960407
27026,0.5562740634675697,1.258246714125481,0.28787563015555956
27043,-1.1322800122857033,0.8395768257802042,0.5113622040356479
27046,0.6447038288085138,-0.4626523966878183,-0.4371236172434906
27052,0.36335132815944515,-0.868854544128189,-0.538647810971974
27054,-1.1720359737120332,-1.309160899047328,-0.38578548347144953
27074,1.0158162522931666,2.297350351515862,0.6919589664318195
2708,1.6511668334305984,0.684101177013664,-0.15200954681980344
27118,0.006178822150555393,-0.04393329649455694,-0.16721671928776072
2711,-0.4912262215489497,-0.9738593616508414,-0.410142829059431
27132,0.11550217234988738,0.6400866754127316,0.13830726909888774
27153,-0.02951627078575026,1.6708791185587295,0.5636698616034127
2718,-0.5457936295232679,-0.3875497182023473,-0.13313232782288764
27201,0.8278499078776292,-0.4686880686560251,-0.48533566829957064
2720,-0.47492851359663274,0.029175338421238397,0.023899151447553297
27210,0.7951791545920791,1.1704116296624578,0.1896407642978255
27211,1.3113714581806042,1.29255063427832,0.1743784208805066
27219,-0.5868422379867146,-0.08008457360492252,0.023882683796683974
27233,-0.11529413023251282,-0.4160890377307047,-0.2845118728937153
27235,-0.27823961491683097,-0.7692984740726967,-0.3661935747226523
27237,1.0657713515520681,0.32453571467656483,-0.18142497397412854
27238,-0.5327851674699976,-1.3953111248471117,-0.5315761906128418
2723,-0.6697521141798428,0.7838884627355338,0.37121475577173974
27254,-0.6699388165245784,-0.39455441058621626,-0.12894380521552232
2725,-0.22817493689216253,-1.0673203461507936,-0.5256924918199533
27267,-0.3170855158564851,1.5557825035320516,0.6324411603974216
27269,-0.20677037646530608,-1.244167341320459,-0.6070044114741543
2733,0.6257795136669958,-0.9303931623835541,-0.6092271061302709
27351,0.1369778398303534,2.5786758592605787,1.0100041694534443
2735,0.9010304058182567,0.17540923483565446,-0.23314128979943588
27362,-0.43460504219901175,0.0240836676747929,-0.002965918378928301
27381,-0.6151859973932802,0.2703819632928458,0.1338853896590357
27385,-1.3851025097125687,2.6175424127949043,1.3523838257397796
27389,-1.7645150826021077,-0.9816720931492154,-0.05576472362907653
2738,0.2714672062236645,0.4124667023036663,0.01863673927877395
27394,3.360815271891725,2.1097559244697317,0.20174407898018937
27398,0.021710490204215522,-0.08701791188696896,-0.16614865601392645
27409,0.5577544878096878,-0.7097193561557225,-0.5307513561553713
2740,0.1807520598986915,0.20074450005119848,-0.07620543750043145
27417,1.0837154493231893,1.2018085369415552,0.1667338240696653
27496,-0.0029675059572836196,-0.5316616613453349,-0.35151609568365527
27503,-1.2518953655840028,1.9512898083429029,1.0988252532268328
2750,-0.42872199118097715,1.0734259121016962,0.44735945515352854
27510,-0.9516274127752995,0.38691449738208844,0.2725339207961076
2753,-0.8305419838591052,-0.7943614312756425,-0.2551315476003485
2754,-0.522076113304542,-0.06458071300385956,-0.03400794324968434
27556,-0.16382178204281916,2.052453544229682,0.7812932794124886
27560,0.4454472269326298,1.0802564168487614,0.21263207525600708
27589,0.047872086525045,-0.7495842734941082,-0.44508431302166873
2759,-0.04007198925161203,-0.7577960833308311,-0.44057036656626297
275,0.2682584617475955,-0.8800972574944823,-0.5529675350898938
27619,-2.2745478921521958,-0.48087471179006847,0.25938469644848916
27643,-0.8489899560938582,-0.3831634703621472,-0.04719384753961175
27654,0.17799202499392783,-0.5650657219914001,-0.3931741607541608
2765,-0.14386044682392557,-0.5055826245030628,-0.31207977904285755
27678,-0.34404173905930807,0.18574039377258855,0.05500048165928874
2767,-0.5093933753761142,-0.7274899260733375,-0.31702864554259774
27683,-2.8074810798347807,1.0665004530324256,1.0508379162201504
27686,-1.4104365104090333,-0.7967297583194373,-0.06631424562639913
27697,-2.504468540739541,0.20257816176546165,0.6048340758798405
27711,0.37594029196417766,0.3614166034247766,0.023570108322646322
27723,-0.14500813237114746,0.44870147172251246,0.11074559878714112
27727,-0.5720840841369443,0.306337904318422,0.1366267186015401
27742,-0.5686910306519366,-1.219547055138516,-0.5087747196481616
27752,1.054940605254955,-0.9473553254497888,-0.6319194319847108
27760,-0.9137837408268985,-2.1487898389909854,-0.8066220836420842
27763,0.20753528099745625,-0.5888435205100407,-0.41180150207473415
27767,-1.3080297051783198,0.17291159882878399,0.28980010591592686
27774,0.3600778797752007,-0.5081455332998579,-0.3902703811197429
2777,-0.047294804086846644,-0.7070278123321114,-0.41001750505168877
2779,-0.700743755498675,-0.35345190544536675,-0.11042503590759276
27806,-0.6516788841465185,-0.5864816248548828,-0.20712779274719503
27811,0.35368328237433,-0.4174610966744998,-0.3651833910051169
27824,-0.9501018304160069,-1.6269181034865634,-0.5567148751958152
27841,-3.608843448906023,0.8280624193642065,1.1589955624404886
27847,-1.2831200663298254,-2.07976110013984,-0.6793817223136924
2784,-2.4099818990793236,0.37507466079358415,0.6501106948948302
27872,1.0543069549499633,1.2349217539397306,0.1975235483786114
2787,0.2046603292949783,1.0407175430829823,0.2738089403542964
27897,-1.2096172359401738,-1.5242639135698608,-0.46598960667767647
27898,-0.8587112476140717,-0.21700429989856773,0.027974101514609263
27910,-1.941365345608981,1.5257883323750459,1.0327116957287408
27943,0.004849372691077556,-1.547246273781009,-0.7254172598146962
2794,-3.222233781684656,1.9115739801780083,1.513777627819853
27965,-0.09995940724129593,-1.3238072751329082,-0.670071148036194
27969,0.5953661000120348,0.8191297747963185,0.09524139197135532
27981,-0.1846580118504236,-1.8004431733612904,-0.7940776642701682
27989,0.4111499651271492,-0.34093462078562425,-0.2962295052478651
27998,-0.5669157191595159,-0.9688504017655407,-0.3746867527326304
28035,-0.8243999552120186,-0.9557958993981599,-0.27982755718803903
2804,-0.17042143354114084,0.6035183087253138,0.1918803423475373
2805,0.3311859080380342,-0.3119339618048343,-0.3247916687448501
28060,-0.8764567922254113,-1.3877723146122498,-0.49297609643407914
28063,-1.605860916409958,1.0122246605928444,0.7031670281048255
28080,-1.5432432473685136,0.10417930104217771,0.3224553574483687
28088,0.0985523979612248,-1.1690321533423842,-0.6046158010740672
28094,0.5721811454761989,0.5485957142821252,0.015838912089569643
28103,-3.8296236887580593,1.3711731135555383,1.4484266998960256
28105,0.15528128756295154,-0.8801134121439773,-0.5253599091657938
28116,-3.600051213124207,0.6487545827734101,1.0863860325817463
28155,-0.41886037513503743,-1.3976359839471733,-0.6176046187441656
28157,-1.2763337640652987,0.2537799956766555,0.3013490794704637
28178,0.8082112696805667,-0.39756912204863154,-0.43075951403549084
28186,-0.0014212427799892887,0.45828743848590475,0.0838388990043812
281,0.17826207862891935,-0.22350164220695667,-0.2643952786619897
28208,-1.1790095868246397,1.5220955441350046,0.8135534455827774
28213,-0.48938021202672083,-1.240209348915917,-0.5234813269750417
28217,-0.7161340891911788,-1.4795034999552588,-0.5289609031996657
28222,-0.6995314662526099,-2.4282880507073523,-0.9643969076794623
28246,-1.2175557126495926,0.7365350126111906,0.48964329916100674
28263,-0.21318471048840373,-0.7398941766278875,-0.351850433239845
28277,-0.4955019709301785,-0.2611356010508463,-0.06711888754912902
28288,-0.16060329990029362,-1.3343255042089335,-0.6515617157873096
2828,-0.15455161335586995,1.0387549935879061,0.37016041981578657
2829,-0.4357382940402522,-0.5530842249140246,-0.2596807478174808
28302,0.002006253290892925,1.0978587628087964,0.42483596580042765
28314,-2.00483078063049,0.178131029813562,0.4601019638833254
28315,1.1236500178284707,0.544937895100622,-0.07840588459730645
28316,-0.9173668137874134,2.084094375591672,1.0365490732641942
2832,0.3814404949759304,0.18522491984394718,-0.10651742776990057
28332,0.2805201855552924,-0.3102287226848774,-0.2926096971850603
28348,-0.9660247268672343,-0.7591957184026138,-0.1472688547281383
28349,-0.1579761628966795,-1.515389917672002,-0.6782381108498394
28359,0.07978029584834442,-1.3762763352986527,-0.7054577468767026
28362,0.7946853393338794,0.6434297579604783,-0.016704682815487513
28368,-0.165629777846043,-0.12354926221437522,-0.15642419891041376
28369,-0.08121875550357024,-0.5793620102357734,-0.35472366131665056
28380,0.9617031594135076,-0.4042103103239836,-0.48312778861779504
2838,0.16323742288617474,0.15862090658850206,-0.11413705356665475
28396,-0.21684541907845956,-0.783370840352296,-0.411717735005625
28400,-0.1838140687759071,-0.19160138334362417,-0.1801231425250432
28401,-2.0792930694094554,0.9124950165538371,0.8177236646775808
28405,0.3857406182794513,-0.8313161320999245,-0.5204062293969125
28425,-0.06965436418118875,-1.0738790648171646,-0.5184304464358475
28445,0.14409618131664417,2.1860064952738765,0.7355316923790344
28453,-0.4088866700643174,0.124902796403821,0.033708738424033144
28463,-1.130221468733274,0.4605365391556585,0.37132356348744505
28471,-1.8341929335099088,0.39349074791992095,0.5130250722693572
28481,-2.1122184684050547,-0.4892434311025854,0.20826876491623808
28489,-0.08926839581397975,-0.07798073184707417,-0.13096059668129714
284,0.6103182625658832,0.06896608094917579,-0.23336225776744596
28507,-0.8777181874660355,-1.1315238808337569,-0.37735839843321595
2850,-0.697009856762986,0.8265005872596229,0.4273102363066446
28513,-1.3015519695632871,-0.5003933430905507,0.008315635605190332
28515,-0.30238368738092225,-1.3809072442882344,-0.6261892269461099
28530,0.42459086340862034,-0.12980839126657975,-0.2772348978054933
28543,-0.7500460791719264,-0.29859261606358944,-0.07429825857652411
28555,-1.9920881173774465,0.9798909540017657,0.8014915525219823
28585,0.650938190395427,-0.9554312651520439,-0.6253747130237971
28593,1.7010258133920861,-0.37432564355885656,-0.6012026648921592
28599,-0.7944275484662942,-1.249235828905492,-0.438886582469624
28614,-0.15454891224631773,-1.1303817617733862,-0.5458095267547469
28635,1.4163310737316497,1.4285443762463432,0.2165079405670592
28637,-1.8886477020895498,-0.00024286853717675122,0.3538368513016719
28652,-1.9764373000354207,2.041339885912909,1.2380750236920366
28663,-2.154427083273462,0.7160705254030117,0.724962993903309
28667,0.7349518827959204,0.4267729287424521,-0.10954788227358782
28677,-0.8525738490356987,0.21897750896163132,0.21510465851401994
28679,-0.8098547140483567,0.3239466636916265,0.2088684284155793
28701,-1.211265506081866,-1.0344501414283984,-0.2577931281900813
28703,-1.915151438227324,1.0936016271159865,0.8196056043066013
28706,-1.2345504202022906,-0.3589890545210368,0.06189871501611151
28710,-0.7249973680036249,-0.9488012394569715,-0.3185217982322906
28729,-0.5736856637264862,-1.8200483053136047,-0.7467209826392861
28735,0.16931467935464592,-0.14384491971401034,-0.19293858087923504
28747,-1.9479711683939274,0.5847752053451406,0.6259881021996067
28765,0.5412963933818082,-1.7940575335345303,-0.9303424714648253
28769,-2.4549155811944625,1.6235880358607075,1.1855098296571445
28778,-1.3653405633955409,-0.4087182997190688,0.04326928316361288
28780,-1.1308876392916694,-0.43224194158938267,0.009437053439704733
28788,-0.3714141042511018,-1.1235662754023725,-0.5171194774169071
28790,-0.7569739174949157,1.1230509373507793,0.5911812167258388
28793,-0.020949180048697297,-0.4059116571492685,-0.28972357151251255
287,0.047110650329807574,-0.42826309577284843,-0.2867074989826678
28805,-0.4354112953938767,-0.5537220580531008,-0.24971966484140964
28808,0.3055385471670076,-0.12278201164123521,-0.1989954246592212
28812,-0.03528441594796751,-0.6844594034697021,-0.41012551224598887
28818,-0.35358161248257974,-1.6091866479493226,-0.729421824425638
28834,-0.3719599373383385,-1.7103824023067777,-0.7285026249131725
28836,-1.7459339166796612,-0.010653615567580581,0.31149020615801704
28837,-0.10526994789787841,0.05084815904434232,-0.09400027573261459
28841,-1.5171288428748675,-1.3616706153988858,-0.31102355948103866
28845,0.01934047789127791,-0.6005863803514865,-0.3779254359558416
28859,-2.508923603687799,3.5724061411910784,2.0432347539250975
28860,-1.7186823463115164,-0.42942115509987766,0.15461180406456412
28865,0.6404901627410607,0.468134591039132,0.004610324584618369
28868,-0.173417134969066,-0.42532269055365557,-0.22977699507955035
28870,-0.1809901376453196,-0.9240842245702664,-0.47688110686418517
28894,-0.00012807077837152675,-0.6844515737753336,-0.39829961171476497
288,0.10829750490150769,-0.25314833789321345,-0.26145298853001403
28905,1.7266717463174655,0.6892482146888679,-0.13575147143821162
28908,-0.681165155955542,-1.700985021109968,-0.6807377873309644
28914,-0.19405366167852417,-0.06378050133002079,-0.06610778800939077
28924,0.1046903523117385,-0.91199729020768,-0.4823469796484474
28925,-0.6180327062272962,-0.17306542978786918,-0.04489138022095361
28930,-0.19207385742639949,-0.11109868676751634,-0.13499905897870035
28942,-0.8949497617200104,-0.9026331903383236,-0.28009359972556236
28949,-0.6300116468613867,-0.8824476764839164,-0.2932009854527165
28983,1.22722990841162,-0.6983849154568617,-0.6247170893205221
28989,1.7214004927472342,-0.9628385685755247,-0.7967890345928756
289,0.15223789909893579,-1.9019011476463634,-0.8867542836478703
29005,-2.638573941604327,0.11316030043888736,0.6009734757140799
29009,-2.956650339050976,0.6631228269180286,0.9171572951312963
29011,0.1849470968273797,-0.9653489063290454,-0.5602643926277691
29012,-0.039850790603840516,-0.4949650585801547,-0.3106732770714274
29024,1.585729932617955,0.0650827833673205,-0.3755781906842824
29035,-1.283712919344333,0.8739289807764845,0.598397982142298
29047,-0.2659244902145107,-1.1832349727869207,-0.509521534462472
29056,-0.13313653522272917,-1.267118471827403,-0.6157777842310166
29059,-0.7107634421661042,0.5843740445637066,0.3361961818858281
29061,-0.688289481930366,-1.9785159581571403,-0.7438674643849305
29066,0.6948744190038637,0.6172991324189043,-0.003522760872533876
29087,0.7141030014118781,0.6108824895209255,0.04130545960616312
29089,-0.3786808343495705,-1.2299528146154675,-0.5281733073013486
29090,-0.7113804531122254,-0.507762506168798,-0.12455891370681925
29093,-0.44828780578784355,-1.4726386324736889,-0.6256940239353067
29120,-0.5329808590289641,-1.1767293481413523,-0.47614647721812786
29121,-0.0017357031455941848,-0.741676018221865,-0.4239815237591363
29135,-0.5991334841258661,-0.7033680832367732,-0.2146323232863166
29140,-0.18021709667204042,-0.1088974420437268,-0.14471312153344723
29143,-0.9267886083592144,0.4777752428757495,0.37524850970681395
29147,-0.6798600655880669,1.8695707763981255,0.8162651806342236
29164,0.572906760795606,0.7260683198376683,0.10669930180361571
29170,-0.21437948390534978,-1.6659596045641805,-0.7838141964309804
29173,2.6066331181786655,-0.24112048457925483,-0.6971494617142201
29177,0.6736505320887407,-0.31926425010410475,-0.37475569753695237
29186,-1.728635404991099,0.7504076325306238,0.6426180456316952
29188,-1.569262429448923,-0.874196888202232,-0.08192898757880981
291,-2.715151002822719,3.2942379659915577,1.96403858461035
29206,-0.2930006393475242,-0.554976934425534,-0.28024217916906735
29208,-0.49717898653428966,-1.0224111202763726,-0.41249565183713277
29209,0.5100218608406047,-1.5884224719355238,-0.8406310599197083
29227,-0.7677022621609094,-1.1538538335360384,-0.3961696119494446
29231,-0.04152253100612141,-0.9208039254234707,-0.5237903467864965
29238,-4.436392398200982,1.8710332371343912,1.8339452288753733
29241,-1.14827785865939,2.3315477328803063,1.2841328411690731
29268,-2.3607599134184767,-0.6004571868523857,0.25185259458786696
29293,-0.2979957429692973,-1.1065083203680264,-0.5091295508849752
29294,-1.1217751525218391,-1.1703946162914063,-0.32985393875111757
292,-0.0012009228001081367,-0.5491729368067659,-0.34364877720053894
29331,0.7164634969798374,-0.34685612625800694,-0.3741382202610178
29345,-1.3899777222061624,0.4980298707470802,0.43118614592403076
29357,0.7621860894903443,1.8419480981144098,0.5258177982263115
29379,-1.5954951023526212,-1.2401854453283356,-0.24416362640872485
29384,-1.487985976947345,-0.1327056271920108,0.19968023841060428
29399,2.4985528010270786,1.74475530635489,0.2298426697674228
29426,-1.4353363656513782,-1.0807728966013501,-0.20166868422114478
29449,1.5282809620306825,-0.27452533183744493,-0.5099673052254744
2945,0.05962435371207081,2.352914060364598,0.8221593942156619
29476,-0.8181040083132701,0.22593167134204628,0.17211297251867191
29486,-0.01209953326755783,-0.9917026232952743,-0.3835081590410713
29488,-0.010618068286411505,-1.8205166653545295,-0.8614993487045285
29490,-0.37530110326504346,-1.4914836850026933,-0.6294074195490671
29495,-0.23264260021137523,-1.685322103504494,-0.7711239434231193
29496,0.17452355258907817,-1.1090557110700086,-0.6131577246379725
29510,0.17874478016841366,-0.25610933587833784,-0.24299038952052715
29517,-1.1266011468404906,0.11502554847986203,0.22793006068690558
29520,-0.6904272404379684,-0.3400440185457018,-0.06353210025021805
29521,-1.8009340198351997,-0.4537206142400056,0.14207519016093714
29523,0.6515299654163329,-0.9590291845408013,-0.6251296007106574
29535,-0.30798713223997987,-1.311181074156986,-0.5691033267464125
29537,2.3042538593543735,0.1437227489585711,-0.4323947194443692
29546,-0.46074840528639993,0.04607624118877469,-0.003674245709892552
29548,-0.6982292370437976,-0.18474062948253922,-0.03729901508771606
29571,-0.599125408282093,0.6663477413600968,0.3780806156743944
29577,-0.28340606392952955,-0.9099209383397331,-0.414566695386824
29578,-0.04932023082121493,-1.1737449087660452,-0.5763994743146434
29582,-1.6158748206341729,1.724320299470355,1.0087470590664196
29613,-1.8935861752890106,-0.1889060469768401,0.306282896097277
29617,-0.12542910964136947,-1.1714660793937532,-0.5680901208967879
29624,-0.8257331112121301,-0.8910596393205754,-0.2917242067543134
29627,-1.3832743483745322,0.39070785760033566,0.3832898523469496
29632,0.22261070167286653,-0.5251306333740045,-0.36534442317540344
29636,0.49535224019407564,0.5132100688300248,0.08242265630260638
29637,-0.22923059290292308,-0.9822521836229153,-0.4541016029918211
29645,0.11279116937175862,0.1408429363017001,-0.0841120587409696
29657,-1.2858838276474926,-0.32595009169613265,0.10073079398991137
29672,-0.8236456250962086,-1.7092900985347421,-0.6248136900122282
29675,-0.6109242785943055,-0.9865870998427776,-0.3869764027548109
29676,-0.6505350602038119,0.4246274724683334,0.24651949724955657
29677,-0.8788416007800286,-0.24064041638055184,-0.01571870650983986
29679,-0.01967826312474065,0.529109312111342,0.09815268211933044
29683,-1.8023323227423502,-0.7613510942018981,0.028514947605234115
29685,-1.5054241774018913,0.6699168374374658,0.5784603684837806
29690,0.7698006388613365,-0.27994985603322403,-0.36401457292793865
29691,-0.4493613334264519,-1.1125978498131581,-0.4948751924733371
29692,-1.0762197404245089,-1.6247284678438783,-0.5251933177720484
29695,0.9305318884696396,1.2177105490340328,0.20159317138351385
29696,0.29392646775251086,0.27551469563111275,-0.06976389303828624
296,0.27671424632201264,-0.10009387541248348,-0.20207356413175037
29700,0.05414521853776201,0.6791817581891146,0.13845116916470282
29705,0.1931769758605785,-0.6897057220317031,-0.47490285964016155
29708,-0.7732933114503072,-0.20725364470083923,0.01706537361519757
29710,1.2099508888003467,-0.380860367400481,-0.4674250479572643
29743,-0.046691608138075026,-1.0277830456995987,-0.5116837148687736
29744,-0.49967118569934327,-1.7587513825565304,-0.7488541444290181
29745,-1.302989013870047,-0.26395612812513897,0.09346431974948786
29749,-0.6567255735139899,0.47852392775046765,0.2409782264941161
29771,0.04874793345188533,-0.24747240813229793,-0.25366935458180806
29774,-0.9057656885391923,0.5255214684104035,0.34138240295888705
29782,-0.2448418138478083,-0.5842373483521119,-0.3033548162188839
29783,2.2067391390983384,0.7644553434050552,-0.23695138286656123
29787,-0.10483890863444638,-0.408434885363349,-0.2825510278541623
297,0.33974492364508013,-0.1120426129121752,-0.2519281144894829
29800,-3.3378462112491376,0.5550896177445955,1.0048283437395986
29804,-2.620017602160183,2.1413044745614984,1.4754805504755584
29809,-1.7539390741912178,-1.5450103687088783,-0.3278734151973263
29813,-1.8297153930460819,0.16736374833360837,0.45726886542956563
29835,-0.499460028955208,-1.2068894595876682,-0.48481147506299876
29838,-0.6956040816096568,-1.9239145974030167,-0.7340677897707941
29839,1.2201394773829615,-0.3475736798197294,-0.4667516547578153
29842,-1.4971858612109368,-0.18168256023659995,0.18499863659188204
29846,-0.015129870678576721,0.013928971083507054,-0.0405558662800292
29847,0.3809569544011116,-0.4485002003503167,-0.3921072037107826
29857,-2.705284193081926,1.4416694993532266,1.175851614956022
29874,-3.3105208413767415,1.1441540448989818,1.212158558762517
29878,1.1028576099836864,-0.4320334927143573,-0.4982997344915036
2987,0.6586187972241058,-0.4679670711479099,-0.43741371641942745
29881,-0.7057308079908863,-0.3474986806637237,-0.08777319909546412
29907,1.013985033048193,-0.41903384211416767,-0.4468135146449069
29910,-2.1728708029699053,-0.3327202058976326,0.3040381189130995
29922,-0.7156413794081704,-0.9368898425430401,-0.34563551957456223
29933,0.606712003619193,0.0213911178956528,-0.22920226038686237
29937,-0.053604557354725656,-1.0733126098806531,-0.5235767928299782
29941,0.31391872904471013,-1.0691300516525095,-0.4968676240167647
29950,-0.1643307616229299,-0.6324095303519524,-0.2792868771209882
29961,0.4206140754968722,-0.8129425805817274,-0.5237695475321809
29966,-2.675207805823473,2.2846526246306214,1.5279128227795777
29975,0.4165381177336111,-0.512570387404716,-0.41547881272577997
29980,0.35345934164920945,-0.26484704889431654,-0.297146372482627
29988,-2.090666503386703,1.9077677252995662,1.2486029007928523
29995,-0.24640936496134802,-0.39716458197307425,-0.19113511490246315
30012,-0.7235131334029351,-2.0029417319088294,-0.7701499190425523
30031,-1.7506525311769308,0.5360245981167959,0.6336447249009297
30043,0.3665795028843374,-0.305070232087117,-0.28453217678467946
30052,-0.8367741646861193,-1.0413871700880393,-0.3158289312744896
30058,-0.6337035385771543,-0.5893492833623203,-0.17059172760073107
30065,-3.3624945887208377,3.1515224134444386,2.0983052876126176
30067,-0.6820253506319113,0.2919241681191347,0.17997429872006404
30072,-1.1835049474402703,-0.7000134688117582,-0.09220971541032823
30076,-0.2819400290329684,-1.2481572381637411,-0.5394300802082519
30084,0.4266517113276645,0.7574720273096154,0.14072579156083875
30085,-0.28362543576576676,-0.9044072377551957,-0.4294360175008483
30103,-0.4462111293413162,0.2803616359529666,0.131091718818833
30111,-1.143639085551216,-0.6238347059708998,-0.0904583544522069
30117,-0.28433064153383397,-0.34922589736557985,-0.16999767795227902
30119,-0.9709239907954195,-0.40605997498194896,-0.03689429869739655
30121,-2.564902610501567,0.29097213758621004,0.6668494495461594
30128,0.7911248707034044,-0.596087160368082,-0.5148276812603728
30150,-2.112267737855326,0.25999277692928696,0.5332141639944419
30152,2.301791907742537,-0.3787717046377646,-0.615199827321056
30154,-3.2019489916994948,0.5630978908103422,0.9395920151085796
30155,-2.847107948367019,0.7447605642189248,0.9394984857060286
30166,-0.7999499575557942,0.6671648352130639,0.34398337949266783
30167,-1.7241059470924398,1.099797486896272,0.7714855036082116
30176,-0.7594049947271498,0.08686675438537755,0.08983891300403272
3017,2.7301520777780164,0.9427574715419482,-0.23669061894032392
30182,-0.08568958144340609,-0.14334157806303344,-0.1638071266803324
30183,-1.0522832564571967,-0.3677740214225912,-0.013112571195529483
3018,1.4779142244572538,0.9984348273121733,0.07984098944737718
3019,0.609969719400422,0.7857786682755699,0.13515264327042578
30219,2.0240270117628327,-0.44252436222248887,-0.6757997134116278
30260,-0.05028142482137678,0.25563439965743273,0.03164673328122328
30270,-0.050641434275416716,1.16961692648718,0.41376609797445957
30291,-0.8868143204953053,1.5696309145329683,0.7755268250026135
3029,-0.8108545435094539,-0.915262174433838,-0.31672203901768403
30303,-3.8577249051008957,3.5180641938989132,2.3980945590997225
30315,-1.5664955100501363,0.2607925972213829,0.39414170406927745
3031,-0.09931494364150202,-0.26010658022436306,-0.21787337389869457
30332,-2.843876319565249,2.306878644589344,1.6380587681533856
30339,4.136972924894992,1.093777398854807,-0.40774410417097656
3034,-0.3900898340526406,0.3621408939437801,0.10863491054283304
30350,-0.44350091700322586,-0.9606050114314549,-0.40032651817474835
30358,-2.985819136743297,0.025686145622106412,0.663905550019418
30367,-0.3583303130933694,-0.7665168327661004,-0.3711608498704447
30388,-0.3995556846494042,-1.141956491149986,-0.44313882391837267
30395,-2.4826401291344458,-0.04996290305148462,0.5050711294910272
30397,-1.8287278814986636,-1.4160094734188395,-0.24784648095293343
303,0.6851927535167801,0.590585860199347,0.012716376324034441
30401,-0.7992543769376923,-1.0627463090776421,-0.3441195247125051
30402,-0.26918236978379545,-0.4233980458559929,-0.2460278034649755
30422,-2.0492020769239936,2.09533053829929,1.2760705447024892
30428,-1.0467443270161372,-0.43655584717058177,-0.05319352588642554
30429,-0.04352978122162916,0.2827009595554646,0.08969519697281612
30431,2.1667214447812206,-0.9347503623118361,-0.8973462446334053
30434,-3.142357968790454,2.198044498424212,1.616564414009965
30441,0.7623333440684273,-0.585958897570581,-0.4372768012843615
30447,-3.5927338028026976,1.4854433174800379,1.4510456826755282
30470,0.5493311674157764,-0.8688022833600172,-0.5689517344827564
304,-1.1668356583036577,0.9317080739507589,0.5948976542554107
30516,-0.10192762422008238,0.45667691843530855,0.10982757060841149
30530,-1.2332576839920868,0.43327478966687194,0.37885823028465254
30544,-0.9789773060324086,-0.7901774054405493,-0.18320791984408963
30551,-3.3035074397323574,0.7857885822929963,1.0864420357458349
30585,-0.7479676798607294,0.36037697475375974,0.21887284224547482
30595,0.28459534120595303,-0.6214760915330008,-0.4157792640253792
30619,-0.05074101777095894,-0.23679785287776406,-0.2050972798642788
30637,-1.0793918311017539,-1.1751574212902296,-0.34550196255251014
3063,0.5068677510770018,-0.43375742848584947,-0.323249337787401
30656,-0.6068546156352357,-2.138143543744646,-0.8838412882512281
3066,-0.13888526507706905,-0.1607784528515164,-0.1394393018395031
3067,0.9283295896944983,0.715218499807286,-0.013933073594876817
30680,-1.2193721511898419,0.3976073988936107,0.37192066771557075
30688,0.5461478993552696,-0.28495625990267415,-0.3373731562573368
30692,2.1157996323627586,2.481893331178045,0.5117271749001765
306,-0.3721049366190023,0.22818316688422405,0.06509801943146164
30704,-0.5485429033757521,-0.2157045471194578,-0.08854359662730694
30707,-1.2719008342813463,0.21306582938160637,0.2893803079036673
30722,0.012050264203932442,0.7278016938948585,0.32859931038345525
3075,-0.4577644183758069,0.3771906485156506,0.1331431713232297
30788,-0.11026510594690557,-0.9328766579905827,-0.4868972382997555
3078,0.6361200862557815,0.43538769980422987,-0.11401514428130555
3079,-0.3090775912828346,-1.6032368575633005,-0.7196948622866643
307,1.9370134722946235,0.8858041846665108,-0.1175239326273575
30812,-0.5828807839343381,-1.6296795733429572,-0.6669895611775516
30819,0.12065915676538827,-0.4095169824955379,-0.26991946873928746
30878,0.4507931151653467,-1.6413829791193035,-0.7918789507761423
30879,-0.20638205884669797,-0.8458484237579978,-0.4295002572473745
3087,-0.234827467867121,0.15224177368958575,-0.019664615752025483
30889,-0.4640599811125945,-1.3341192477268047,-0.5846675105279118
30895,0.4100065630561249,-0.4559052333566026,-0.38292021666267906
3091,-0.4464405534087227,0.04513046840659443,0.008810511838818593
30943,0.324972908720552,1.5937571598709583,0.5035710723860085
30953,-1.0339108899893183,-0.7867155825215135,-0.19892846519927498
30969,1.5890163883935766,-0.49333549156247314,-0.5721725203247058
30976,-0.4762454185703438,0.468747492606227,0.20515104025363784
30987,-2.280713079541317,0.3941080192052218,0.628124819030784
3098,-0.1245009788175708,0.10174069250429066,-0.05373545447937483
30996,-0.9455694837241949,-0.19674084844252276,0.08822815717748962
31028,0.2570602243746315,-0.6728930650052678,-0.47025233488694923
3103,-0.5587918006744608,-1.2597669026986562,-0.5046824478499137
31043,2.7139933707397335,0.56210123186167,-0.3601785225819035
31077,0.39840183218529396,-0.6513778056287325,-0.452227392147251
31083,-0.7891855257398176,-1.0229182987258918,-0.3353554646921569
31089,-0.6244366798719323,-0.906112614903449,-0.3520800158132532
3108,-0.05977142351148572,0.2103709833721612,-0.039410062412660964
31090,-1.6437153943904164,-0.3502123856852382,0.14188896921659702
3109,-0.5483776932820605,-0.7940180695624872,-0.33573068497113273
31100,-0.14659462342926266,-0.7548512859078983,-0.38493028893814774
3110,0.6395010568877637,2.2545018779223045,0.6282460934342377
31121,0.43531175235520286,-0.1565434095064058,-0.2543381001089816
31127,0.010369055361587012,-1.7763554584790895,-0.8570350860372075
3113,0.5258639904967671,0.2971687784556687,-0.06912362244409714
31146,-0.4635296153268546,-0.2811975101663669,-0.14279143370449993
31158,0.226968546575955,0.7350783195333269,0.1367982571756721
31184,-1.3652883721480815,-0.5097197859175894,0.018661837686616504
31189,-0.7104346879708883,0.31048153790076116,0.23584966650570865
31197,-1.301082399349951,0.5603837192794904,0.5451797265860812
31198,0.6970820243679687,1.4159142994338674,0.39670772114065
31217,0.14494733893698666,-0.1082107462800495,-0.16693710166664272
3121,0.3178257748511929,1.411166610870301,0.4221267074748182
31223,-0.12814398802318175,-0.21981491017386234,-0.1729546700380971
31232,-2.3151788131357947,1.4870006911506053,1.0910419765946362
31236,-0.11874899808533972,-0.5139696231744713,-0.31033705257604205
31266,-2.179043972525427,0.7226219441041786,0.7844800916619339
31267,-3.095037280715669,1.1930198370425724,1.1753037482742805
3126,-0.4561623721264381,-0.0810212750801528,-0.05673478242283549
31272,0.16924999581209144,-0.3040504250829345,-0.3096625585493548
3127,-0.7575704509739625,-0.18367132111221607,-0.024102318939944082
31313,0.7069813085529517,-0.4189203394220438,-0.3765922658450754
31329,-0.20875615133830352,0.7900811020907968,0.43434149712988096
3133,0.049400743522259705,-0.6576347725391675,-0.4376252281954683
31345,-0.8791434607954327,-0.8878592968104532,-0.28705644681514336
31361,-1.7987366580991786,1.359052824490365,1.0537127282515837
31390,0.8951048543650059,0.8049122279484441,0.06165383024138284
31406,-1.9379003285113452,-0.09045121195111887,0.32911475818622027
31409,-1.9356711628080079,2.145514399021596,1.3419856728489954
3140,-0.048527774384679645,0.2786390236659428,-0.018886633915638693
31410,0.007969352741108937,0.06507578205324419,-0.1235226789475045
3144,-0.5304107799308972,-0.9274966813040336,-0.3742598481819464
31461,-0.32081413886697036,-0.7679853339598045,-0.3749724138605536
31479,-0.4119716786421989,-0.40748727074801633,-0.20159080689398592
31485,-0.38034848966324036,-0.5197369594808415,-0.26304719142154837
31488,2.373844802284955,1.4323989558550376,0.004416276893151413
3149,-0.4253981423039174,-0.10523290826894273,-0.012228988271212436
314,1.2834763076063007,1.5049941578390924,0.29504224061568846
31516,0.6843355559837719,-0.7800517040036061,-0.5519738335999568
31539,-0.9792768593965413,-0.8398900513462696,-0.19079542344275885
31545,-0.5993337767685901,0.3667424311617854,0.17088542841787327
3158,-1.4798023657076602,0.5926052083823872,0.493646889973085
3161,0.45970986998646746,-0.2299816572624263,-0.3105670438709638
31628,-0.10516681404097034,-0.5152298870349337,-0.30943341125271884
31694,-0.4738840899818085,-0.7488315705623063,-0.31196399927051693
3170,-0.4862703766718958,0.23794588466767522,0.080505520865757
31711,0.62176087018608,-0.027357033365340778,-0.2191854111323577
31762,0.30550647629589606,1.375518713990855,0.35004932579895204
31774,-0.40663735641140486,0.39918062559851125,0.1756922269053598
3178,-0.43787492985552556,0.11393452358965653,0.03106200229907644
3179,2.461334553320449,0.9541717728513902,-0.1607561499875477
31823,-0.19893444674808036,0.6699723998587243,0.2096481566444171
3182,-0.4301010347978115,-0.1479698981364029,-0.09323520201138742
3183,0.15953594407416608,1.7067002666233722,0.5371973534508417
31840,-0.1291855421035794,-1.5232149164225903,-0.6926385917479723
3184,0.044197102928187064,2.6693102256186814,0.9970708183006997
31864,0.13015951092100753,0.0785966147551733,-0.11109259980811666
31900,-1.9422049170701299,-1.0994118220941982,-0.09057421133214053
31905,0.730518067831373,0.13232152616928308,-0.1709701277682543
3190,0.1601759837527835,0.37035546886630716,-0.024838901941056393
31928,0.06897562701069947,-0.008828269125100322,-0.15592430168506277
31936,-0.5282798305430177,-0.5031674964982734,-0.2183631559056592
3193,-0.6923940275196332,0.6768215004600301,0.3651133101030741
31945,-0.3668545879073061,-0.9801378987365753,-0.42982346101071356
31972,-1.0270714696370313,1.9912792244179873,0.9597091720374006
3197,0.3582762975262069,0.3750162939069033,-0.04275115526671474
31994,-0.14833313178291505,-1.7319503275233128,-0.7640244517891258
31999,-1.364510557486227,-0.7780857382566017,-0.10291519905770186
32018,0.1605574054145191,0.6156170038370924,0.07959747644388752
32025,-0.08786296801122165,-0.09554634656216109,-0.15194339863043016
3206,-0.48758258553802386,0.073174157054483,0.0192683509096743
32082,0.21069498507143428,-0.5049639097896196,-0.3839840447963918
32084,0.61609082894183,1.352496253949667,0.31235372229165725
3210,-0.5598572917266456,-0.06461653952693953,0.037398703898964686
32135,0.6549507825183044,0.9249601870336074,0.1484829448020729
3217,1.02685968868279,-0.25175543387652277,-0.3803396730054387
32188,0.974394176662302,0.8371846830403632,0.0038053927081519467
3218,0.6917027945986134,0.1514688271330889,-0.1937966869394753
3219,2.3435643237486024,-0.061695083109312064,-0.5482955997102176
321,-0.21079326559077738,-0.48317660639955795,-0.25991540457865636
32203,2.5786477232547647,0.3982831905414501,-0.3998550102562717
32242,0.38957714489021467,-1.9961626949408109,-0.9689482454904111
32245,0.2872114584039573,-0.5444620120890492,-0.3657605545503697
32257,-0.4940757235671713,1.2108089177433314,0.5333862741326715
3225,-2.0209965638595078,1.8023724818252325,1.1524953686358872
3226,0.9464482477855028,0.5739033963180418,-0.045865013823493735
32277,-1.7060536014844536,1.199466747084997,0.8083535133177197
32282,-1.4131534028571935,0.29624284001208173,0.3516267391976362
32286,-1.0346198698696962,-0.11757203319087071,0.08521831241285006
3228,-0.08886382036129954,0.09239357950977015,-0.040304958743736755
32292,0.6376921746849656,0.06175132269549485,-0.2367736403092764
32293,-1.8929452216380402,1.329946303043233,0.9316584385102863
32296,-0.15287208742276273,-1.2595925707636173,-0.5822155843724419
32306,-1.199215826481861,0.0799535068281626,0.20398776244785155
32307,-0.24662987863039953,-0.35695317062943543,-0.20448754288413273
3230,0.12240753413343489,0.6459332258470443,0.10436600892160101
3232,-1.1942077249774508,0.33374004414260877,0.31509295331867365
32348,0.34046466637736517,-1.275781784050886,-0.7149680051356403
32360,-0.6153963903651233,4.5049750125158035,2.045211379441894
32363,1.2518877005813893,-0.6439032242581523,-0.6062740536023524
3237,-0.14496106944527656,0.40824499447469415,0.0874838799461856
32441,0.8393997178487841,1.0885105081111168,0.20551674869344427
32459,1.1756264414199493,-0.20209676226533832,-0.42657264605539996
3248,-1.7491432053056573,0.35678863549276885,0.4752385143591226
324,-0.15663132413154712,1.2368722554548004,0.4371731378032015
3250,0.3936355189000599,0.2678873317867887,-0.08092519235442047
32526,-0.06696130396716218,-0.71922986167722,-0.41534084039079255
32527,-1.3169767287019574,1.8285732900025782,0.9919031041515302
32532,0.414481593537431,0.4124383548229518,-0.025997378114291304
32541,6.887048325337652,-6.055638981653642,11.367905509187905
32551,1.1279857954667862,2.0046317487418883,0.45143555767158855
3255,-1.3070457857426467,-1.212360439525344,-0.3091758126982861
3256,-0.21785864167576735,-0.3862405168320755,-0.25268674929518675
32574,-3.2342021330358253,0.48915207366807406,0.9378685055693862
32612,1.3837728280873227,0.06195615070378311,-0.3149623760510838
32647,-0.14932916432118512,-0.7825694194489916,-0.40535119899601907
3268,1.9581704697235809,3.0082927808650615,0.7361751685917763
3269,-0.4855383503687295,0.8932248850733094,0.3604059299413266
32718,0.5130899201494362,0.4022865741743542,-0.023115455623242378
3275,-0.5551992521372674,-0.2885967799379018,-0.12150933860085036
3276,-0.1962415339537744,1.3423030504884073,0.5013044573730928
32773,-0.25842921856412565,-0.4766949888501131,-0.2503230103939096
32779,0.7048838080895385,-0.8637061132976912,-0.5937741592087514
3279,1.3605829605811068,0.11898701431533337,-0.2656512962510971
327,-1.1351267607813003,0.9249563897450563,0.5413915027018544
3285,0.6366663002003923,-0.3368940263375926,-0.3782534620057933
3286,0.34255219744387494,-0.06687995764701843,-0.22450082838438218
3289,-0.7510759852183605,-0.9176095077936168,-0.3212757354615791
32908,-0.597451387696611,2.321300397818576,0.9837711353634905
32912,-0.6718101103863727,0.41764418942527637,0.21267436871137996
3292,-0.4337386630875771,-0.5947266471325157,-0.25682669796698976
3293,-0.33206915220540173,-0.4909451741414481,-0.2662006152829775
32941,-0.6454387328592168,-0.20584431381898852,-0.062356170272808015
32968,-0.8936700162510532,0.2825664779194098,0.2491172404129196
32992,-0.5233251481702372,-1.765637523411166,-0.7065260593902997
33005,0.26020302805824436,-1.082210661193196,-0.6285334471165213
33009,-0.4490726038078212,1.5693375571003645,0.6328075830928686
33010,-0.09409249760752761,0.6105317913575643,0.13884828984512487
33013,-1.956576633005296,0.4270251604611919,0.5510943150300378
3301,0.15660181050288594,0.22489117583529206,-0.07678425222416349
33026,-1.1157867900573426,-0.8854047817256033,-0.21096818016299945
3302,0.5573614064402779,-0.14692576582000919,-0.3041232906896651
3303,-0.207749042910074,-0.2338230229284372,-0.1914593566391229
3305,-1.0973451199961075,0.3692385773460975,0.2989990794866055
33103,0.9701518054075959,-1.0910910868832797,-0.6809244601605683
33111,-0.6809298502679009,-2.283555173633612,-0.8896033451872066
33119,0.04812487932785668,-0.7678862090296296,-0.4576029367823982
33124,-0.49016415135204605,-1.9771643104079921,-0.8014087974741813
33131,-0.09507303374927722,0.029061249640929532,-0.09321404317993935
33136,2.5497869229501244,-0.4844019645314487,-0.7691085072805808
33183,0.2892761500698434,1.6634930414838685,0.47522571577417033
33188,-0.40706998432986813,0.10729547702194422,0.04020224448003171
33204,-0.13971738565614902,0.23506771941796714,0.002427338965843117
3320,-1.1883023883585817,0.23303206049468542,0.26527844965444985
33216,1.3023315960555284,0.8559440643849914,-0.07230332579420284
3325,-0.32811831532073005,0.5027891923214668,0.15884306993588057
3327,-0.7038270073172821,1.6453936570362313,0.8309412802727542
33306,-0.09011890905284156,-0.2172374003079005,-0.13010867167623855
3330,0.6987646041185465,0.09002941677361948,-0.2337977610334865
3335,-1.32618076908403,-0.2778210157402295,0.08774074484858797
3336,-1.0721225191110786,-1.1461840195015478,-0.3440296330397602
3337,0.06714577786830078,0.25549114676134466,-0.033488301547726064
33380,-0.8335892326042935,-0.8985923173764774,-0.3036809168103932
3339,-0.9058258626523525,-0.0335488442658877,0.08001080332021678
33418,-0.22468233002085278,-1.6868396402067432,-0.7787296274655522
3342,0.3026798816277577,0.18624194094843133,-0.12494645694193149
33440,-1.1555493996041986,-0.46988324388837377,-0.03600591643537694
33450,1.4785674355950553,0.11651760710469104,-0.3573660119537928
33457,-0.34033221967183763,0.043420253922060253,-0.039909756197607074
33470,-0.010581557391150232,-0.40260267563100616,-0.29333174396815215
33497,-1.2780373879321734,-1.0997311475387404,-0.26974847443745426
33503,0.47493225184163174,0.7132862213309181,0.0976486986602182
33506,-0.18548864978833324,-0.33859664106723997,-0.24122059623613595
3351,-1.7327771935778267,1.1212722133311286,0.782673828097519
33539,-0.06045159691147934,-0.051356362613014774,-0.12786862800492915
33552,-0.6473669487261429,-1.8605536982169792,-0.7566494020513875
33555,0.3908111455881076,-0.11301791400628501,-0.2446701256673624
33565,-1.4128569774931339,1.9843543739344767,1.0600770270931306
33568,3.0441165441827844,3.9353012287423215,1.0255235800788882
33645,0.136094965924709,-0.6601221733929691,-0.4197156107701997
3368,-0.1306602662017329,0.8566800263076151,0.31894447466380116
33708,-0.7256303946383543,-0.6097660756317802,-0.2033174409860864
33739,-0.7065008805712415,0.5804543726273589,0.2901476663270316
33753,1.7128769213265973,-0.6510462499253046,-0.6480133752812836
33758,-0.3227563366761005,-1.616989142682939,0.24147994469403555
33761,1.8340938421898427,-0.22885047131372266,-0.5463689816290676
3376,2.132424550780182,0.7092776076766949,-0.16570673850102238
33785,0.03522309713028865,0.32745021241923583,-0.020746299103484547
33794,0.4275792338199926,0.20877288669117292,-0.10768321279566184
33803,-0.012005834973703305,-1.1760696777192046,-0.6028481849414677
33805,-0.3147337457988109,-0.405707972969035,-0.23506901096828822
33812,-1.0081750895811326,-0.4432849361077642,-0.06161640321827222
33818,2.20488847206235,0.7642356285824018,-0.2065569861578167
33831,-2.8489382041660227,2.154098546809037,1.5128472755851845
33849,-0.2321103243446723,-0.8588418609084757,-0.4327305420076119
3384,-0.7093048594854943,-0.1081508604527567,0.007206370686570015
33851,-0.18201008121605233,-1.3131749088302649,-0.6509469492383839
33860,-0.15525141602771145,-0.8390802511349398,-0.4420372638668859
33867,3.443568497524802,-8.112456738228252,16.777858408277744
3387,-0.21813078883115186,-0.047469491953689706,-0.08797366593234325
3388,-1.476623069706125,0.3268533452698659,0.3827480493983742
33893,0.29314298304946657,-0.980650150341151,-0.5954026581233016
3389,-0.3270607229503968,-0.9526047849821834,-0.4533631308802644
33905,-0.2661360245573873,-0.49386543931772864,-0.27719637047431206
33922,-0.4412516700466226,-1.3796784401177433,-0.6096850869020306
33926,0.15263353576710853,-0.0023597144453331477,-0.1556753121307212
33928,1.815426578010101,-0.7053348785115977,-0.6573626618284053
33935,0.8463547570696579,-1.2741460284500803,3.289866161616484
33947,0.8806971901901154,2.90798462659494,0.8914689530797449
33959,-1.2735072895416948,0.9306848214746049,0.592817866587707
3400,1.0025344703261232,1.7985460600136007,0.45474229451816134
34010,-1.8193844402122747,1.0060457177657314,0.7722051435710426
34011,0.31448639890660646,-0.48978621074282735,-0.3901584119307836
34014,-0.9392070475657417,-1.146996504433779,-0.37974349498983473
3401,0.5238753162697812,0.3424371021056372,-0.0712623668287295
34020,-0.060923109319586256,0.40343598425322547,0.041181506907143006
34023,1.0096923108615716,0.4099920020561219,-0.12969804389980447
34038,0.8129727553822462,0.5786876385534173,-0.02949605875542417
34040,0.8032657454686296,-1.060421234898804,-0.6908146713918195
34047,-0.19159442758248213,-0.9902307297147163,-0.5083403465017876
34052,0.9226244973116633,0.3211135352665508,-0.14799660822441774
34058,-1.5944944223953517,-0.8365752438982579,-0.06665403763002374
3405,0.7407370188735475,-0.4363732302931384,-0.44963401588341884
34068,0.23874065313688012,0.19423340780783063,-0.10016124954635809
34073,-0.010180287404218719,-0.8284171004272569,-0.46536742906252887
34074,-0.7635797617766119,-0.8532739757962079,-0.30274287331764876
340,-1.332487103194204,-0.19843300793576493,0.13173819386897204
34108,0.3024605540610689,-0.22750392195521457,-0.293410697149752
34146,-0.12242540624172094,-0.1951420368477008,-0.1758126922379286
34148,-0.09007629883202473,0.5155899371753546,0.10219749185920317
34150,-0.061571402813902894,-0.5457090835063905,-0.3474246426634043
34160,0.057694930008373835,0.3568903304075029,0.02770427146239954
34162,0.7402840979148175,1.6872651209285245,0.5745090710541386
34171,0.6857115830305619,-0.058573184782562036,-0.25886169540803267
34193,-1.0318338708974704,2.2166267260322465,1.0554784576869691
34207,1.508304333578603,1.133225445591062,0.03028962965051477
34211,0.43567252462746064,0.17300296446673433,-0.1383099547612041
34221,-0.2744696790942195,-2.4749823212995588,-1.0838155245118326
34229,-0.3390961746411078,-0.15066778226737776,-0.12163157648553466
34233,-0.5643247629084563,-1.0313238685320476,-0.43100334396377066
34240,-0.3447976768164876,0.5614192856190737,0.18231896308111367
34252,-0.683565436986562,-0.9820991593052691,-0.3472763349393762
34254,0.22438313923666545,-0.29856278280663,-0.23473853627689664
34259,1.314827767102724,4.466431994858121,1.6770092562912857
34294,3.286213764720458,1.2812955928072463,-0.15900633137460915
342,0.1550908372482222,-0.19824759516974833,-0.24412092461038432
3430,-0.19550877338655745,-0.03642453088183858,-0.10676772674566397
34313,-0.8657011881300061,3.563457238013965,1.5760727415137514
34319,-0.35431488607848366,-0.015147555634145157,-0.04321204327195281
34334,-0.5162503554945814,0.17600980199507613,0.06251061948254423
34352,-1.0802789452205956,-0.6486295615356017,-0.10598035140366821
34363,-0.2804861763480476,-1.342274246052833,-0.6163681812023581
34383,-0.1903260101858581,-0.3712389248932642,-0.2213798593523382
34384,0.4109304675662886,-0.2591463077073739,-0.31455241515007876
34386,-3.2634316280823645,4.90821178920894,2.7842676394085744
34393,-0.9226103589068237,0.8848536274491277,0.48827993946841647
34394,-1.3907511664594105,-0.6500962496063492,-0.051192520735473354
34395,3.8635291697656307,0.13717680439997965,-0.705636944278945
34401,0.17904933687583377,-0.7760657968093841,-0.48705462367135033
34407,-0.5006857718160234,-0.8563511387209954,-0.3745630903091224
34409,0.18485658736512695,1.5315493246708816,0.479343813407518
3440,-0.12311851781588694,-0.006267514551361003,-0.08177110937001267
34415,-0.2541202950436361,-0.18059186365465135,-0.15099246190024446
34422,-0.6617329184073741,-0.8874112244126907,-0.341402877001358
34441,-0.1149109920285154,-0.09316872364720218,-0.15718172059948865
34444,0.2574598056632279,-1.285739217661256,0.4868015782856249
34455,0.5783885001860364,-0.6442550430912036,-0.46713233092358625
34456,-0.15310994034687572,-0.5099288325008668,-0.3105339091987822
34457,-0.8681799571380995,-1.225756110615908,-0.4231381290391517
34460,0.12126518035717515,-0.1208193318844004,-0.22864869097433688
34488,-0.3336404219250801,-0.058810365135317906,-0.07512608810071554
34489,-0.26035038849845415,-0.6755629396399436,-0.36270872551059447
34496,-2.2354655389548963,1.6788971540367583,1.1611316157607965
34507,-0.1355984257629865,-1.7400785144214674,-0.8223411806406181
34517,0.1536745573561074,0.849310578158677,0.18326830504380975
34526,0.16896331711564735,-0.43590923282274263,-0.3604739592479684
34533,1.2821075776318487,-0.16007411613622555,-0.432149409641938
34535,-0.4712549150799557,3.237212376142352,1.3817968709326711
34548,0.055254823040994494,-0.5880898725306763,-0.331297339747502
34562,-0.3786693844380164,-1.7316721856613242,-0.7414667280271888
34566,-0.6806825464644967,0.7184232114728093,0.3432370103629082
34585,-0.5427830126480627,-1.2436833591457137,-0.4859794842278392
34589,3.3243450635821894,-7.279250454744922,15.432517677260208
34598,-0.46113247659752427,-0.16920162669460742,-0.08106472347901462
34603,0.42164974481096995,0.036644826826396824,-0.15934495341581384
34606,3.328453947720212,1.5543640260402345,-0.10566199402476019
34607,1.2209534565507882,-1.6555153290038152,-1.01752727015749
34610,-0.5151144164295409,-0.6063513868778879,-0.26521314035263277
34618,-0.02747361038989211,-0.17139879337397612,-0.2012877902581862
34643,-0.5852207941053934,-0.6520705429474088,-0.26639834047100985
34644,0.10827646044201539,0.2978758110636239,-0.052590517053414984
34656,0.4442642845016806,0.8179642215416392,0.17975500970828584
34662,0.8090044599872053,-0.09876541819738797,-0.3266748755314428
34666,-0.6376425496372836,0.1321923133194711,0.08193470994572662
34681,-0.2512362748778477,-0.5668937432838743,-0.31065945803929285
34685,-0.3548767193958777,0.8080641657176533,0.32653736813445783
34686,-0.6213643347335935,-0.38172622292897024,-0.14277919343545684
34699,1.2696538347360231,-0.03778115364124721,-0.37441698940601953
34711,-2.1602494553452973,-0.5834252431020338,0.2422212611946386
34717,-0.22652747535786624,-1.1154877272345223,-0.5401535099331133
34719,0.4358578309329553,-0.26818605901779374,-0.27948697030290376
34728,0.3764176581633459,-0.1762635298574165,-0.2609487737775044
34742,1.6191268513876422,-0.406874989027534,-0.5210630943099291
34748,-2.341477815098487,-0.0798454800926722,0.4409675029752714
34752,-0.3671426146468855,-1.172530638944979,-0.5023920803028062
34755,-0.3700641105122354,-0.1257792063131811,-0.06314484831405423
34759,-1.6317954677582658,0.8389365512392856,0.6716201935172798
34760,-0.36269424593965466,-0.5158450552412147,-0.24433908562662415
34778,0.12214122228887284,-1.1661764178444896,-0.5888022587341657
34784,2.3142824341985375,0.7469679616672324,-0.22585836302932585
34786,4.824542356803831,0.27658126188366416,-0.8681766739245835
34788,-0.045947223435160334,-0.3502257604528201,-0.25279761152435154
34803,-0.43577239409226715,0.5469595886226046,0.2000116442408879
34805,-0.32747233997381797,0.23060913023471047,0.03900478653326264
34811,-0.3990792215556716,-1.4003410786725752,-0.6029487265344662
34836,3.008852325113255,-8.462226458472298,14.923611086629524
34847,-0.09241308363629688,-0.4080168193310726,-0.2910373369674302
34849,-0.169750453428793,-0.8800717265804843,-0.44771814894035966
34857,-1.1697000909524986,-0.8547398034023805,-0.19567137604234341
34860,-0.3879343451781015,-1.5062410642827304,-0.6688338992459453
34876,-0.3807490326335536,1.0611253189379968,0.39867918943723457
34885,0.6008096459808789,-0.18622416778324774,-0.3135792188027328
34888,-0.6129709223537093,0.5310405617244743,0.2821008911352218
34890,0.02418580878589768,0.08646040296938154,-0.0836580210726528
34908,0.5326409405795941,-0.008970061867209254,-0.25931727098685825
34918,-0.1873052937278506,0.8965537802121413,0.2801384510018006
34936,-0.3342575149048252,-0.4771503020565734,-0.2598331953189155
34938,0.5775672682355664,1.8194013268863447,0.5224361922970514
34953,0.9602328030775905,-1.3226966187886677,-0.8050953427665793
34955,-0.047808893145706084,-0.8948201845727298,-0.4663874652060428
34966,-0.32046262482526944,-0.9350661252259677,-0.4526131047165898
34967,1.305466678420518,-4.162423183128299,7.154461386106051
34969,0.6888547387885409,-0.4127613191978275,-0.40450156545239857
34973,0.15088595816277134,-0.7548712346223099,-0.4355396913604901
34978,1.4591550852874537,0.9642125639431716,0.01974460657803934
34980,-0.6474978985989673,-0.2548871164511728,-0.07583548880876256
34998,0.19466788653371703,0.776971296299981,0.17918774934421666
35019,0.05138240272253164,0.01302731347185166,-0.09988574898850594
35020,0.16100513388306414,0.3177647377468663,-0.03628828267274169
35029,0.4153618776273605,1.0889762095898585,0.25065770538809207
35031,-0.3727327404751172,-0.9577017741681164,-0.45111802078759605
35033,-0.5845422481128856,0.8316400825821685,0.3556308018969248
35056,0.01880971102357803,-0.6517157613925285,-0.4098012085186024
35060,-0.8857936198849009,1.6213516585931147,0.7729987654821185
35084,-1.0655550516122305,0.9589886475773095,0.5608589236068666
35094,-0.9387494623963871,-0.43321359552562416,-0.08053286966001294
35095,-0.35731213318770805,-1.1633755099571974,-0.5351234541894672
35101,-0.6387403802822738,0.31326860558057035,0.15382130805041727
35103,-0.23659667965240905,-0.13411517290543337,-0.1419685202724842
3510,0.530921663673303,-2.3077969539712915,0.3572069848440245
35118,0.5980927063508539,-0.14097369934298148,-0.31255803829869716
3511,1.3918425285526594,-2.3301359263388877,2.796321712293763
35131,1.1392319685769197,-0.39898136469538364,-0.4984604657082237
35138,3.391763541717975,1.2882403702242493,-0.19368793471287649
35139,4.59996522624339,1.0235514333564675,-0.515329784179535
35141,-1.1655772409120266,-0.08009728424181836,0.13375387365544902
35151,-0.4455710459982296,0.043539089396284515,0.02502113362904829
35154,-0.6818932435350801,-0.7859953176444063,-0.2800807899662912
35157,0.387055610309749,0.20505013332267832,-0.11768652407490944
35161,0.4547262883349015,-0.4667722561205834,-0.40065865431958564
35207,0.05803810720123892,-0.5705992577891795,-0.3789058987321415
35212,-0.5396547527986553,-1.0008137825832677,-0.42477411061742765
35214,-0.25506629999636915,-0.3619477335718511,-0.22858503800958818
35220,0.04417056140783441,-0.15876067762759227,-0.2129483585733081
35221,-0.712138262355238,-0.4254376478426851,-0.12238619594452892
35223,2.0880539904210873,-0.40447956094419235,-0.6511442525614207
35229,0.8189340864500543,1.0208038375301474,0.2523173192904671
35237,-0.28802553198439684,2.528549308296563,1.009385502364534
35241,0.5228734880072904,-0.3301533440490326,-0.2944737156835108
35261,-0.2296736789760921,0.1524396598119793,-0.02364115990125201
35274,0.08366347529264018,0.41006161276675557,0.09807381359340502
35276,0.008354729598237926,-0.6353834769882089,-0.40044098195771655
35278,3.0781599225051357,2.394873486595814,0.2532948147959948
35292,-0.03864788506446187,0.5366091185012193,0.08662617316027492
35295,-0.15054043799403574,-1.477935717609407,-0.6932460270839746
352,0.24417074841113287,0.4795749450062174,0.038484554883483055
35314,3.7545145548682104,1.6195990712002837,-0.030758216521284496
35320,-0.07266731088776154,1.5464204093758556,0.5497959577746462
35331,-1.106783418339102,-0.37493795654660905,-0.011375054011293751
35333,-0.21546861144729815,-0.3287722247639938,-0.19509385339383803
35361,-0.4193938004604997,-0.37539562932517445,-0.1894344449152857
35365,0.6707097961181387,0.7032034735795507,0.05544241484568545
35366,-0.37480236406318085,-0.30405118845240975,-0.1585732681056819
35377,-1.0486603077169327,0.7177920658156759,0.4314043714957814
35393,-0.43559795755095543,-1.6798528408159576,-0.7215287664038286
35394,-4.208138065414856,0.8435882811863111,1.3249983211016776
35406,2.1705265386989545,0.08779267470443913,-0.466815528459157
35407,0.16398767441701959,0.2415623935433116,-0.0821196104550489
35412,-0.2785562946871293,-0.29134291929185563,-0.1840908581501342
35417,0.24253710937637887,-0.321680068492376,-0.2967045997437738
35420,0.9406912563542935,0.2718718764884991,-0.20393108979994204
35427,0.05308375442483969,1.6537768188993065,0.5875058107711418
35430,-0.0474160927740908,0.2360040355856687,-0.008089046234833168
35439,-0.6160836634607751,0.12115659404294775,0.06635319133844199
35441,2.0510915250157016,0.4878183438883864,-0.29004813131010587
35442,0.07947543155218371,1.1226668350855817,0.33299082784991585
35450,-0.2496742473869709,-0.4759965173606082,-0.2755638979517886
35455,0.32223558577479605,-0.707411661487606,-0.48381094479528564
35456,0.2545131338048147,-0.33384945470211425,-0.2960370526187315
35477,1.2845429613420165,-1.1782330780926504,-0.8313350731412915
35480,2.611058887304488,-0.907839618580687,-0.9547730341091759
35497,0.6960289724645988,-0.7336975351995682,-0.5292221446373434
35506,-0.9804090259496763,-0.18788730792027145,0.033434268081467
35513,0.6446166286739937,1.7575861515047526,0.49690889282244927
35518,0.7847911237557351,0.3004916715442031,-0.06114111080206488
35521,0.1923306264664205,-0.3477906152925926,-0.2706681851471893
35530,0.5283470114878243,-0.8151208130984506,-0.5484978935660604
35541,2.741010376854448,0.022680556509350584,-0.5607732519141656
35543,0.06843519878719892,-0.485494806836966,-0.34162082398864835
35546,0.8383268738045581,0.40156524577275743,-0.1405666149764975
35558,0.3015787400707427,0.561527994020815,0.0416064884673709
35568,-0.030724219742053808,-0.8502638710614043,-0.4631158799527513
35583,3.010776976897641,-7.288092493095205,14.079924303242413
35585,1.0341200023471018,0.19110495160892552,-0.216540197883124
35597,-0.28635865717354453,-0.6030325108377123,-0.32537067620921684
3579,-0.8439527729846407,-0.9562887645697017,-0.3208848931201409
3599,0.09624397894761161,-0.11359898045379617,-0.20895549106077557
35,-0.6376466701767476,-0.7541038889540039,-0.29411319216077075
3600,0.09169119466806692,-0.2106925210493274,-0.2119355227794949
3601,-0.522040553534705,-0.24215828785661886,-0.08403523281486265
3612,4.032251909278863,0.9194133986174977,-0.4487317192134518
3614,-0.03275092197427763,0.2382840803771759,-0.01431781641404367
363,-0.17809121052496532,-0.7925059304244013,-0.4186470032242692
3657,0.3889812363251167,-0.6703918621310643,-0.5085724384476962
3661,-0.30225492074937793,0.32626550058261433,0.06859841389938344
3664,0.684382277002062,-0.6680763134547486,-0.5054329942194782
3674,0.1296562033685542,1.0236539779966995,0.2765356676543698
3677,0.8840577079656764,0.27740124713610714,-0.13173131584308984
3688,1.67745130436593,-0.13335013345073296,-0.4994013543628175
3691,-0.43372251672956086,-0.8213691299236086,-0.36727373867233026
3698,-0.21758080672407598,-0.6536345617332647,-0.36489520785838786
3701,2.167816874129374,-0.43430684807614317,-0.6917477550428021
3702,-0.3733821003033197,-1.1900560676343563,-0.5469374720664697
3705,-0.14959451546583621,-0.2787702784092411,-0.19636247249076774
3711,-0.14992434377077815,-1.2265108239767828,-0.6027217890073184
3713,-0.13762420345686543,0.6421216073870087,0.15752641526507832
3719,0.5249500239836382,-0.35211100445908733,-0.3770149394162296
3720,-0.24092405406374723,-0.4032571285804343,-0.23826179525414312
3722,-0.28949113673371407,-1.629407931251751,-0.733117142006462
3732,-1.3902647740466267,-0.21368994941432315,0.13198706746054753
3745,-0.318137495725538,-1.0502018788513547,-0.5003557615765618
3747,3.1516627010681817,0.8837842571592963,-0.31036405661698774
3749,0.27137931481958294,-0.201174339216681,-0.258746350380848
3759,0.18094991975662877,0.1738284550481138,0.0008394208361565147
3761,-0.48070740511531496,0.4511468047227862,0.18267781481326578
3762,-0.32925951176784296,0.08931138705188815,-0.02163900895624161
3770,-0.09368816185425145,-0.18647397771000052,-0.16046928074126077
3775,0.23237555994820702,-0.5068201343401886,-0.3825420166447626
3777,0.2385282439026334,0.6050196062602643,0.08657455586169356
3787,0.36761071200824785,-1.165746117930412,-0.6751728465955114
3799,0.22362573767514624,-0.7857908589388689,-0.48221285899777355
3805,-0.20408818305244786,0.916776111577996,0.31554101089219483
3807,-0.5074616952948807,0.06019863502730074,0.02502860456792515
3808,0.2629599058266081,-1.0975233072715198,-0.6153160831891552
3809,1.340038860439957,-0.02771344407560813,-0.3859483164259469
3814,-0.38626277095281913,-0.46347029975503523,-0.16088846310076899
3818,2.4758556114771784,0.4842203643810254,-0.3675540462686645
3821,-0.41123739854308433,-0.13482547388422345,-0.09578880681462197
3826,-0.99598821816066,-0.5598338834495987,-0.11839932714900138
3827,-0.8360868084479233,-1.1116600676270172,-0.38017873198583535
3830,-0.3027839446491693,-0.2232097683101138,-0.13768844790566495
3834,1.0807701666320728,-0.5430213391947651,-0.5627218841483643
3837,-0.5296966418924487,0.0310656189943925,0.02818174411590756
3840,-0.7630913306726141,-0.4285432238320726,-0.12005658954215685
3842,0.7744350418686872,-0.8449491329378657,-0.6038497986426627
3846,1.0056097949936762,0.7201012706963301,-0.018214633458539593
384,0.10819953965754935,-0.1834344587277944,-0.21899866098101958
3850,0.606964266474462,0.5633848297913001,0.01665970096349501
3854,1.3186812814362088,2.3560109070400026,0.5798576250662498
3863,-0.3997501970083895,0.017701868302286036,-0.030255243067285737
3864,-0.24029553306653695,0.46200765971629326,0.12635214169629794
3869,-0.14398172098927056,-0.49691808261808346,-0.30226063980123985
3873,-1.128865670594795,0.45968729588541096,0.3731484986932337
3887,-0.19627352771955542,-0.4134011880506358,-0.24147286781240074
3890,0.7480795673027623,-0.7937015402487828,-0.5911533082125445
3896,-0.3092133430830004,-0.5010884494203197,-0.2573501609540836
389,-0.10471869255930454,0.04495651699542768,-0.0719454135146036
3902,-0.9171990741055798,0.7401589024832084,0.418024879309863
3919,1.2172313575250464,0.0032795440021589593,-0.30886147304832823
3931,1.3231715550441487,-0.28905103205408866,-0.4776460124423011
3934,0.8051980235143131,0.16700534032668785,-0.1992263488262989
3973,-0.15247992955690057,-0.6349622844076103,-0.3440288925902759
3977,-0.5740836294754182,-1.286753449647921,-0.5355232849357819
3985,-1.3416114824650804,-0.8260567737250508,-0.13806109651683177
3999,-0.8252449713220624,-0.05467314407161538,0.04800482433856572
399,-0.5219027666364267,1.3848729720826474,0.5709644517456973
39,-0.17047009452914808,0.28679875940529126,0.025046211642696412
4009,3.3380799270428905,0.3342391285157685,-0.5752735617790491
4016,0.02090593268310235,-0.5055148675578656,-0.3087169992983242
4028,0.048844269586545905,-0.2778254524767702,-0.24034386111195088
4029,1.0976048271198287,0.4322610519935487,-0.15145307023855314
402,0.5732880505575394,1.289866057405721,0.32227614362554985
4031,-0.8494877997557045,-0.54612051882056,-0.15163701762883675
4037,0.2643078310754742,-0.09394086140235726,-0.21382651282155132
4042,3.9103853078440944,1.2134216788849164,-0.33506037685698276
4048,1.19050712817005,-0.420688788284229,-0.5148626211510908
404,0.9214170940410926,0.7091022291947262,-0.041506080262294284
4050,0.11362211603651087,2.2864358683250416,0.8241604699328315
4054,0.20354733850162882,0.38779057773359926,-0.007296007213539274
4059,-1.4816181955643153,0.15866761322337578,0.31688621835386327
4061,1.2466952990177433,0.813005149115041,0.017373958067650425
4062,0.20747879816947362,0.32839311134016586,0.036707761216307505
4067,-1.1502661364212028,-0.3286774879683637,0.04210312268965678
406,-0.3796710569829332,1.2979565897661989,0.5765947901137416
4071,-0.19130794068596113,0.344305229172918,0.04660932054211775
4076,1.2962636505648732,1.3880614217904481,0.27745212706266525
4084,0.9679337245018975,-0.01928056637374172,-0.3343445460444446
4086,-0.6325964436422044,0.6601433768388186,0.3043536944400439
4087,1.8269239854064898,1.0642491031637717,-0.07504068848060698
4091,0.5439423168606592,-0.5043336450451605,-0.43620289174784677
4092,-0.030591814598977234,2.398707947430587,0.8716929514366919
4094,0.015797703832537816,-0.16077810446608268,-0.16144186895001283
4097,-0.2101418157637104,-0.5242431912882476,-0.23868001464732805
4098,-0.23978407465961082,-0.06373547284344097,-0.11160577985348005
4111,1.47117374037946,1.935753588786459,0.36368476625556795
4122,0.13667705496071858,0.3564254972590365,-0.03206396205738858
4123,0.13367357451206976,1.341816514347592,0.4868074538383245
4132,-0.4573998516393676,0.32699086166688723,0.14469206915482988
4144,3.459631147406357,2.2950134494583043,0.1486663610748999
4145,0.7909513557940461,0.03246876805133814,-0.2304195220034012
4146,0.24031357625015062,0.2764331167047078,-0.03334949639805868
4147,0.0765822422181975,1.229499010520255,0.3734850003776257
4148,0.11781743827344346,1.9817354281175679,0.6637291034799453
414,-1.5131192345805264,0.9296594760418514,0.6569188911028803
4160,3.172339887214118,0.4679471938590458,-0.49989398717126965
4170,0.2613971351403491,0.26495503409176624,-0.04006799288975482
4173,5.008251335373172,0.9461095032970719,-0.6225418877734283
4178,0.2488839019535434,0.5148737041008669,0.049198504824000136
4185,2.690760202658111,0.764207671669108,-0.2880909072139225
4187,0.9161526708728278,1.225058333607865,0.18809351239908623
418,0.17412945836375526,-0.1680267905259855,-0.20795506186809196
4190,-0.5617525272994334,-1.1135897778718784,-0.4605873659214703
4193,-0.03909183829880294,-0.6671218925000614,-0.4052790831165837
4196,2.4019040315024633,0.7525543359889006,-0.20630547990673379
41,-0.8120461116847697,-0.6540299620840223,-0.17571141379176794
4208,-0.33822987858632875,-0.34358002281152666,-0.20276191219768386
4209,-0.2548943091567388,0.6412096325677487,0.26835731135605
420,3.4423140597886817,0.48530695545554137,-0.5331683113752559
4211,1.0918047524240693,0.5138580732393141,-0.11100394742554709
4214,-0.17511883156057825,-1.1464582180779586,-0.5490970876974904
4217,1.799606141497786,1.0951174645292574,0.0488269337494968
421,0.41824455222970075,0.3095298234404564,-0.06742070351082641
4222,-2.1332634830369153,0.8908020952502226,0.7932308726654422
4228,-0.4008486950490365,-1.248124798577877,-0.552616993318896
4232,-1.4392720707539741,-0.03660780732796883,0.21899333237608987
4235,-0.12807674699129565,-0.5597213739931539,-0.3412006609019483
4236,-0.317504606782817,-0.3299051984394718,-0.1990448713205422
4239,1.5908859234866999,-0.30064375635018237,-0.5296881125331986
4255,-0.05478200394632004,-1.073030237096232,-0.5670736538231005
4256,0.010208912343724352,-1.435325009527119,-0.705851096029628
4288,-0.2810045013331655,0.5487144583620782,0.15620166769926247
428,0.08598590667093839,2.0639076268536916,0.7357442950054967
4290,0.4698789247319999,0.6347952416045806,0.022723592232897636
4318,1.0713530338001198,-0.5309522935544234,-0.5430461919916919
4319,-0.5514852306811598,-1.160421794766708,-0.4867263967579625
4324,-0.3365779568892834,-0.8936411826517007,-0.4207504631461709
432,3.146262103113807,3.1288097338782657,0.568223249060077
4360,0.47853323299362505,-0.31401572359864705,-0.3480653428128731
4364,-0.9734582615414596,-0.6420064087681377,-0.13960554662459046
4365,-0.031622556467958265,-0.8675437438617247,-0.46058277779791956
4382,0.1895547259167838,0.12858542504690887,-0.10157414272537206
4398,-0.15293150337954642,-0.12245104031706179,-0.15422823594394225
4419,-0.48121022972830163,-0.30970388051015346,-0.13164012019551705
4432,0.03649999450160604,0.570324826313445,0.16708146184169398
4433,-0.0932489408950602,-0.5952606301200671,-0.31847354116374377
4439,-0.8682463509532847,-0.7191433538364387,-0.19218296084537745
444,-0.2614475734573125,-0.21849828956107592,-0.1520760588650251
4457,-0.20965205568378886,-0.10437043354489471,-0.13666559196585248
445,0.828630007501208,-0.25395857832847313,-0.36306748346450324
4464,0.3003644703014407,0.31222984384567937,-0.038493763051254216
4465,-0.05919858898785247,-0.05549100918350918,-0.10686399268638984
4476,0.6652470945046991,0.07437546146076003,-0.23378896116686776
4477,-1.6758328847954018,-0.5291891717345755,0.07538067386815707
4482,-0.09032192965324332,-0.15256921615516125,-0.18863589536497843
4494,-1.196490748488795,-0.41558568154620795,-0.004547063396597548
4506,-0.5604325448343981,-0.4122393584805786,-0.14255823977443763
4511,-0.7427317855734455,0.7187036731259585,0.36531284915447193
4514,2.1577947113630316,0.7172421448380286,-0.21611166721312977
4519,-0.10738874172590078,-0.12288457517080358,-0.11818271638250258
4526,0.35739352183094314,0.9411328337739556,0.1612790424903762
4539,-0.7602839256690368,0.09197677637249561,0.10257880470051435
4540,-0.45493784518224384,0.23161577516476395,0.07329531433647125
4549,0.7207372357210292,-0.7932842136470609,-0.5862308138270012
4556,-1.299957160374833,-0.07632667406092498,0.16526056900021205
4598,-1.2301311303559412,-0.16922812966226788,0.12155196950945187
4611,-1.6375102877918886,1.2459377925029576,0.8254046985167585
4619,-0.5540519957223047,0.5783763265320404,0.2442451733867193
4621,-0.02061164338975149,-0.5841049242959944,-0.3584275664222592
4624,-0.2892837060649227,-0.3074965832294119,-0.20045667570534334
4636,-0.0330407912259303,-0.5079381084361637,-0.32085359239275063
4638,0.009068031673377604,-0.07622828816124151,-0.17508041773828012
4649,3.534486883774028,0.9851084531725162,-0.3769001119069175
4652,1.277320248140881,0.8447565578237701,0.030016091544883678
4654,0.15281222546087125,0.6496716187401433,0.22992187694776994
4660,0.20235342706991127,0.9502246896373437,0.1959419307925071
4664,0.31356089572069473,-0.559467654370475,-0.4421993173936501
4666,-0.8710950893771382,0.40687845882514967,0.25794405711337864
4668,-0.1578458383401932,-0.6477605752519434,-0.3398897675570655
4673,-0.19056879087764067,0.3681056460962314,0.08906889133138716
4678,-0.7515432624547043,-0.8724691765047891,-0.3145610076961306
4683,-1.6082773828766845,0.37970454518333757,0.43855613587447967
4690,2.027412136287013,1.049111056245287,0.026106256799057082
4693,0.16162983846966986,0.8938820945259066,0.21936924847242567
4697,-0.29408413770372704,-0.37225013299280624,-0.19394137067507924
4702,-0.5504648450117707,-0.1405425772057021,-0.06038288206729513
4705,-0.9946328501587676,-0.42348791960105936,-0.061283128946373513
4707,-0.33956045239960175,-0.902852685946479,-0.434269480553653
4722,-0.7366010692409727,-0.5849643916404589,-0.19796944328266464
4728,-0.8691199732624492,0.11711212334219018,0.1317213586754175
4735,0.23658751516971652,-0.2162854813954094,-0.23827410289435152
4746,0.23257634308518063,-1.2401450185795166,-0.679567864664652
4752,0.44988963533407456,0.11533330279001251,-0.18576496932823353
4756,0.7229816991696733,1.500153495852787,0.4214795024065114
4766,0.9546207422032664,0.20998289775768994,-0.20987022618296056
4767,0.4032520910018102,0.44721682981252336,0.01435352883943754
4769,-0.2959087795223241,0.8751649554719337,0.3363343006429977
4770,0.14752601703208687,2.0279363767222343,0.6680000548459551
4773,-1.500256945572863,1.2483289972111529,0.7775181760760713
4774,-0.5710218041480526,-0.08771996885990284,-0.010803364095118338
4778,-0.08547887789520062,-0.2987614431796673,-0.24833806023321375
4779,1.894311875872507,0.5406437452903958,-0.2474348221901599
4789,0.32171146794999955,-0.6294069281542065,-0.47195807910422627
4791,0.5410341893135546,-0.17648037471608852,-0.3166209582615651
4792,-2.1764997581133563,2.427504411399888,1.517073447964134
4794,-0.43874052220748605,-1.2688237617452875,-0.5561327439574872
4796,1.433457690302732,-0.49417340264902954,-0.5750422061116969
4799,0.04145596817909055,-0.48423601427831875,-0.3051147848167965
4801,0.051122473793165826,0.3143340912679626,-0.015365590199434042
4832,0.2985301505968712,-0.7045345393583868,-0.4718402821743479
4857,-0.2186935259120644,-0.21656473276186983,-0.1563745728935979
485,-0.40252548292987034,-0.8196508652808795,-0.3852960941839036
492,-0.37827885319575466,-0.6958479101986753,-0.33983083525521685
4931,-0.05968325697118956,-1.5450602879574766,-0.7260488421336433
4945,0.6978200877233444,1.8680833493955322,0.5068005137969006
4952,0.5824854688960402,-0.591424794892365,-0.4473253137284357
4958,0.28290182312776535,0.5639393963282879,0.06111665787558916
4960,0.11987176696446747,-0.13430255100137992,-0.212331253586477
496,0.1258987927723857,-0.5232972718974105,-0.36757072614909414
4972,-0.4180692045118143,-1.2386030377589146,-0.5358310938758741
4977,0.5362025515597393,-0.3393582923996408,-0.34606073974192114
4988,0.8071356247918133,-0.10714550740869537,-0.30430405079193845
4993,0.26127023184131487,-0.0908181453605333,-0.17051746740925972
49,-1.0349829531477204,-0.16193652993583343,0.058840901216832456
5005,-0.8230624264333256,-0.6692653224003597,-0.20378435050158802
5006,-0.042235583512379715,-0.14880814399730546,-0.16685775254879134
5015,-0.16849636841226792,0.9275579706841205,0.32698933641332734
5018,1.375287601384678,-0.5339762998364507,-0.6115905020283345
5019,0.8239533006346242,-0.8029847295931306,-0.6015754475322003
501,0.5421099353464737,1.298506142308935,0.31008567575429874
5033,1.6797837778153915,0.12746956336673848,-0.3973284338053819
5058,0.06784870686135314,-0.1490305193456329,-0.17246571847261663
505,-0.7742894284955775,2.3358250177303495,1.0404190253259975
5062,2.2066370798447914,-0.3029850068586098,-0.6357687819171479
5072,-0.35518861256710826,-0.7481704940254029,-0.3646386753110654
5076,0.291616731574699,0.017802812584674317,-0.17875445706875231
5087,0.44123477001337225,-0.7802698347830888,-0.5487650497055059
5093,0.2987961884337335,-1.0572764170861413,-0.5526188690804087
5095,5.096927160972292,1.6072303522624538,-0.38661409028908833
5097,-0.4439108397724138,-1.2989857713583077,-0.5533982659007107
50,0.025162548057340733,0.42312721691582555,0.022443107540912114
5105,-0.2890380240909497,1.9461599041810997,0.7677957099284994
5107,-0.34419503715642485,0.3754477083565946,0.1340468852776437
5110,-0.019869806394773593,0.31361915464112466,-0.011884482562128108
5113,1.679437351298061,0.2914658541865023,-0.2998406865383766
5115,0.5225133540056223,-0.09169589620156728,-0.2822180663276856
5116,0.879481733543962,-0.08138382068980769,-0.3499303317389528
5117,-0.37826444274951426,-2.0418349675233,-0.9042885625946927
5123,0.5378685196891898,-0.1917727317919577,-0.3337561560788039
5131,-0.02689266349975629,-0.21641413388033467,-0.227960071608568
5136,-0.32669852202307803,-0.7323591451719023,-0.3514251040214064
5141,-0.06352832922990824,0.11092813932613987,-0.08139160286547828
5146,-2.515154675810877,0.3802338720277077,0.7182286050733466
5150,0.054796538360296354,-0.959140521637863,-0.5655008461751014
5162,0.8767083705743773,-0.2931658071733641,-0.41571446007319707
5170,0.17905934428315956,-0.3712277191954135,-0.3074741544741669
5175,0.11574758799501819,-1.6307706335937218,-0.7939281668856464
5180,1.4386614783290292,-0.3921999917593084,-0.52681001432565
5186,-0.4286961086661753,-0.02435074779933979,-0.04481373168694415
5193,0.22603911000371085,0.07961674084558201,-0.13541349335325903
5196,-2.2467568106818323,1.1297891383167022,0.9271182095208009
5197,-0.07112562072141472,0.05832908485142096,-0.04397403519434492
5198,0.6509116131414017,0.29866744590995203,-0.121055265699076
51,-1.1586801073675999,1.5348188165501357,0.8045134841749689
5214,-0.879945001531847,1.0385135952281628,0.5243675764381726
5219,1.0285799447377597,0.13971285582201726,-0.23728723274535918
5221,0.39612443098892425,-0.5105799755196679,-0.4202726067223036
5223,0.035326414626254875,0.4095328632401897,0.05571871662368892
5229,1.757966650939263,-0.3347258365104899,-0.553939265058892
5232,-0.04197356420367396,-0.6336204694607731,-0.40037330783541625
5247,1.3258317599383949,0.054462410532708574,-0.344490696343847
5249,0.0378097215271868,-0.18777833414377781,-0.228798112509517
5252,-0.4302970571761868,0.39823101666573324,0.17469160340401335
5269,-0.21623948163731774,0.7124749964392271,0.21502670951088998
526,-0.06787530823208715,1.228516057790407,0.38456302747602056
5270,0.3457490489298417,0.4585883038435299,-0.04839322879962302
5278,-0.33224499358841925,0.3479884628249512,0.13304684721640078
5280,-0.5472803354957685,-0.7464211507893227,-0.3153348101925409
5285,-0.2254782240605813,-1.306633955548601,-0.624746820239094
5286,0.44182342744794645,0.9617746590792663,0.22957137498511698
5295,-0.13534824270027895,-0.6569468816596149,-0.36553166816054666
5296,0.08853835460105192,-1.2887934051515684,-0.6763715264342205
5297,-0.4052653961075951,-0.4897825949502389,-0.24516036244124803
529,0.21422739449350633,0.1946410319491685,-0.12223965956085028
52,-2.430868674767467,-0.22139355688609086,0.40760509118746274
5304,0.20402199386718695,-0.4009153216812721,-0.3314861868358634
5306,0.07714766684912354,-0.31414968675579114,-0.26386135183968945
5317,-0.36337144897028195,-1.113566528802237,-0.517868299666972
5335,1.3930877125558294,0.0920204878004203,-0.3168072132874234
5336,0.7673664386751449,-0.2973248003301106,-0.3914188643596186
5337,-2.5929700348344644,3.7405971273052883,2.1311575837514587
5357,-0.10620187462957732,-0.7028073283185171,-0.39724978634899305
5364,-0.5597939402215741,-0.8315285188540305,-0.34699240421017485
5369,-1.2225167453978742,0.6541790125955573,0.4509964284769152
5377,-0.2798919489309068,-0.4734538644585228,-0.27266652216968107
5380,-1.231670136425645,-0.03432527050971535,0.17452319710677844
5384,-0.10912945744675231,-0.943712557613086,-0.504451371180036
5394,0.058533606748500264,-0.027780082344907014,-0.1224228108161348
5396,-0.04706025740221339,-0.26255632141313057,-0.21324946042774381
5401,-0.7024688682092364,0.005699954498967365,0.04064819954369954
5405,-1.0946845395304892,-0.4091983446697793,-0.028883741390211683
5408,-0.6515534084294217,0.6154268325636111,0.28279334451242705
5410,-0.09103612391617764,1.0688598173539572,0.35730898121138016
5415,0.24463114081875717,-0.8952452761361415,-0.5460745035530575
5422,-1.8394127998430976,-1.1276940998029215,-0.1320747452819426
5424,-0.5104285403535579,0.44897459995901523,0.19265210172589387
5425,2.6329179473802413,0.24788689235899267,-0.44959614273971704
5432,-0.9044428488051149,-0.40075021441258357,-0.06786764063802982
5434,0.5277320400940947,-0.5474549417963506,-0.4122142884895616
5438,0.30735043732334055,-0.349558474196237,-0.30195452971561626
5439,-1.069246608412907,1.4614352519923557,0.8121989382623566
5442,0.7295224496751819,0.8905398232900243,0.06658270961847489
5452,1.1488437448032685,2.490820235914389,0.6483683697551031
5460,-0.35009150695250685,0.35596216519242374,0.09375526049712056
5469,-0.12132147462220162,-0.6741278500583913,-0.3490878105083576
5472,-0.32214862100492603,-0.10877960948222483,-0.0730773913656158
5473,-0.6456397692031328,-0.6010798273845205,-0.21452936918518295
5478,0.4601422980130374,-0.4941079812871363,-0.40606120197632506
5486,-0.5882551244600955,-0.8996658139340693,-0.34725496064587696
5495,-0.32224286273364267,-0.4890663806080596,-0.2515386745749033
5496,1.2350802683388236,-0.531713236639963,-0.5570771689872819
54,-1.1119703039116373,0.42715261891137507,0.3271942991024807
5510,0.5658103773346509,-1.8285587166806334,2.3859948423147515
55130,-1.1395052627810192,1.5340144663991235,0.8210272332957919
5518,-1.1797274877046966,-0.9711583283412847,-0.24199357210863295
5531,2.0147445430541477,0.08390804773812251,-0.47640794137194703
5536,-1.1482066209315027,0.7964539929783767,0.49198448956552093
5538,-0.854973652714556,-0.9387031586173178,-0.31481073087064004
5544,0.6738757467399482,0.379114882200437,-0.10395530842094414
5548,-0.16647924171396236,1.1510138313065554,0.40980533677304143
5551,-0.2890666952105056,-1.471188627858263,-0.6834986167177229
5557,1.059342677682913,1.5600626240337572,0.3150946857946201
5559,-0.150825533901714,-0.14910892919356344,-0.17108280697029396
5564,0.5425446944911236,0.7189575672617415,0.08891240036404154
5568,0.05841983971119863,1.745244654362492,0.5892201090993533
5569,-0.669344098679903,0.30345621988027816,0.20991852095941593
5574,0.8714590189255449,1.325479703076849,0.26450761383988086
5575,4.306677568852105,1.3717118347749515,-0.31531369562823097
5589,-0.10874792542126994,-0.7474074748920083,-0.42577055354355947
5590,-1.661089563822312,2.671726706974948,1.4139323073175043
5595,0.6997795662621289,0.011086906223337429,-0.2473871402251532
5598,-0.17956528031670183,0.1135667424079235,-0.007091573834362108
5602,-0.23045960175368527,-1.1970124072367294,-0.5761583068713453
5605,-1.941467101539202,1.6276899901488513,1.0505846572129112
5615,-0.3356926888632282,0.8229208413430604,0.3006831451285152
5619,-0.16147120238696883,0.2250982550603857,-0.0024156730553403344
5623,-0.6462880145647324,-1.1616229007953704,-0.4544333121116656
5624,1.6056104591653326,0.758065742260468,-0.1044875293537584
5632,-1.5857322734116297,-0.04418201056268257,0.261419267505764
5633,-1.2452414422931013,0.14429611628670455,0.24903239100941232
5634,-0.704167299725456,1.7322206335803307,0.7764028652026501
5635,0.3428956749085085,0.8873451249787777,0.1805135129927054
5673,0.11016354175187731,-1.1295355852694215,-0.6242345797258789
5685,-0.24425007800022644,1.1917011744936996,0.4320778827983692
5686,1.8345571939254237,0.1232497125695923,-0.42430872905217987
5694,0.442507792326349,0.7771074342298389,0.11491096433627997
5699,-0.2858359275523535,0.20359891093905766,0.015273546869666964
57022,-0.26992423653263037,0.2832634184331901,0.046996983414596724
57025,0.04808708614535051,1.256894147967947,0.3909661840059637
57033,-1.1999835341751723,0.7283234092820021,0.4897458467861288
57038,0.22870778342298256,-0.37860807391251733,-0.3294188706082221
57044,0.30130032943385776,0.6729821115540517,0.09449097754547951
5704,1.3277410072106672,0.8158752152675028,-0.06410894753841584
57056,1.0759559655241089,3.4641483280379686,1.1710079764682677
57058,-0.6474412978620044,0.6719206137375421,0.3057568475874974
57061,-0.21634552056634665,-0.12627369728468926,-0.1365786468161552
57069,-0.5087684211366585,-0.2661108917440115,-0.12382741329437534
57071,0.6792615232176787,-0.04207320092044888,-0.2848336625115188
57073,-0.2677851152089368,0.15471854869281287,-0.012409808823400146
57074,-0.4040626724701602,0.5489564234656553,0.21187917104946308
57077,-0.27354469520981173,-0.6277964706812849,-0.3181078241494302
57082,-0.2578647194857046,-1.2321237397247324,-0.5754403542587612
57083,0.5506320515695255,1.7791146597259118,0.6550596896552271
57092,-0.30241548175051536,-0.4986131459646256,-0.2773080681998902
57095,0.6706317366550797,0.20326565985975284,-0.16570136206475064
57097,1.3091277954784726,0.030358335680380783,-0.356195123810827
5709,-0.03690326339856781,-0.13172611192001654,-0.146984451892616
57101,1.4531738165574632,1.017007771311646,0.02936229416362267
57103,-0.3174503458722668,-0.8617754408561812,-0.4137430246770626
57123,-1.31994197690231,1.1944888956292377,0.7035091146075266
57124,0.6975929738012838,0.44347513099475094,-0.11200444182035528
57127,0.4266149045181485,-0.20045082054653238,-0.24319685875850802
57129,0.17335551104380098,0.6613081277654507,0.11240910507565309
57134,-0.9760726804239238,-1.562028683324385,-0.5414293911255644
57137,-0.2974410176984588,-0.9730500647317538,-0.4775920692711892
57141,0.5232891621824385,2.1119635043119893,0.6713365734227609
5716,1.97368874507958,1.0888246550183878,-0.05077303465420243
57176,-0.006646842233844225,-0.05166118960033119,-0.09644941581577611
57184,0.8281299431802606,-0.2981446477013957,-0.3440926594331009
57192,0.27978735654161724,-0.2558146144020361,-0.2591245939249545
57197,0.29432157936367276,0.11216280022752084,-0.09917126389045347
57228,-0.5759582672455361,-1.5484951365565756,-0.6412152772535543
5722,-0.3849162039693718,-0.23927391425364386,-0.13686009641960456
57230,0.2588264709119882,1.3216085961201323,0.3433797879905647
57244,-1.2401661916013833,0.106832894403155,0.25134164474829473
57250,-0.2970325965703848,-1.378358725821632,-0.6338861296533664
57265,0.2154064493160374,-0.08139890479573424,-0.15130117934853862
57269,-0.4469706158626633,-0.0626490778491819,-0.04402694340861106
57273,-0.24432790365476043,-0.06484869320484608,-0.09626919726175893
57280,-0.04015339490810671,-0.39266771712001075,-0.30267522003447633
57295,-1.3171697834563583,-0.913751518172983,-0.1800349234163787
57298,-0.2130939544917878,1.1070177555643572,0.38651667686789115
57301,-0.7136540570333761,-0.9493044885751506,-0.35332243499639837
5730,-0.13484738957949566,0.9651666997791287,0.370565951328514
57312,-0.7879282895747702,1.3636990588927773,0.6328830072143717
57335,2.638973198568518,1.3256331515779713,0.0014612900159308322
57336,3.8776849012928913,0.648765757496605,-0.5611506430315819
57348,4.435773289898856,0.13630035540998126,-0.8529550452013352
57359,-0.5675683326837624,-1.7162277350079131,-0.7152725388271135
57363,0.38797094810419064,3.574904987581969,1.405493852730161
57368,0.08150530729626183,-0.4654433072308794,-0.3073414995305245
57369,-0.40914428982219064,-0.8044418227532403,-0.371503148777157
57373,0.4746836080692604,-0.5003861335621173,-0.39437431773113524
57391,0.6420584614342966,-0.3169421134657377,-0.34993198853976515
57396,-0.2923551108980858,1.1940519824335551,0.42985154317183466
57408,-0.27192024466120446,0.38854199583201243,0.0947575969702192
57414,0.11161212049849636,0.04086421061895097,-0.1504311017835988
57415,-0.2539078735129284,-1.2483208156629233,-0.5954772190406299
57416,-0.03549967597671785,-0.4136000997674141,-0.2728079863378823
57417,0.2740847529004999,-0.4837217346450666,-0.3878182340592899
57420,-0.055073295012851006,-0.1335196293552068,-0.11972257232836914
57425,2.1574937882522054,0.9041680958781937,-0.176428727701188
57429,1.348815475341407,-0.13644507717000826,-0.40019619659155947
57444,1.54973452555937,1.3779913802087516,0.25396248687203365
5744,-0.26912538049210716,-0.868785215396209,-0.42992906465837305
57450,-1.502194203044841,-1.78412303474519,-0.4956025193398041
57451,-0.14542808629282328,-0.22683290497051461,-0.17700591746835104
57463,-0.37740315458679413,-0.47084009886407785,-0.2202611812279865
57465,-0.031373486684431136,0.3501251907378846,0.011313710527777911
57468,-0.17177445740783331,-1.3266521164424552,-0.6593227916376557
57483,-0.3984602387318197,-1.3628477637581713,-0.5979317121468578
57491,2.33593559362576,-0.049032252183111406,-0.5457303758206195
57495,-0.4570511433731196,-0.21021693527421587,-0.11521248236135705
57497,1.8031753218909705,-0.0915168733041561,-0.47195423517476537
5749,0.999823089860232,-0.039256811974501725,-0.28162446321647405
57505,-0.1835116515373481,-0.598902706342602,-0.35100973836490335
57510,-0.3783407584759325,0.07847809073885127,-0.003256599562294069
57512,2.0039510672497753,-0.5180111758026151,-0.40673451527802434
57522,-0.5981150071030741,-1.7300705884028535,-0.7150374779135762
5753,0.9342124201041746,-0.5782664211469689,-0.5533807252866676
57540,0.1229943809295147,-0.09762657857006772,-0.15270004042768226
57543,-0.42395396956790593,0.0981574416457844,0.011470130116041534
57548,0.6766105044952876,-1.0789047226749648,-0.6608932035749738
57554,1.5426212426196484,1.154515804338777,0.046180027433763926
57565,-0.41952328122001026,-1.9394205142884677,-0.8276293576490764
57569,0.5047337728252436,-0.04104929983378489,-0.2138811175379266
57571,0.9730899730718869,2.544416999930427,0.7751988613154002
57576,0.09411304282965831,-0.33904487766624236,-0.295665863664716
57579,0.3057426925785855,0.6779118632707929,0.08627950469679914
57585,1.5509666065608583,0.32176700169622957,-0.27244418609757626
57587,1.0792264449061417,-0.11326342881615993,-0.39384491848080694
57591,0.5846091583132852,1.2829534364090327,0.2867656555652662
57598,1.7838384781853296,-0.31714945811672857,-0.5727141003438001
57603,1.330490397885225,0.6015609660370068,-0.12758719616086606
57607,0.46324631917008235,-1.4575600601954508,-0.7983300823454376
57610,0.0045935515284497245,0.05589169445577334,-0.09548166335823993
57614,0.17949617705425616,-0.0973330937657086,-0.18794648289033666
57624,0.7798363516952184,-0.968717322639926,-0.6758195665958368
57626,0.005479776000385411,0.5465067892682544,0.11967180537817577
57632,0.20459462595054018,-0.9675556058931468,-0.5756379989680251
57633,0.47363009605150425,0.5774847918854832,0.029428275892928252
57640,0.08476209044040658,1.1139422490122899,0.2979916114091305
57644,-0.38150722861829967,-0.4605033546621539,-0.23843135472759647
57656,-0.07027275747176785,-0.260912548458828,-0.22812396540076543
57665,0.5159370018647161,-0.29255028017640555,-0.31094489835845596
57672,0.6857693354747335,-0.711630094487234,-0.5158385325400775
57684,-0.2996269857336778,-1.1873637033366164,-0.5590715179095087
57686,1.1277862076851246,1.8100820483563558,0.49526098786337863
5768,0.13324830170599378,0.049009265408171875,-0.11828260493941908
57694,0.4620047281991001,-1.012568551330233,-0.643931048848955
57701,0.2122104415472072,-0.1669729411846416,-0.23169481777311457
57703,4.2661557004314465,1.1021117678675232,-0.4291067500223143
57706,0.3801779777558297,0.8009820618897062,0.1254258106897646
57716,0.28043416858755976,0.2417924420454066,-0.06452590860733153
57740,-0.7356660642454951,0.01987872310843821,0.05918275047463713
57741,-1.5233901073458567,-0.01501118666101484,0.25241803838443866
57742,0.20445678634004055,0.4132661136437486,0.06699154554079041
57754,-0.023861639664437304,-0.3514053092182534,-0.2577395051197504
57756,0.19603641279167341,-0.19146001971311638,-0.2137821640063216
57784,0.5482396213124415,-0.11351524435562134,-0.3052073902703582
57785,1.1910997636503289,0.32316370743668094,-0.21998971736047274
5779,0.26295146013773296,-0.6642516508675166,-0.43949996948956366
57803,2.622373628290309,-3.660016868718412,8.408341586423685
57807,3.0515310593887355,0.9264796442916515,-0.27234332181494997
57813,0.006248815961230338,0.4893064564150466,0.08001898089293479
57815,0.1586278091626155,-0.5229253508667516,-0.3275684830473225
57825,-0.4629620672803088,-1.4197296056575832,-0.6197490043452234
57833,-1.8102215044114927,-0.2879456895922545,0.2481095034527654
57841,0.8204248577715869,1.8491320319670608,0.4444155928191447
57857,0.14594191578944082,-0.16681604227864213,-0.24916827308543402
57867,0.25909758854923004,0.9734927078874707,0.23529676043050357
57869,-0.36076216270115447,-0.9033294277372019,-0.4252788648914197
5786,0.3437879638795869,0.6423162369383201,0.1473400066956798
57872,2.425113272719549,-0.13659292304719153,-0.5815702261463149
57873,0.27664812494073426,0.10688459580367717,-0.06295189215195786
57874,0.39550368026441673,0.03347352098168456,-0.20599396309430482
57882,-0.5327990242393978,0.23209504007571347,0.09434950053649822
57884,-0.3307525263737355,-1.4903078614356655,-0.6553968034475167
57890,-0.5427430769553588,-1.8867926832465,-0.7404534525756903
57892,1.7520439057099504,-0.47078472389885284,-0.650917161085444
57897,1.5990215524253688,0.1388746455110878,-0.33794909878856033
57899,1.3396004899145002,-0.25040125535924584,-0.46890879020715215
57901,-0.42339584409678566,1.3032523632377013,0.5172752312751906
57903,2.220285926098178,-0.6089393107006233,-0.7469495799296687
57910,-0.500133101705992,-0.009722863628208647,-0.019667662417825766
57915,-0.3737092756938022,-0.31221044889898747,-0.1693182997891495
57919,-0.3643443079760631,-1.209732378315064,-0.5257466119004757
5791,-0.646214485737369,-1.5562266515181817,-0.586046447112556
57922,0.12466718418872708,0.5192885646175638,0.042804475695246175
57923,-0.40204925226565413,-0.1252336844155907,-0.09331057068561661
5792,-0.8268025956446732,-0.7541760068767349,-0.2449245565338958
57931,-0.033778954032673475,-1.2910761557819845,-0.6556973797658677
57933,0.2050874412450624,0.0014734098003514016,-0.1606139722353639
57944,1.3619004737883698,-0.6229029887235384,-0.6189549628925377
57952,-0.20641361941745134,0.12550962955102196,-0.041124812334436926
57953,0.2621807552338947,-0.7051256550868132,-0.4767568829043467
57957,0.7020285009816173,-0.9087203119405441,-0.6059296697841485
57967,-0.04655035374886768,-0.7305856166214768,-0.4426822219624546
57968,2.860804021425075,-0.2818418410938343,-0.7357193960125011
5796,-0.03457040437374551,-0.3300436842703074,-0.25993200776719244
57974,-0.09667966635848196,2.049442286671468,0.7364928925218025
57990,1.572701726948974,0.6878920466086362,-0.10741875723630173
57993,0.6205201289059765,-0.4754048902762922,-0.4052089291966971
57997,-0.16157263165442148,-0.14765126876637832,-0.16299244927464454
5800,-0.3601274672571024,-0.6553712392892187,-0.3173378923446989
58010,0.5243061652327546,1.9708191253330543,0.566504996100834
58013,0.3561942129818856,-0.20277874528235224,-0.23265113451278263
58018,1.9668633364994723,-0.11520013148635345,-0.5166859908508953
58025,-1.6820705603544621,1.4881413915860477,0.9230296065172235
58029,-0.30039742308932876,-0.5734006946178172,-0.30920808799001903
58030,0.5271633507439644,0.9625566128610711,0.12552213606432053
58037,0.22914273540376445,0.17526894826577147,-0.0325773334021278
58039,0.08086358091285394,-0.9265299791887956,-0.5473814165110134
58049,-0.3880465780681708,-1.5839969772653582,-0.6845833718304206
58054,0.17070405993883037,-1.278841880607541,-0.6450769031621191
58057,-0.07858857983587597,-1.5352449816540485,-0.7419875668166162
58060,-1.6950669703663892,3.8949530440935662,1.9712261634626114
58063,1.6249147218419608,0.35296883471111307,-0.2742367829994502
58069,-0.19231927700039547,0.4142985162748998,0.09130935940396469
58074,2.3007033462164728,0.721329235599642,-0.25650830043109846
58079,-0.5803225004626456,0.18537337021576372,0.08822573524232392
58090,1.0350505477415832,2.3137488641533484,0.6897986656290506
58095,-0.5872736917070261,-1.3824455832478149,-0.5698070200222762
58103,-0.3753259984483729,1.04367597466818,0.3963120894366395
58106,0.1848667048854862,0.04869323839107995,-0.09872852410479355
58111,0.20888162381680264,0.19741229341506736,-0.08023066242147578
58113,-0.49426388288396206,-0.20763818347466706,-0.09337841929397547
58114,1.5421267023440486,-1.1478172020511528,-0.8726324341181529
58121,-0.13825411640640917,-0.1848669551126286,-0.17580974481104164
58140,0.6206926482805627,1.955362658871803,0.5463010826520514
5814,-0.17513184389098244,-0.1831652246109827,-0.1746628583490409
58158,1.0250674909915478,-0.9504574491967038,-0.6787241166619363
58164,-0.26527768635759547,-0.2644326254338108,-0.18898557032914265
58165,-0.24007072051205203,0.28873848040358463,0.05902896875113868
58177,0.9391911023188785,1.6080168483403006,0.3316338893424942
5817,1.4401409984669806,-3.2078146228329127,3.5975598647334515
58181,-0.25401739682800883,0.08737258648093058,-0.009493909357506406
58184,0.767146848179046,-0.15601751410879286,-0.298754798330149
58201,-0.3559050092575435,0.04821345071529427,-0.009420042013759412
58203,0.46916568181530316,1.2558806305458754,0.351448960740665
58208,-0.4409239372659243,0.2754824885606661,0.09189139430990557
58210,-0.38086010479404575,-1.391378730629789,0.16182007668687987
58214,1.613402890164889,0.6533026192403812,-0.11930886969971796
58218,0.2365972707483627,-0.7768538095827704,-0.5035935345733146
5821,-0.010782219916066005,-0.35026554670749926,-0.2701260574123168
58220,0.598191058496917,-0.2934326053748537,-0.38038702050291096
58228,0.30056847550291405,-0.03339689400831667,-0.17518789404922208
58230,-0.22479406595977042,-0.3002523890440043,-0.21478097709915434
58234,-0.41966460091319213,-0.45379287005077706,-0.16660116405521805
58239,-0.40788348460326984,0.22011153454146096,0.05951314319477673
58243,-1.0247278513983498,-0.7881286024237456,-0.20648857654586103
58255,0.07659946602865157,-0.7827720576156826,-0.4706060612761158
58257,0.10001204510352028,0.3702821527869684,-0.014846333879801747
58259,0.25435248131491517,-0.976991912250197,-0.559367249508408
58264,1.6489335178173958,1.2144968556081734,0.11327809596573309
5826,0.6879566173353692,-0.203207825595706,-0.33804056871649707
58276,-0.4749480748221511,-0.9180349931201709,-0.40728050610478655
58278,-0.30158410233155464,-0.7711978472271734,-0.39184059956430417
58281,0.5002756681225292,-0.23549543284225,-0.30033738449801284
58282,0.09551175592214717,1.106640065847734,0.2899704212184817
58289,0.03807474988158638,0.01438764652434606,-0.15279131119332118
58291,1.7833377512902988,1.2868484722183569,0.0777098715978878
58297,1.2403802090381904,0.7647061492992895,-0.0066584142981722496
58300,-0.17678308759553485,-1.2099591893652017,-0.6047018035397638
58303,0.43506542182908314,0.240536043838076,-0.1619005241507991
58307,-0.43429393383704773,-1.2364644214090472,-0.551636642488988
58309,-0.24865621330128412,1.9826437775776273,0.8316401634601439
5830,-1.274203060214346,1.8381083361652293,0.9618218722903117
58310,1.3185925355293495,-0.6347166534165157,-0.6090768607683279
58311,-0.33577889999017324,-1.4965346882643036,-0.6830562215418549
58314,0.14605048602272502,-0.9408455419264942,-0.5407441356661867
58316,-0.3558312218724834,-0.68364976637502,-0.31109653472881615
58322,0.37699182581913016,0.6977529072113172,0.08747832001567128
58324,-0.5286652826763796,0.601993881834997,0.24445556034086696
58341,0.5301285940487763,0.5561374863477561,0.011007187721238808
58348,2.287931083199896,-0.361470462991256,-0.6575005897269377
58357,-1.04157834333831,-0.4261139370640956,-0.0474711657964801
58359,3.804405616284159,-0.14763289468644533,-0.7914872668872212
5835,-0.5052790336012796,0.009789466732589323,0.0017872203006879688
58371,1.4429541440770475,-0.2881055404844994,-0.5029633070531453
58377,0.13010624680388913,-0.799673946521017,-0.48795361188039527
5838,-0.14410397076414433,0.5609534287287351,0.14739502792659806
58396,0.10798743082661896,0.4088724777670667,0.00535549541813399
58401,0.3494464820342899,0.8424776945644971,0.21433601003303943
58405,2.568366192722628,0.9207481616559414,-0.15507836112980167
58407,2.1093433986625767,-0.9064966168009506,-0.878125647665368
58410,2.3937446619399654,2.5924224888996337,0.5254405355060174
58413,-0.07351831168226391,0.93809842548794,0.2642751123215378
58423,-0.4597490686836096,-1.0597318588568663,-0.4694138262598177
58424,1.152702802582624,-0.27234666683931025,-0.42575152489373774
58426,0.24432414248648085,2.162488617719187,0.6931478411496416
58428,-0.9293239652737662,-1.2312770689760575,-0.417717650339598
58433,0.03587878071489309,-0.719482521443062,-0.4147400786030155
58443,0.3206462820093932,3.1067982867723503,1.3226525321007307
58446,-0.16784701790311163,-0.1656531394688511,-0.17349082482171266
58450,0.1262538973637382,-0.18715244574963041,-0.18817196559072866
58457,-0.0031023127824199863,-2.1029593728512608,-0.9850858089086438
58463,3.362720855622332,-8.081180062997365,16.027260978571842
58469,-1.2029111468015208,0.5817875427175516,0.4154206121968749
58470,-0.07578736793623632,-0.9606098935591081,-0.5261448188015495
58479,-0.03606422734309761,-0.6234441275324012,-0.40054200652000793
5847,0.04606905692505486,0.9034355421752785,0.21791277066217812
58481,0.1116843509488259,-0.44203034468190133,-0.33202005772709403
58482,-0.03630293597671702,-0.35601359651735887,-0.2883286599076084
58483,-0.3927073765238159,-0.44698954133076324,-0.2316295490039795
58484,0.5021068992176235,0.9333203877282427,0.14641513963398536
58486,-1.040402139186798,-1.8011796336791144,-0.6248591018889009
58490,1.1970731404408197,0.7089971794576732,-0.009134987895518405
58504,0.37059753610463847,-0.7655346891125768,-0.46762684447290803
58508,-0.06096807021593207,0.5298592182892796,0.12360496863426011
58509,0.21330889731946304,0.08742754758923652,-0.14397549333412496
58511,1.5563642500938528,-0.23562037926255658,-0.5240389486645761
58513,0.40414723748986203,0.04076063086633196,-0.15922301011069973
58517,-0.08747129441121183,0.4188757664695514,0.05949176414125233
58534,0.6113292647912036,0.11717586014372103,-0.16528750023583275
58536,-1.6430958798953559,-0.1890883861759016,0.21770003568690577
58537,-0.4763677692196987,-0.3920850842174205,-0.1863400284394223
5854,0.017359365080498675,-0.3111358592912799,-0.25283900531762776
58556,-0.6239558204941507,0.484462506559594,0.2546095561097319
58563,0.7406138007475354,-0.7903886064417905,-0.5776655385937018
58564,0.23832093056421635,-0.965546447359602,-0.5351724951541396
58581,-0.2627367891148568,-0.8042367225257255,-0.41552302789950135
58584,-1.3006619667216595,-0.4062453530936631,0.02725266312571158
58586,0.08616798351607163,1.3727061036587653,0.40403470733388386
58588,-0.2708396214354077,-1.351327695039861,-0.643306288185973
58595,-0.3888120220261102,-0.472644918596944,-0.243425083253884
58597,-0.3893363768190343,-0.33824404718562034,-0.1577889707176902
58602,1.3563541901535168,-0.15145998639624694,-0.43941699945055507
58615,-0.40866694034006923,-0.6390654904235799,-0.3079312675063156
58619,2.6224124869343304,0.8159564284949589,-0.22879427653935264
58626,2.0011332802238058,1.2166839206249747,0.06922394580352868
58629,0.2294938626890991,0.2360242307801209,-0.06303704476417865
58636,0.13778205825998993,0.6355116090736305,0.08682446282724383
58644,-0.13947820504468217,-0.13801837360241198,-0.1694517592592036
58657,0.2714531773541909,-0.524347382000265,-0.36802089022376333
58658,-1.9171637169309788,1.1959028078269291,0.8898958179818895
58668,-0.2694750916534761,1.3089714975091735,0.542355070008461
58675,0.6353945743761781,-1.0812394664316478,-0.672619582883817
58678,-0.7887796724820639,-0.10400938253990553,0.017610547338135874
5867,-0.5401660676929502,-0.9186170320584555,-0.39016795735861326
58680,-0.15296833883725686,-0.35053405511456687,-0.2549822912799858
58687,2.7228219697213913,0.01453648922039854,-0.5096926114357891
58689,-0.3234094898880642,-1.0182641633143357,-0.48964202258925504
58691,-0.4369535111669664,0.1500666307540965,0.030527602511647812
58692,1.3986017347277018,-0.13739860808801838,-0.42550750264930076
58694,0.33031935347289176,-0.2437070203713853,-0.27387844651355275
58696,-0.34958343033802136,-0.648488204219859,-0.27981940854668047
58712,-0.254069153830203,-1.136824378807181,-0.528746596712784
58716,0.43741277790278754,-0.27635944603415963,1.838671822442284
58722,0.21832995248321407,1.1591617056576478,0.34621409111063567
58723,-0.6049047608719886,-0.49234506613767415,-0.19417722941518814
58724,-0.43839565412175385,-0.9511209928083701,-0.42691068915509983
58727,-0.4161304496065321,-0.27905574938327665,-0.14719573342336373
58732,0.33278495070721914,0.9085926735706336,0.21677960192953677
58739,-0.44738351531951726,-0.6881152622650399,-0.3172930126949175
5873,0.029958795538050313,-0.2740818324170774,-0.2716041148447075
58745,-0.268955797149918,1.6769798411296757,0.6261451228198893
5874,-0.6374690314746073,0.09677682158412404,0.07366277910562886
58752,0.6296686612335646,2.031916429722347,0.6568753195813484
58764,0.37183971468612503,2.229501979340988,0.7963173706951266
58768,0.24002167294951363,1.0862034842713901,0.2429413272920507
58778,-0.3153313610876998,-1.2480396660793889,-0.5726165614078865
58780,2.035860029337586,0.16826556529694645,-0.37352102796931597
58783,-0.19471183445313425,-0.39106236466112376,-0.2573859441689636
58789,-0.45088763040474583,-1.1702975962820923,-0.5087024110244522
58796,-0.45692801253155746,0.05795988942254685,-0.002782466883553517
58806,-1.1177325890039185,0.19243674755551213,0.2457115932348663
58811,-0.24738123350918306,-0.6157555370964887,-0.33449123609812265
58816,0.11379336474942611,-0.3409883118591067,-0.22102592498646464
58826,0.27129585289772956,-0.1482502507860789,-0.20520517027459273
58827,-0.2993563083877962,-1.526442210510633,-0.7086343935796087
58852,-0.3651674091517862,-0.0413060977868503,-0.0688311937489626
58857,-0.698364258860184,0.16495709397195515,0.11989244632049718
58859,0.9410224135869008,0.19447967277329514,-0.2008279497403565
5885,-0.2098974435713,0.4079759560604443,0.08730839266789471
58864,-0.18632272071200517,-0.7836175934813554,-0.4277237606166182
58892,-0.07112619913997736,-0.9720459009092307,-0.456154889813156
588,2.4890786563613427,-2.9219037205438787,5.935077654822948
5892,-0.3182841203491553,0.00981446365763729,-0.046086750732712074
58935,1.9397550345328851,-0.03332628334318714,-0.48375579946460695
58952,0.07782511069327748,-1.273711515049737,-0.6646593639444682
58961,0.30980583999221495,-1.2534104134379076,-0.6733627008540614
58979,1.6640987525085165,-0.47254480152489264,-0.597062237815567
58,-0.3892535434965573,1.3565471691990516,0.5669860855955678
5902,0.6561280812719612,-0.6298089608449265,-0.4985112329263006
5903,0.0375750080904474,-0.15064234958959064,-0.180012830287449
59043,-0.8114346621908696,-0.5513630002178124,-0.16396268739217365
59052,0.21784627027943398,-0.2111871432567677,-0.2494596635029471
59070,0.7469654271801006,-1.2158038805534859,-0.730593700182002
59074,-0.33383855626915726,-1.2345358545985954,-0.5555856636096397
5907,-0.5379991692308642,0.5202707951544978,0.23189095473542543
59086,-0.21009127467299557,0.9052529234126826,0.3550462537302731
59093,-1.1088004203268287,0.0018073268028937599,0.151487512506679
59098,1.057192583512847,1.6750502412486579,0.3596236005058129
59099,0.16051678055323115,0.4070790011089542,-0.0003908844085824653
59105,0.3664402700291368,-1.277259396529169,-0.7324491184421962
59106,-0.49570576832625796,-1.8106907668337577,-0.7752630605573694
59108,-1.0842385169358897,-1.1036336657314787,-0.3229612308594741
59112,-0.3176394342609016,-1.2342314746890033,-0.5548778855838112
59113,1.1783807088794467,-0.9699169340371679,-0.7154186460924069
59114,-0.3412857842116002,-0.27674586539708956,-0.17392102615392716
59117,0.4143025157972271,-0.28451348566167706,-0.32603424394860103
59138,2.9414895539222705,-0.004872714780986584,-0.6510317287007876
59140,-0.25879339220257225,-0.4020553724201812,-0.2435033729766086
59143,3.7505766365091047,-0.19379931135748624,-0.8720808674275587
59144,-1.0572681048181027,-1.8089733914449693,-0.625930601892376
59148,-0.641245628220431,0.30381477161158515,0.14937229853218764
59154,-0.08482543377088271,-0.8160602210342671,-0.3488237538136777
59157,-0.41298626977221636,0.96521009105749,0.36598816035364545
59176,-0.6830941721827115,-1.4570549225547726,-0.577929749415796
59178,-0.5113156903750605,0.2345009259922728,0.10410455676403528
59181,0.08799459189791078,-0.09726499886640379,-0.20662042769207645
59182,-0.002780880286079705,-1.2481543280588334,-0.5932882060616781
59183,-0.5114451505408201,-1.1052303531102459,-0.4729730321607294
59185,-0.4876600672446558,-0.4122950776557976,-0.1334067526733929
59188,-0.3517770032860829,-1.1443134785657423,-0.48401950307501235
59190,-0.22822912033844622,2.482490112479537,0.972377961998799
59193,-0.932632914275518,0.216568535787069,0.1903323190156967
59195,0.7277905606849957,1.5760463398083289,0.4083810642451766
59199,-0.6801407347883742,-1.2602280921947915,-0.49617434463899873
59203,-1.1319719944281963,-0.4766769588392835,-0.04733687862490463
59204,0.27207456129996377,-0.25955626096234835,-0.26145926632117744
59205,-0.13687061263633424,-0.5058334568081991,-0.25904530436357465
59206,-0.9734121130378697,-0.8034324751513867,-0.22656320726951953
59209,0.6198613574071695,1.8846837760191428,0.5353023078068677
59219,-0.12666621669509553,0.9537040379175686,0.28496388002129897
59239,-1.818520200239239,2.4154426449789144,1.3518484084680988
59245,-0.6704272813418851,-1.668880254828494,-0.6582107959897073
59249,-0.5029884650588514,-0.6108622685376004,-0.25675729253687973
59257,-0.32525818923910066,-1.1921953544423365,-0.5620899059611597
59262,-2.1551071401142226,0.7977131427055218,0.7593816732713106
59265,-1.1897714778057895,-0.6042591471825107,-0.08545749132847003
59273,0.10668412916292784,0.02048622858519835,-0.13153958636360544
59278,0.0031021429746136433,-0.2134082174459954,-0.16495831564120747
59281,-1.0654299840568986,0.6527888890087093,0.40860755985819536
59285,-0.9650313502701733,-0.28019948251524407,-0.008678523377569565
59286,-3.8039840714931636,1.4284018344684768,1.467167782507909
59287,-0.18521489804730784,-0.23210132215327134,-0.19673441341606773
59290,-0.17596294668471907,-0.32357226951738177,-0.23755596726072453
59292,-1.564017833567564,2.0144522196284433,1.1123259353472668
59296,-2.9766540189969017,2.3584326987043314,1.6325263006191166
59298,-0.6168666114505839,-1.9072410462855354,-0.7843453682475702
59304,-0.12349027914989902,0.9711093556862304,0.2914177634436352
59305,-2.9276222270880528,1.5736410720224807,1.2903666835445837
59306,-1.1841605466639213,0.02302679396452809,0.17610824349172982
59314,-0.13946465812151493,-1.2245209840377858,-0.6205597185648795
59318,-1.8435420352922067,0.4719089188953164,0.5398346038086815
59324,-2.8028343766658814,0.42961023315038993,0.777395152076903
59326,-3.075432662875052,2.67728653415081,1.79252924073968
59342,-2.712705845088641,1.1099383933986489,1.038711814502085
59352,-2.98015726583967,2.0633221734709464,1.5097009122820237
59358,-4.278944053148049,1.9055316113153191,1.7891792559878017
5956,-0.1494742047578427,-0.14758358670622576,-0.1394060820193198
5962,-0.0475477743543346,1.98584987020203,0.6968857530519228
5969,-0.10685424500424182,-0.8209191510902608,-0.4447655667824825
597,-0.21797429264889642,-0.38328263023878384,-0.22044442776109976
5981,0.04253800064921752,-0.38729704612901966,-0.2891182184774084
5994,0.49670688837453447,-0.29011137577231055,-0.33772992545900726
5999,-2.4984968454675696,1.193175346529603,1.0166101157123133
6051,-0.2644774569645181,0.04056341161018147,-0.05885664160317514
6063,0.034752379134766705,-0.2117580749195471,-0.21159353341469492
6078,-0.25456322541896453,-2.450815874567631,-1.0539737238530096
6084,0.2737660911528738,-0.25419090371695524,-0.25385514025360556
6085,-1.0354962338426015,0.20220049940119483,0.22006512445650317
6088,-0.46830302160804366,-0.9991179459246605,-0.4178045298642175
6091,-0.48058831274847424,-0.6611881879651441,-0.29394233458352437
609,0.5910232454210964,-0.8854146189496102,-0.5925143821288507
6101,0.338188017772276,-0.3124560906906864,-0.34466202595887263
6110,0.06908108396468178,0.18556770145612056,-0.059598054184295285
6123,0.20311458290765447,-0.14736827702918498,-0.19277390701420283
6137,-0.12982031946581085,-0.17614879609414988,-0.1679370995455495
6156,-0.6483975795377448,-0.6792933227126077,-0.26100109964706697
6158,-0.5128038665843092,0.4143550516866869,0.1675463927775941
6176,0.9455739199852383,-0.056124206475026146,-0.3452055043597142
6180,-0.6038048103408425,-0.15280873015697996,-0.03132192157772462
618,0.1448493455394554,0.2993866935468165,-0.015026613009725643
6194,0.12537456000288155,-0.31681342438345134,-0.2816281711740817
6195,-0.3029387441830219,-0.7908857805363193,-0.39653667923474284
6198,-0.6928742798116921,-0.3347229856920629,-0.10466518944047258
622,0.1680211829322811,-0.41287533105721697,-0.33267625903031317
623,-2.4843798249653837,1.1431230244772392,1.0189624969450042
6271,0.555637170509463,-0.24884244069432132,-0.3178710475170236
6275,-0.14321404591979436,-0.7863981904700832,-0.41748051457134944
6280,1.603344387514957,1.111429776229347,0.056386047839339634
628,0.3231378019943917,-1.4381215582461666,-0.7822199639657618
6354,-0.214007139304349,-0.39366383476831196,-0.2568248063717389
6384,1.0902750800835344,-2.712080398815331,3.168657930373412
6423,-0.4228298083372624,-0.1777669815392033,-0.08817980182721222
6442,-0.1837227865186249,-0.02702085715339733,-0.10550089259184486
6464,0.08925990890706745,0.044068819500492684,-0.13896841754480935
6528,1.0298238829368391,-0.6094104066245957,-0.5590060901185859
6530,-0.2663237209344741,-0.35893315252344465,-0.22598678502840647
6531,0.1345892581824004,0.66322307137277,0.12938136519069857
6540,0.530097386250293,-0.9149743843238127,-0.5857696187016975
6560,1.9393561430278123,-3.9571240588527465,6.764646877312994
6574,0.2060398034979741,0.7636387331599532,0.13537982109064794
6584,-0.3364454000201694,-0.9335957158508569,-0.45066613422070695
6592,0.09709787786134287,-1.1423417060495686,-0.6132522506685314
659,0.2730487468281206,-0.35214428712849355,-0.3060823188051664
6605,0.3404050211149653,-0.727318913078681,-0.4942951250654779
660,-0.19628032402589088,-1.2336956480006718,-0.572601334454385
6616,-0.16162404739873845,-0.9867620758427192,-0.5011676766729579
6623,-0.0414052857681917,-0.8781942976388417,-0.49360593770798494
6636,-0.21357286165216324,-0.43649207139394625,-0.25713742613866486
6637,0.7192229882083213,-0.4828714306659223,-0.47787542181652204
6638,1.2471738929111609,0.6788780451310731,-0.04676908896427934
6646,-0.12423603194990505,-1.148367155945227,-0.5637318140202888
6653,1.1404730646116175,0.9824886260315089,0.06387740647388661
6659,0.18304399920353143,-0.6082122098788983,-0.43820959866317405
6662,-0.0002370755719623511,0.11500277401308577,-0.08632874138118375
6671,0.0917705873066507,-0.7937369958280466,-0.4932202923570038
6672,0.07562382683947594,-0.6315995997798992,-0.38093294579500236
6680,0.9481833960949412,0.9139546148744645,0.08477170444773353
6700,1.073622240813814,-0.522414359794918,-0.5110596064241156
6706,-0.3260006363762198,-0.7606476359210681,-0.3768582081657128
6725,1.3555925572876992,-1.4143567759283409,-0.9239807669223903
6728,1.0758803131976162,0.5563204607120734,-0.06880324456005206
6732,-0.11605085434188196,-0.9078604246050734,-0.4744793978423529
6760,0.14985684046990297,0.2123913166242902,-0.06857038130491178
6762,-0.3471090886224411,-1.1884919176415574,-0.53786970478105
6786,-0.1767690373731487,0.9744735278727272,0.3426897408889344
6787,-0.6309814003677808,-0.029593996175534484,0.04306788733745309
6794,0.04698795337744607,-0.3244202583977283,-0.255611077242546
6800,-0.7788165352897609,-1.1312311562732769,-0.41567528919877933
6803,-0.6463926536054968,-0.46678806109827753,-0.1589018385302843
6805,-0.9384154217769641,0.5934362084251847,0.4693866710185249
6811,0.2268024401229605,-0.06833192653910801,-0.22072290263294225
6813,-0.20895020492383581,0.17546417284429336,0.0244796336929007
6821,-0.7191812206207776,-1.1347209194367243,-0.41948328165583587
6861,0.39951470126512867,-0.21891010942053662,-0.32182708928410025
6862,-0.00787874603776861,0.10576461183554545,-0.07171054712093194
6863,-0.10405256221767019,-0.5151399719187203,-0.3145214090029842
686,1.125313044849685,0.0002548967349556321,-0.3304353235565866
6913,-0.3340686799964088,0.2881659477533729,0.06106000414636832
6917,0.397951402913358,-0.18537203413580491,-0.2923726360616179
6954,1.334880239096734,-0.5411526131165659,-0.5583520061270373
6959,-0.07682138250001024,-1.1634733407011781,-0.6013896316322564
6976,-0.008918320023008642,-0.7352478657173407,-0.39873772273764796
6985,1.0041583393912044,-0.616445710808919,-0.5640075198347452
6989,0.40607352726154183,-0.9964320386741644,-0.6239489737425632
698,0.2554073510508576,-0.7511410169342354,-0.49334590884310886
6990,-2.038736457926065,1.9628621906098556,1.2503439906878775
7018,0.12176949360593167,-1.429032931297035,-0.7208010729699595
7025,-0.19452832433233538,-1.2761885575784897,-0.5759928748826136
7031,0.14236231892640136,0.7596958535741652,0.18810201100264734
7074,-0.1491639774357253,-1.0306316372179811,-0.5228550121296187
7085,0.010754496863222766,1.3644053289645142,0.49248916226204015
70,0.6253185712125183,0.7804357752855072,0.13212377649574297
7123,-0.4640264175775244,1.1788803544331323,0.4856775960208904
7151,-0.00919098206994536,-1.1904794531356704,-0.6135907131106306
7213,0.047150327205223413,-1.1964712346350301,-0.6211481493871628
7230,0.22144850762703333,-0.6952639224636996,-0.4551017702240937
7274,-1.5146949676928143,-1.0198832076775384,-0.17328110422608115
72,0.02744103749721159,0.16946367463221804,-0.07942971955541141
7356,-0.3301474315152537,-0.5917782756876832,-0.29248087833938924
737,0.20547207419636376,0.28309482743905356,-0.08465599847017923
7404,-0.10965874081844455,-1.2962426556151572,-0.6147070607270935
7468,1.2327077179562023,-1.1900365788664407,2.0509920887117103
7493,0.21587094931750456,-0.5592199649761075,-0.3864903554625532
7506,0.047546119180483376,0.16645453120606926,-0.057788765892023045
7514,0.017137497397517732,-0.40793440822868127,-0.28928833252544806
7526,-0.5055373359573374,0.5950188346711899,0.25443373460713475
7542,1.045311731923478,-0.6365111247344134,-0.563938733596336
7551,2.0087478728288315,-3.437128025422872,6.8624886750287954
7590,-0.9494600144566477,1.318676225874602,0.6645027498020942
7593,0.6978938839720014,-0.5024596952650741,-0.45754321420754496
7599,-0.49488202947650306,-1.0102927476936987,-0.4406646952991424
7613,1.2886669505334252,-0.7024966867656149,-0.6248811578971343
7614,-0.1889486685121963,-1.196008731428329,-0.5909286005322855
7631,-0.5936716219784492,-1.5770606447781592,-0.6477859426566632
763,-0.2668487479013782,-0.5226405274824929,-0.29075965422708816
7646,-1.7068879182053307,-0.49937009424014234,0.10294838439246488
7658,-0.9017640918675599,-0.5524220963868416,-0.13986524834104133
7659,0.23733567063773428,-0.9544440148571435,-0.5226422870065495
7675,-0.6161390753957869,0.4589776202913469,0.23712317069810335
769,0.8446713825332026,-0.3343857725983995,-0.41640490391244295
7714,0.03985253276386354,-0.8406899014642932,-0.4560247280647258
7759,3.141236563208771,-7.112835870515207,13.92059292259135
7789,-0.8769566305458975,0.7885631457311738,0.4755878430925011
7799,0.8077517172096245,-0.20519777779098053,-0.33470037222715354
77,-1.7654403075935323,1.3121486865360055,0.8724642782046088
7848,-0.17794212753256997,-0.5415713355796202,-0.31147242711006545
7886,0.27959808604189684,-1.3247191321809293,-0.711550323357653
7888,0.341121594937558,-1.404348264849781,0.4065786651808983
7900,1.2210595390769012,-0.40250128413819347,-0.5099814981261723
7909,0.955106511168464,-0.9344037917063928,-0.6949700636935903
8011,-1.5756552313979801,0.36839930175367247,0.4258854434512324
8018,-0.7258398917885803,-1.5031492480043052,-0.5858838629732523
8021,-0.3878548161420846,-0.1598484435823878,-0.11024093529668166
8028,0.4107536044651517,0.3939080343340508,-0.05814517474794567
8033,-0.052072945340649095,1.0638376969329024,0.357423853749145
8035,0.3547076004621704,-1.1376612427118773,-0.6551919020017434
803,0.22413376842578753,-0.8205658652837583,-0.4988539487983887
8056,0.9672220063225401,-0.499165249014601,-0.45333307287663044
8063,0.6773088206521763,0.1768157561442651,-0.19789989669742447
8067,-0.02484187058219093,-0.8421949554027859,-0.4572628047021362
8074,-0.24741320349374107,-0.5999781754055049,-0.3125778161953996
8083,-0.5015052215891445,-1.2841456766783892,-0.5316263742405916
8094,0.427371727221429,-1.2067175944030302,-0.6982978382054533
8101,1.5628869550577953,0.02374612261741501,-0.3683163215497394
8108,1.1919513476127994,2.886040817308906,0.8309764318197195
8110,3.8662177436603984,1.291668459391615,-0.323982150426298
8117,1.9221024300768021,-0.029050173265753678,-0.48966367364153207
8118,-0.7864724894503171,-0.10348221054217459,0.01967530267358048
8120,1.4177848266407604,0.018667149461204263,-0.34656249104936954
8121,-1.3511754084555916,0.6353903487435498,0.4815014714205332
8126,-1.8233717180794404,-1.4809303916801928,-0.2821838712055578
8136,-0.445697176087135,-1.7248417168371863,-0.737693983007969
8140,-0.3069919838396933,-0.060172001110290425,-0.08310467405982724
8141,1.150511309430305,1.5130102731631718,0.2647201393274622
8144,-0.989831993768232,1.4292058346085907,0.8381100575485946
8149,-0.5250399491592961,0.49195936188519696,0.2340473981734551
8162,0.6265443044323258,-0.12144820428552917,-0.32160700762231903
8165,0.043560431907336446,-0.22747069360346178,-0.2384007961682993
8172,-0.3598336780776387,0.44540477335103423,0.14605355507105136
8183,1.4452767302405847,0.09197025682098157,-0.3650008204491481
8191,-0.06234339468716942,-1.363140094518075,-0.6493857677748235
8197,2.556267020299658,0.8676754565375974,-0.2534718757032845
81,-0.9229980588097322,-0.052005794113366,0.13006545598964614
8200,-0.5148972846145401,-1.401279977486222,-0.599302609164316
8205,-0.11290047241128033,0.14202670634613435,-0.03221805396638316
8207,0.6807228852758368,-0.23748270589719517,-0.35468887298737634
8210,-0.05913348580188557,0.07086407663322848,-0.09985996089578106
8214,-0.6001673813332232,-1.7517756316196627,-0.7235935134348971
8218,-0.23138817402482742,2.921388405008535,1.1893680379969653
8231,-0.3889319631045414,0.14597108686108262,0.02238690708048899
8232,0.7476470953443374,1.1749578115524313,0.2777813605507912
8234,-0.18728198770696464,0.15118033987230386,0.019234276681008345
8235,-0.2001128826666299,-0.9682971197660141,-0.45533113942633163
823,-0.8443030741007751,0.8434662809356943,0.4344300833698557
8243,3.3619780842916174,2.1786567473128007,0.2658183640153024
8250,-0.5524358505523695,-0.5226361198395142,-0.15337301665737144
8251,1.4278054570889418,1.3872974343428424,0.21998127466155948
8252,0.9947013141376186,-0.29407234096818025,-0.433461892069479
8255,0.4383839855879389,0.14086574642994323,-0.1741746159035367
8268,-1.7657643850989473,-0.19246814481613808,0.24112090901483835
8273,0.06426477992680936,-1.505441186399249,-0.7669401704466565
8274,1.3667371495575373,0.41767424138176584,-0.2102844853422021
8276,0.06404015005907737,-1.285765480958662,-0.6692404982063483
8282,0.14563248808944404,0.009241689231647626,-0.17998262209824517
8295,1.1235803095775356,0.18591953194131078,-0.26173057496898555
8296,2.101372879074129,1.3617669558417955,0.018675298204161906
8317,0.3907528815210373,0.09183797096755274,-0.12500041189726588
8321,0.1101618413187663,0.5760168379088821,0.09075100400951049
8322,-0.47395019650736187,0.5457142823514033,0.20666502751831162
8323,-0.3529772847476164,-0.6699472136689579,-0.33347032381120667
8333,-0.2622837946070269,-0.46075868608591763,-0.2721137501079269
8383,-0.3414309124780253,-1.1182174254479034,-0.4864879192080958
8386,-0.22150869457186306,-0.18786040871556972,-0.14938360224332786
8387,0.44883178293844866,0.5097208637573312,-0.020273833435923986
8390,0.043004258777360124,-0.5828409613041603,-0.36498441244786267
8397,-0.6207419905568625,0.31099531887002535,0.1478341553330684
8403,-2.126110208163533,0.9416842840242247,0.8120404639656744
8405,0.5400210103668792,-0.7177808802889656,-0.5280536239752545
8421,0.31665372769430056,-0.9176702526008009,-0.5646234420787463
8426,-0.21260487331446207,-1.8538467251976776,-0.8305923995524702
8432,-0.0237244883233674,-0.4716384323316041,-0.3389651588329599
8439,0.06573051780437379,0.3475213806755384,-0.0048240769650223754
845,0.0442488979830385,1.4251334434629088,0.5311827410084164
8468,0.03419957054373632,-2.513944255726596,3.7883513706992193
847,-0.09811486839660083,-0.8037023195560357,-0.4249946081749471
8487,1.2784928847133763,1.762757459478609,0.47637330178301623
8491,-0.6665568516991074,-0.0313840229745783,0.0375851500492351
8499,0.08069316257256315,-0.4909790868757794,-0.36331392494335346
8503,-1.0376169059061624,-0.3250815608977436,-0.006909535912757334
8506,-1.944776758318986,-1.22866534116838,-0.14540285237949724
8507,-0.1122500235619262,-0.0031883923002178037,-0.0636579227184894
8510,-0.15949650299008075,-0.4186293847710701,-0.27786070842581073
8511,-0.09076671228926941,-0.47685110407860054,-0.3042816987086752
8513,-0.7404285934004022,0.5459269260018531,0.3081310393318884
8519,-0.6188520708008829,-0.2832428526848281,-0.10277617350861579
8522,-1.607652813817981,0.07589864769365344,0.3156631952668218
8527,0.8476252884069989,0.008507964275771152,-0.2340918918333893
8531,3.1140320707152402,-0.4642991201079127,-0.8301193949485328
8532,0.5302191988932903,1.1123317855132138,0.2944675310316039
8533,0.47110617617987893,0.37032723094027414,0.012635460555129806
8534,-0.45347303489060425,-0.6709712502180444,-0.2768087364896837
8536,-0.46128905737824943,-2.248383842738363,-0.9688114603409357
8537,0.3170160317993803,-0.2645137970470946,-0.3013278925742261
8541,0.511549104358612,0.5633424474622084,0.026287818625974405
8544,0.19281876099756284,-0.3097298594728565,-0.26800654489923037
8546,-0.12561568035091092,-0.7325580675957806,-0.42070378101441686
8552,-0.22003378656575595,-0.8755727706050044,-0.42531615290250835
855,2.052629224257692,0.6916004685424124,-0.16308527389801247
8560,0.3887548808000901,0.9882374691241887,0.19102178742778936
8564,-2.059295533736112,2.828737645218156,1.5856146649595364
8569,-0.20602561119803214,0.14145721906119565,-0.03454028382387531
8572,0.03430014098054916,0.261179674783777,-0.018106459986991123
8576,-0.8667089218470415,0.5293608929104697,0.31818444522576284
8584,0.8278267356107236,0.7797571775551636,0.008466435574975355
8594,-0.7151624469162482,0.7610717651083876,0.36698079283666923
8595,1.8836610954692714,0.6890070785629191,-0.19942878226221744
8604,-0.729573418364582,0.138432491831113,0.10352439528831263
861,0.604820102347838,-0.8489947666687463,-0.562440818998593
8632,-0.005419235549147935,0.2623338165664281,0.012817837944021583
8637,-0.10998129756975951,-0.010880483584087119,-0.08741025243556703
8640,-0.4668961009324902,-0.29479454603937055,-0.12500610306749105
8647,0.0345081063733072,0.02160465009198537,-0.14881558445199955
8660,-0.6906916327097111,-0.5222085419798518,-0.18076535501033217
8661,0.09406827689450553,1.0738732616772422,0.27675916260879296
8663,0.5197397911172067,-0.42870921058258,-0.370742423494891
8668,0.5609977785607271,-0.7556533288281209,-0.5400605821940232
8672,-0.005253041843861658,-0.6809556336993179,-0.38706732042945885
8681,2.9670509161420924,0.06060813086938975,-0.6179546825863633
8693,-1.053476556896977,0.03734223022438802,0.1473323051237839
8695,0.9272310110081802,1.029303035813795,0.11870136180690956
8698,-0.29439275194615083,-1.318338780336021,-0.6065731043444814
8700,1.9995116228769487,0.029331771896522443,-0.44744907860821087
8725,2.1973440367286248,2.2354787588227087,0.38836236327337076
8728,0.7270847743240311,-0.2062998048728344,-0.3514814139924374
872,2.3452454290805784,2.279411879695121,0.30580891449699205
8730,5.010195123904362,1.6455372938793469,-0.3300667271053777
8735,0.6736626524680929,0.9154738115688645,0.1192071092743447
8738,-0.42062123630222853,0.07765093877220165,0.01609388103309842
873,0.0719779628371677,-0.509423601611136,-0.3392680346824908
8745,-0.388050587023129,0.5897608183180528,0.22851500826288412
8751,0.018631504366165213,-0.7969295680531773,-0.45618007351586864
8752,1.747711229052906,0.3830047922755017,-0.26660039309735434
8760,-0.3262926304766225,0.456323657418871,0.1674154438873504
8761,0.15175955044058578,-0.6728546673134777,-0.4048264531572856
8762,0.15691886418841428,0.19596950488751497,-0.0719281198476294
876,0.023534008135353907,1.8134249678362993,0.7299248086524909
8772,-1.1883489981281001,-0.4224415880169931,-0.001408262463376509
8774,-0.21564473535207132,-0.21234607409409315,-0.14772842092408528
8775,1.206252200548385,0.7013998897564786,-0.08035227918039246
877,-0.24547161654842475,2.755838694037638,1.0885468463813848
8785,-0.057314374280225865,-0.2999191035237945,-0.2462911110979868
8798,-0.13427895431414957,0.85850705701926,0.29211277438799654
8799,-1.3018008992458892,2.2610806608091285,1.2068888397770852
879,-0.48138043332853064,2.501154432736499,1.0357896267212479
8811,-0.37125838930861216,0.951184318580353,0.36290304830470566
8816,-0.6766987101937345,-0.7140994672842446,-0.25290860420135397
8821,-0.15578696304103185,-0.39127415715315383,-0.256065355344167
8822,0.2965373857834194,0.6604407111824394,0.10830549142662534
8824,-0.7817285836024033,0.6261553575625285,0.3230065016378178
8833,2.94181295209828,1.271360001430847,-0.12523188467125254
8840,-0.3715838057820085,0.26384878165624664,0.06084634098358298
8842,-0.04189961819070456,-0.7500370736823785,-0.45125650132298245
8843,-0.7181127668440607,-0.18642027221517865,-0.03575609603712356
8845,1.0212923634485118,1.7288018298731953,0.42461296045424296
8848,0.24452088731079716,-0.11769493326466456,-0.2631235802998701
8850,0.12863559328348334,-0.23452506582129906,-0.267863944322139
8851,-0.1173555282249497,-0.504745279973418,-0.29406160875138887
8853,1.8268027828277276,0.13952143516152207,-0.38839164428126044
8857,0.20597040466666156,-0.12346581192330851,-0.2329599546987537
8858,0.4381261484238724,0.4805478441248049,0.026764163928308344
8863,1.1831248686739224,-0.0035619576386471084,-0.36103141914387415
8865,1.6496751310155557,-0.47365747779851086,-0.6370853466638694
8866,2.0738780081958867,-4.186428398187626,8.638352491280912
8867,0.38918750729080437,1.1675097757972321,0.26440015847759907
8870,0.19838142126307953,-0.6388642815574965,-0.4141232103850013
8879,0.216311089490076,-0.6959609385254298,-0.47217399179444103
8888,0.12085895780793049,0.07590629974361308,-0.11320932817722004
8892,1.4877904680849017,-0.6571115194219664,-0.6626590136041418
8893,0.08371570686961077,0.21586211643201456,-0.08044740953841564
8896,0.22153558881873775,0.6101099780892916,0.04820623508198636
8898,1.3506738060295636,1.2110127064952838,0.14095976068990468
889,1.1153985355069158,1.5210017718397977,0.2572694605844874
88,0.8140581346233294,0.18484300162228182,-0.18009318287792853
8903,0.4877042657864473,-0.3172524198658662,-0.3275108326340496
8904,-0.42825751134823936,0.502730366373593,0.1763799193843813
893,-1.277231619590239,0.5957878460992158,0.46065108291701035
8941,0.1481049766694307,-0.11925683940887503,-0.18010770917362126
8942,-0.5078720554732229,-0.6753138463548336,-0.26786437170556354
8943,1.0132869909516804,0.592726961410674,-0.06863037940732224
8946,0.3536372043417234,0.14466995025799206,-0.13946394658852357
8975,0.6531116312890047,2.451313722158379,0.7227689021573701
8980,0.6443413405344098,1.0910806611141388,0.2195385732816884
898,0.4348784777458126,-0.01493510517849356,-0.17428515446375603
899,0.14177522666814577,-0.3780905522999369,-0.24619483180442506
89,-0.1537419376734474,-0.6540310999413371,-0.3787899189127476
90040,0.6467404493867912,-0.6510912437721574,-0.5100505940659573
9005,-1.0261263303120516,0.08845826439760518,0.1614895676163471
9007,0.15100383444121096,0.650928273071587,0.08409461631118655
90140,-0.43194972086753564,-1.3466695431019078,-0.5753333187719779
90141,1.05914583569856,0.8755062490913992,0.12429889181103639
90146,-0.525181067925663,-0.9334198310310763,-0.3466843518648425
90169,-0.5765326219103443,-1.4766933253077335,-0.6027135530278426
90173,-0.5265227731869991,-1.5649987383964468,-0.6506417105853024
90175,-0.9895028682265025,0.3900450645542084,0.27969670233347627
90181,2.139450145880195,-0.5619723646360134,-0.6913825091018606
90183,-1.163253096644036,-1.163218019483007,-0.3159628331107728
90188,1.6845758748610986,-0.4971498447761691,-0.5978006275547213
90190,-0.36770912755099117,-0.797022583380241,-0.33767008662730263
90191,-0.6109538840933881,-0.6652724646497321,-0.26044550548711465
90196,0.1082188236531616,-1.1293021437546955,-0.6183516477371884
90203,-2.2115950769574253,-0.032613997553880884,0.4434382990641304
90206,-0.3277497322898506,-1.0740558397117463,-0.47911967662417226
90208,-0.31239698907760843,-1.0890954062033458,-0.4639925292152257
90211,-0.166782547249868,-1.945060076678346,-0.8380329622914051
90213,0.2875363856134281,-1.0488794129119865,-0.5880651596949101
90215,0.020925668440306296,-0.3015189057727368,-0.2158444783475933
90227,-0.358580555888702,0.02125182577772959,-0.0006828065810641749
90229,-0.3328764387514539,-1.5135530862658317,-0.6579020284323118
90234,-0.10522232246354413,0.04801461367026331,-0.09066511548800871
90235,-0.45655810418912685,-0.7506630368210584,-0.30247461788092744
9023,-0.03218170113193613,-0.5059744874743339,-0.32516740460111465
90245,-0.3155915784749742,-0.7038717785672429,-0.3507145292878959
9024,0.2425930264137999,0.17347540029538183,-0.09800594102124177
90251,2.722244080607638,-0.4896972477751331,-0.7769790533984585
90253,-0.896571569512302,0.07154694781939908,0.13759987232096085
90258,-0.622189412962841,-1.1197565177449689,-0.4417766138473044
90259,0.13151753725752868,-1.1846824671497111,-0.6284585435259243
90268,-0.27368751915208334,-0.15750618115409473,-0.11198285368832114
90282,-0.11819381332649241,-1.5286258851871195,-0.7078223463217961
90290,0.14089941932595093,-0.9768336443333588,-0.54240432306837
90291,-0.5491589871162033,-1.41739293888886,-0.5840935201898734
90297,0.04221865935843363,-0.18625369213852913,-0.17096916681103702
902,0.28594415486543806,-0.7740863555803111,-0.4847584764091414
90300,-0.2572883245986967,-1.2763625701625438,-0.5893610786289947
90303,-0.3194233997774642,-1.1621625187479843,-0.5248204032623824
90308,-0.5907702850123151,-1.6411570619730764,-0.6566389654134
9030,-0.1820364265439304,-0.3550310544239103,-0.2190854260973948
90311,0.22006754222923872,-1.2706306311011994,-0.687645523924226
9036,-1.2707605256090941,2.170987099419902,1.1184682480727273
9037,-0.5995159560547156,-0.2435092012771466,-0.06200895454926652
90384,-0.9543564845854186,0.5938270159293121,0.3951925574821197
903,0.32561076896457164,-0.3942585969770582,-0.3312768732987901
9047,0.08320108362856356,-1.056789837196866,-0.5196553953108022
9057,-1.5818846859985043,-0.5424857185949926,0.04780829257397971
9064,1.3746725614165758,0.9878455311505927,0.03738648002978495
9068,1.1202650966657988,0.29710443738420217,-0.216557528995929
9069,0.08876187880804237,-0.7734701109945631,-0.42772922396904983
9070,1.4572566615285087,1.4985902123146095,0.1858978554355884
9079,-0.2970004954689573,-1.2473289947653186,-0.5791889274236615
9080,-0.09090494423087775,-0.47834168524845144,-0.3197972527760007
9096,-0.0850933507379247,-0.7277674909274076,-0.35086165670950187
9099,-0.6027511189488984,-0.3088036606705086,-0.08571077410127761
90,1.9144503404265392,-0.2539911029729256,-0.5171689459714367
91005,0.24141862357578134,2.1196078511556684,0.772639131610465
9100,0.06307746316745778,-0.7553663971042441,-0.46732960570816995
9105,-1.4745494612509884,0.6038574225665051,0.4969676558327168
9106,-0.6374259712812406,-0.6946598196128144,-0.27036510491130966
9120,1.4521289405571893,1.1065708448215998,0.06251148751020087
9121,0.12893207139793741,-0.3892237941041155,-0.3406860748402798
9123,5.017499619104371,-6.099489995304779,18.778029234140096
91280,0.3979081154308687,-0.8481968336061172,-0.5487796598687453
9137,0.36582242231811407,-0.4509193757305561,-0.3836416136405136
9139,-0.28735423324916115,-0.4602757449097503,-0.2581941252121203
9155,0.502545598650274,-0.46780950213201566,-0.41968452232698017
9168,-0.18756235587297138,0.6085002888909288,0.1976691811305914
9172,-0.6026720922630503,-0.45722967722087715,-0.17619173935264731
9176,1.275664621130846,2.464789571842616,0.7118321349165628
9179,0.2377352245350345,2.2000699171101497,0.7509612566215722
9189,-0.37883256384805386,-0.6132169898510035,-0.29983580710144325
9196,-0.008152534914652195,-0.3548304425788593,-0.2555084917179409
9204,-0.11788039855521318,1.6708564147006433,0.629814901386278
9244,0.04870341876962013,0.22862819833458334,-0.029948469235144926
9245,-0.2572857939577787,-0.7860646007037962,-0.36980586268508503
9259,-0.8549838638258526,-0.8812969034082959,-0.28254667327612376
925,-0.6159235197563194,-0.3774652973614712,-0.13477091985765793
9263,-0.39960023098492886,-1.4138798598296873,-0.6081574657589865
9265,-1.1405398272349874,-0.1116675438951741,0.11785918170269745
926,0.4166163658573835,-0.8852824960522705,-0.5259500623518375
9273,-0.5956249774709607,0.2615271169503204,0.1194973821612298
9274,-1.2625598520853476,0.4718917704874772,0.38544636390189546
9288,0.5189921000783317,-0.45392170479254945,-0.3990515172563016
9295,-1.0493024298280318,0.22984609550532506,0.2269499635278816
9298,0.08192888660799924,0.48571619351700623,0.08470307961047972
9299,0.9865466387999424,-0.8784944605622879,-0.6448034233488802
9300,-1.3907010470270174,0.953620823768221,0.6750343195883257
9306,-0.6784820370573796,-0.22673758155762652,-0.05771878339512991
9309,-0.18201256452687845,0.23549854968033115,0.029475290865604176
9310,0.26752950448008905,-0.26398808471494045,-0.2708373291885102
9313,-0.2886619024201365,2.036544973730123,0.8060426676942748
9315,-1.3725446178788339,0.5140045757004638,0.4350761234809341
9319,-0.20420426353151988,-0.11511082916133807,-0.10730501400478798
931,0.1227593745955429,0.06529613521976808,-0.14213753599265536
9320,0.6714149443292386,0.9518503565114005,0.16664819935831607
9322,-0.307506159658295,-0.01654540898280429,-0.019072863494393303
9323,-0.9828978238676804,0.2819947422253806,0.23237097426632225
9325,-0.03541606825245113,-1.5535710567101764,-0.776251777733752
9326,0.8629072969913899,0.6550664602707024,-0.002197169103661118
9327,-0.22828690369947668,0.9909006283481688,0.3751577363896612
9328,2.0229217161465205,1.046393253745178,-0.06023531790356072
9330,0.7743323600763299,0.626891450441003,-0.005529899949195738
9332,-0.5951016200518021,-0.2599340755636208,-0.03947302535213674
9336,-3.1500396805204014,3.0622827371512353,1.9866397130833675
9337,1.6617807073287012,-0.7534889766131844,-0.7040491358903381
9340,-1.0810657099003365,-0.3238442344104263,0.015645435050145238
9349,-0.7254089204633385,-1.7765044535447978,-0.7006329518062836
9351,0.6017700702252331,-0.029968180905704297,-0.22258896187979607
9354,-1.0064902349834897,0.14750303776988785,0.1810248123352749
9356,-0.47036014233462137,-0.3850213374113438,-0.17420697655735196
9359,-0.8301686419448163,-0.5058616542572525,-0.1201485532448689
9366,3.7582275199572153,3.4748312881011336,0.6157267648493872
9369,0.05259597451310191,1.1205244357154758,0.3583458253022039
9378,0.22268362823724366,1.143575625103717,0.2824891072249229
9385,-0.9402426309650197,-0.9318677616241868,-0.28825874101611104
9388,1.1426806381866292,1.9577458711608775,0.4756893293860521
9392,0.631447931575475,0.6032508738212616,0.08705937264453849
9396,2.0352638811615456,-4.155331116814706,7.375742738538177
93,-0.21979489734186752,0.2615248311647497,0.023811088774014572
9406,1.2908169846469695,1.6771800467178688,0.29986391762770404
9410,0.03831040407704268,0.4872383720144063,0.08828040178652523
9417,-0.5709721948070553,1.743041585410569,0.734225217321387
9420,2.200259792394405,0.34962793110485585,-0.37881914891377744
9422,0.45898564857423146,0.7905719440080236,0.10341595303562388
9423,0.40667015067695117,-0.5539172925534849,-0.3950038076044714
9437,0.06409568241323733,-0.7919163435693345,-0.46586444981509817
9438,-0.020565152165398948,1.03003812989185,0.2887384375268183
9439,-0.38422523344898285,0.45903768655922844,0.1878021166004794
9450,-3.086392186225947,4.849172839922376,2.7116167160213016
9457,-0.7656075114781291,-0.9681531120370509,-0.3403203896930808
9462,-0.11341551950566992,0.5371429750372406,0.12022247570830015
9463,0.15613820239331777,-0.5993662338105961,-0.4046694101423
9465,-1.1121474089158991,0.2966427505747841,0.2824101316642188
9467,0.36086627976568886,0.5094517808142326,-0.02192498611141649
9472,0.1546351125894314,0.33494992647070915,-0.025211907439817157
9486,-0.7807594105594137,-0.07922290751023686,0.025870564475373618
9489,-0.09399857753501863,1.4670217673306838,0.5071690964784278
9499,-0.34556358391587655,-1.2073431830485024,-0.5563150585185741
9502,-0.017828413426775592,-0.6179522957990529,-0.38278825030498415
9507,0.5458475045770882,0.31800970207836415,-0.06822548683230878
950,-0.5393403372250045,-0.8063424881190449,-0.32399754555246707
9517,0.07756718246248552,-0.3223050328716542,-0.2680080077531611
951,-1.1251701516528223,-0.822457581530669,-0.194153827760078
9523,0.1443273917904852,0.22083574002235917,-0.05437393720994184
9526,-0.5232229466065974,-0.631672160575972,-0.2685083100664139
9529,-1.0850169326283345,0.7049476933098646,0.4494273499706302
9536,-0.13497576155090865,-0.17684549088888002,-0.16933115210293953
953,-0.5600291300102146,-1.0336931898022979,-0.4288172105183354
954,-0.7628787121666226,0.3652722195138642,0.20884901195465733
955,0.1380354258343393,-0.4958750290045617,-0.35019930813410743
956,-0.14994048769991375,0.04917017117203977,-0.05427370322435693
958,-0.521643942176441,-1.2934564595063667,-0.5318523547663015
9614,-1.182694677094325,0.045521153896367586,0.1911315259825459
9615,0.569462681590129,1.16578816459995,0.21872108279131097
9620,-0.0702263329798638,-0.012626160973877022,-0.13354469505506206
9622,0.1751034468571293,0.2415408517149601,-0.07134189442525482
9631,0.021561897161357844,-0.7858845039486136,-0.4610273983539815
9632,1.9384870513294834,-0.21968133352098557,-0.5545876622720607
963,-0.47074313979145394,-1.3840722996312909,-0.5648148209726099
9647,-0.3700342609640603,-0.6972519696455,-0.34099599074061804
9658,-0.18324032528868128,0.5618722125512118,0.1357012781940766
9659,-0.8028547591437565,0.44360848747196235,0.2510057256437118
9661,-0.3669979643066692,1.2681921222833223,0.5807072665302176
9665,-0.2568756109426009,0.9052004061968997,0.30000141122287144
9669,0.787131988892114,0.26764378914735426,-0.11164683645688342
966,-2.880256102010949,2.1444997741973615,1.517156641942384
9672,0.484589626702687,0.35354238318615483,-0.08276829644233692
9678,0.058186365854331054,0.6283587060721064,0.11594204858738168
968,-0.4441662811972261,-1.467606766523645,-0.6210328936648238
969,-0.8520185796406176,0.48912151490125366,0.30035577821164317
9712,-0.27629975374351523,-0.8160597180689623,-0.37930530432342185
9727,2.6450896596340665,1.4844419050706819,0.017103723115766665
9728,0.12665365014242386,-0.8735115607633256,-0.5303581276101432
9733,0.1849609163915102,0.15562016929362063,-0.1326551556629428
9735,-0.197693305542482,-0.5727249571905668,-0.3179024427780807
9737,-0.14995555737017624,0.13415162808132616,-0.05096931451389514
9745,-0.4683896793539253,0.20404192003784372,0.07111322637651792
9746,2.7418411310678668,1.9845862149861986,0.1925669303528671
9747,-0.7299227640856576,0.4226228426280816,0.2476392637606878
9751,-0.36705085950336924,-0.705920828319639,-0.32786578927672366
9752,-1.5931739941172576,0.1548804045503008,0.3402542534639188
9760,2.7215610867317364,-0.265277835883137,-0.7077252084760187
976,-0.10191636576083289,0.23055973790533976,0.010051913961112659
9770,-0.2639185197909125,-0.8407077291228807,-0.3979908801018642
9773,0.08825637650953978,0.48195606304432703,0.1541422037442545
9775,0.6804427847660195,-0.40101921288474535,-0.4131066289601174
9777,3.243985734375089,2.887162684378546,0.5214380680611702
977,-0.08019938104039608,1.0145829750364164,0.33574193399559715
9788,0.4559493645754712,-0.13790926631484576,-0.28450244283905485
9791,-0.029409377445036054,-0.1863963662658271,-0.1842270621667764
9794,0.1629451009707677,0.12573529881769915,-0.08924327439906105
9797,-0.4617295184314085,-0.24050371917053748,-0.12666849711466147
9803,0.8909546825895267,1.0745652956759615,0.21294411659355855
9812,-1.1600210644399491,0.2527070904736908,0.27248046221639083
9818,-0.9394675560811172,0.07956337131414967,0.148885471671155
9819,-0.677718319892556,2.1628999784377876,0.977666045058942
9822,0.3297340662731429,0.3224462515260443,-0.07141866008875465
982,-0.0705867375977269,-0.1282470363464028,-0.16212638008665356
9831,-0.2453401632785076,1.1401462922418504,0.4509319234606713
983,0.44344621541172474,-1.7456992093279722,2.597375282525557
9846,0.0339286839076726,-0.9752121397765369,-0.5169615230009055
9871,-0.024411948699599513,-0.10064898061940537,-0.13028588219351414
9875,5.205587158663342,1.7848105358806672,-0.34045838855383204
9879,-0.2262904238813722,0.2802739870194379,0.045511700645593026
9881,1.5068223172417032,0.22948463331199728,-0.33131434576903335
9888,0.7707986474756541,0.5841247882484853,-0.005474816804524799
9889,-0.09302860489714161,-0.5718469450798128,-0.3302446301870251
9923,1.2901540714416642,1.845879370788441,0.33483735544832166
9932,0.6524540267722857,0.5579305184067694,0.008334414206159923
9935,0.05357834358908482,-0.690122469864779,-0.44327813929253373
9963,0.05294244075994929,-0.5938012803206684,-0.3927125068441552
9967,0.2909371458257399,-0.9677655168435327,-0.5303930885782462
9978,-1.096203234290898,-0.6794513613703984,-0.09557077095089438
9986,-1.4996157072779572,0.4554634346968556,0.4414080141125489
9997,-0.18790871773411713,-1.3219694344269688,-0.645319780077874
9998,1.2244707633900183,0.4374755375696205,-0.1777586626148782
999,-0.2760858896920027,-0.6722823714981376,-0.3571452550195456
99,0.3049304214889461,1.0883006655247691,0.3215961186877161
