CERT,anomaly_flag,anomaly_score
10004,1,0.027297311970639726
10012,1,0.12549419508341292
10015,1,0.09328426870451134
10044,1,0.022997103847821165
10055,1,0.09356133495813584
10057,1,0.005778519045597674
1005,1,0.10384353342970876
10072,1,0.12487864948716437
10074,1,0.10575191170331161
10075,1,0.13267726449442957
10077,-1,-0.10350437670023027
1008,1,0.022856268739968655
10101,1,0.11226773294118536
10111,1,0.12385024077025908
10118,1,0.08146207519205656
10120,-1,-0.04655095899703421
10121,1,0.026917684944959663
10122,1,0.11816871973304255
10125,1,0.09354646032516095
10127,1,0.11983841344939816
10132,1,0.1299219184231823
10137,1,0.052624678749092435
10145,-1,-0.14205519174101944
1014,1,0.11484075118627601
10157,1,0.1152301196552481
10159,1,0.11437983908787941
10162,1,0.11551652901406662
10163,1,0.11465321404866147
10165,1,0.08248490652894952
10167,1,0.11608378346757658
10168,1,0.11815910326014994
10169,1,0.09064504501015536
10174,1,0.05410760033981349
10175,1,0.08539212708680033
10178,1,0.08205733279137839
10185,1,0.05984295694556763
10187,1,0.0625063636767838
10191,1,0.05125993160633113
10194,1,0.09404421773814842
10197,1,0.011723100241191275
10200,1,0.08121683620059056
10202,-1,-0.04644480750231095
10212,1,0.078190450263525
10214,1,0.11591553814279215
10218,1,0.0959097266093395
1022,1,0.03643702080669675
10236,-1,-0.0013677044020450335
10243,1,0.057681194092222
10248,1,0.03544815463608686
10250,1,0.12515618515965482
10253,1,0.10741623376734416
10255,1,0.06863425496826803
10266,1,0.11999262924263221
1027,-1,-0.005813032422050224
10280,-1,-0.03733344784305126
1028,1,0.12288078070905656
10307,1,0.0792895817590652
10308,1,0.10436654093621794
10315,1,0.10740379710396869
10317,1,0.08927629891598171
10319,-1,-0.01968555340808642
10327,-1,-0.09553935547637304
10330,-1,-0.04813524934385738
10344,1,0.1085794312921427
10345,1,0.1258444348605715
10352,1,0.03937149233562304
10363,1,0.10587197105075236
10374,1,0.10908651589880591
10378,1,0.09872264676573644
10380,1,0.1231755319457023
10382,1,0.12361905627064773
10383,1,0.11096395791603403
10384,1,0.06816914133071433
10407,1,0.03625517519581556
10434,-1,-0.025007535026933536
10437,1,0.12043632644692015
10438,1,0.0763135622777304
10446,1,0.09821264991378942
10458,1,0.11205427144411995
10460,1,0.004952335937294217
10463,1,0.07795168090088722
10464,1,0.06956971276811375
10467,1,0.06428897275531475
10469,1,0.06258057268437028
10471,1,0.10602586790818114
10473,1,0.11384162212916593
10474,1,0.0787501432112821
1047,1,0.131353821331807
10492,1,0.11743730785339018
10494,1,0.10599824866064128
10497,1,0.13235617376399006
1049,1,0.11180516086111758
10500,1,0.0987294677025134
10503,1,0.06983173241184837
10505,1,0.12847961572290478
10520,1,0.05093780144003929
10523,1,0.059352074813214195
10528,1,0.07756881399243376
10531,1,0.06299552466153346
10532,1,0.0395011310234884
10533,1,0.10312864352054624
10561,1,0.12129984038190073
10567,1,0.03513265398701254
10571,1,0.12114567860110953
10576,1,0.09278217729458282
1058,1,0.1259589187242825
10594,1,0.05570735623872891
10595,1,0.07128190895967806
105,-1,-0.004922361182813084
10608,1,0.03492102980141476
1060,1,0.13357184787453297
10618,1,0.1024573480201818
10619,1,0.13223701096232854
10623,1,0.054622138366686224
10626,1,0.08054944073707476
10628,1,0.09790844023706807
10634,1,0.11354070042697184
10635,1,0.07914189498150109
10639,1,0.11894928835622248
10641,1,0.11055137208707266
10643,1,0.11783776236550914
10647,1,0.09404936816586823
10663,1,0.11365341439658633
10667,1,0.10081588857654106
10672,1,0.12178584958629612
10674,1,0.008766419343883447
10677,1,0.12076801865150943
10685,1,0.03932109502035702
1068,1,0.061318830404332
10704,1,0.08111088094399171
10709,1,0.07979346595708736
10719,1,0.03610469702309976
1073,1,0.06622639316451889
10741,1,0.09254472534615621
10788,1,0.04008476468080019
10791,1,0.039514337526359467
10799,1,0.11385119271802713
107,1,0.12350205644294332
10803,1,0.08879250826740848
10804,1,0.12413940494173314
10809,1,0.10474622359934682
10820,1,0.08704332650563923
10821,1,0.045120709094481626
10829,1,0.1054085549019248
10831,1,0.08203691096996352
10840,1,0.0495322297206513
10843,1,0.08432402455431831
10844,1,0.12960222699295904
10845,1,0.12674479558798402
10849,1,0.1161479466142396
10853,1,0.03903708615383111
10855,1,0.1291003020594167
10858,1,0.06658181244383066
10860,-1,-0.012803787503327557
1086,1,0.10506159710308549
10871,1,0.037308661784991815
10878,1,0.08845193539092433
10883,1,0.062037195239110166
10886,1,0.04092391969863213
10903,1,0.033573321928358324
10906,1,0.12229164105677426
10907,1,0.12180368276752374
1090,1,0.11523678135565824
10918,1,0.014274163402482054
10919,1,0.06706474565454479
10920,1,0.024591301923702624
10928,1,0.13049957389875766
1092,1,0.09475513874133368
10956,1,0.09844616464992323
10958,1,0.12668519926101746
1095,1,0.09063437190928436
10960,1,0.11772364340539004
10962,-1,-0.0019953118636909517
10965,1,0.0946569048596192
10967,1,0.12493683637628528
10969,-1,-0.030187435198045676
10971,1,0.11156670831677895
10973,1,0.1262362380500484
10976,1,0.1271155331909667
10980,1,0.11616998453729377
10982,1,0.08606632401786624
10984,1,0.01880272346548373
10989,1,0.12350738658080213
1098,1,0.04249165785722886
10993,1,0.11773294602972972
10998,1,0.06732975258505308
109,1,0.10442496606570906
11002,1,0.09308087678860572
11003,1,0.07554621721494492
1100,1,0.11477741424398258
11013,-1,-0.03989130532893581
11035,1,0.051650795672949446
1105,1,0.09583735863868686
11063,-1,-0.15103547148733876
110,1,0.1148880318227069
11112,1,0.026255836134423116
11113,1,0.020268860377993025
11124,1,0.12884800116331663
11133,1,0.06158326127142705
11159,1,0.1041832256550041
11175,-1,-0.18330600601539127
11178,-1,-0.09038173138099714
1117,1,0.12901179141627828
11181,1,0.12997129800632573
1118,1,0.10071782201528662
11225,1,0.13093723507370825
11228,1,0.07133857782425984
1122,1,0.12110258322990453
11232,1,0.10591990707621723
11235,1,0.11245699960321898
11236,1,0.10664204950224421
11241,1,0.1133194169748753
11242,-1,-0.052480248537969176
11243,1,0.051856549456786416
11252,-1,-0.1623547331827191
11259,1,0.07616835554751672
1125,1,0.03907095749015338
11261,1,0.09216491311425734
11295,1,0.05529729114398085
11299,-1,-0.1388265842210784
11302,1,0.060920338026055454
11306,1,0.11089319314603924
11307,1,0.04703966751916583
11310,1,0.11263784244075753
11317,-1,-0.05071747426087425
11319,-1,-0.0661640542255455
11324,1,0.12466717972640284
11343,1,0.09267761800850144
11347,1,0.10304409432545919
11352,1,0.1149621794629353
11355,1,0.0832584500307132
11358,-1,-0.04413997167769401
11407,1,0.08997763750186194
11409,1,0.12069772571328058
11415,1,0.07119219190123016
11417,1,0.08218112981138204
1141,1,0.058572514611198945
11431,1,0.10807298287145539
11445,-1,-0.005939832192730865
11446,1,0.03732909120735567
11448,1,0.12319208268730586
11459,1,0.08518684912365632
11462,1,0.1089574921098655
11463,1,0.07107302573983854
11465,1,0.09154998065436432
11466,1,0.10478033442996965
11475,1,0.12114176177477781
11477,1,0.07066957331244106
1147,1,0.10827979553764583
11482,1,0.050904279483447334
11491,1,0.12436957458019221
11492,1,0.12484370332216066
11501,1,0.06652485094460364
11507,1,0.12555783263895992
11519,1,0.0334588945490249
11521,1,0.07941260463167904
11522,1,0.10548503648130281
11526,1,0.09329105242163299
11527,-1,-0.07074613772377569
11539,-1,-0.11532846818849674
11557,1,0.12078073337090273
11559,-1,-0.16396303456349748
11569,1,0.12382179952534245
11570,1,0.11266828450789196
11578,1,0.07992744815677566
11580,-1,-0.025487715411954937
11582,1,0.11321878790081336
11595,1,0.12668555695841377
11601,1,0.07561362165543495
11608,1,0.10514711105059604
11623,1,0.12385201055935169
1163,1,0.10755912226005115
1164,1,0.12281398444196279
1165,1,0.09276481165329492
11666,1,0.12457787606904974
11667,1,0.0704610768263671
11669,1,0.00551609200251757
11670,1,0.1333840839116991
11674,1,0.13429711430902558
1167,-1,-0.036001288744669346
11680,1,0.11790319109612335
11681,1,0.11189893663252387
11682,1,0.06728921310320057
11686,1,0.09422092425555284
11699,1,0.12799268639528028
1169,1,0.1269992020631316
11702,1,0.1319261507082845
11706,1,0.049290872532428476
11708,1,0.10448699547562279
11711,1,0.12597543578881415
11715,-1,-0.028897002967013585
11716,1,0.1139939892146376
11719,1,0.09606588925795362
11722,1,0.13267620025703375
11729,1,0.05570330057732037
11731,1,0.0783652977953781
11732,1,0.033296427446098675
11734,1,0.11167145830625003
11739,1,0.11783892373172444
11741,1,0.11988949601528653
11746,1,0.08779896139674076
11747,1,0.08483593467967232
11750,1,0.012677606456438839
11759,-1,-0.020557235993041267
11763,1,0.11533272298397101
11764,1,0.1336897168538903
11767,1,0.11580161629809521
11771,1,0.10417851688850915
11777,1,0.12235089949442324
11778,1,0.11900651166602488
11782,1,0.11774071080885395
11785,1,0.011979071578801459
11788,1,0.07879204058918182
11792,1,0.0917217973116764
11807,1,0.12725119543689878
11810,1,0.010103181220444069
11813,1,0.08966172467923267
11817,1,0.06353200966330036
11821,1,0.125084628325125
11823,1,0.12221264358393169
1184,1,0.1148470276684414
11860,1,0.12091594581549975
11862,1,0.12485018985141355
11868,1,0.10242157990810374
11891,-1,-0.10341262918393468
11903,1,0.07021679807505965
11904,1,0.09026924212341997
11905,1,0.11903094788637064
11907,1,0.10920730855453825
11916,1,0.0372822561155251
11922,1,0.07121816496415845
11932,1,0.061494103450220716
11934,1,0.1279864152571138
11935,1,0.12563457613305845
11952,1,0.04041621489042313
11953,1,0.08313270587621385
11971,1,0.11657402333408112
1198,1,0.07416557966018772
12010,1,0.1201399304806845
12079,1,0.11666987211341512
12086,1,0.04489931991822871
12087,1,0.09382353943243343
1208,1,0.12582166707450598
12098,1,0.12622513786969858
1209,1,0.1229316753566227
12107,-1,-0.1593485387260155
1210,1,0.13110627865564356
12113,1,0.12027940565095291
12121,1,0.014031538496744433
12126,1,0.07273648193315896
12128,-1,-0.022663167748506408
12135,1,0.08704565527025698
12136,1,0.12479860907276713
12139,1,0.11312418761494208
1213,-1,-0.05091922399053728
12149,1,0.10428128140711573
12162,1,0.11804123249094173
12163,1,0.10154067482245316
12166,1,0.0773792827630912
1219,-1,-0.11996639341565551
12201,1,0.13245601468446994
12203,1,0.09873796651814709
12204,1,0.07761170531462269
12207,1,0.10310349340202979
12208,1,0.05144312395189071
12214,1,0.122705940683556
12219,1,0.08465789572124627
12220,1,0.06287581766593853
12223,1,0.10754230491449218
12225,1,0.1198802454196673
12226,1,0.11378684801524103
12229,1,0.10755280261090289
12230,1,0.12894286498747193
12232,1,0.06319832919626756
12241,1,0.1180688034643192
12244,1,0.10410317313132889
12246,1,0.08488915434267913
12248,1,0.12085944805419169
12258,1,0.10031786014787075
12259,1,0.010381040890831972
1225,1,0.08040090076340878
12266,1,0.07594393918244036
12283,1,0.07387862510869736
12284,1,0.12353851804291216
12285,-1,-0.0198589383229113
12293,1,0.01497257238526084
12298,-1,-0.0018648672590644289
12299,1,0.09120843675078988
12303,1,0.12523722588750047
12305,1,0.04152082795531997
12315,1,0.0711619889043143
12322,1,0.08449709409791106
12325,1,0.12796861931773135
12327,1,0.10202777961285114
12331,1,0.10091313991135825
12349,1,0.09648937192036672
12354,1,0.07684141688012003
12365,1,0.12991245337372187
12368,1,0.10410871086152429
12372,1,0.019354707399585447
1237,1,0.08383394412836054
12383,1,0.08713981084440936
12384,1,0.09528137397796621
12386,1,0.12301102372055489
12388,1,0.08191677634858163
12402,1,0.12490208596103974
12410,1,0.09718094857144155
12417,-1,-0.10096997464589785
12422,1,0.06710723231624116
12425,1,0.07816597720990875
12432,-1,-0.06924842120288421
12441,1,0.12508382693909897
12444,1,0.1262784239364908
12457,1,0.005495259261624863
12484,1,0.10418932862339536
12485,1,0.09996198651431631
12493,-1,-0.007552968567029139
12511,1,0.12466788500085046
12512,1,0.12842403872882663
12513,1,0.10781985553463586
12517,1,0.10241270955340881
12531,-1,-0.03259969356406622
12549,1,0.11828396923834505
12591,1,0.06421054492238593
12592,1,0.10449503716264835
12594,1,0.0669021353853102
12602,-1,-0.0876391512688991
12608,1,0.10241390687308971
12609,1,0.11822903375615545
12611,1,0.03715167819297588
12614,1,0.10758956698788086
12616,-1,-0.001464352208656261
12627,-1,-0.01437536947912832
12633,1,0.02418700390508388
12661,1,0.11530961513003368
12694,1,0.12456271099596777
12706,1,0.10534822282873102
12717,-1,-0.03620728210739632
12722,1,0.06724394065415573
12745,1,0.06781889670580638
12757,-1,-0.07609821841649445
12758,-1,-0.020060168303765447
12761,1,0.05737922055417011
12769,1,0.12210381049478197
12788,1,0.1279368139247294
12814,1,0.1309967341255041
12815,1,0.12300052007837392
1281,1,0.11236288974072733
12828,1,0.1287909125515766
12836,1,0.0786624730270637
12839,1,0.1228784509780751
12854,1,0.12459454341236675
12855,1,0.08227562571437669
12857,1,0.10311501869910661
12858,1,0.07175418487545393
12865,1,0.11339440346549384
12869,1,0.11347226585793202
12874,1,0.11928397681524733
12885,1,0.08974901539144237
12893,1,0.012795859591195002
12899,1,0.12610352978202982
1291,1,0.12535120109381492
12944,1,0.1144321397422059
1294,1,0.07606067006974049
12956,1,0.12756854199814405
12959,1,0.08660128005871398
12969,1,0.1304067251804476
1296,1,0.08191059359123576
12978,-1,-0.12777581300117258
12980,1,0.09262121091662134
12985,1,0.1186497571332919
1299,1,0.1136356303086718
13000,1,0.12274775508723984
13006,1,0.1279191149400301
13012,1,0.12289054227856394
13018,1,0.08045719560908454
13020,-1,-0.03795269937664136
13025,1,0.12972714434570093
13030,1,0.037488776651879885
13032,1,0.1272854132350269
13033,1,0.12214042069764663
13054,1,0.047610774211851725
13055,1,0.11975163349847956
13058,1,0.04236222816642182
13063,1,0.12286423173185568
13068,1,0.09073654816631616
13071,1,0.12799094969539182
13083,1,0.09832644524757855
13102,1,0.12556044088091145
13107,1,0.12965603520167923
13109,1,0.10908226126364923
13111,1,0.12373912179110808
13112,1,0.11437882943946709
13113,-1,-0.015299239481580296
13130,1,0.09536458047703833
13167,1,0.11794892178532262
13179,1,0.06648951060704839
13195,1,0.10039105195999198
13196,1,0.12091475990376749
13198,1,0.11067206912778549
131,1,0.11745728284991558
13209,1,0.07691915935883076
13216,1,0.11987399868706045
13220,1,0.12288421566833319
13242,1,0.12762894402435032
13249,1,0.10301174045730005
13251,-1,-0.11644242905261681
13255,1,0.11913670910195884
13264,1,0.11744951175919749
13274,-1,-0.10848866506675836
13297,1,0.0288717648202943
13303,1,0.026405040976813343
13305,1,0.12264151292618591
1331,1,0.12242963395213191
13339,1,0.12584315912093808
13341,1,0.12260975112885425
13366,1,0.08722074542991798
13381,1,0.053889619408901135
13382,1,0.08285676670769965
13397,-1,-0.12732190279101085
13407,1,0.04250622541838228
13415,1,0.1175637109674249
13416,-1,-0.08534980841585416
13421,-1,-0.007662695988299939
13430,1,0.11559901364446512
13450,1,0.10918207830813287
13454,1,0.12353653724876312
13561,1,0.0680828632674404
13565,1,0.09397007454357065
13582,-1,-0.08292402741269278
13599,1,0.11995203023916107
13600,1,0.11258543795584597
13611,1,0.12345816487991701
13616,-1,-0.09092588478010444
13622,1,0.04834153837626254
13632,1,0.12984669214822536
13652,1,0.11723523067224878
13656,-1,-0.036464952218088875
1365,1,0.10139396897356229
13662,1,0.12022904030567438
13692,1,0.07849843313203175
13696,1,0.005631571362876953
13703,1,0.11690119804710758
13712,1,0.08472787902465712
13715,1,0.090965177073148
13716,1,0.06777483622164543
13729,1,0.09910125115072138
13735,1,0.11160384174741628
13736,1,0.020498502515767292
13737,1,0.10270113482497234
1373,1,0.08646272260165933
13748,1,0.0006945515810066749
1374,1,0.12815395572561916
13753,1,0.08213884555136647
1376,1,0.11905724650376048
13774,1,0.0901582774450711
13775,1,0.12311532045617068
13784,1,0.10029443510483582
13788,1,0.10775558987481298
13794,1,0.12087036190973038
13798,1,0.06376786589767286
13801,1,0.08999646252882954
13802,1,0.10217234120088164
13809,1,0.12999067617466703
1380,1,0.11358440896890848
13813,1,0.12014590688129057
13816,1,0.09421573822253554
13819,1,0.12953540331777236
13821,1,0.07361282113697742
13838,1,0.09972895608701687
13843,1,0.12248991516219865
13868,1,0.11570624897978898
13876,1,0.10594429255111071
13883,1,0.12417293837213644
13887,1,0.12450832827188024
13892,1,0.09728377291088641
13897,1,0.11529739958728152
13902,1,0.08228391650591343
13905,-1,-0.020281322353630338
13919,1,0.1165989193497668
1391,1,0.10648769482640952
13926,1,0.011379486970646446
13931,1,0.026898979253571487
13946,1,0.07970507719157771
13947,1,0.1264522289056889
13951,1,0.11200581211111799
13953,1,0.12435592488180325
13960,1,0.021301258853190452
13962,1,0.10874357571041354
13983,1,0.12687639620032803
13986,-1,-0.01599111406996645
13990,1,0.11229838261758007
13999,1,0.10074010335607347
1399,1,0.07267396394990111
14009,1,0.1081645884022866
14017,1,0.12304762863064711
14025,1,0.09931082831838495
14026,-1,-0.002573216557226532
14029,1,0.09970452460082024
1402,1,0.11283535433169395
14036,1,0.12260125170198938
14056,-1,-0.14997922640052563
14058,-1,-0.005025889116809901
14065,1,0.12056509121518788
14069,-1,-0.05635442867537255
14073,1,0.028658036025529576
14079,1,0.09969177460900552
14083,1,0.07716156448605904
14095,1,0.0959216959004805
14096,1,0.0853902605889979
1409,1,0.07262674616907766
14113,1,0.1329215035863031
14134,1,0.11059714582155583
14136,1,0.127983281610831
1413,1,0.1088380540353387
14140,1,0.09102534138591994
14158,-1,-0.0023762751185064657
1415,1,0.13034880330710324
14168,1,0.12533528060240606
14178,1,0.09662707512859797
1417,1,0.12080131726336618
14184,1,0.10120361571255987
14185,1,0.0722613152936174
1418,1,0.07505302967552435
14195,1,0.12628897228544206
14207,-1,-0.0807765677829203
14208,1,0.09658723665193775
14209,1,0.09978201693415711
14222,1,0.07003395628862918
14225,1,0.126510334049805
14230,1,0.11673855121163523
14247,1,0.09496602261226023
14260,-1,-0.018693251222286822
14264,1,0.12169895042892753
14266,1,0.08174301159411523
14269,1,0.08997831444354071
1426,1,0.10940608996400292
14275,1,0.1245129040264975
14276,1,0.12224395864607973
1427,1,0.1231012053096388
14281,1,0.06158767771719781
14291,1,0.07916530848695269
14293,-1,-0.027797166543933494
14311,1,0.11439464970874097
14312,1,0.031556165247562995
14316,1,0.08353377429527709
14327,1,0.04571436614702168
14331,1,0.04494353851465094
14333,1,0.09610207601625181
14334,-1,-0.029851383013107413
14344,1,0.10019497114757941
14349,1,0.11887197267853722
1434,1,0.09645826138638647
14352,1,0.12993865762938783
14355,1,0.117440381561629
1435,1,0.07544232391111572
14382,1,0.10600991433152179
1438,1,0.09278552318525413
14392,-1,-0.03034660689275437
14399,1,0.1159517677444093
1439,-1,-0.09407752532639846
14400,1,0.0757271297254436
14410,1,0.12680294676809994
14413,1,0.08582903004977593
14415,1,0.10123291002531254
14420,-1,-0.03722776312357601
14427,1,0.10379062474304873
14445,1,0.1210468364194699
14488,1,0.04157422921077453
14491,1,0.09930182010481425
14492,1,0.08974996370591637
14507,1,0.10878398794477173
14513,1,0.10317850325625699
14521,1,0.03595909820889126
14522,1,0.09379256034043609
14523,1,0.12683803681591083
14531,1,0.08257767961231505
14546,1,0.1148889685338027
14556,1,0.12852564956508522
14560,1,0.1307133831915025
14561,1,0.04962349983984038
14567,1,0.12436649079823603
14574,1,0.028538276540845564
14578,1,0.13226544541337237
14581,1,0.12732109672330544
14584,1,0.1297791677636298
14587,1,0.1263384476458989
14597,1,0.10463780920047722
14604,1,0.11345643013295709
14619,1,0.11133738861265652
14633,1,0.10311870181197069
14642,1,0.11256663265580913
14644,1,0.11535743223374423
14646,1,0.12215431922800524
14649,1,0.12065886155095501
1464,1,0.08691958091310886
14650,1,0.11757317922072186
14660,1,0.08812888381631234
14662,1,0.04950921967883165
14674,1,0.12652818282117684
14679,-1,-0.03333828086768931
1468,1,0.12512729923333082
14690,1,0.1223585176980223
14692,1,0.07895615152369667
14694,1,0.05490147508447113
14695,1,0.10487665911291127
14701,1,0.09741976751079967
14705,1,0.05483147026188051
14722,1,0.010305073534442044
14730,1,0.13158244186198176
14731,1,0.10036515671778273
14735,1,0.06155565994002149
14744,1,0.12531822226795974
1475,1,0.06053686623589932
14761,1,0.10947921788231152
14769,-1,-0.02120250983444394
14772,1,0.03161269565073238
14773,1,0.13054591151755995
14779,1,0.12482253833029378
14785,1,0.11879443248210175
147,1,0.09070119691574408
14801,1,0.09030922741802394
14807,1,0.07560324916961159
14809,1,0.08109096152098633
14812,1,0.02830528968091539
14820,1,0.11083006635839238
14836,1,0.10489733886488489
14843,1,0.1282490697286891
14851,1,0.11723824476940509
14853,1,0.04522744258675343
14857,1,0.0984510416436905
14863,1,0.09975830890842513
14864,1,0.10213406479445686
14867,1,0.12151239329670371
14868,1,0.11791368629843746
1487,1,0.1261083673397449
14883,1,0.12655195910169154
14885,1,0.11797576954281419
14894,1,0.1279333536700814
14899,1,0.03735626861708674
148,1,0.1162619347076092
14904,1,0.07161118945774403
14907,1,0.09083694494234518
14911,1,0.1114214481490024
14912,1,0.0409320715600886
14914,1,0.08595743257547883
14920,1,0.011956522565620908
14922,1,0.09705859523852356
14929,1,0.1231418982857505
14930,1,0.05963238301721402
14952,1,0.1237612597773155
14960,1,0.057891418856090726
14966,1,0.11997704280774868
14969,1,0.10189194497414339
14974,1,0.04996958701531212
1497,1,0.11106192498810391
14982,1,0.10234964642627198
14991,1,0.07482341560522737
14995,1,0.07219711679306423
14999,1,0.057200948962170595
149,1,0.07874568177512586
15010,1,0.1150849003290842
15019,1,0.12904748475239353
15032,1,0.11949805591857288
15035,1,0.10973801552767959
15038,1,0.11319895080272047
15046,1,0.11112100305715944
15050,1,0.12592941489254483
15059,-1,-0.06843046837153344
15078,1,0.12323237902106604
15085,1,0.0741430978984216
15091,1,0.11921990510154262
15092,1,0.056154193817136544
15098,1,0.11231812892717113
15101,-1,-0.014850218663310044
15104,1,0.08415297130337179
15105,1,0.08244636544185857
15111,1,0.09329231838861868
15113,1,0.0955579003002629
15118,-1,-0.03279773012549059
15136,1,0.12235369075187336
1513,1,0.11167192683291671
15146,1,0.07889539274678548
15152,1,0.12093097748342602
15164,1,0.03520664613900287
15165,1,0.012629345133186587
15194,1,0.12136638130710309
15200,1,0.12502521358468283
15205,1,0.10753024964194502
15206,1,0.11955287098447431
15214,1,0.04627352017032482
15216,1,0.1274084795359663
15228,1,0.10212065207797183
15229,1,0.11879729287619961
15237,1,0.07179587011863536
15242,1,0.12426443343403859
15243,1,0.1129854626416098
15249,1,0.02784563703443499
15254,1,0.01576288852046992
15255,1,0.05614756911582891
15258,1,0.11287800601224895
15259,1,0.0927889935192564
15261,1,0.09854656704693521
15264,1,0.12099792963232847
15270,1,0.11401067629118089
15271,1,0.12730722021904367
15272,1,0.11750384378733214
1527,1,0.11745385768077743
15282,1,0.0066692182965598645
15286,1,0.11308831002783498
1528,1,0.12160338974738755
15305,1,0.05360200223038558
15306,1,0.1296254703052271
15310,1,0.07231923164722404
15311,1,0.09280493595866934
15321,1,0.10116895286809602
15323,1,0.09503571895053531
15324,1,0.09915234257844269
15326,1,1.89793395570792e-05
15334,1,0.12683418281547176
15336,-1,-0.052595978130633436
15345,1,0.10354637040522702
15346,1,0.10157602620552969
15347,1,0.058653725038047944
15348,1,0.052221727656472317
15355,1,0.10695631870353928
15359,1,0.12112737174567173
15362,-1,-0.07010384646011347
15364,1,0.12412179462652262
15367,1,0.08164316896761087
15399,1,0.12496848447072689
15405,1,0.08973442080255212
15415,1,0.12827541006416104
15423,1,0.08398547125708217
15427,1,0.07670916746752182
15442,1,0.06633486402980748
15443,1,0.10100630514344655
15444,1,0.11719852204437181
1545,1,0.039506595976418646
15460,1,0.12616931571525136
15463,1,0.0745621174052648
15465,1,0.1328792935625125
15469,-1,-0.008809388095617487
15471,1,0.1292951629228134
15472,1,0.12452072239449574
15477,1,0.1298188817157388
15478,1,0.12855864902062403
1547,1,0.08386988016577074
15480,1,0.06018477126778976
15489,1,0.10461083046334796
15496,-1,-0.026921274388921335
15501,1,0.08400573550619062
1550,1,0.1039586281402306
15510,-1,-0.1233872277675736
15511,1,0.1236591726377349
15519,1,0.11545630608594465
15523,1,0.08472040549166066
1552,1,0.12471958404731753
15532,-1,-0.0438592609555023
15539,1,0.12458047106175696
1553,1,0.12844388995186484
15545,1,0.12082974480513115
15546,1,0.11032403304344834
15547,-1,-0.022214393798812182
15555,1,0.12156624671906152
15562,1,0.12806431510670002
15565,1,0.12279997562935902
15566,1,0.09295109517696515
1556,1,0.06329254836714365
15572,1,0.12615164588328992
15578,1,0.008469584231141969
15580,1,0.041639876531649134
15584,1,0.11036512603394144
15585,1,0.060417357118876414
15590,1,0.06643699766117145
15593,1,0.0941253284777041
15597,1,0.09025118979995661
15598,1,0.10774563445098234
155,1,0.12235302241065471
15606,1,0.10335210531281269
15610,1,0.12805561298741475
15614,1,0.09564337973153536
15621,1,0.09890900466378111
15629,1,0.032576520447108126
1562,1,0.11443871639976372
15632,1,0.10374773485406402
15651,1,0.10440391597460497
15657,1,0.1251710812695186
15663,1,0.07708118063783292
15664,1,0.1307858267311532
15669,1,0.12114741478359592
1566,1,0.06383427767876554
15671,1,0.1234777673484252
15675,1,0.10628024369696798
15687,1,0.039402585478180874
15690,1,0.08648690785213192
15699,1,0.02704361999599203
15701,1,0.13158463265861148
15703,1,0.10199630002504795
15708,1,0.10454592761010367
15728,1,0.11140930091333984
15729,1,0.1133806674589597
15731,1,0.07130705009711252
15734,1,0.12138353293948295
15741,1,0.12320871598262878
15749,1,0.014537800138057722
15751,1,0.0864323361134759
15752,1,0.12067273203530615
15760,1,0.0705194113452603
15762,1,0.056486367039512986
15763,1,0.1258137755541558
15771,1,0.07225147792034348
15772,1,0.12433168688791157
15778,1,0.01774346206281391
15779,-1,-0.034084843081625626
15784,1,0.07569267194220886
15792,1,0.12390452944404151
15797,1,0.12211332802400704
15799,1,0.11235761125140326
15801,1,0.0500704220707448
15808,1,0.09213747789588633
15809,1,0.020406254806635882
15815,1,0.12287894844315006
15817,1,0.016582038284398748
15826,1,0.10004561420565983
15839,-1,-0.11783918314066177
15847,1,0.10660506164860734
15853,1,0.1339864434653924
15871,1,0.06678291915031292
15873,1,0.10010712249075393
15883,1,0.09588106436097099
15898,1,0.07568507224630466
15899,1,0.0767046020286804
15904,1,0.08679389464204429
15908,1,0.11830366134575543
15912,1,0.06627993484055561
15913,1,0.06544972413067657
15930,1,0.08666872077989779
15932,1,0.12259594940374036
15939,1,0.12075608641598456
15945,-1,-0.06755856804876903
15947,-1,-0.041235215417931514
15953,1,0.07508316108655289
15966,-1,-0.1278001051247618
15969,1,0.06160205786168238
15970,1,0.05339444809100774
15987,1,0.12321642379971404
15990,1,0.016229632361362656
1600,1,0.0223223602094893
16026,-1,-0.028569275683562823
16030,1,0.04921348483445792
16032,1,0.12733276538747829
16039,1,0.055541759510130684
16040,1,0.03234528383799895
1604,1,0.08588204784736725
16068,-1,-0.005919592907368876
16075,1,0.11287180594324492
16079,1,0.12137670043118215
1607,1,0.11577675331637777
16094,1,0.1166584825860923
1609,1,0.02599683260808522
160,1,0.11504423939827713
16101,1,0.12541225721043253
16103,1,0.06628708928073834
1610,1,0.11269380617538294
16110,1,0.12765475621464611
16111,1,0.019814311230066273
16114,1,0.10675606615841049
16116,1,0.10267504826764096
1611,1,0.06543932724433216
16120,1,0.12752344808638744
16125,1,0.12831671554701723
16126,1,0.1034465620272314
16127,1,0.04079396869538082
1612,-1,-0.021361872876629606
16130,1,0.13291379628187017
16151,1,0.10843986731527866
16152,1,0.057034238592083175
16154,1,0.08020154459481349
16160,1,0.12448040998286836
16161,1,0.05396262663552659
16162,1,0.023268364093925076
16167,1,0.10006693150735113
1616,-1,-0.03401535077370765
16175,1,0.12346284206015412
16176,1,0.1106041865294527
16177,1,0.1048460435309212
1617,1,0.10998126617062481
16185,1,0.0930167272584867
16191,1,0.12661945262861934
16198,1,0.05754281107668874
16201,1,0.12641707503490018
16216,1,0.12357941353942137
16221,1,0.11072023709322382
16222,1,0.042702401214385954
16228,-1,-0.008750193703372822
1622,1,0.05691194734926325
16231,1,0.11100424235155693
16243,-1,-0.03466578374517082
16246,1,0.07071762073917714
16247,1,0.043139626748488424
16250,1,0.07173829822437405
16265,1,0.1087865163300345
16275,1,0.0024299128091290756
16276,1,0.12647514267402382
16281,1,0.11108870218534933
16282,1,0.06162174537584908
16283,1,0.13034267836362096
16288,1,0.11373616433504774
16307,1,0.07879352555058483
16318,1,0.004718864488213126
16330,1,0.04594963953659109
16332,1,0.1191486250555624
16333,1,0.12605498793118358
16334,1,0.009412478431049809
16339,1,0.12782084635097762
16344,1,0.11019624883986107
16369,1,0.12933924297258043
16370,1,0.1144347177807929
16386,1,0.06554459955138464
16389,1,0.12119280659854137
16394,1,0.014260543965879335
16396,1,0.0631247183633315
1639,1,0.08010916205094204
16402,1,0.13088363020537563
16410,1,0.10806286874686699
16413,1,0.05591876161704573
16416,1,0.07692311677817865
16417,-1,-0.12080966668452753
16418,1,0.10776217207180183
16436,1,0.11961793237803436
16440,1,0.0466345256767019
16448,1,0.09796193876928305
16450,1,0.13165791498596202
16453,1,0.12885366556728078
16464,1,0.0539565862595518
16470,1,0.12122175480770858
16473,1,0.11346353070329501
16477,1,0.10233243647807616
16501,1,0.08623829454455362
16516,1,0.04655802929102837
16539,1,0.12723149567301917
16546,1,0.12651058005983123
16547,1,0.11543477469312535
1654,1,0.11442941096501574
16553,1,0.11790115433154053
1655,1,0.12821829811367796
16561,1,0.09679252951358591
16571,-1,-0.08595126539516418
16581,-1,-0.011556068869581049
16584,1,0.07186733395181344
16585,-1,-0.13214629756708196
16595,1,0.09178803392791912
16600,1,0.10187611385215656
16601,-1,-0.005769229518090446
16603,1,0.12508170180622313
16604,1,0.0740193820871397
16609,1,0.0012185073867121976
1660,1,0.02972695120746155
16612,-1,-0.011196155285028597
16620,1,0.12093618748155022
16629,1,0.12672239803240798
16635,-1,-0.10734467150576188
16636,1,0.0294215801653544
16643,1,0.04828227733549084
16652,-1,-0.12048501786344579
16656,1,0.12571093096447078
16659,1,0.12473752086699941
16664,1,0.11719421564785609
16666,1,0.1318552665893269
16667,1,0.050504420557083485
16689,1,0.04023246376499939
16695,1,0.12103888024135845
16704,1,0.10605840956061235
16707,1,0.05426066765022519
16720,-1,-0.000921908741378985
16723,1,0.12147746097706819
16733,1,0.08173835003925695
16752,-1,-0.08918869556956222
16753,1,0.06151637713150693
16757,1,0.11176831220134914
1675,1,0.08961678731875855
16780,1,0.08090042604580872
16788,1,0.0541094029803611
1678,1,0.07544329590488985
16795,1,0.06428038473691383
16810,1,0.06646627881965367
16817,1,0.05856965067744746
16820,1,0.12567669487513372
16825,-1,-0.08864108609415078
16835,1,0.1235481620754626
16840,1,0.12766151385457075
16849,1,0.08102065802754299
16852,1,0.10406452158485635
16854,1,0.11442941096501574
16858,1,0.09397900805015652
16863,1,0.0798566253862929
16866,1,0.08018209323955239
16868,1,0.09518963050495838
1686,1,0.12336947107259238
1687,1,0.11855316975289854
16889,-1,-0.14403671588206024
16891,1,0.09780890763120009
16895,1,0.023026056412500773
16897,1,0.043491833666453594
16900,-1,-0.059902734679041725
16906,1,0.03906443929947512
16908,1,0.1259913411491022
16916,1,0.0832146721402881
1693,1,0.11322786070483126
16941,1,0.06773128016439034
16953,1,0.05716520615595788
16959,1,0.0007037518480080829
16968,1,0.11211706821253037
1696,1,0.0450023686127875
16970,1,0.04735805700424639
16971,1,0.13103515074963268
16976,1,0.1322109758518582
16980,1,0.1195916889408723
16982,1,0.1311286188423607
169,1,0.10108441880249402
17009,1,0.061691888005313056
1700,1,0.10497508977692033
17011,1,0.03818775081045678
17040,1,0.07452985261239503
1705,1,0.12213491812619498
17062,1,0.013330627832888353
17068,1,0.09792871919526236
17073,1,0.11853638543058559
17077,1,0.12102065043476484
17094,1,0.09794942461102002
17096,1,0.10575812799906509
170,1,0.057343536234176706
17115,1,0.12760220379519915
1711,1,0.12698282302802727
17120,1,0.1169582707115393
17122,1,0.13244372930176035
17123,1,0.12289318995994508
1713,1,0.11339735440147158
17145,-1,-0.0320572029014039
17159,1,0.12766789041504034
1715,-1,-0.04873672657649286
17160,1,0.065142965475043
17162,1,0.10341076631740448
17169,1,0.12166746857645239
17174,1,0.09347784324808461
17180,1,0.10894889229107263
17190,-1,-0.011318608975860345
17193,1,0.055842911856105404
17205,1,0.04963491137951309
1720,1,0.06374842074456094
17211,1,0.111966459084747
17214,1,0.12605893633266735
17229,1,0.1265407482832186
17230,1,0.026872838329890514
17232,1,0.06758542413966256
17241,1,0.12278405097174433
17259,1,0.049147960573930394
17262,1,0.10741774016727573
17266,-1,-0.16876668411333362
17280,1,0.02758269998521823
17281,1,0.07683148144356544
17282,1,0.12574155409471505
172,1,0.038743809489330705
17308,1,0.13334011890871766
1730,1,0.11940448347644494
17317,-1,-0.05221813326920777
17320,1,0.046803523084457566
17323,1,0.12683438579462408
17327,1,0.11789169961476892
17348,1,0.12741363151217283
17350,1,0.1091972920021071
1735,1,0.1237650352946042
17369,1,0.09115553948384136
17374,1,0.12846922312124176
17375,1,0.09409597462822245
17388,1,0.053741049315732814
17393,1,0.13008844871386677
17399,1,0.12535702069658367
17403,1,0.061797681328406184
17410,1,0.1234408083313342
17411,1,0.12860024961933902
17431,1,0.03559293615651665
17437,1,0.07386686013004856
17438,-1,-0.0718988144140138
17441,1,0.09940496311758734
17446,-1,-0.19040103920458396
17450,1,0.12079718610791751
17451,1,0.07744714562034166
17453,1,0.1060390410059292
17470,-1,-0.006438094711316733
17477,1,0.1311768500812674
17491,1,0.10316613681352832
17509,1,0.13119616986471178
17513,1,0.12604746876137674
17514,1,0.11860405438837024
17534,-1,-0.06474134196850778
1753,1,0.07679299913518173
17543,1,0.035130462175696986
17551,1,0.008740685731442877
17563,1,0.0870316108388019
17569,1,0.009816916175235058
1756,1,0.05724931887606288
17572,1,0.07339682173544088
17580,1,0.13114899817057146
17587,-1,-0.031313110738780625
17588,1,0.03352991387446397
17589,-1,-0.013690872468518522
175,1,0.039406328540713687
17603,-1,-0.04982554033195674
17607,1,0.11937119389245449
17612,1,0.05612340874709726
17614,-1,-0.014907708604643854
17621,-1,-0.06376651370956576
17622,1,0.12733273632704012
17629,1,0.021749241000295516
17632,1,0.029493350828537268
17636,1,0.09942697889894775
17639,1,0.11700909540615667
17643,1,0.0958232285860699
17650,1,0.12415222471893717
17658,1,0.11022812867212706
17661,1,0.07085060726085968
17671,1,0.1144005201647686
17672,1,0.10812875796652016
17676,1,0.11898903171369385
17685,1,0.013852218360743851
1768,1,0.0881925531542398
17734,-1,-0.011696375259180103
17735,1,0.12653551383612038
17736,1,0.058567633246239426
17739,-1,-0.13592020100910496
17741,1,0.12833823101218222
17743,1,0.04279838021868171
17749,1,0.06259946687595197
17751,1,0.11344326305263902
17759,1,0.047551480492832476
17764,1,0.049231694917432234
17767,-1,-0.05602036141094313
17769,1,0.1231288964799519
17773,1,0.07198423422082101
17775,1,0.09467229214307177
17782,1,0.07070893164358455
1778,1,0.0536253512461895
17797,-1,-0.00119837126953648
17798,-1,-0.06152824441126137
1779,1,0.0890448099468214
17809,1,0.11263965870982612
1780,1,0.1088917002104815
17811,1,0.11446816543232202
17813,1,0.12011246846961565
1781,1,0.09314250718162953
17825,1,0.09788411038337813
17830,-1,-0.010465583385461441
17832,1,0.12271563388103579
17841,1,0.09512189980032348
17842,1,0.01665203787529601
17863,1,0.09150237017826013
1786,1,0.04314812995671374
17870,1,0.09811250960980589
17872,1,0.1243076489738229
17878,1,0.022243142327379284
17881,1,0.11956388094445786
17897,1,0.1072724073627262
178,1,0.018022837281410742
17903,1,0.07111034512547537
17906,1,0.12237901764777981
17910,1,0.09599775772035973
17913,1,0.11743113986051301
17922,1,0.11549695679670985
17927,1,0.117533798081087
17933,1,0.12518347598655222
17937,1,0.12130410904167499
17943,1,0.12050305021449897
17950,1,0.04413529459266441
17951,1,0.09753029822724113
17959,1,0.07612440326327641
17960,1,0.10929550417802597
17964,1,0.1261628813622489
17975,1,0.10571421846298634
17979,1,0.13396247876401485
17982,1,0.12105011362433316
17985,-1,-0.1417152907213428
17993,1,0.10103435346072565
17995,1,0.12278773657763498
18012,1,0.11151720793904052
18013,1,0.1001414650072453
18019,1,0.06793166836793463
18028,1,0.10380270728736368
18030,1,0.10704216910608083
18033,1,0.03274976262740997
18038,1,0.09787899029638547
18059,1,0.04997273129410501
18063,1,0.10937094417440518
18071,-1,-0.046877565064884275
1808,1,0.08113170025544719
18094,-1,-0.01373283146421922
18100,1,0.10193506457997725
18101,1,0.12833890468982834
18109,1,0.12672191302294455
18118,1,0.10617882451933419
18120,1,0.009845080924545058
18129,1,0.10849563235524473
18136,1,0.0228625126533214
18143,1,0.09465220547426584
18145,-1,-0.05781653364792516
18155,1,0.12219778116318525
18164,-1,-0.057077004502113726
18165,1,0.11477269316512245
18171,1,0.11432145930777016
18185,1,0.1156721504338637
18190,1,0.10917964811972802
18194,1,0.09858055436363561
18198,1,0.12319426729052102
18199,1,0.11206568146224366
18200,1,0.1102445604929213
18204,1,0.04147448349509775
18213,1,0.10112054964471301
18216,1,0.0763995976677575
1821,1,0.058279593508719085
18229,1,0.09409231711809779
18237,1,0.06391792893922266
18238,1,0.08599812862211237
18258,1,0.12027096995622372
18266,-1,-0.07285500355607644
18272,1,0.1291706289666792
18284,1,0.004887371141853558
18296,1,0.12277507862652909
18297,1,0.11255086460481689
1829,-1,-0.0017438220728566156
18301,1,0.006838503402717966
18302,-1,-0.034784518147249144
1833,1,0.12513147880542563
18344,1,0.11059236525682054
18355,1,0.07381085846564223
18356,1,0.12456889980191421
18361,1,0.0140622513421646
18374,1,0.12563154440185065
18378,1,0.11755357864281163
18380,1,0.11647420357433952
18384,1,0.1148850872452083
18385,1,0.12907225872410033
18389,-1,-0.04774861026204413
18394,1,0.08272942455395932
1839,1,0.1213788725302829
183,1,0.11392541149763602
18400,1,0.13133345911029753
18402,1,0.061963615030852015
18408,1,0.04339824738729797
18409,1,0.060713019055642525
18429,1,0.12697688842494337
18431,1,0.06930005126583144
1843,1,0.11645872610990876
18443,1,0.12347311283871604
18448,1,0.00794620460234724
18454,1,0.08722785183850607
18463,1,0.08836993367325752
18474,1,0.097031222948321
1847,1,0.08592953938971287
18483,1,0.05692968382857316
18489,1,0.06116365887867953
1849,1,0.1301184617849308
18503,1,0.1188977702187079
18508,1,0.023279018047497935
18514,1,0.09118871932179218
18518,1,0.08130290329141138
18519,1,0.10209018418325105
1852,1,0.1224935826636393
18561,1,0.07063561702259097
18564,1,0.12142364453399035
18566,1,0.03530014201820736
18569,1,0.07690978659173009
18576,1,0.10476308695398845
1857,1,0.12745084103331666
18584,1,0.12920375279563373
18592,1,0.005950986387505408
18609,1,0.11694100633834553
1860,1,0.045142586405161444
18610,1,0.09708279852924495
18618,1,0.12351729340269452
18620,1,0.075650064289975
1865,1,0.11607586028110978
18660,-1,-0.012113060073012272
18677,1,0.124035218066192
1867,1,0.08772330470608075
1868,1,0.1288117110478021
18698,1,0.10119785224703803
1869,1,0.1264672695886322
18710,-1,-0.07861495512019501
18714,1,0.09796240219735991
18719,-1,-0.14082369634076963
18724,1,0.1196337179434403
18740,1,0.12573303843058126
18748,1,0.1150221723582493
1874,1,0.07521403023273654
18761,1,0.1261350283639146
18780,1,0.10618510336789877
18820,1,0.08103164936642515
18841,1,0.09542273639157511
18856,1,0.10985853486763053
18858,1,0.13351156848168488
18879,-1,-0.008044903844969808
18880,1,0.07219305578742291
18885,1,0.1320202610980547
18892,1,0.12364862496394308
18895,1,0.011360881345101603
18922,1,0.13349474793479327
18930,1,0.12637316983263136
18937,1,0.0970777121468342
18942,-1,-0.01618307117292883
1895,1,0.11645366805459823
18983,1,0.10596296895363061
19001,1,0.12096175849568941
19008,1,0.07741533991955546
19011,1,0.0037301972924173588
19024,1,0.11440316806506723
1903,1,0.1268845859690677
1905,1,0.12240815656609516
19070,1,0.11080803837231518
19080,1,0.07003922027847076
19087,1,0.12185976380637709
1908,1,0.10661138089870814
19101,1,0.10025234801329885
19105,1,0.1149118651644252
1913,1,0.06940565086508127
19143,1,0.005551916993350947
19163,1,0.12035064893464714
19184,1,0.12080192990789967
19212,1,0.09748771009206103
19213,1,0.11753959930359814
19215,-1,-0.13930756964643343
19220,1,0.1103888373699567
19222,1,0.08514834825375839
19230,1,0.11747588133797648
19234,-1,-0.08221161107921604
19254,1,0.029443133885367845
19274,1,0.06459056964693066
19278,1,0.07373595824683588
19285,1,0.12732373974941025
19288,1,0.04083778314795816
1929,-1,-0.014785820424002227
19300,1,0.11482039884296419
1931,1,0.0943948814884753
19333,1,0.09773118993056357
1933,-1,-0.0560523874189488
19349,1,0.09287774470664573
19351,1,0.11752200548760317
19354,-1,-0.023309270107570557
19358,1,0.11313550655807447
1936,1,0.1279705496245661
19371,1,0.12428132307956435
1937,1,0.09622192321633433
19381,1,0.09619006783864403
19396,1,0.1209563683279225
19401,1,0.09504602419890334
19416,1,0.0993298587916055
1941,1,0.12710472265649841
19420,1,0.07405669012584193
19434,1,0.12851236333210447
19440,1,0.09882357108635875
19448,1,0.12826204081748693
19459,1,0.12108751885118407
1945,1,0.12822366409521974
1946,1,0.0919282459160694
19482,1,0.0949223077003396
19502,1,0.11694106249625086
19506,1,0.02867019917698338
19512,1,0.12446317421641812
19525,1,0.05445659780965684
19531,1,0.12040935899504973
19532,1,0.08881349501721553
19540,1,0.1231733299327783
19544,1,0.10905682223422036
19559,1,0.11329259615527498
1956,1,0.06939837771651253
19573,1,0.12750050629036103
19581,1,0.05511698895371847
19589,1,0.12097505065123781
19590,1,0.00142719939402286
19595,1,0.1287666412466994
19600,-1,-0.022349001574781036
19603,1,0.12681910211909087
19608,1,0.10346121083928583
19629,1,0.0118628724433682
19638,-1,-0.058092342969747635
19644,1,0.10707891245765311
1964,1,0.12372413256242915
19674,1,0.12910083500682468
19679,1,0.09314170037852976
19680,-1,-0.029674222312502496
19681,1,0.12236768174243295
19687,1,0.09568632789744069
19689,1,0.05192651528304443
19690,1,0.05729104366957727
19700,1,0.07733814379944481
19716,1,0.1164098852263073
19720,1,0.02267365069102295
1972,1,0.07473062713643869
19742,1,0.13305237501299833
19755,1,0.0702981512942496
19772,1,0.06327149114422753
19788,1,0.11281174412955153
1978,1,0.1018606394639881
19795,1,0.0685633319678487
19796,1,0.07046061909387391
197,1,0.11944592864813641
19800,1,0.1253576713955719
19809,1,0.06338446665295738
1980,1,0.1261328615708846
19819,1,0.11970000382305668
19827,1,0.08092465728514459
1982,1,0.024212737234987236
19836,1,0.04207590379513709
1983,1,0.11571769960304829
19850,1,0.12168357914415207
1986,-1,-0.09968573712962092
19899,1,0.023397084494795384
19904,1,0.11666105464011256
1992,1,0.11907199290242321
1993,1,0.09401458157670495
19977,1,0.09417855833012345
19978,1,0.12371835180306057
20026,1,0.054601845460080733
20099,1,0.05228477980756019
20100,1,0.10211047699409581
20130,1,0.05947571031389065
20156,1,0.12846328681657404
20161,1,0.10407172614679999
20162,1,0.0965350250774859
20164,1,0.0832351398690766
20179,1,0.11148378319946162
20198,1,0.05524465469433998
20215,1,0.13301334070197718
20231,1,0.1202343290326186
20234,1,0.075390093841949
20239,1,0.12701000303194648
20241,1,0.12158924719730152
20268,-1,-0.12862638079113686
20279,1,0.09507189984211928
20296,1,0.1313559087586988
20311,1,0.12322378389044136
20353,1,0.03599274609441955
20369,1,0.11199292075080791
2036,1,0.031170314506717867
20387,1,0.11920337097020867
20429,1,0.0951728344026826
20454,1,0.12547043772613892
20468,1,0.12273745965267818
20479,1,0.020776494179295835
20484,1,0.10028801181889802
20488,1,0.11710761789968277
20537,1,0.04981346287485533
20568,1,0.11322782738216502
2057,1,0.09165334177700207
20657,1,0.09330697874885552
2068,-1,-0.06660751869791615
20698,1,0.10868916066039486
20720,1,0.1095165333088759
20727,1,0.10560755254330445
20741,1,0.12640676901855646
20776,-1,-0.026522920910782122
20818,1,0.12217126807711393
20845,1,0.07147529260650992
20856,1,0.12427109136353914
20872,-1,-0.12530358860021873
20884,-1,-0.029904596465290978
2093,1,0.10796542547296917
20954,1,0.11879138230911979
20989,1,0.1143127423466842
20993,1,0.12026277964410048
2102,1,0.11998031436783169
21031,1,0.12978137925085753
21050,1,0.0734373907421616
21074,1,0.12675018464555415
2107,1,0.1292660736176272
21083,1,0.12644207093677956
210,1,0.10708956620831322
21121,1,0.08361055282934948
21161,1,0.12037114699525137
21219,1,0.07390851347101973
21227,1,0.09797742485807509
21247,1,0.12059102950658512
21255,-1,-0.149975038293775
21265,1,0.10961500804601709
21284,1,0.10527907201867165
21292,1,0.09142642900615999
21329,1,0.04235262375433507
21342,1,0.09784700661527956
21379,1,0.0846686118042943
2138,1,0.1301353953416109
21448,-1,-0.012043164374685777
21455,-1,-0.13143235383330387
2145,-1,-0.09730900254284791
21486,1,0.07441760315915413
214,1,0.11679132835194811
21525,1,0.12584180989404076
21526,-1,-0.02466322886630623
21529,1,0.12307067324013171
2154,-1,-0.03640141080281134
21557,1,0.09360114151964288
21567,1,0.07200876319128219
21573,1,0.13019436952632307
2157,1,0.008318019338127258
21591,1,0.08019384281235609
21606,1,0.12316636847844009
2160,-1,-0.0150655272915724
21635,1,0.12395763925342379
21692,1,0.06636720271054586
21693,1,0.11717979337194745
21714,1,0.12837933747853175
21716,1,0.12878579974455684
21721,1,0.12130207244125046
21728,1,0.08478603255320505
21752,1,0.06956706609951124
21784,1,0.09994885701742556
21805,1,0.08718744468439121
21807,1,0.09589519730715151
21843,-1,-0.012157270600381853
21848,1,0.05760114274348643
21874,1,0.13056218134678715
21883,1,0.12220988542303446
21897,1,0.09322291673779154
21906,1,0.08427353837803353
21928,1,0.11853519984578864
21943,1,0.12252318760675823
21955,1,0.10421894380621272
21956,1,0.1341402780403158
21978,1,0.12964996371244542
21988,-1,-0.0034746713506963456
21998,1,0.06876444611555993
22015,1,0.12613007002790916
22020,1,0.026220109212610143
22046,1,0.03536632933186279
2205,1,0.06528826918538694
22065,1,0.12431572838759208
22086,1,0.12705119679323162
2208,1,0.0925125867189549
22090,1,0.08747525281168039
22092,1,0.05981932231353576
22134,1,0.1297797753673675
22138,1,0.1281682725007261
22139,1,0.12525344338358718
22180,1,0.09008598341882496
22205,1,0.10043096123279743
22229,1,0.0720589915615622
22242,1,0.033443884341377794
2224,1,0.107481433180101
22257,1,0.11754314766680757
22263,1,0.1265148105625296
22271,1,0.014683457829259006
22273,1,0.021626545251317797
22282,1,0.1164657284107724
2228,1,0.11817201215107032
2229,1,0.10959685303858058
22308,1,0.10838177137165333
22319,1,0.11955487674681753
2232,1,0.12805170087185563
22334,1,0.12127192252552604
22340,1,0.0473830114659895
22354,1,0.12841226758213725
22355,1,0.03220573067648752
22358,1,0.10560530391140549
22366,1,0.08797890088301202
22373,-1,-0.0725503256071407
22381,1,0.12716121932454177
22394,1,0.011397703529956948
22396,1,0.12685772420704206
2240,1,0.07814886561589207
2241,1,0.09476833222280151
22430,-1,-0.016810373777035426
22434,1,0.1039751626735817
22447,1,0.07697884787698922
22448,1,0.1290076362169567
2244,1,0.08124000981015006
22451,1,0.12166687588730568
22460,1,0.12346616564870172
2249,1,0.13239613942269318
22502,1,0.0800280393803241
22514,-1,-0.10557383178536162
22526,1,0.05664528975418076
22536,-1,-0.13282096557105694
22537,1,0.09023390871782455
22549,-1,-0.09453293888796688
22559,1,0.08826140037747982
22567,1,0.13126921486797433
22578,1,0.07856530275658541
22597,1,0.12672755088331095
22598,1,0.0631837021665736
22600,-1,-0.23715832202131548
22601,-1,-0.07793861482414222
22636,1,0.11652407779363017
22639,1,0.1226255655821597
22653,1,0.002886961910432695
22657,1,0.13431259734569245
22669,1,0.12402851800080389
226,1,0.10067650405148504
2270,1,0.0726912287780489
22717,1,0.12801078342961164
22739,1,0.10033355946707839
2273,1,0.11215064122256119
22756,1,0.0568950331736926
22811,1,0.11807777167054473
22835,1,0.11850828803231467
22839,-1,-0.06832211769934848
2284,1,0.10402059620650961
22855,1,0.04836255431265246
22858,1,0.13348101156029668
2285,1,0.05700523429033688
22867,1,0.10213365186252527
2286,1,0.10070581430553471
22874,1,0.13236347633230716
22876,1,0.12434276054454435
22888,1,0.062161959363082
22895,1,0.09775182714969155
228,1,0.06466666456515752
2290,-1,-0.0884246328492645
22918,1,0.12187262040186725
22925,1,0.09272150217077602
22942,1,0.07109192235344058
22953,1,0.07454090339768149
22954,1,0.025119351581438576
22957,1,0.10734404880794307
22964,1,0.1204774890770125
22971,1,0.10550970810069976
22993,-1,-0.007918113248188141
23007,1,0.12594869652030494
2300,1,0.05962824701141589
2301,1,0.10752716501998272
23030,1,0.1279266079948475
23041,1,0.12441502244381397
23086,-1,-0.1240119608847432
23091,1,0.13245003382028359
23099,1,0.053692471403834874
230,1,0.12059757359238177
23123,1,0.08322286752157565
23126,1,0.08037202746966676
23144,1,0.05815057009282315
23152,1,0.10508070575878203
2315,1,0.12907076779811266
2317,1,0.12255908069834226
23189,1,0.12655016147701115
231,1,0.11774715050635703
2320,-1,-0.007879005273155437
23210,1,0.10719956615952203
23220,1,0.05700725541892143
23257,1,0.10020794348095224
2326,1,0.11169933533096987
23270,1,0.12757888058341404
23275,1,0.12406751591714504
2327,1,0.12694444323677634
23286,1,0.02841766156557962
23287,1,0.10327654574036488
2328,1,0.12749313615734864
23293,1,0.10586732366297813
23296,1,0.0793662422956935
23298,1,0.10178826927930185
232,-1,-0.1339942641085775
23373,1,0.09215711633399443
23376,1,0.11195936068844714
23404,1,0.03957273055014404
23430,1,0.08496174487062064
23473,1,0.12625176234454794
23474,1,0.0980572001736481
23498,-1,-0.07341391811497133
234,-1,-0.08666169066768903
23523,1,0.12741896456191038
23546,1,0.033061673980176565
23551,1,0.0808630539293555
23597,1,0.12467902940593184
2359,1,0.04651768992222066
235,1,0.12295413030908181
23620,1,0.10149499622059749
23622,1,0.09101461141195105
23623,1,0.05811676961350554
23627,-1,-0.11077531074094693
23647,1,0.07965903227787358
23737,1,0.129623767130003
23749,1,0.07079122613232813
23764,1,0.009372749546345482
23772,1,0.1272701458012644
23798,1,0.08131064751563455
23799,1,0.12739617714962137
2379,-1,-0.00668531742702505
23805,1,0.06906580880932012
23806,1,0.10326352833067248
2380,1,0.06303051459424908
23815,-1,-0.015649537244623035
23826,-1,-0.15054123898583782
23864,-1,-0.07301051406513626
23886,1,0.12851978104458517
2391,1,0.11295111945436348
23966,1,0.08861858080725094
23986,-1,-0.04444726615479999
23989,1,0.03210263126824986
23992,1,0.07933197009927406
23998,1,0.07905191628693847
24015,1,0.06599712604883146
24045,1,0.09211451998230519
24064,1,0.10002660755206727
24085,1,0.11486331269845435
24156,1,0.1257807162777161
24170,1,0.13101137925520756
24199,1,0.0030551350593492343
24211,1,0.04354624752483466
24303,-1,-0.09613725032996412
24305,1,0.1207451048569737
24347,1,0.12490180636463483
24353,1,0.08103023580835728
24367,1,0.12705116992929488
24387,-1,-0.08916295242185845
2443,1,0.11321246487362663
24443,1,0.07996946555891915
2444,1,0.09598771873333878
24472,1,0.123479591277252
2448,1,0.10280790186718447
24498,1,0.12618409757079851
24516,1,0.0653876068605046
2452,1,0.10752630906279165
2453,1,0.10635255313661068
24540,1,0.06271805168006672
2455,1,0.10595724298179521
24563,1,0.08613558304310337
245,1,0.10426810713178081
24603,1,0.12826385948110613
24677,-1,-0.09799736272327586
2467,1,0.033977326806882036
2468,1,0.13000569279749036
2469,1,0.12037464331792563
2477,1,0.11735493108959599
24823,1,0.10238504047371533
24829,1,0.07625673026785473
2482,1,0.08937716789107741
24865,1,0.02806335638378421
24867,-1,-0.04427903303521674
24897,1,0.019633561199481897
248,1,0.1259236777540817
24902,1,0.05839951886296574
24919,1,0.11659116348458448
24920,1,0.10267538088169764
24922,1,0.12930234251995987
24961,1,0.11495854970613711
24966,1,0.0808728234377245
2496,1,0.07883707050366229
24998,1,0.12811569621011454
25093,1,0.019164901940725287
25103,1,0.12273377445436584
25158,1,0.0786994132305025
25161,1,0.02897746849175742
25173,1,0.11144189940988819
25178,-1,-0.02954982148678187
251,1,0.12173251002245655
25247,1,0.0720859151749284
25249,1,0.12495005973011869
25258,1,0.0341719162984212
25267,1,0.08313191977077755
25291,1,0.12487131661723522
252,1,0.047052793836161455
25328,1,0.11665844714168394
253,-1,-0.0063856850533383636
254,1,0.09758870906769607
25591,1,0.013832561510282393
25621,1,0.1261319360492984
25644,1,0.12888928774200797
25665,1,0.10609031431176369
25679,1,0.01746206582114429
25703,-1,-0.02349548890972064
25738,1,0.1177083355802564
25744,-1,-0.17108084550668512
25749,-1,-0.052475699253598185
25750,-1,-0.00035309612631539977
25752,1,0.09009122783555001
25795,1,0.1267707976918359
25803,-1,-0.07966385082755734
25849,1,0.10493919124324064
25858,1,0.10534790441862274
25869,1,0.12188570608513044
25883,1,0.017492497392334105
25886,1,0.11811878273746906
258,1,0.1298739939465297
26021,1,0.03207376631169295
2608,1,0.06603412548594734
2616,1,0.007141854068886011
26181,1,0.07059128800565179
26185,1,0.11472655207113513
26189,-1,-0.02886686745520306
26217,1,0.1235780132721146
26223,1,0.07148478790415863
26228,-1,-0.06272191632796109
26260,-1,-0.011266416641620092
26271,1,0.10387138063306739
26299,1,0.12902480298017566
262,1,0.01138028092984067
26312,1,0.0484098128265219
26323,1,0.13040205091576557
26333,1,0.10557377481713331
26336,1,0.047458021547923834
26340,1,0.09432232022465914
26342,1,0.12847663874994186
26351,1,0.06594370515865078
26358,1,0.06735011730548196
26363,1,0.08884076345507552
26379,1,0.12466965044680772
26381,1,0.10885640953643577
26393,1,0.07536964902818366
26395,-1,-0.17035406570477118
26397,1,0.10707977158331466
26411,1,0.0794100615235459
26416,1,0.0777247120033216
26442,1,0.1230887084308141
26444,1,0.04004809817527705
26450,1,0.06851310758970419
26451,-1,-0.008585610837374857
26455,1,0.056248224875187214
26483,1,0.12988986913301548
26484,1,0.12930530982165583
26487,1,0.054862591623783985
26499,1,0.0979640944981287
26512,1,0.07923189378653611
26513,1,0.10461191937360048
26517,1,0.06337760035506879
26519,1,0.04028734156484215
26520,-1,-0.024157337076597618
26522,-1,-0.02877845215750452
26523,1,0.13602271821292877
26530,-1,-0.014650564105578634
26536,-1,-0.0783601007719682
26539,1,0.09539855130808145
26542,1,0.041439232338795984
26543,1,0.12419162191137945
26554,1,0.014477751369495195
26555,1,0.11011199215746065
26559,1,0.0945274164049224
26564,1,0.048322150868098324
26567,-1,-0.09246306315045727
26576,-1,-0.0036547060655075514
26588,1,0.0872537624547165
26591,1,0.06792132452453509
26602,1,0.08190202202428165
26610,1,0.08364095453632653
26626,1,0.014316488327220767
26627,1,0.09064504501015536
26634,1,0.11570399037498713
26653,1,0.07204130691612048
26658,1,0.028835601916831488
26677,1,0.11846253074207275
26687,1,0.05763678361442115
26703,1,0.12996660417524747
26704,1,0.07609523787874506
26708,1,0.1234714843792275
26725,1,0.13144074673137457
26738,1,0.10834195165179955
26755,1,0.07773869922095289
26760,1,0.11650108012073823
26790,1,0.0634991613497699
26798,1,0.09517899034374222
26799,-1,-0.17886348423273246
267,1,0.06700991807966838
26829,1,0.1320129673842535
2682,1,0.11906928779485071
26847,1,0.08976706646607496
26856,1,0.1186965032506549
26871,1,0.08787551866341359
26876,-1,-0.007286922973134158
26881,1,0.01648151466010661
26891,1,0.10284510235660754
26906,1,0.11232418957132784
26912,1,0.10866017239388387
2691,1,0.12703602386339607
26922,1,0.09540244047573693
26941,1,0.05561284776127806
26944,1,0.1323306415953665
2695,1,0.08191302600683564
26962,1,0.11663801248766104
2700,1,0.11087988046121244
27010,1,0.09898569723899908
27015,1,0.06638548738378919
27026,1,0.06764473759463124
27043,1,0.07586907864383607
27046,1,0.1101728155384869
27052,1,0.10700481390789329
27054,1,0.06030609276292076
27074,-1,-0.05514864866375235
2708,1,0.053864662592828294
27118,1,0.10685002194800519
2711,1,0.11763750376029425
27132,1,0.12259412040604006
27153,1,0.01872714475131193
2718,1,0.11493497941533393
27201,1,0.07605212560730307
2720,1,0.12141318727543715
27210,1,0.05161905868324418
27211,1,0.03291303115201971
27219,1,0.09322111629698498
27233,1,0.11817708716753805
27235,1,0.12600068959976063
27237,1,0.08895811305927903
27238,1,0.026119397406294376
2723,1,0.07992363534344504
27254,1,0.12008269179038383
2725,1,0.10842161578478426
27267,1,0.035949520551682934
27269,1,0.09265685616113012
2733,1,0.0742972873108323
27351,-1,-0.06928150993929916
2735,1,0.09515350357811281
27362,1,0.12934147152085423
27381,1,0.11971265851410029
27385,-1,-0.03985810360263187
27389,-1,-0.06809030752081913
2738,1,0.12492558553927047
27394,-1,-0.13084417086937605
27398,1,0.12658263596509417
27409,1,0.08593813206207884
2740,1,0.1264065447295447
27417,1,0.0429743244760154
27496,1,0.12814123079435574
27503,-1,-0.061556696648079834
2750,1,0.07322868146663997
27510,1,0.10133050487223111
2753,1,0.1111417466158584
2754,1,0.12420875113013169
27556,-1,-0.0015648478389406195
27560,1,0.051462183671729
27589,1,0.12227749998956339
2759,1,0.11781552011154722
275,1,0.08819152100765681
27619,-1,-0.042217947176452664
27643,1,0.08916270128472109
27654,1,0.11819007275899507
2765,1,0.12374992260321377
27678,1,0.12068671987391177
2767,1,0.1256524756048808
27683,-1,-0.0753161831006246
27686,-1,-0.013575902933300799
27697,-1,-0.018439788997884232
27711,1,0.06529205793861315
27723,1,0.11894935455765904
27727,1,0.11771047119345052
27742,1,0.10706217564174159
27752,-1,-0.022322426720418953
27760,1,0.006797163401781214
27763,1,0.11581311792953064
27767,1,0.07402305576319024
27774,1,0.11408020496150262
2777,1,0.11971721192205181
2779,1,0.12740765483664557
27806,1,0.12518163425160872
27811,1,0.12328692108380862
27824,1,0.027465957175370648
27841,-1,-0.11313283531382978
27847,-1,-0.02399447167346125
2784,-1,-0.0028868015620776566
27872,1,0.047589829339641954
2787,1,0.08050842650152895
27897,1,0.031153236099598747
27898,1,0.08281149148976741
27910,-1,-0.005081942119004923
27943,1,0.044409456450421714
2794,-1,-0.08970936213452274
27965,1,0.07076608874398327
27969,1,0.09035983482503257
27981,1,0.02233294670507535
27989,1,0.0932028461276152
27998,1,0.10979048725525159
28035,1,0.04361220427195006
2804,1,0.1132874252984356
2805,1,0.11718570855472882
28060,1,0.0806914459924038
28063,1,0.059286225084474176
28080,1,0.05993385546675278
28088,1,0.09354253003774565
28094,1,0.1061097745500385
28103,-1,-0.1306988581293379
28105,1,0.09804015424833468
28116,-1,-0.12344283250624266
28155,1,0.09663554458883472
28157,1,0.09095653069033416
28178,1,0.09269945564317034
28186,1,0.12031324537644722
281,1,0.11815019538419147
28208,1,0.032130376426356466
28213,1,0.10554336696491257
28217,1,0.013644421992506484
28222,-1,-0.014904300223257283
28246,1,0.07519427973408777
28263,1,0.10970851917971297
28277,1,0.10219630926687462
28288,1,0.08508781874110932
2828,1,0.08193802751233265
2829,1,0.12447689912251558
28302,1,0.021650184586676058
28314,1,0.02999777308984658
28315,1,0.07541142046115978
28316,-1,-0.01516702315521834
2832,1,0.12701676490808872
28332,1,0.12581299996516665
28348,1,0.0034419856295565543
28349,1,0.04437312494487167
28359,1,0.07725262256174803
28362,1,0.09121909412561335
28368,1,0.11962254117388477
28369,1,0.1271649415030881
28380,1,0.06817096680019658
2838,1,0.10008983852980358
28396,1,0.11824758238114502
28400,1,0.12622992287232343
28401,-1,-0.0024001996920878232
28405,1,0.09945790127197024
28425,1,0.09992854777300286
28445,-1,-0.03712890844052941
28453,1,0.12785720386350335
28463,1,0.07732209443545002
28471,1,0.043466573424461474
28481,-1,-0.00415953989408735
28489,1,0.13018940506699078
284,1,0.1037557269547631
28507,1,0.09496504926878724
2850,1,0.07316154100326122
28513,1,0.056017282767237664
28515,1,0.09833278663688877
28530,1,0.10672444491052291
28543,1,0.12472789619573854
28555,1,0.035933169578732715
28585,1,0.07148152271240149
28593,1,0.01929500153091207
28599,1,0.07674426798761302
28614,1,0.10493881563054319
28635,1,0.02604473624673137
28637,1,0.03403359508272363
28652,-1,-0.028904788651697766
28663,1,0.04489940181028074
28667,1,0.08736258556308224
28677,1,0.07399905413628921
28679,1,0.1083942460729525
28701,1,0.06722556678304153
28703,1,0.04067986603243412
28706,1,0.05658044277930402
28710,1,0.08254670426499361
28729,1,0.045692238964455234
28735,1,0.13029758457001
28747,1,0.031190283516905393
28765,-1,-0.019259391683798976
28769,-1,-0.037912508886458696
28778,1,0.08118058599283051
28780,1,0.05008750494266262
28788,1,0.1070886053831942
28790,1,0.04706934634086363
28793,1,0.13267278696593865
287,1,0.12306366136181268
28805,1,0.129855883771555
28808,1,0.11020904330715847
28812,1,0.1219035491280927
28818,1,0.06952990316608254
28834,1,0.04274603952080802
28836,1,0.061481338735011604
28837,1,0.12358207532172094
28841,1,0.003906788571788333
28845,1,0.12373011041551424
28859,-1,-0.13513703528053855
28860,1,0.004142252130256707
28865,1,0.07244339636876479
28868,1,0.12565003753020282
28870,1,0.11719681306010143
28894,1,0.12439919829816598
288,1,0.11776167421309552
28905,1,0.04233521655305705
28908,1,0.06301283055887419
28914,1,0.11915586070639267
28924,1,0.09252184999536073
28925,1,0.11793879090808335
28930,1,0.12723015831661194
28942,1,0.10274225143338073
28949,1,0.05359217817593409
28983,1,0.053039479317408544
28989,-1,-0.018414482177375957
289,-1,-0.01310727746857332
29005,-1,-0.0369806189885874
29009,-1,-0.08585386101680126
29011,1,0.1027288154187993
29012,1,0.1271022401362073
29024,1,0.060197495292799275
29035,1,0.05627263648041797
29047,1,0.06720033818545135
29056,1,0.100093134666567
29059,1,0.0719275140740317
29061,-1,-0.017850682401335694
29066,1,0.09910024488237362
29087,1,0.07542239644156723
29089,1,0.10537648880898137
29090,1,0.08080936285495766
29093,1,0.09116825043656246
29120,1,0.10345064329705261
29121,1,0.12417650066128283
29135,1,0.05704885777107738
29140,1,0.11595114296783454
29143,1,0.030750963184463798
29147,1,0.010097377100142024
29164,1,0.08461709691595493
29170,1,0.05541699980817916
29173,-1,-0.03748425832951796
29177,1,0.10459192169431819
29186,1,0.04412112742037638
29188,1,0.009297331263480091
291,-1,-0.11872953206871217
29206,1,0.12743530865567548
29208,1,0.10862806584563589
29209,1,0.014529112316219284
29227,1,0.06744079168672384
29231,1,0.08184507345109293
29238,-1,-0.15922319038406063
29241,-1,-0.10699085590907453
29268,-1,-0.09305195931684662
29293,1,0.11103174300862872
29294,1,0.059511540092387516
292,1,0.12781581538185033
29331,1,0.09197435364839579
29345,1,0.08589886444783185
29357,1,0.002116477316715104
29379,1,0.012616176703916238
29384,1,0.06548836166956984
29399,-1,-0.10189014978537936
29426,1,0.007541230321884251
29449,1,0.054669238933169106
2945,-1,-0.05686769072704323
29476,1,0.10714767872478143
29486,-1,-0.11084066856481678
29488,1,0.028356217389311322
29490,1,0.06134508485878637
29495,1,0.06184674889057884
29496,1,0.09410261252313928
29510,1,0.12658799047411035
29517,1,0.08090055409797403
29520,1,0.09294654749769876
29521,1,0.037193199247916586
29523,1,0.07434715909613943
29535,1,0.08228428569994345
29537,-1,-0.02097844506324298
29546,1,0.12299183830470406
29548,1,0.12199931231085964
29571,1,0.03328460028785479
29577,1,0.10564697979327031
29578,1,0.10062485331920173
29582,1,0.010779814359545337
29613,-1,-0.01595896673059838
29617,1,0.09934032516271635
29624,1,0.10386534531829705
29627,1,0.08631650605782959
29632,1,0.11562518480837097
29636,1,0.028314533174606582
29637,1,0.10409181197429929
29645,1,0.12629458506745217
29657,1,0.03382362352261975
29672,1,0.03010224415899926
29675,1,0.10713409534520912
29676,1,0.08519867572754303
29677,1,0.1194003264094406
29679,1,0.1128810306246143
29683,-1,-0.011138616060587303
29685,1,0.026454797336031066
29690,1,0.09007914277013912
29691,1,0.10957726590777789
29692,1,0.009256934755591695
29695,1,0.057420143905211274
29696,1,0.11639460170681204
296,1,0.12827517453806114
29700,1,0.09417236986320504
29705,1,0.08500036476261807
29708,1,0.08397153325397255
29710,1,0.06458472217858763
29743,1,0.09931902577181112
29744,1,0.052257771458725344
29745,1,0.08510865865517359
29749,1,0.10754907861856544
29771,1,0.12086905742274623
29774,1,0.08831684146764063
29782,1,0.12848153073848073
29783,-1,-0.009332919032304265
29787,1,0.12106785274929072
297,1,0.11509529079271003
29800,-1,-0.1477556444272704
29804,-1,-0.07532903314921247
29809,-1,-0.03743053062604762
29813,-1,-0.01562920819193725
29835,1,0.09632361329010886
29838,-1,-0.004052675408441675
29839,1,0.06916364206130166
29842,1,0.05140169733150429
29846,1,0.07503936173067366
29847,1,0.11045992489005724
29857,-1,-0.047418654858967235
29874,-1,-0.09179489278196307
29878,1,0.07466886453271881
2987,1,0.09985297842665558
29881,1,0.11930675602920476
29907,1,0.07421018543451918
29910,-1,-0.03717182161976096
29922,1,0.11034430481288254
29933,1,0.12270356065434612
29937,1,0.1008435345104074
29941,-1,-0.09618127447765823
29950,1,0.05888202702074724
29961,1,0.09959495148083486
29966,-1,-0.07942315792203358
29975,1,0.12246233859507488
29980,1,0.12737831656827586
29988,-1,-0.06895156323208806
29995,1,0.11588918259859571
30012,1,0.007919060727328953
30031,-1,-0.0968102754885195
30043,1,0.10278250270085187
30052,1,0.044389643009565716
30058,1,0.08154185276049075
30065,-1,-0.14128943791417825
30067,1,0.10350138909643153
30072,1,0.033193341744505
30076,1,0.07142538821217664
30084,1,0.09509762535997335
30085,1,0.12113419010449944
30103,1,0.10027818906296654
30111,1,0.0801984057628386
30117,1,0.12050683735954698
30119,1,0.09369022226843549
30121,-1,-0.04593382456585027
30128,1,0.08373393859964984
30150,1,0.00439990414218383
30152,-1,-0.08522530621209068
30154,-1,-0.09320500189542458
30155,-1,-0.0873954320822603
30166,1,0.09504701176596636
30167,1,0.0447764496841076
30176,1,0.12124205438783625
3017,-1,-0.014338061295301685
30182,1,0.12891906255825658
30183,1,0.09793152863715593
3018,1,0.02496483134753147
3019,1,0.0665124431009172
30219,-1,-0.00989903982033491
30260,1,0.12093314878107975
30270,1,0.07113626680089419
30291,1,0.03632109038107734
3029,1,0.11428943904112215
30303,-1,-0.15015534128170593
30315,1,0.053824338424469376
3031,1,0.12541151365704523
30332,-1,-0.1289956515341889
30339,-1,-0.11117594662145536
3034,1,0.1112965622247224
30350,1,0.11013253769439663
30358,-1,-0.1027622229547428
30367,1,0.11710934571195486
30388,1,0.018761208505351235
30395,-1,-0.052704161587269205
30397,-1,-0.05375330332287953
303,1,0.09842893311171896
30401,1,0.05907081882875764
30402,1,0.12618044510284504
30422,-1,-0.027461881278344258
30428,1,0.11346635060563887
30429,1,0.036652136849070205
30431,-1,-0.05742127519906748
30434,-1,-0.0935106754219025
30441,1,0.03664263112830435
30447,-1,-0.13332201416981138
30470,1,0.08470066643719854
304,1,0.04870626609581635
30516,1,0.12064792384704975
30530,1,0.07963743097894949
30544,1,0.06189545191219792
30551,-1,-0.12530812467968355
30585,1,0.10190527392909815
30595,1,0.11070047288163443
30619,1,0.13447604953649467
30637,1,0.06629951683341001
3063,1,0.04078345399401695
30656,1,0.011312318845085767
3066,1,0.12995994599407412
3067,1,0.07968775311963666
30680,1,0.07178454771376808
30688,1,0.12215879726946949
30692,-1,-0.09474521892680787
306,1,0.1287739960337717
30704,1,0.1298151527835822
30707,1,0.07862230752084653
30722,-1,-0.049144538287175465
3075,1,0.1138634659522113
30788,1,0.11571798418715012
3078,1,0.04615703202462046
3079,1,0.07446724006482408
307,1,0.03061702920284587
30812,1,0.06957746810224114
30819,1,0.10523978207516205
30878,-1,-0.05674576617722771
30879,1,0.12239173280068943
3087,1,0.12247666456513173
30889,1,0.0964309589217322
30895,1,0.1143496300075349
3091,1,0.12911237557376415
30943,1,0.04509528785704797
30953,1,0.09841467344492671
30969,1,0.010046294257861577
30976,1,0.1180252961179602
30987,1,0.00461596052705554
3098,1,0.12899044427952705
30996,1,0.029199674715268686
31028,1,0.09714136316881972
3103,1,0.10023933440883653
31043,-1,-0.015432975726053955
31077,1,0.11239450133654416
31083,1,0.07804664545159595
31089,1,0.11426102859439619
3108,1,0.11908113213192001
31090,1,0.06094929810128735
3109,1,0.12774915370375473
31100,1,0.12318275105982757
3110,-1,-0.07806942899882707
31121,1,0.12392245444462913
31127,1,0.030039545319651695
3113,1,0.1060315310908988
31146,1,0.13113133544804856
31158,1,0.09548904143928372
31184,1,0.05647171634575504
31189,1,0.06486117977983574
31197,-1,-0.0779399133883556
31198,1,0.015268465932242847
31217,1,0.12472748072909218
3121,1,0.07077375453962786
31223,1,0.1298771041793606
31232,-1,-0.010668565186807144
31236,1,0.1255063595353813
31266,-1,-0.06331695171973295
31267,-1,-0.07669740501575484
3126,1,0.13157854997302265
31272,1,0.09740779279253048
3127,1,0.12412179462652262
31313,1,0.06639009615990654
31329,-1,-0.1054728132128806
3133,1,0.07938750464737226
31345,1,0.10997967657013452
31361,-1,-0.14723520327123973
31390,1,0.07635289015867025
31406,1,0.02539868071456891
31409,-1,-0.08158841920069637
3140,1,0.10077767522366476
31410,1,0.10332707644193145
3144,1,0.11171231740733895
31461,1,0.12017085526914772
31479,1,0.12368902288233541
31485,1,0.12294055982123131
31488,-1,-0.05187722556905838
3149,1,0.08936431571734416
314,1,0.02458378268711464
31516,1,0.07928949082198161
31539,1,0.029932548479505217
31545,1,0.11829356939983798
3158,1,0.08132010070847784
3161,1,0.11973065355977075
31628,1,0.1278534226935193
31694,1,0.12648329131828112
3170,1,0.12417300074034193
31711,1,0.09713837212895826
31762,1,0.01364194893828058
31774,1,0.09768321409385344
3178,1,0.1276363516512934
3179,-1,-0.0004831267449696419
31823,1,0.10969787692664251
3182,1,0.12563611914985973
3183,1,0.0064377036178935865
31840,1,0.04946313230740146
3184,-1,-0.07188840469725555
31864,1,0.12934932476671374
31900,-1,-0.03605805877275925
31905,1,0.08605583867185718
3190,1,0.09558222676487216
31928,1,0.12312690660305387
31936,1,0.1255836512013978
3193,1,0.07709445693981332
31945,1,0.10774642626714626
31972,1,0.010098334679639498
3197,1,0.11468866502358782
31994,1,0.0198785178279694
31999,1,0.06179170457947958
32018,1,0.07888791938438439
32025,1,0.12576160626573718
3206,1,0.12192780878156678
32082,1,0.11933226227792704
32084,1,0.0620121358568409
3210,1,0.07677085290031344
32135,1,0.08628418240886615
3217,1,0.07617422018891468
32188,1,0.049331059938849786
3218,1,0.12162201800210809
3219,-1,-0.008510650143950582
321,1,0.12475530655815781
32203,-1,-0.007443172573149082
32242,-1,-0.033688056883094286
32245,1,0.10112400605061389
32257,1,0.058705318708874576
3225,-1,-0.01767429068363069
3226,1,0.0787678600802309
32277,1,0.044680436404876234
32282,1,0.08644855751377156
32286,1,0.09685580058896942
3228,1,0.1235969767381041
32292,1,0.10824956292839294
32293,1,0.016774891933001634
32296,1,0.08893084991264316
32306,1,0.09614943510760293
32307,1,0.1336294543254043
3230,1,0.08950750157093446
3232,1,0.09517755941613643
32348,1,0.07000540901451852
32360,-1,-0.1851145431619986
32363,1,0.057492060117511956
3237,1,0.1251822723532821
32441,1,0.056785849008293754
32459,1,0.07633125566262844
3248,1,0.05055706734836651
324,1,0.0782132175755808
3250,1,0.125982501665236
32526,1,0.12570895900754098
32527,1,0.009964820196646296
32532,1,0.12020588081449557
32541,-1,-0.2808032290817202
32551,-1,-0.04599243075644188
3255,1,0.051038707584070586
3256,1,0.12231822391974767
32574,-1,-0.12275179204114506
32612,1,0.05733359569942181
32647,1,0.12093563077263542
3268,-1,-0.1160542230540138
3269,1,0.0966906674075298
32718,1,0.10699726975293994
3275,1,0.12977517115224968
3276,1,0.04960214214976899
32773,1,0.13015985678329417
32779,1,0.0714655362403217
3279,1,0.031481931249259576
327,1,0.07434891352124168
3285,1,0.11026822689369387
3286,1,0.11972945219268544
3289,1,0.10661200087598138
32908,-1,-0.029259704816863685
32912,1,0.1172504533989619
3292,1,0.12913131565445207
3293,1,0.1274979652363627
32941,1,0.12819941286447983
32968,1,0.07799375652500384
32992,1,0.022231335490642767
33005,1,0.08127953067411375
33009,1,0.04093101049948489
33010,1,0.09903608057898844
33013,1,0.04660528941428943
3301,1,0.11814263784588114
33026,1,0.07611714600414282
3302,1,0.1165682792779999
3303,1,0.12530799998989023
3305,1,0.09626411881603547
33103,-1,-0.01465323520057793
33111,-1,-0.014156375692452983
33119,1,0.11959658053731143
33124,-1,-0.0038768688030594856
33131,1,0.13170982599840964
33136,-1,-0.04959153594463017
33183,-1,-0.009092663531864664
33188,1,0.1211495546973193
33204,1,0.1305570117044466
3320,1,0.09687537446665823
33216,-1,-0.009082407612182819
3325,1,0.11217675896754908
3327,-1,-0.023543747705099483
33306,1,0.0875745714766869
3330,1,0.10784810307146808
3335,1,0.09221147086830878
3336,1,0.08963564048422784
3337,1,0.12500808991408557
33380,1,0.11135837869621179
3339,1,0.11201910643708346
33418,1,0.06993502988706546
3342,1,0.1086876089662196
33440,1,0.09483969127348874
33450,1,0.06268483193939084
33457,1,0.1264615670146907
33470,1,0.12934267167442864
33497,1,0.05905147887859391
33503,1,0.10834797347245961
33506,1,0.12134530707653235
3351,1,0.046547419358427544
33539,1,0.13223503536258835
33552,1,0.038819638102100984
33555,1,0.12603955463080385
33565,1,0.009448811027159498
33568,-1,-0.22037322658215386
33645,1,0.11581599512998808
3368,1,0.07778238867204151
33708,1,0.11883965169001592
33739,1,0.09973543797996615
33753,-1,-0.010742672306889633
33758,1,0.01908160818321858
33761,1,0.02564288373481155
3376,-1,-0.00557148129176821
33785,1,0.09626647497810437
33794,1,0.12129446070309902
33803,1,0.10437092149244503
33805,1,0.1266459960857984
33812,1,0.11177755451853244
33818,1,0.028236788435222204
33831,-1,-0.06614400825579048
33849,1,0.11921743191789846
3384,1,0.11451978916972078
33851,1,0.07355527105839849
33860,1,0.12386323086407419
33867,-1,-0.19049549285302259
3387,1,0.12993107556648076
3388,1,0.08051455753431369
33893,1,0.08204028667389252
3389,1,0.11620558542549286
33905,1,0.12242111971281339
33922,1,0.09243203377265535
33926,1,0.12178651517303257
33928,-1,-0.0778070308996417
33935,-1,-0.05800715236874565
33947,-1,-0.08728881155846757
33959,1,0.062337130307513755
3400,1,0.0023859398572107504
34010,1,0.036969025048340265
34011,1,0.12000067525964397
34014,1,0.0948863587902482
3401,1,0.12213351218694007
34020,1,0.11053566605326282
34023,1,0.08677220083777115
34038,1,0.09769977297098742
34040,1,0.04911935070484352
34047,1,0.10158901356529176
34052,1,0.08890460925972216
34058,1,0.027671584463641097
3405,1,0.0998045344888393
34068,1,0.1182379634442074
34073,1,0.1207386707608823
34074,1,0.11631521178416859
340,1,0.07679251603391768
34108,1,0.11278356199502815
34146,1,0.12807235904630043
34148,1,0.09946765603794966
34150,1,0.12351004378095781
34160,1,0.12400900442590251
34162,-1,-0.05904996089859749
34171,1,0.10889287285578891
34193,-1,-0.007270091492055597
34207,1,0.004903194517865028
34211,1,0.1250323464224104
34221,-1,-0.05171328733122582
34229,1,0.12738933343333558
34233,1,0.11224781015178337
34240,1,0.10407303386165467
34252,1,0.09644170024000559
34254,1,0.09566178408826576
34259,-1,-0.20393769165133602
34294,-1,-0.06831505725184905
342,1,0.12390831638337757
3430,1,0.12866248365046457
34313,-1,-0.12292438169465492
34319,1,0.1330896327877964
34334,1,0.12569668959697333
34352,1,0.07150034168240454
34363,1,0.09863675768912133
34383,1,0.12638992363919743
34384,1,0.11880081373952317
34386,-1,-0.18412667433816665
34393,1,0.07386085228849398
34394,1,0.07408116737210224
34395,-1,-0.13456844858351014
34401,1,0.11035142089184119
34407,1,0.1200706206502386
34409,1,0.04842614752667951
3440,1,0.12543110360645282
34415,1,0.12974973036837223
34422,1,0.11671625495734189
34441,1,0.12223709321149928
34444,-1,-0.004489257207517583
34455,1,0.08330228244042592
34456,1,0.12306497801934135
34457,1,0.0928255610898121
34460,1,0.09346136089923746
34488,1,0.12717925462676283
34489,1,0.11636771369606191
34496,-1,-0.029756088951543025
34507,1,0.0496297459859294
34517,1,0.07900408146228532
34526,1,0.10149886282365905
34533,1,0.06892910595240442
34535,-1,-0.09543473349957243
34548,1,0.09702469221667437
34562,1,0.042815201442386985
34566,1,0.08795587322998272
34585,1,0.07315225749350562
34589,-1,-0.1707767191791466
34598,1,0.13346473412320964
34603,1,0.11148901500892189
34606,-1,-0.07327319711645985
34607,-1,-0.04349851033757146
34610,1,0.12755086371576463
34618,1,0.12523185724693453
34643,1,0.12610634490702594
34644,1,0.08366354218466832
34656,1,0.08323733851910647
34662,1,0.10168068935257657
34666,1,0.11913518878821594
34681,1,0.1231631858566144
34685,1,0.08615941593861942
34686,1,0.12664672232824636
34699,1,0.074994710137323
34711,-1,-0.11047025412179279
34717,1,0.11425564801874905
34719,1,0.10204588651747504
34728,1,0.12344237136948993
34742,-1,-0.010081051646864791
34748,-1,-0.0062329767134897684
34752,1,0.10177920037793964
34755,1,0.1196715531809287
34759,1,0.03393185782244784
34760,1,0.12983063719603838
34778,1,0.07434427848990105
34784,1,0.019324376026832957
34786,-1,-0.14111183240144032
34788,1,0.13135047271359568
34803,1,0.10972018624521435
34805,1,0.12121834715256208
34811,1,0.09736199081534175
34836,-1,-0.22293262604763953
34847,1,0.11432833684845267
34849,1,0.12150112787052514
34857,1,0.08964385744753217
34860,1,0.08255702736730697
34876,1,0.07683436989017878
34885,1,0.11973149333778288
34888,1,0.08167867574262189
34890,1,0.12759212562812622
34908,1,0.08178709634108161
34918,1,0.0844305831666145
34936,1,0.12643111786029787
34938,1,0.02578820646495894
34953,1,0.013282282713361238
34955,1,0.11534575694640198
34966,1,0.11385820285883314
34967,-1,-0.13478333104593299
34969,1,0.09544372296136994
34973,1,0.11134293358892328
34978,1,0.05137025616489821
34980,1,0.1232271040901976
34998,1,0.106781592428903
35019,1,0.13058937796955639
35020,1,0.10539696625175365
35029,1,0.0845971331478409
35031,1,0.11646960445231125
35033,1,0.09437473085523662
35056,1,0.12053010278671555
35060,1,0.03929073374144093
35084,1,0.0669475399880941
35094,1,0.11873103333515395
35095,1,0.11007547108154586
35101,1,0.11468178739919743
35103,1,0.12741512990326687
3510,-1,-0.09017556944730454
35118,1,0.10572020130503412
3511,-1,-0.10326436702371988
35131,1,0.07041687631923299
35138,-1,-0.07083531167170198
35139,-1,-0.10998601553736354
35141,1,0.09659741274914119
35151,1,0.12175900080418034
35154,1,0.11604405238853421
35157,1,0.12356129563024959
35161,1,0.11581206984960285
35207,1,0.12569284451008284
35212,1,0.11870617143443846
35214,1,0.12319878247248517
35220,1,0.12323790216363184
35221,1,0.11828169503476083
35223,1,0.005559888205648733
35229,-1,-0.01304404757150035
35237,-1,-0.05814386494220791
35241,1,0.06348055281706294
35261,1,0.12239507706601432
35274,1,0.07349151871324844
35276,1,0.12126651801822208
35278,-1,-0.129524556882893
35292,1,0.09259488720044218
35295,1,0.08609953573043055
352,1,0.12113007882766541
35314,-1,-0.13664039543456874
35320,1,0.05165456266105922
35331,1,0.11015068031351505
35333,1,0.128658550773528
35361,1,0.12829650373488877
35365,1,0.09631513352712723
35366,1,0.1338514333284574
35377,1,0.08228397965523432
35393,1,0.06860929003822042
35394,-1,-0.17881849864570787
35406,1,0.02347256240606671
35407,1,0.09350219180853098
35412,1,0.12881325172193997
35417,1,0.1289459766713053
35420,1,0.09159364767840183
35427,1,0.04234622675132044
35430,1,0.13188531545565346
35439,1,0.12310587744895507
35441,1,0.04270514243766377
35442,1,0.07806519655692873
35450,1,0.12757072879546805
35455,1,0.10673956684916375
35456,1,0.12393354880238733
35477,1,0.0016842920183922638
35480,-1,-0.07776410198766137
35497,1,0.07709946145641666
35506,1,0.11523201294299623
35513,1,0.036040161115528935
35518,1,0.02635157796092724
35521,1,0.11615564667662714
35530,1,0.09464252107176602
35541,-1,-0.057377946278002745
35543,1,0.12782874467024719
35546,1,0.08071452006666685
35558,1,0.09734482396270783
35568,1,0.11905611279794731
35583,-1,-0.18248953176857763
35585,1,0.08919046044213597
35597,1,0.12182608574902637
3579,1,0.10258401271060008
3599,1,0.11717625181116142
35,1,0.12347879096031561
3600,1,0.129274792080464
3601,1,0.12255918024756618
3612,-1,-0.10262693579672066
3614,1,0.12489710150920491
363,1,0.11880286868273332
3657,1,0.06725904348520312
3661,1,0.11793382805216568
3664,1,0.08443861253841595
3674,1,0.0795478658833898
3677,1,0.08227059222148009
3688,1,0.028731230226608118
3691,1,0.12031419482952294
3698,1,0.11778118470715421
3701,-1,-0.020734404711663323
3702,1,0.09765666393473904
3705,1,0.13539155753862814
3711,1,0.09663920472829146
3713,1,0.09448086868091354
3719,1,0.1146264370539456
3720,1,0.13369258575448123
3722,1,0.06853024956827053
3732,1,0.0863337051213014
3745,1,0.10676906011713039
3747,-1,-0.04455208155636736
3749,1,0.12485537827962417
3759,1,0.03855349025644589
3761,1,0.11745384008328114
3762,1,0.12586340950603947
3770,1,0.12939023866708088
3775,1,0.12031661966529184
3777,1,0.1078720416785729
3787,1,0.07865681506961836
3799,1,0.11651840731565671
3805,1,0.09257539992983888
3807,1,0.12190126827068604
3808,1,0.08916902428038942
3809,1,0.06491390809707692
3814,1,0.061792840355105405
3818,1,0.011796613381199805
3821,1,0.13013203703017767
3826,1,0.11346645473325262
3827,1,0.09753605726549586
3830,1,0.13413504570161927
3834,1,0.0580367828390243
3837,1,0.1253108639487313
3840,1,0.12157637102839935
3842,1,0.07625738768912987
3846,1,0.08265781108564496
384,1,0.12277232724137177
3850,1,0.10207187968853526
3854,-1,-0.06870625049564716
3863,1,0.13018035456416355
3864,1,0.11935974275929767
3869,1,0.13014831141716016
3873,1,0.07914962998901037
3887,1,0.13216346974028803
3890,1,0.061490384109158636
3896,1,0.1311237251916818
389,1,0.13287338351707784
3902,1,0.07599989221513981
3919,1,0.06637671830410569
3931,1,0.06866839707809758
3934,1,0.1034048408587479
3973,1,0.12625269675420125
3977,1,0.10596296895363061
3985,1,0.07049305006327555
3999,1,0.12339754981726425
399,1,0.05634352908563428
39,1,0.11699843930702225
4009,-1,-0.05843677019018223
4016,1,0.12627397236848914
4028,1,0.1258757230818448
4029,1,0.08781193399982534
402,1,0.06665353972456206
4031,1,0.12269380088809834
4037,1,0.1222914093532767
4042,-1,-0.10407832828299779
4048,1,0.06373293373812411
404,1,0.057454460084457426
4050,-1,-0.026127797621672055
4054,1,0.11511598218443314
4059,1,0.07870007376027022
4061,1,0.05876888463900276
4062,1,0.08802428041881666
4067,1,0.0789947767378229
406,1,0.04530046992049763
4071,1,0.10809474952490283
4076,-1,-0.0003231412526172317
4084,1,0.07840529348027109
4086,1,0.10321775498763924
4087,-1,-0.03403960785695537
4091,1,0.11273187423753422
4092,-1,-0.055995943030887174
4094,1,0.1263302492608599
4097,1,0.09135642145843331
4098,1,0.12069669687204693
4111,-1,-0.055731918701738103
4122,1,0.08563543210748809
4123,1,0.021352155553638674
4132,1,0.1150652391713301
4144,-1,-0.139258951796165
4145,1,0.09036699637551365
4146,1,0.1257480348617503
4147,1,0.07516456741392841
4148,-1,-0.02401174779937465
414,1,0.054818767241515076
4160,-1,-0.05315773067723373
4170,1,0.12525491175310594
4173,-1,-0.1262370186871442
4178,1,0.12227497904301088
4185,-1,-0.012463442040022255
4187,1,0.042411247937745034
418,1,0.12825511182397098
4190,1,0.10385252487917712
4193,1,0.11109128019327474
4196,-1,-0.01070925919376775
41,1,0.09518609245568277
4208,1,0.12702563693749092
4209,1,0.07217360772265047
420,-1,-0.06583001304467095
4211,1,0.08092781151062356
4214,1,0.10359619586558544
4217,1,0.014375370024149459
421,1,0.1248789737514433
4222,1,0.041396430894069636
4228,1,0.09803093882527114
4232,1,0.0912592465833641
4235,1,0.12035015818771377
4236,1,0.12427718748352828
4239,1,0.050916087128643206
4255,1,0.09934794589090384
4256,1,0.08203040698012792
4288,1,0.10333715518422698
428,1,0.00259132914476623
4290,1,0.07947659359042625
4318,1,0.05722455419490713
4319,1,0.10284997344111313
4324,1,0.11753021907774058
432,-1,-0.16089198500213164
4360,1,0.11990107677599399
4364,1,0.09598958443293393
4365,1,0.11865652761333673
4382,1,0.12577488366040912
4398,1,0.1275975512746757
4419,1,0.13326993909105284
4432,1,0.08296839784217647
4433,1,0.12421301729535333
4439,1,0.09499820295266154
444,1,0.13254192938818
4457,1,0.12202427287342849
445,1,0.0829388095485073
4464,1,0.12937492091661412
4465,1,0.13039752875708466
4476,1,0.1136121845222644
4477,1,0.0494045009233125
4482,1,0.11391375496532957
4494,1,0.09970885232489007
4506,1,0.11837742485690961
4511,1,0.08411107648778177
4514,1,0.028610731874124162
4519,1,0.12227392432929052
4526,1,0.039107553901853775
4539,1,0.11398694144410687
4540,1,0.12039787337935448
4549,1,0.06902647017922647
4556,1,0.09546117148769173
4598,1,0.07878333007416
4611,1,0.03288841640494927
4619,1,0.11058730406790762
4621,1,0.1293473701991757
4624,1,0.1240213150369538
4636,1,0.12513767969531125
4638,1,0.11903610228508366
4649,-1,-0.08837660840549244
4652,1,0.052765102393128926
4654,1,0.007379111525846138
4660,1,0.04570074900731713
4664,1,0.08616654822327763
4666,1,0.10107889444971857
4668,1,0.1275278198965098
4673,1,0.12124909696930847
4678,1,0.11951895838562665
4683,1,0.07261445079195356
4690,-1,-0.043800759769267894
4693,1,0.08956856640647826
4697,1,0.12822538438119324
4702,1,0.12866630809197588
4705,1,0.11396438435023176
4707,1,0.11572187680053408
4722,1,0.12808883873842275
4728,1,0.11946967543230352
4735,1,0.12171451449225318
4746,1,0.07688739617351975
4752,1,0.10084805878531039
4756,1,0.008729226397736267
4766,1,0.09966587312989938
4767,1,0.11138868318546286
4769,1,0.09146947654191773
4770,-1,-0.030089684648497483
4773,1,0.04233013813946718
4774,1,0.12275338075085218
4778,1,0.11274693633700067
4779,1,0.04229352651057855
4789,1,0.0858284729387741
4791,1,0.10770624797956185
4792,-1,-0.08670275362256097
4794,1,0.09965866443193261
4796,1,0.05563772711250137
4799,1,0.12499779605106187
4801,1,0.11026781660284696
4832,1,0.11465182610942176
4857,1,0.13306288884512968
485,1,0.12300914367078492
492,1,0.12423487191222149
4931,1,0.057797409237552444
4945,1,0.0022989511164673293
4952,1,0.08493947582055716
4958,1,0.11541160800998584
4960,1,0.1259050985889369
496,1,0.12441797988259523
4972,1,0.1047475243501726
4977,1,0.10457289523199409
4988,1,0.10035627994233187
4993,1,0.10494080652585341
49,1,0.11092409161643035
5005,1,0.11724483679406739
5006,1,0.12835432259218083
5015,1,0.09860319290719044
5018,1,0.026383365601148123
5019,1,0.0735628303092209
501,1,0.0706140565284531
5033,1,0.033233605061788574
5058,1,0.1293522671441394
505,-1,-0.017687964017912505
5062,1,0.006970645826366972
5072,1,0.11907972873786898
5076,1,0.12231688400653723
5087,1,0.07302521930021028
5093,1,0.029430462170603633
5095,-1,-0.15800174137020218
5097,1,0.09725617194471164
50,1,0.09307745065266021
5105,1,0.01660588182071876
5107,1,0.1152874007960667
5110,1,0.10064078881231936
5113,1,0.05470381024810361
5115,1,0.10277896884854437
5116,1,0.07963714630880597
5117,1,0.010493674031138989
5123,1,0.0892614227342986
5131,1,0.11682254778986384
5136,1,0.12618492136598075
5141,1,0.11571356854144382
5146,-1,-0.09000148495636917
5150,1,0.06179657268650013
5162,1,0.08788827241026481
5170,1,0.12604432019325218
5175,1,0.03599772519805927
5180,1,0.053985206353156956
5186,1,0.13026121141603297
5193,1,0.12283681741750269
5196,1,0.00713956716561398
5197,1,0.1263007813883707
5198,1,0.11590144736422686
51,1,0.03453032487756591
5214,1,0.07032463278515838
5219,1,0.0893368007565773
5221,1,0.11467529945059374
5223,1,0.12359799805875554
5229,1,0.022118807493317405
5232,1,0.09662046630274385
5247,1,0.07156218914522461
5249,1,0.11546386971814848
5252,1,0.1080136430315351
5269,1,0.09555221925892976
526,1,0.05718180158431202
5270,1,0.050685244160540266
5278,1,0.11288912547223912
5280,1,0.12762619441797685
5285,1,0.08489819810072186
5286,1,0.08139024829413621
5295,1,0.12488711931782503
5296,1,0.08538116426843467
5297,1,0.1270167194235562
529,1,0.07321089965663863
52,-1,-0.02242631636153747
5304,1,0.12191135286541022
5306,1,0.12651612019789338
5317,1,0.11019921196037452
5335,1,0.07094804469175314
5336,1,0.10399728099035843
5337,-1,-0.14267762478138113
5357,1,0.12346453431020249
5364,1,0.12316029066476747
5369,1,0.08576931779459074
5377,1,0.12718997503361773
5380,1,0.08314738296136248
5384,1,0.10334963552133414
5394,1,0.12885433385539985
5396,1,0.13103583202933838
5401,1,0.1222590837408184
5405,1,0.10853729714608507
5408,1,0.1079032952275395
5410,1,0.08705872412657684
5415,1,0.0893533671067473
5422,-1,-0.011396343140149368
5424,1,0.12163714817209992
5425,-1,-0.042281530141950796
5432,1,0.11130852192066676
5434,1,0.08544361973067616
5438,1,0.1182570388332258
5439,1,0.015112620372485785
5442,1,0.03927612763568811
5452,-1,-0.08070614323224667
5460,1,0.11712253851908189
5469,1,0.1206364694498418
5472,1,0.12787723451897953
5473,1,0.1234339610185739
5478,1,0.11573311793626806
5486,1,0.11087932792806404
5495,1,0.1334418354330672
5496,1,0.06448498127904995
54,1,0.09570811922406902
5510,-1,-0.0609207642075017
55130,1,0.0327625926609299
5518,1,0.08217903727974446
5531,1,0.010378106926052677
5536,1,0.07805397037919559
5538,1,0.1080432883451729
5544,1,0.10418132059393648
5548,1,0.08214645753202598
5551,1,0.07688858295790452
5557,1,0.023067754815582597
5559,1,0.1217223961936515
5564,1,0.0999060369081547
5568,1,0.029915999804270454
5569,1,0.07950412373131205
5574,1,0.05144320707502925
5575,-1,-0.11480122769537493
5589,1,0.11034410535454403
5590,-1,-0.035033518778114336
5595,1,0.10962923460613616
5598,1,0.12103776685878087
5602,1,0.09529556067467759
5605,1,0.014962282274835315
5615,1,0.10067520847372341
5619,1,0.1199417663475204
5623,1,0.10405833312357254
5624,1,0.05632054953070098
5632,1,0.06536647597679285
5633,1,0.0910497770982262
5634,1,0.024835568345468184
5635,1,0.09637533858123742
5673,1,0.08829219595852483
5685,1,0.07814817252627637
5686,1,0.020673433093532922
5694,1,0.097763631370056
5699,1,0.12456972166926883
57022,1,0.12475576529108678
57025,1,0.07246534434397739
57033,1,0.06920250831741787
57038,1,0.12045309399754561
57044,1,0.09638296003556657
5704,1,0.036916391409584026
57056,-1,-0.14732131811590754
57058,1,0.1029139912367586
57061,1,0.12578931690586503
57069,1,0.13008474998643837
57071,1,0.11160505164819101
57073,1,0.11931767914484659
57074,1,0.11628027833369042
57077,1,0.1299647429061851
57082,1,0.10307295915808251
57083,-1,-0.06669225691001102
57092,1,0.12724422713858002
57095,1,0.12018897737948298
57097,1,0.07051678704774123
5709,1,0.12865461832685798
57101,1,0.05632704888552009
57103,1,0.12244929099080565
57123,1,0.05676890632698939
57124,1,0.0604745834209493
57127,1,0.09343775712732105
57129,1,0.09949832340862996
57134,1,0.05192094791718138
57137,1,0.11209984516035548
57141,-1,-0.011015171818904768
5716,1,0.01665818779507705
57176,1,0.11365808462751026
57184,1,0.0646930230706203
57192,1,0.1169171605839534
57197,1,0.11648434581222206
57228,1,0.07944602205844675
5722,1,0.12780793296572057
57230,1,0.015788069500231594
57244,1,0.07489917403417307
57250,1,0.09155776239389796
57265,1,0.1007323930733417
57269,1,0.12370923453338445
57273,1,0.12965119175038142
57280,1,0.1044957533796747
57295,1,0.07041156427977946
57298,1,0.07740921319946448
57301,1,0.10887612503435729
5730,1,0.06642916279018163
57312,1,0.05065163409576734
57335,-1,-0.06265461780986648
57336,-1,-0.0921328666961565
57348,-1,-0.13960080518714713
57359,1,0.05301772281909223
57363,-1,-0.13554297615500377
57368,1,0.12133394977698231
57369,1,0.12410968136714057
57373,1,0.10463814910222519
57391,1,0.09546514282198143
57396,1,0.07056053620176123
57408,1,0.1175133303091867
57414,1,0.1114608310787421
57415,1,0.09594022486971121
57416,1,0.1280883571471092
57417,1,0.11572021296640278
57420,1,0.10931880732504101
57425,-1,-0.018078494596000527
57429,1,0.06827767684003216
57444,-1,-0.04323036700936833
5744,1,0.11902207480506882
57450,-1,-0.02891883565143827
57451,1,0.13349706129171074
57463,1,0.13025516045766605
57465,1,0.10445805769094191
57468,1,0.07006692388465036
57483,1,0.09938458054480204
57491,-1,-0.009473390386710245
57495,1,0.12968866206118745
57497,1,0.034171392177128335
5749,1,0.07225396202797091
57505,1,0.11774313252872348
57510,1,0.12596639341264337
57512,-1,-0.03687748055486317
57522,1,0.05552611771931876
5753,1,0.059327519844061205
57540,1,0.12371576654627342
57543,1,0.1292695762285957
57548,1,0.05415988813070882
57554,1,0.020974591587750224
57565,1,0.025020792393642743
57569,1,0.1086445674154401
57571,-1,-0.08604194482809191
57576,1,0.12382191429192196
57579,1,0.09062748560746481
57585,1,0.07390123995866155
57587,1,0.06685270598691712
57591,1,0.06200443470305944
57598,1,0.025800386192855518
57603,1,0.07051505171657879
57607,1,0.03558673578160226
57610,1,0.13044524434886778
57614,1,0.12935134633854206
57624,1,0.053320165649779705
57626,1,0.11680087976380926
57632,1,0.08779639554079977
57633,1,0.1104475855798015
57640,1,0.0464859662932281
57644,1,0.12384144857495355
57656,1,0.12537548671476734
57665,1,0.09905271672980676
57672,1,0.0724257819814651
57684,1,0.10248664516536649
57686,-1,-0.03462584675170699
5768,1,0.12203589187379538
57694,1,0.06368241240195932
57701,1,0.12201794309877928
57703,-1,-0.10498090535624682
57706,1,0.08424197386403243
57716,1,0.1296393940296896
57740,1,0.11680603918005583
57741,1,0.07762135233204959
57742,1,0.09659997496862144
57754,1,0.12847756142320949
57756,1,0.1245768021020181
57784,1,0.08324293243059389
57785,1,0.0764769949152932
5779,1,0.11864044132042084
57803,-1,-0.14764809955107672
57807,-1,-0.04641460662015595
57813,1,0.11399310354405617
57815,1,0.10290152665106528
57825,1,0.0877940294149755
57833,-1,-0.013557178225106714
57841,-1,-0.03802503996307516
57857,1,0.10047855195447963
57867,1,0.08660531610334138
57869,1,0.12267254181940962
5786,1,0.04957357561288028
57872,-1,-0.029833558690247397
57873,1,0.06528257718235347
57874,1,0.10896607675632114
57882,1,0.12297851402406124
57884,1,0.0803639683530773
57890,-1,-0.008641717238779933
57892,-1,-0.0045522021570459925
57897,1,0.057510200614771134
57899,1,0.07198299810816655
57901,1,0.05909035241218913
57903,-1,-0.030066865362857964
57910,1,0.12713303330620174
57915,1,0.1293922359428129
57919,1,0.0992197520142784
5791,1,0.026917512014168032
57922,1,0.0852448948536918
57923,1,0.1293743007952522
5792,1,0.12357991676333696
57931,1,0.0865681156717985
57933,1,0.12224423522255112
57944,1,0.051857573144891644
57952,1,0.1232470269166846
57953,1,0.09662024688322551
57957,1,0.06194422224915608
57967,1,0.09155988197768827
57968,-1,-0.05140704041347277
5796,1,0.1281218703285179
57974,-1,-0.015676841113105633
57990,1,0.05681324050836495
57993,1,0.0930991229675317
57997,1,0.12614636176161326
5800,1,0.12156023862314569
58010,-1,-0.03588191201981972
58013,1,0.10317356660934252
58018,1,0.030207607836586603
58025,1,0.03125947078296487
58029,1,0.1243415778471012
58030,1,0.018964988534994565
58037,1,0.08247020023541196
58039,1,0.08124857215379666
58049,1,0.07024140952381164
58054,1,0.05063699415722012
58057,1,0.08069884089830076
58060,-1,-0.14532177446006533
58063,1,0.06538733975735894
58069,1,0.12201636208990807
58074,1,0.011688063868524667
58079,1,0.12127984409540282
58090,-1,-0.04997417705267615
58095,1,0.09713228897813497
58103,1,0.08007286930171242
58106,1,0.11635013689164936
58111,1,0.12663073407052888
58113,1,0.1263494499817478
58114,-1,-0.02105347733326779
58121,1,0.12795296743326967
58140,-1,-0.024487867065121405
5814,1,0.12177886602477861
58158,1,0.04512488231389
58164,1,0.12398128385914331
58165,1,0.12634680743760646
58177,-1,-0.004470842053588608
5817,-1,-0.13397494845576297
58181,1,0.1228019272341137
58184,1,0.08323973611596791
58201,1,0.12879936042208073
58203,1,0.05733137337009819
58208,1,0.12183553481428216
58210,1,0.03839978469292049
58214,1,0.04837334104048596
58218,1,0.10018807575062555
5821,1,0.1309503730700632
58220,1,0.08680785671351776
58228,1,0.12384157164694692
58230,1,0.12579889654195575
58234,1,0.10115860936032045
58239,1,0.1234081882321218
58243,1,0.1028150605169042
58255,1,0.11380440390724528
58257,1,0.1012933241516924
58259,1,0.09476855713171684
58264,1,0.02302490566635146
5826,1,0.10963329935960286
58276,1,0.12185976380637709
58278,1,0.11712069187723928
58281,1,0.11457577724585771
58282,1,0.04765435645198551
58289,1,0.10368446289393951
58291,1,0.0176723555531913
58297,1,0.06621493704292619
58300,1,0.08616576103690776
58303,1,0.037082054074158155
58307,1,0.10615563333856726
58309,-1,-0.0035589752663282015
5830,1,0.019053584705789495
58310,1,0.056667485314300714
58311,1,0.0770311610433772
58314,1,0.10732531645370219
58316,1,0.1268381350562655
58322,1,0.0937219921099754
58324,1,0.10575472456745
58341,1,0.10845647632057126
58348,-1,-0.02041127761637418
58357,1,0.10775869158314044
58359,-1,-0.13809999023892927
5835,1,0.12076831139599636
58371,1,0.064115721353672
58377,1,0.10732227801414357
5838,1,0.11797684243745449
58396,1,0.09497823387254412
58401,1,0.06744634600897081
58405,-1,-0.029976794794444594
58407,-1,-0.052550949711752004
58410,-1,-0.11373003614036215
58413,1,0.07284208670529968
58423,1,0.1132176902630011
58424,1,0.07398550535084131
58426,-1,-0.04714337097161725
58428,1,0.09165633355016356
58433,1,0.11731385935000888
58443,-1,-0.14785582817404175
58446,1,0.12614679324026584
58450,1,0.12159802466371195
58457,-1,-0.012894265332736299
58463,-1,-0.19809937116545495
58469,1,0.0874900683707393
58470,1,0.08879230699641777
58479,1,0.09443172106173947
5847,1,0.06858400363532724
58481,1,0.12579050582516876
58482,1,0.10610077751556962
58483,1,0.12436411327020891
58484,1,0.06578181717141074
58486,1,0.025504329267969195
58490,1,0.06245025229659035
58504,1,0.07348498388303554
58508,1,0.11645491208867509
58509,1,0.1175516998710649
58511,1,0.029013067951725036
58513,1,0.11909250081124417
58517,1,0.10753038246238539
58534,1,0.11136508780906201
58536,1,0.05116460939857903
58537,1,0.12649030756952023
5854,1,0.1275036339425693
58556,1,0.09719318396642918
58563,1,0.08058810660394172
58564,1,0.08049393842418229
58581,1,0.11776291016344209
58584,1,0.08983198053357239
58586,1,0.03160531452553772
58588,1,0.08213854890039407
58595,1,0.12559127364326822
58597,1,0.13116893360919868
58602,1,0.06208750882766406
58615,1,0.12062814981315345
58619,-1,-0.0199805554095438
58626,-1,-0.013609836017662191
58629,1,0.12748274086020428
58636,1,0.08126256743323745
58644,1,0.1190705830846222
58657,1,0.12084207452765489
58658,1,0.01390719304351945
58668,1,0.05314536326132796
58675,1,0.06070413041545364
58678,1,0.12107372353557211
5867,1,0.11877358380336656
58680,1,0.11301901341678039
58687,-1,-0.1211740937702176
58689,1,0.11345695888712776
58691,1,0.1234212427246501
58692,1,0.0734049476697613
58694,1,0.12133548865290084
58696,1,0.1077118250852187
58712,1,0.10989325336503791
58716,-1,-0.012942703004770295
58722,1,0.08837848208367222
58723,1,0.1288536491618495
58724,1,0.11593051056263559
58727,1,0.12950920862152454
58732,1,0.09720735806080189
58739,1,0.12475386485608803
5873,1,0.09857348576587216
58745,1,0.0316399900174949
5874,1,0.1128620390150834
58752,-1,-0.033754699097993224
58764,-1,-0.03397256761277401
58768,1,0.033044741497633034
58778,1,0.10275250795629243
58780,-1,-0.0026656979605242936
58783,1,0.12155495512288356
58789,1,0.10793882068978078
58796,1,0.12998860860832057
58806,1,0.08642664066289207
58811,1,0.12465282759250906
58816,1,0.07811661354277644
58826,1,0.11634470537893565
58827,1,0.07073948150431081
58852,1,0.12809538733367815
58857,1,0.11269735276587334
58859,1,0.08852370346516181
5885,1,0.11828397083090336
58864,1,0.1089243113698043
58892,1,0.06803562481721631
588,-1,-0.13925507905571932
5892,1,0.12978012380531395
58935,1,0.033474589060553506
58952,1,0.07872770628759707
58961,1,0.06840053968656212
58979,1,0.0268985135314439
58,1,0.0467688878613573
5902,1,0.0919350471203762
5903,1,0.12616485557570922
59043,1,0.12246239546057147
59052,1,0.12055463417643064
59070,1,0.0340390743338857
59074,1,0.1062452846065961
5907,1,0.11872635777183821
59086,1,0.07680906335791338
59093,1,0.09990871421962327
59098,1,0.017525131346964373
59099,1,0.10364122376990814
59105,1,0.0601191510417356
59106,1,0.041913489059210385
59108,1,0.08691969239703623
59112,1,0.10981916984438611
59113,1,0.03724800886959628
59114,1,0.12753819132278527
59117,1,0.11853493186463848
59138,-1,-0.04669344313096113
59140,1,0.12649909920625574
59143,-1,-0.11499010171054658
59144,1,0.024556181525886844
59148,1,0.11742876222581511
59154,1,0.005707576443352347
59157,1,0.08498117226581814
59176,1,0.09310176920144775
59178,1,0.12245823111812104
59181,1,0.11174453609135432
59182,1,0.06173425848023023
59183,1,0.11155329118061874
59185,1,0.09843781167624754
59188,1,0.08920549251003557
59190,-1,-0.05735470813744914
59193,1,0.10973360368298002
59195,1,0.043361944980294886
59199,1,0.10357920899138351
59203,1,0.10731601731632495
59204,1,0.12187029285918438
59205,1,0.11164283437897166
59206,1,0.10668786380771267
59209,1,0.008946473169754554
59219,1,0.07416557966018772
59239,-1,-0.03586561936193822
59245,1,0.06082105353552969
59249,1,0.13035619222226602
59257,1,0.10333000229968359
59262,1,0.046879398608188905
59265,1,0.09563811267902306
59273,1,0.12635990918341866
59278,1,0.1113106369562003
59281,1,0.09105870299214003
59285,1,0.11563408561538846
59286,-1,-0.13228112499865097
59287,1,0.12499238278329455
59290,1,0.12115364799291506
59292,1,0.003754837174390735
59296,-1,-0.07548128292872758
59298,1,0.029277046519710803
59304,1,0.07204130691612048
59305,-1,-0.056743861883722824
59306,1,0.09746126798846633
59314,1,0.07865870212122716
59318,1,0.062049092177396126
59324,-1,-0.047577942855029365
59326,-1,-0.10129909563694806
59342,-1,-0.04390243110630865
59352,-1,-0.06666724913696642
59358,-1,-0.14724258144239177
5956,1,0.13075751256445162
5962,-1,-0.01973285499960764
5969,1,0.12260405734997998
597,1,0.1294866915044685
5981,1,0.1304441946445431
5994,1,0.11873209101734472
5999,-1,-0.01083083593142986
6051,1,0.1232402423535271
6063,1,0.12716708421141892
6078,-1,-0.041838517792898156
6084,1,0.11767228469759261
6085,1,0.09495291320616084
6088,1,0.11005650448704701
6091,1,0.12126091116285298
609,1,0.08504183746562538
6101,1,0.09827552465333228
6110,1,0.1314710995288475
6123,1,0.12451520116978426
6137,1,0.1304523762259288
6156,1,0.12736259021382562
6158,1,0.11702183126171334
6176,1,0.0797894294712474
6180,1,0.12238512408107682
618,1,0.12842908137352438
6194,1,0.12633456643786312
6195,1,0.11180533418000405
6198,1,0.12921395015878973
622,1,0.12568014568218372
623,-1,-0.06880785630747199
6271,1,0.11234114378982346
6275,1,0.12005945349776992
6280,1,0.040044497995962214
628,1,0.055661068451239026
6354,1,0.12231822391974767
6384,-1,-0.10494598835351265
6423,1,0.1303659332008249
6442,1,0.1252035183481034
6464,1,0.12202998447953217
6528,1,0.07284736528940206
6530,1,0.12249913102718651
6531,1,0.1041474712249359
6540,1,0.08601023581485429
6560,-1,-0.1775750958439578
6574,1,0.08302954085014036
6584,1,0.11627421513119945
6592,1,0.09215577109511125
659,1,0.11570472423655698
6605,1,0.10241842343027907
660,1,0.09629651946157108
6616,1,0.11997101646270886
6623,1,0.09801050949208334
6636,1,0.12875574804909629
6637,1,0.07890488084690389
6638,1,0.06923267494535501
6646,1,0.10565377693061068
6653,1,0.05983577714909227
6659,1,0.08821354983460905
6662,1,0.12227240685364776
6671,1,0.08907358039275687
6672,1,0.12265476810446752
6680,1,0.07396270556160012
6700,1,0.06803347697358092
6706,1,0.11657165951722614
6725,-1,-0.026602928303984363
6728,1,0.08007794262093149
6732,1,0.11910777344620838
6760,1,0.12781369581655483
6762,1,0.10379866214047961
6786,1,0.09127924622234734
6787,1,0.10556797310622851
6794,1,0.12786568995202946
6800,1,0.10728029772120595
6803,1,0.11978621227613095
6805,-1,-0.05917131532408981
6811,1,0.10922021609942001
6813,1,0.11945306006583373
6821,1,0.0990290763547863
6861,1,0.09295009761426287
6862,1,0.12851251094646687
6863,1,0.12425266926155765
686,1,0.08013724719531584
6913,1,0.1187157907886417
6917,1,0.11562505204615342
6954,1,0.044633312983247575
6959,1,0.09279721583986011
6976,1,0.12273860299039357
6985,1,0.06040629396068248
6989,1,0.0727478947746471
698,1,0.0979532654691675
6990,-1,-0.05719171777854548
7018,1,0.07337352228925242
7025,1,0.08729933459291878
7031,1,0.10865683080995864
7074,1,0.1176042216468936
7085,1,0.05468956388110807
70,1,0.07189409498043348
7123,1,0.06574163616580775
7151,1,0.09661279534610828
7213,1,0.09314387408822727
7230,1,0.11496233881997353
7274,1,0.03884492894349656
72,1,0.11900447570036282
7356,1,0.13043368254228782
737,1,0.07016330040875202
7404,1,0.09527973210692642
7468,-1,-0.06227054955426814
7493,1,0.1219938849195048
7506,1,0.12549565943988156
7514,1,0.126777446426886
7526,1,0.11363138298431136
7542,1,0.06958854563000033
7551,-1,-0.14385187118391196
7590,1,0.049524109715349096
7593,1,0.09698920893737034
7599,1,0.12189347170994114
7613,1,0.038526557720143684
7614,1,0.0946116051884025
7631,1,0.0720403427080295
763,1,0.12790781307889887
7646,1,0.03725806605471216
7658,1,0.11516845403403175
7659,1,0.07707951872879598
7675,1,0.09984537006791122
769,1,0.10002188562171155
7714,1,0.11580441379216522
7759,-1,-0.19485903465715693
7789,1,0.05469343944162691
7799,1,0.08565594619563421
77,1,0.03495649375587756
7848,1,0.12912851301397738
7886,1,0.0729063943825643
7888,-1,-0.012919889554594
7900,1,0.06839635385164944
7909,1,0.03671605564409208
8011,1,0.07462892342479921
8018,1,0.08640838768956638
8021,1,0.12483121891472643
8028,1,0.0998929516808521
8033,1,0.08811354916814645
8035,1,0.07577022274417583
803,1,0.11371518355777316
8056,1,0.045258872460518906
8063,1,0.1029078979368519
8067,1,0.11987401650991275
8074,1,0.12770793521085988
8083,1,0.09900700555953335
8094,1,0.06450126772867709
8101,1,0.04814705355163901
8108,-1,-0.09327755705507967
8110,-1,-0.11422555981708249
8117,1,0.022088572195766654
8118,1,0.11921249171267223
8120,1,0.06529589761277199
8121,1,0.08114155714619026
8126,-1,-0.04874128846787229
8136,1,0.06384327518889782
8140,1,0.1267521250013276
8141,1,0.010323148113833669
8144,-1,-0.06502147667229641
8149,1,0.09543600335830604
8162,1,0.08705078651259907
8165,1,0.12528587346003411
8172,1,0.11472884200281103
8183,1,0.059472415394587086
8191,1,0.08300046294975727
8197,-1,-0.01926490254858826
81,1,0.05954503591127519
8200,1,0.09634496050459052
8205,1,0.13270660737822965
8207,1,0.11623340273084465
8210,1,0.11558620641284889
8214,1,0.05369681455135994
8218,-1,-0.08969005408245734
8231,1,0.1270871403491784
8232,1,0.03877215249675359
8234,1,0.12268350057006372
8235,1,0.10198217991075742
823,1,0.08579748249441388
8243,-1,-0.16128588314445014
8250,1,0.07001762069098394
8251,1,0.02880327638210689
8252,1,0.08798047526118297
8255,1,0.10093636429342762
8268,1,0.053748365181563285
8273,1,0.06823138820964036
8274,1,0.07028909956519153
8276,1,0.08619458716137407
8282,1,0.09148708208580325
8295,1,0.09013604504551931
8296,-1,-0.029410695010954946
8317,1,0.10799823315473017
8321,1,0.10570555922525626
8322,1,0.10891701355825473
8323,1,0.12099083429374274
8333,1,0.12647428468020477
8383,1,0.10268147072789807
8386,1,0.13118707156769754
8387,1,0.09177275413318686
8390,1,0.12202108323479127
8397,1,0.11283572081052307
8403,1,0.040575764466905306
8405,1,0.08448522719137375
8421,1,0.09634424316217344
8426,1,0.020836957381635934
8432,1,0.09970628060600795
8439,1,0.11258096958355068
845,1,0.026166880410476046
8468,-1,-0.06022047577513179
847,1,0.12001812263374173
8487,-1,-0.047324473147419055
8491,1,0.12128762427238066
8499,1,0.10031128008366674
8503,1,0.11199304886961703
8506,-1,-0.04806130842025569
8507,1,0.12684848258281534
8510,1,0.11751099954153726
8511,1,0.1307082218690208
8513,1,0.09059149721520665
8519,1,0.1280692128508778
8522,1,0.06858969395827907
8527,1,0.07666246588420855
8531,-1,-0.10848324603403303
8532,1,0.03823494375092984
8533,1,0.05527411493294759
8534,1,0.12077513216455937
8536,-1,-0.01438758906359583
8537,1,0.11701402346695167
8541,1,0.11352579608575175
8544,1,0.12708662679792032
8546,1,0.10371358413408227
8552,1,0.11894512196630469
855,1,0.004122258144859892
8560,1,0.06644341642198182
8564,-1,-0.07874853211732324
8569,1,0.12286322330995486
8572,1,0.12557764679652889
8576,1,0.08910193615321849
8584,1,0.056864307072241216
8594,1,0.0904975478641265
8595,1,0.026522618539285003
8604,1,0.11901430072788888
861,1,0.07374047401146872
8632,1,0.12304708719350238
8637,1,0.12954495359528317
8640,1,0.12624143181204095
8647,1,0.10503371237736692
8660,1,0.12432685334656224
8661,1,0.04619862002993014
8663,1,0.10492399288653165
8668,1,0.09939118389191492
8672,1,0.11877631260951199
8681,-1,-0.041557391795329246
8693,1,0.10621418678943162
8695,1,0.06313948459532637
8698,1,0.10200239373836356
8700,1,0.023373350913985735
8725,-1,-0.07110974460991859
8728,1,0.11333232104245
872,-1,-0.1214667574394509
8730,-1,-0.14581707325878357
8735,1,0.07636338937781617
8738,1,0.12863653365417244
873,1,0.12218019334470515
8745,1,0.11794239804555079
8751,1,0.12139421183813998
8752,1,0.051798824702130986
8760,1,0.12218658892272738
8761,1,0.11396666337043976
8762,1,0.12591621347367193
876,-1,-0.027992829639914674
8772,1,0.08825134587284073
8774,1,0.1287405500728182
8775,1,0.056338178326202526
877,-1,-0.08550615319821586
8785,1,0.12240786931134634
8798,1,0.10024745639014898
8799,-1,-0.04011859991568045
879,-1,-0.055664407613614464
8811,1,0.08803878029666473
8816,1,0.12112636678817196
8821,1,0.13186843670115228
8822,1,0.11395300035494105
8824,1,0.09348018965362254
8833,-1,-0.03923624314646479
8840,1,0.1215563665964694
8842,1,0.08962560418595922
8843,1,0.12705607473514358
8845,1,0.008422254538573815
8848,1,0.06946972046351352
8850,1,0.10721026119538074
8851,1,0.12873413712861242
8853,1,0.04292821187579077
8857,1,0.11706264374155778
8858,1,0.10469947372506
8863,1,0.06918585840108243
8865,1,0.007567878659223537
8866,-1,-0.15973935821950813
8867,1,0.048727173600536244
8870,1,0.12161565395389617
8879,1,0.09784727318958764
8888,1,0.12333873534328077
8892,1,0.01745353297147101
8893,1,0.09104504962603943
8896,1,0.062388815063475045
8898,1,0.044806729693740555
889,-1,-0.006171335950098666
88,1,0.09415537015171899
8903,1,0.10388457786053318
8904,1,0.11298333076986189
893,1,0.07225963473687658
8941,1,0.12929730344432572
8942,1,0.12428556755417297
8943,1,0.08515898683910755
8946,1,0.12176573078596303
8975,-1,-0.08369160578575074
8980,1,0.07527610824820391
898,1,0.10545640292241337
899,1,0.0822348226070777
89,1,0.11405277993922502
90040,1,0.09477370481305264
9005,1,0.1069690282989002
9007,1,0.0737621354422226
90140,1,0.09985849048383855
90141,1,0.00975800267700061
90146,1,0.07827871694385374
90169,1,0.0942843500236385
90173,1,0.07870724247571265
90175,1,0.09572022631344479
90181,-1,-0.043009934963155416
90183,1,0.05441456501273456
90188,1,0.0019953522663822
90190,1,0.10226900034510467
90191,1,0.1288723056819585
90196,1,0.09339458077619989
90203,-1,-0.01836622932238008
90206,1,0.10759420252422819
90208,1,0.08672361583241561
90211,-1,-0.01728402114682337
90213,1,0.0872561474231403
90215,1,0.11842894655149283
90227,1,0.1188417137325577
90229,1,0.07614978157028157
90234,1,0.12383505057894839
90235,1,0.10489040071113842
9023,1,0.13158365397810567
90245,1,0.12336505582745982
9024,1,0.12921778086441388
90251,-1,-0.07174649218849427
90253,1,0.1047359709798823
90258,1,0.1098622468703328
90259,1,0.08898805071341226
90268,1,0.1351252296797174
90282,1,0.057494550788077525
90290,1,0.11185884926040307
90291,1,0.09196123441272891
90297,1,0.11957367068828806
902,1,0.11041505852423189
90300,1,0.10269001392006316
90303,1,0.10821870679574291
90308,1,0.05890229291419302
9030,1,0.12963769541309084
90311,1,0.07443435077283433
9036,-1,-0.00016212123963477154
9037,1,0.11979705198906826
90384,1,0.07811513533560516
903,1,0.11785715766851013
9047,1,0.05315424008307246
9057,1,0.05012438879970088
9064,1,0.0602823718983711
9068,1,0.0826240573063069
9069,1,0.10194721992099631
9070,-1,-0.00953057365888077
9079,1,0.09571737922161033
9080,1,0.11968445406572215
9096,1,0.08309401608818467
9099,1,0.11629062689043818
90,-1,-0.023925266435580128
91005,-1,-0.016924101481367915
9100,1,0.1000348691521083
9105,1,0.08188626374443753
9106,1,0.12736259021382562
9120,1,0.04568378129958528
9121,1,0.09269390535877864
9123,-1,-0.1871721933544198
91280,1,0.10188876254283985
9137,1,0.12352345450083513
9139,1,0.12399438004628394
9155,1,0.11735314117202605
9168,1,0.11308629770174583
9172,1,0.12090609383656103
9176,-1,-0.06811960248089899
9179,-1,-0.013278491879254006
9189,1,0.12339987982800249
9196,1,0.12914323836642444
9204,1,0.03957513413909736
9244,1,0.12647838692280372
9245,1,0.12041341567626901
9259,1,0.10219421729832245
925,1,0.12315722004386381
9263,1,0.0985956649893126
9265,1,0.08707321278286811
926,1,0.07124183135311163
9273,1,0.11852774875015382
9274,1,0.09068491265125722
9288,1,0.10946962380313296
9295,1,0.10535025566275097
9298,1,0.12477722974415972
9299,1,0.04897205421390033
9300,1,0.020024324172136454
9306,1,0.1241557998692584
9309,1,0.130239930792664
9310,1,0.12598554404021312
9313,-1,-0.0007904595106996704
9315,1,0.08535651762013946
9319,1,0.12812897092940523
931,1,0.11069898646856718
9320,1,0.08348347378807935
9322,1,0.11578890234253231
9323,1,0.10149289416082052
9325,1,0.05167587835516607
9326,1,0.0909792426592928
9327,1,0.07589484624515275
9328,1,0.026673069252711346
9330,1,0.0940442615090607
9332,1,0.07919828064675521
9336,-1,-0.1304979881292122
9337,1,0.002913672728197314
9340,1,0.08859208460043666
9349,1,0.04857688366026691
9351,1,0.10817392987049179
9354,1,0.1077551025530411
9356,1,0.12685320510758424
9359,1,0.11156149687871547
9366,-1,-0.18912550062307554
9369,1,0.09201702416183061
9378,1,0.0349546678436613
9385,1,0.10186329748870399
9388,-1,-0.00881393074835679
9392,1,0.03870809463668595
9396,-1,-0.15809117914468096
93,1,0.1202080276816429
9406,-1,-0.01371553075610965
9410,1,0.11975271676764121
9417,1,0.021472706458588897
9420,1,0.02810393884366924
9422,1,0.0845746327090437
9423,1,0.09396969049007797
9437,1,0.11862134637029254
9438,1,0.06463419488195099
9439,1,0.1080364996006592
9450,-1,-0.19805876946801504
9457,1,0.1055558780326259
9462,1,0.10495872794976918
9463,1,0.12206269814970061
9465,1,0.0863341683639669
9467,1,0.05945307391007526
9472,1,0.1058226621205764
9486,1,0.12246908089340386
9489,1,0.05517512860955609
9499,1,0.1056676151622411
9502,1,0.12309164058435745
9507,1,0.10534059032947768
950,1,0.12053883588273517
9517,1,0.12846069692238982
951,1,0.09703011361279512
9523,1,0.12589989103296467
9526,1,0.12774679764271069
9529,1,0.07495853688146153
9536,1,0.13266727867898181
953,1,0.10957086479201456
954,1,0.11484098009248445
955,1,0.1221070758439039
956,1,0.12705964982453177
958,1,0.09702322438088318
9614,1,0.09341983103317614
9615,1,0.03567025912363264
9620,1,0.11373280803555058
9622,1,0.11609287447122674
9631,1,0.11450129625469235
9632,1,0.024078654614542616
963,1,0.0726179106887399
9647,1,0.11908046325894711
9658,1,0.09844622654843582
9659,1,0.1087677154821754
9661,1,0.016020320940809907
9665,1,0.08106750687226272
9669,1,0.07979495286319666
966,-1,-0.07071111686301246
9672,1,0.10748554656317788
9678,1,0.09906086908975686
968,1,0.08774379216392758
969,1,0.09470278030127338
9712,1,0.1164241994594084
9727,-1,-0.03288406967274482
9728,1,0.09514627806935516
9733,1,0.07673845477687602
9735,1,0.12628105916411642
9737,1,0.11022813633346046
9745,1,0.1207577121065122
9746,-1,-0.06940185820949796
9747,1,0.09817238408450707
9751,1,0.1295510970978983
9752,1,0.08024265195572877
9760,-1,-0.04337477467242734
976,1,0.12510576249896604
9770,1,0.12198853633270584
9773,1,0.022664231596272566
9775,1,0.1008012642883343
9777,-1,-0.160219273487619
977,1,0.088459482704353
9788,1,0.10983394995251444
9791,1,0.12976998088327318
9794,1,0.12845262407559555
9797,1,0.130184215451348
9803,1,0.04298725529987235
9812,1,0.09225250135135227
9818,1,0.0974807855725131
9819,-1,-0.0015148366227090149
9822,1,0.10868741784902636
982,1,0.12943053039463465
9831,1,0.06853837781649641
983,-1,-0.050009485051269786
9846,1,0.105936385399301
9871,1,0.12859752354869652
9875,-1,-0.16629223490795408
9879,1,0.12625792253774704
9881,1,0.03639120720166533
9888,1,0.08971934594698605
9889,1,0.12758146544129734
9923,-1,-0.055638327344746275
9932,1,0.10170327909104077
9935,1,0.09480365542249186
9963,1,0.12077206400020285
9967,1,0.06907702207301514
9978,1,0.020985057035817045
9986,1,0.07854543226705324
9997,1,0.08379300500786796
9998,1,0.07358561511793826
999,1,0.11696325215154246
99,1,0.05887187346195255
