CERT,Capital_Ratio,Net_Interest_Margin,Texas_Ratio,Charge_Off_Ratio,Risk_Cluster
10004,0.0887275098090813,0.027512558373361716,0.16692488159001373,0.0,Cluster 1
10012,0.11581339139014996,0.025681994088705626,0.010552233556102708,0.0,Cluster 1
10015,0.11593806803146053,0.0276602851924637,0.09350795135640785,0.0,Cluster 1
10044,0.19229777074809587,0.026334243560664064,0.06479645554195683,0.0,Cluster 1
10055,0.1053885121585517,0.03201453719757878,0.0,0.0,Cluster 1
10057,0.21672980190026703,0.025498354343911074,0.007277936962750716,0.0,Cluster 1
1005,0.08470736608213165,0.02096807901400767,0.01847718121522178,0.0,Cluster 1
10072,0.09907345239693836,0.025023499395729825,0.037611818921116834,0.0,Cluster 1
10074,0.09735060305047223,0.03128099708178198,0.01299468399291199,0.0,Cluster 1
10075,0.1112475442043222,0.025560740013097577,0.0,0.0,Cluster 1
10077,0.2940485721910862,0.025647184414198027,0.0,0.0,Cluster 1
1008,0.12348356009070295,0.032171201814058956,0.1597612762538735,0.0,Cluster 1
10101,0.10576003361022338,0.030516369687983734,0.01739398731125981,0.0,Cluster 1
10111,0.12253281717329019,0.025522255733966586,0.03525366904998119,0.0,Cluster 1
10118,0.10678329054046856,0.022980301077101733,0.09807442881372842,0.0,Cluster 1
10120,0.16785773094022724,0.01521488555903178,0.1079066117323916,0.0,Cluster 1
10121,0.21153116201073008,0.024117203832012372,2.6782366489903047e-05,0.0,Cluster 1
10122,0.0989940186077991,0.020879937065733788,0.0,0.0,Cluster 1
10125,0.09088063076120355,0.01847643341642994,0.0,0.0,Cluster 1
10127,0.12587232538121004,0.028786737579931138,0.024515341169287132,0.0,Cluster 1
10132,0.10918907548294358,0.026217438558356416,0.0,0.0,Cluster 1
10137,0.11618105642546017,0.027579505960611383,0.1524303073624017,0.0,Cluster 1
10145,0.3032472939217319,0.03234804329725229,0.0,0.0,Cluster 1
1014,0.08784640387718368,0.02384607767182576,0.046127893437165966,0.0,Cluster 1
10157,0.08790305857957491,0.023698807672369104,0.005779494589095627,0.0,Cluster 1
10159,0.09302139928903833,0.025921456109621464,0.0020950073199050936,0.0,Cluster 1
10162,0.11243914119243355,0.029820815707558464,0.03318544809228039,0.0,Cluster 1
10163,0.1036798154753006,0.03015184845054781,0.009516747002842664,0.0,Cluster 1
10165,0.09677746734484323,0.030792559161353487,0.08373943618530627,0.0,Cluster 1
10167,0.13504446816079688,0.023315546069014585,0.02191723084218013,0.0,Cluster 1
10168,0.09314457456204449,0.02727809936522662,0.0005457398185415103,0.0,Cluster 1
10169,0.09204628181100045,0.03078329022165084,0.0,0.0,Cluster 1
10174,0.08296836098642485,0.03277481963399786,0.0,0.0,Cluster 1
10175,0.11147889205267376,0.028506642862262416,0.10403880998304986,0.0,Cluster 1
10178,0.1011635333648052,0.03231420029065193,0.07008875468935859,0.0,Cluster 1
10185,0.12600290999792144,0.035058546386752584,0.028593423512592104,0.0,Cluster 1
10187,0.17133943427620632,0.022296173044925125,0.026705511046370478,0.0,Cluster 1
10191,0.11925528430705666,0.03651525457889301,0.05006760182524928,0.0,Cluster 1
10194,0.08142056156642867,0.024453545928424372,0.004303967720242098,0.0,Cluster 1
10197,0.08583419512244099,0.02329340656030683,0.16130541583810973,0.0,Cluster 1
10200,0.13573873970257835,0.03276452337648443,0.0,0.0,Cluster 1
10202,0.09288171165393809,0.030128840436075322,0.2513181019332162,0.0,Cluster 1
10212,0.1266524130013394,0.020157566782858998,0.07369942196531792,0.0,Cluster 1
10214,0.12660866153188224,0.02383287996155525,0.010498916156665419,0.0,Cluster 1
10218,0.08440785093354089,0.021112121808878094,0.031885346072658596,0.0,Cluster 1
1022,0.12410502685701065,0.015148104376535914,0.025016375270821786,0.0,Cluster 1
10236,0.10956949844750902,0.0279168648074072,0.2149093694153689,0.0,Cluster 1
10243,0.09427144980287806,0.030115603335498856,0.12848107240630605,0.0,Cluster 1
10248,0.09203102372264604,0.028373106366319817,0.1632541032051,0.0,Cluster 1
10250,0.09354828367460351,0.025167785234899327,0.04769520763123322,0.0,Cluster 1
10253,0.13505908006011139,0.02896543595485753,0.0,0.0,Cluster 1
10255,0.08426455286532326,0.017815100571709454,0.00013629363099862345,0.0,Cluster 1
10266,0.13155730172551452,0.02379625249697952,0.013924514474166361,0.0,Cluster 1
1027,0.08373927481709023,0.02732185078409522,0.18029896040517543,0.0,Cluster 1
10280,0.15178537169343637,0.03215434083601286,0.17488245108448355,0.0,Cluster 1
1028,0.10210787352758835,0.028537662740235586,0.05111566484517304,0.0,Cluster 1
10307,0.10806882684166341,0.033394537673204785,0.03105329250466453,0.0,Cluster 1
10308,0.09582948292275187,0.027350530544010772,0.07627299335155356,0.0,Cluster 1
10315,0.08422683607065386,0.02454291911992563,0.014256806475349522,0.0,Cluster 1
10317,0.15464696530440475,0.02422893481717011,0.014537626085484144,0.0,Cluster 1
10319,0.09329727024422449,0.023490701153770385,0.22119500085601781,0.0,Cluster 1
10327,0.17844958721625734,0.04071716560086249,0.05478771828188364,0.0,Cluster 1
10330,0.10485818101216722,0.03386556684055952,0.22595500528461424,0.0,Cluster 1
10344,0.13410555181896797,0.02872512536323527,0.005964195462951309,0.0,Cluster 1
10345,0.10538010831822599,0.02807408375624421,0.0,0.0,Cluster 1
10352,0.11333584479186287,0.03642870597099265,0.006481635366461692,0.0,Cluster 1
10363,0.11129881619255937,0.03032150419135646,0.008580734478768868,0.0,Cluster 1
10374,0.13527920220996265,0.023817046200209007,0.008024432600754536,0.0,Cluster 1
10378,0.08963929082454511,0.02752623794562684,0.07132960072390002,0.0,Cluster 1
10380,0.11573944917628737,0.024826609156783166,0.009557744707608468,0.0,Cluster 1
10382,0.11636794862010462,0.027210445053687058,0.06381798002219756,0.0,Cluster 1
10383,0.09705861893057552,0.019997603920295568,0.013458360707957555,0.0,Cluster 1
10384,0.09024908994232893,0.028020427361913722,0.12009970541581691,0.0,Cluster 1
10407,0.1981188902657304,0.023113727110009637,0.005994005994005994,0.0,Cluster 1
10434,0.11797749160643431,0.018128153675310253,0.20300544944129464,0.0,Cluster 1
10437,0.11836928852433724,0.024748656501504204,0.06429890300858043,0.0,Cluster 1
10438,0.11591179253293224,0.023066721654819954,0.11584344914190038,0.0,Cluster 1
10446,0.10636754074745912,0.031040093899218395,0.008426543612378995,0.0,Cluster 1
10458,0.09141888265810084,0.027066335855895095,0.05785264590777608,0.0,Cluster 1
10460,0.1407712706476245,0.03872328189399022,0.0027559821023279943,0.0,Cluster 1
10463,0.07911734232744748,0.018429116240107575,0.014488715519643355,0.0,Cluster 1
10464,0.07726465364120781,0.020091302857498987,0.0038314176245210726,0.0,Cluster 1
10467,0.13039924682123386,0.03432239775701708,0.010036496350364963,0.0,Cluster 1
10469,0.18601385148133898,0.02449018853405156,0.028648257317199298,0.0,Cluster 1
10471,0.09544142513108678,0.0198807836171412,0.0,0.0,Cluster 1
10473,0.08843937653508158,0.026032181847047507,0.011510031678986272,0.0,Cluster 1
10474,0.10264618106436971,0.024793148432753136,0.13174903701769275,0.0,Cluster 1
1047,0.10850601959302855,0.024527225939598014,0.018799040174299637,0.0,Cluster 1
10492,0.13317407441083842,0.023450738570141433,0.0,0.0,Cluster 1
10494,0.1337448900216812,0.02029647528728974,0.026275625953883594,0.0,Cluster 1
10497,0.11730809527135573,0.023797882637024915,0.015098030876536384,0.0,Cluster 1
1049,0.13589179100444265,0.024504840796001976,0.010420257192098634,0.0,Cluster 1
10500,0.1357682185248225,0.02009492603117713,0.013917269564256917,0.0,Cluster 1
10503,0.15861109790309544,0.01960201607151348,0.0,0.0,Cluster 1
10505,0.10471952270322743,0.02353762420514163,0.030048953234038122,0.0,Cluster 1
10520,0.08134088134088134,0.03287379287379288,0.0022379912663755457,0.0,Cluster 1
10523,0.11820899277722624,0.015654357047332278,0.007657959882469981,0.0,Cluster 1
10528,0.13381512806408924,0.03332988416231436,0.032965691262056895,0.0,Cluster 1
10531,0.09953161592505855,0.03048190367836642,0.1190202263870848,0.0,Cluster 1
10532,0.11556024320635315,0.03270877280059561,0.1323687318801675,0.0,Cluster 1
10533,0.1145893157316424,0.02950748307882736,0.07018949102892713,0.0,Cluster 1
10561,0.11506582155046319,0.028762215674220423,0.007553426676492263,0.0,Cluster 1
10567,0.08116308978377944,0.03456313801141387,0.02574894775934637,0.0,Cluster 1
10571,0.1186949055523755,0.026445334859759587,0.008680555555555556,0.0,Cluster 1
10576,0.0828091823244261,0.025973852543300882,0.004031607805192711,0.0,Cluster 1
1058,0.11109654512261974,0.024287575081430767,0.04634592402129432,0.0,Cluster 1
10594,0.12380423574204807,0.0325295470770207,0.10834187596104562,0.0,Cluster 1
10595,0.09458254688566724,0.03391028472752098,0.051205842391304345,0.0,Cluster 1
105,0.0831804885145562,0.028634372678101018,0.17090386657505152,0.0,Cluster 1
10608,0.08473168793114698,0.030007533023708264,0.11268230078170575,0.0,Cluster 1
1060,0.11218460086355714,0.02551674746128275,0.005070260376690087,0.0,Cluster 1
10618,0.11095334259621188,0.02972814964403855,0.07200380991922238,0.0,Cluster 1
10619,0.10547311387987426,0.02644050820581857,0.02423880479149495,0.0,Cluster 1
10623,0.08853208371665133,0.026312385004599818,0.13524922877090437,0.0,Cluster 1
10626,0.14877926316450135,0.029184710977217098,0.0,0.0,Cluster 1
10628,0.08319975574383635,0.025135485840775514,9.174311926605505e-05,0.0,Cluster 1
10634,0.10244626043204567,0.02056643311584438,0.006120932861160106,0.0,Cluster 1
10635,0.08761948111060537,0.031133363677742377,0.0,0.0,Cluster 1
10639,0.09437968072969226,0.025063707332556768,0.0031410622501427754,0.0,Cluster 1
10641,0.09902166837161722,0.02981493536687436,0.0007701121358402675,0.0,Cluster 1
10643,0.08949423743320593,0.024889295712697854,0.003984963404752733,0.0,Cluster 1
10647,0.12096490198380092,0.03229545721328794,0.04002911208151383,0.0,Cluster 1
10663,0.09816688114128906,0.020693534229297518,0.0087160343779842,0.0,Cluster 1
10667,0.08575279536015808,0.027170420522095527,0.04427134129076506,0.0,Cluster 1
10672,0.12006793240466451,0.027205372364216218,0.007234249311666577,0.0,Cluster 1
10674,0.11827859760802469,0.03945433063271605,0.0,0.0,Cluster 1
10677,0.09773395111770916,0.027274472286489677,0.006915860512734794,0.0,Cluster 1
10685,0.08197448839307106,0.01571924047254198,0.015603852415605813,0.0,Cluster 1
1068,0.15621226247809947,0.03020136004422072,0.050236223521666734,0.0,Cluster 1
10704,0.16624338624338625,0.027592592592592592,0.0,0.0,Cluster 1
10709,0.10836808916184308,0.02689251889216302,0.12458951139416857,0.0,Cluster 1
10719,0.10375156271884547,0.014517074486572289,0.0014749631259218519,0.0,Cluster 1
1073,0.16072243475739004,0.029369303666551515,0.02084397534811827,0.0,Cluster 1
10741,0.0989617479825011,0.03242302511592424,0.04468802698145025,0.0,Cluster 1
10788,0.13747762389297155,0.018607499528924064,0.09003298068274296,0.0,Cluster 1
10791,0.16027257768666378,0.020048823910228743,0.0639555677108535,0.0,Cluster 1
10799,0.13512422497366644,0.028654686741136474,0.013210101293002848,0.0,Cluster 1
107,0.11692661368635922,0.023979864840761807,0.001864406779661017,0.0,Cluster 1
10803,0.09336375736832098,0.03153324459656462,0.0,0.0,Cluster 1
10804,0.11445348257410563,0.024239221844324213,0.0024709018791859026,0.0,Cluster 1
10809,0.1136145294844229,0.01891669335285237,0.0018119589289309443,0.0,Cluster 1
10820,0.14890838143764715,0.023348060240575317,0.03410936654033568,0.0,Cluster 1
10821,0.13436600119822972,0.02413853081576252,0.13750449478604818,0.0,Cluster 1
10829,0.09488703359998621,0.030864476965891282,0.015993457222045527,0.0,Cluster 1
10831,0.1677163510228884,0.025853883937613936,0.000943520842375408,0.0,Cluster 1
10840,0.11874367556628007,0.036389818634700706,0.0,0.0,Cluster 1
10843,0.14935310994424295,0.02622746711416662,0.05056179775280899,0.0,Cluster 1
10844,0.11609604539720954,0.02825770876329194,0.020568964087252218,0.0,Cluster 1
10845,0.1014965939879828,0.024478841699501704,0.04181052631578947,0.0,Cluster 1
10849,0.09417083366404741,0.023768420774135515,0.03796312554872695,0.0,Cluster 1
10853,0.10999029911725992,0.027347633749411307,0.18195791399817018,0.0,Cluster 1
10855,0.10097285379633457,0.027234394377842083,0.015830558436595882,0.0,Cluster 1
10858,0.15585686805236368,0.018938426706160735,0.0,0.0,Cluster 1
10860,0.11265388695630721,0.029857153430538082,0.21974508343918356,0.0,Cluster 1
1086,0.14281023638009258,0.02575084013579221,0.0,0.0,Cluster 1
10871,0.15627733015760778,0.03375448912376026,0.03708995653985831,0.0,Cluster 1
10878,0.12971087521951397,0.03150741972276367,0.0,0.0,Cluster 1
10883,0.10682534522480247,0.015754783206833354,0.03673811413954309,0.0,Cluster 1
10886,0.0948733404429607,0.035515679819477286,0.06719992180372736,0.0,Cluster 1
10903,0.10392188343817961,0.014334870754455359,0.055179073033707865,0.0,Cluster 1
10906,0.10263799190163357,0.021292958868823143,0.004062471788390358,0.0,Cluster 1
10907,0.11746112628285257,0.0223356343070672,0.0401500259834158,0.0,Cluster 1
1090,0.13152547123537242,0.027939177352673254,4.2621204049014384e-05,0.0,Cluster 1
10918,0.13829577732754333,0.02566447594602082,0.17478821229454783,0.0,Cluster 1
10919,0.17894524621562138,0.025545605752591523,0.0001408318467749507,0.0,Cluster 1
10920,0.21020103681740493,0.02465038101623214,0.0021338244873205904,0.0,Cluster 1
10928,0.11496030376251294,0.02579910251984812,0.014592841700696612,0.0,Cluster 1
1092,0.10527107437022062,0.03146039023157591,0.06229639366748586,0.0,Cluster 1
10956,0.10395037794726594,0.031613226878895326,0.03826019385710196,0.0,Cluster 1
10958,0.09287799389545401,0.02494103197532415,0.022725696451277307,0.0,Cluster 1
1095,0.09285662857554282,0.031151065077193667,0.0032787611599725294,0.0,Cluster 1
10960,0.12448990755429135,0.023685793993764016,0.0,0.0,Cluster 1
10962,0.0950555140194389,0.03524750416804935,0.13560462670872767,0.0,Cluster 1
10965,0.11567990753862877,0.031322665419171974,0.008742194469223908,0.0,Cluster 1
10967,0.10086284862261984,0.02440419447092469,0.0,0.0,Cluster 1
10969,0.08570817801648696,0.0336419629377263,0.1730319563522993,0.0,Cluster 1
10971,0.08682476309586801,0.025432405873985556,0.04352987732489118,0.0,Cluster 1
10973,0.10085840015260447,0.023939168700296658,0.0006130488091200794,0.0,Cluster 1
10976,0.11176838176306167,0.02834004678303313,0.0,0.0,Cluster 1
10980,0.09204344345187931,0.02437636945895837,0.00011444921316165951,0.0,Cluster 1
10982,0.16092722371967655,0.021714285714285714,0.0,0.0,Cluster 1
10984,0.10295507617035472,0.033790170132325145,0.15161333873363034,0.0,Cluster 1
10989,0.10798280455484527,0.027904339902197428,0.0032853415788965117,0.0,Cluster 1
1098,0.10688563078540946,0.015089448391396323,0.0,0.0,Cluster 1
10993,0.09875809860614182,0.022517233281299644,0.011190376276402294,0.0,Cluster 1
10998,0.07668414677571357,0.020814533993258694,0.0009324357085578949,0.0,Cluster 1
109,0.11698241693580644,0.027639029840631785,0.08508533966316266,0.0,Cluster 1
11002,0.1357507484365732,0.03037181301462312,0.06791440170646115,0.0,Cluster 1
11003,0.13513615647980892,0.01791990083968831,0.008053691275167786,0.0,Cluster 1
1100,0.08660138070314882,0.02358992816544443,0.014430847379358116,0.0,Cluster 1
11013,0.1991065653543212,0.014537958882662653,0.001851964296557168,0.0,Cluster 1
11035,0.09718241409849919,0.019855262637691582,0.11642986422834876,0.0,Cluster 1
1105,0.0916471412629478,0.02329784454072794,0.07294377831772543,0.0,Cluster 1
11063,0.09382116680319257,0.022061440941471135,0.07387090875845675,3.002140097012013e-05,Cluster 0
110,0.1313052214761965,0.02848383384269226,0.027409792543029606,0.0,Cluster 1
11112,0.08498095141930759,0.02614952614952615,0.14248735200788348,0.0,Cluster 1
11113,0.20498574473144035,0.02430048840927781,0.03953347309276266,0.0,Cluster 1
11124,0.11315483390405497,0.02666362698499485,0.044687856877812245,0.0,Cluster 1
11133,0.08190668407930667,0.017250385848272588,0.0,0.0,Cluster 1
11159,0.10152378452501097,0.030968985757796556,0.03539428520483217,0.0,Cluster 1
11175,0.12543226428822524,0.04536424653166668,0.2621390862282474,0.0,Cluster 1
11178,0.08266799316367254,0.02079192783977985,0.2660023737889536,0.0,Cluster 1
1117,0.11313991999932681,0.02562179708974163,0.03252409556851542,0.0,Cluster 1
11181,0.10685660018993352,0.024433048433048433,0.019480981158905085,0.0,Cluster 1
1118,0.12424634392869513,0.019098510711988523,0.0,0.0,Cluster 1
11225,0.10392258709913238,0.025554208909665713,0.004257682339874121,0.0,Cluster 1
11228,0.1771125040703354,0.024383344187561055,0.0,0.0,Cluster 1
1122,0.09427869905186416,0.028270313149246402,0.020562215526636323,0.0,Cluster 1
11232,0.08933371435715626,0.028612507702337045,0.001699405208177138,0.0,Cluster 1
11235,0.13639215194240994,0.021212026160191966,0.02455010636462945,0.0,Cluster 1
11236,0.09513114903203689,0.028095958641894035,0.07031631309045444,0.0,Cluster 1
11241,0.11998012776856436,0.02992905512232983,0.03150529488170679,0.0,Cluster 1
11242,0.23379178858721694,0.028501371287582965,0.03388426148009245,0.0,Cluster 1
11243,0.12178525671072779,0.031905252960844975,0.1237410994932324,0.0,Cluster 1
11252,0.310907632787232,0.032105119369706794,0.0328807505881686,0.0,Cluster 1
11259,0.12869435678303312,0.033486876923378484,0.002589253076641891,0.0,Cluster 1
1125,0.173614574609239,0.030508059886888685,0.013360795685519932,0.0,Cluster 1
11261,0.1255702457101623,0.032031603537052214,0.026200448037401382,0.0,Cluster 1
11295,0.11496703769635556,0.03519483949216534,0.006529692019737961,0.0,Cluster 1
11299,0.08988952175049716,0.04143889034130465,0.22179013757720337,0.0,Cluster 1
11302,0.18237751368155175,0.025776367345617047,0.005681818181818182,0.0,Cluster 1
11306,0.09952424105120072,0.020192743369000732,0.0,0.0,Cluster 1
11307,0.16023143374066826,0.0318190519120453,0.023276426837257697,0.0,Cluster 1
11310,0.08824904631841846,0.023692358572870397,0.04626369011081317,0.0,Cluster 1
11317,0.10586963085716693,0.034267015890626425,0.2213968296080122,0.0,Cluster 1
11319,0.07509834351193334,0.024324434966747424,0.23484810942068488,0.0,Cluster 1
11324,0.10022803140721237,0.02676430485683389,0.0,0.0,Cluster 1
11343,0.14836348775866554,0.02288516550878627,0.026543132590459498,0.0,Cluster 1
11347,0.11969549221650114,0.024492297244978874,0.08184868716919777,0.0,Cluster 1
11352,0.09100463541724287,0.021971213948291313,0.0007293946024799417,0.0,Cluster 1
11355,0.14832709366251812,0.026139161523154236,0.05906429424137343,0.0,Cluster 1
11358,0.1414758573012146,0.0402517372492461,0.009031627546464017,0.0,Cluster 1
11407,0.08028961972312999,0.025271266851425618,0.004053489343919766,0.0,Cluster 1
11409,0.10180824389402603,0.023601363811242157,0.007232212666145426,0.0,Cluster 1
11415,0.08715757835981108,0.025079433233147274,0.10675402729198483,0.0,Cluster 1
11417,0.12132000547720115,0.03334246200191702,0.0,0.0,Cluster 1
1141,0.12269777363819367,0.03502538833638794,0.010101010101010102,0.0,Cluster 1
11431,0.12061745181156522,0.019601695593057668,0.0,0.0,Cluster 1
11445,0.19144087388107942,0.03554798347777498,0.017627196245636124,0.0,Cluster 1
11446,0.10387265546189751,0.017689401063484194,0.14004477218856992,0.0,Cluster 1
11448,0.09977851203659997,0.028532006826186413,0.03398835516739447,0.0,Cluster 1
11459,0.11090922479159754,0.032504760001262324,0.008036076118540745,0.0,Cluster 1
11462,0.10872809419496167,0.030551752464403066,0.012025436000755525,0.0,Cluster 1
11463,0.1495918265137477,0.027129764110782793,0.07024004821051927,0.0,Cluster 1
11465,0.1381378900052882,0.0304237176097303,0.04390477329824142,0.0,Cluster 1
11466,0.10220000819369905,0.03030029907001516,0.026136454742243246,0.0,Cluster 1
11475,0.1329192398483512,0.02461908963017716,0.00735491972374204,0.0,Cluster 1
11477,0.14841855703432297,0.018589363651058784,0.0,0.0,Cluster 1
1147,0.0865243268602758,0.023648891055773776,0.03591401050415701,0.0,Cluster 1
11482,0.1793644746458505,0.027774106268173972,0.011671254253451526,0.0,Cluster 1
11491,0.12093111772188668,0.02343019121167503,0.0004141335497871354,0.0,Cluster 1
11492,0.10163431079704273,0.025948402036564195,0.05151086220690504,0.0,Cluster 1
11501,0.08807561440859799,0.0283291020788979,0.10061924370540345,0.0,Cluster 1
11507,0.10641232444251085,0.02655377441629575,0.03765546507434648,0.0,Cluster 1
11519,0.12472351973271482,0.03375479023348019,0.1234479190618533,0.0,Cluster 1
11521,0.11686904940044533,0.026878898668673743,0.11523467359730928,0.0,Cluster 1
11522,0.10762356649453424,0.030777613842129972,0.002258883644124566,0.0,Cluster 1
11526,0.12562844129468165,0.031822985356071636,0.024895701070197715,0.0,Cluster 1
11527,0.1468953810417225,0.03907799517555615,0.11835543121274784,0.0,Cluster 1
11539,0.07484738781881033,0.025551814593565363,0.3064745059504313,0.0,Cluster 1
11557,0.12656384080251037,0.025651580543936365,0.00017513134851138354,0.0,Cluster 1
11559,0.15409276571886565,0.01633080030328629,0.04338111401430979,2.4458571882802048e-05,Cluster 1
11569,0.10420757908654314,0.02268162123113417,0.05016972019490911,0.0,Cluster 1
11570,0.13840539786833173,0.02548615503907605,0.0,0.0,Cluster 1
11578,0.11299428783701343,0.029086015808876684,0.10012491440945617,0.0,Cluster 1
11580,0.2206486642883746,0.030478664626958012,0.0007532956685499058,0.0,Cluster 1
11582,0.12382924899977454,0.022136794922255638,0.03789538651442679,0.0,Cluster 1
11595,0.10193443394127406,0.02521184689810371,0.004334268787028375,0.0,Cluster 1
11601,0.09812247490102288,0.017805748104908994,0.066065342376149,0.0,Cluster 1
11608,0.09770786652288367,0.01922774753599418,0.031149491122174737,0.0,Cluster 1
11623,0.09970277554129564,0.022636547278696743,0.029726429806216075,0.0,Cluster 1
1163,0.08674897119341564,0.022871994801819364,0.0,0.0,Cluster 1
1164,0.09632977697015237,0.027003057986738074,0.036043087209148075,0.0,Cluster 1
1165,0.14998925732292487,0.0268280455489508,0.00023874325550303204,0.0,Cluster 1
11666,0.10249993985434441,0.02245122760147145,0.01037216281389624,0.0,Cluster 1
11667,0.16722753778476548,0.021908971963623246,0.022731663339558245,0.0,Cluster 1
11669,0.0873057640639282,0.02255891323281845,0.18274111675126903,0.0,Cluster 1
11670,0.10592288307702123,0.025185810032501248,0.026026086316395296,0.0,Cluster 1
11674,0.11385335115524155,0.026156037171408568,0.016212438853948286,0.0,Cluster 1
1167,0.12681631737027327,0.01041442835245749,0.0296709089539875,0.0,Cluster 1
11680,0.13599897428383032,0.02490414438176179,0.05135802469135802,0.0,Cluster 1
11681,0.11440514568647715,0.023507272755317672,0.06835647836052312,0.0,Cluster 1
11682,0.12933472105810945,0.017159278260308924,0.0011394388263780088,0.0,Cluster 1
11686,0.1189079438744063,0.026387730684166638,0.09001097694840834,0.0,Cluster 1
11699,0.1155060246389925,0.02819686628699636,0.05061675882603148,0.0,Cluster 1
1169,0.11971596663851197,0.026333783077198716,0.05009010109648453,0.0,Cluster 1
11702,0.1012220428867881,0.02568540243519617,0.023520048302549605,0.0,Cluster 1
11706,0.10429741106810787,0.033259833777928544,0.09861028976936724,0.0,Cluster 1
11708,0.14286083636645686,0.02478016437758007,0.01536295998391313,0.0,Cluster 1
11711,0.11569028957877311,0.02419171354375064,0.0,0.0,Cluster 1
11715,0.09317580872011252,0.025654008438818564,0.24441492573360704,0.0,Cluster 1
11716,0.1252800484408114,0.022161671207992735,0.049782503624939585,0.0,Cluster 1
11719,0.12920262579260924,0.031262478105084944,0.005686500741717488,0.0,Cluster 1
11722,0.11700457796934156,0.023710291742277703,0.0251509544215037,0.0,Cluster 1
11729,0.09952758224462405,0.020358380888927514,0.11810718053820686,0.0,Cluster 1
11731,0.138162274105668,0.03217376297428565,0.04514632405424697,0.0,Cluster 1
11732,0.10643248136585531,0.02302088885504708,0.17404610492845787,0.0,Cluster 1
11734,0.08942591368553418,0.022234761160102534,0.04463674058049396,0.0,Cluster 1
11739,0.094375169778915,0.022057384543035487,0.011559888579387187,0.0,Cluster 1
11741,0.0923834153666472,0.021212563610578127,0.02402022756005057,0.0,Cluster 1
11746,0.08189384239320219,0.02353043883133512,0.04676284556890058,0.0,Cluster 1
11747,0.1369775799134134,0.024424406485507588,0.07626097435014632,0.0,Cluster 1
11750,0.18223057844627571,0.01943355468437475,0.046143039030601046,0.0,Cluster 1
11759,0.1980424907006205,0.027506798027966725,0.08535691003911343,0.0,Cluster 1
11763,0.0873955779962087,0.02509128244332488,0.03961755581549102,0.0,Cluster 1
11764,0.10716088418205541,0.025085475376424988,0.02292925702097405,0.0,Cluster 1
11767,0.09871955443614058,0.021872175656394658,0.03829352170276048,0.0,Cluster 1
11771,0.09192002129343349,0.01889673397704777,0.013011020263064344,0.0,Cluster 1
11777,0.098352000707628,0.024200325066616544,0.04336584131980552,0.0,Cluster 1
11778,0.09996094386913541,0.020874174797040835,0.004893407176997193,0.0,Cluster 1
11782,0.13004249423413225,0.023701306930023907,0.005619437406613395,0.0,Cluster 1
11785,0.09663987304653811,0.03165211991582433,0.18227251633170313,0.0,Cluster 1
11788,0.1120818653883513,0.034196336219343794,0.04426851548226917,0.0,Cluster 1
11792,0.1061796293476411,0.032510457627574096,0.04357179011304201,0.0,Cluster 1
11807,0.09823760554668104,0.024074422400086844,0.012212198862608,0.0,Cluster 1
11810,0.08382592078244253,0.02465311160963335,0.15235937555311693,0.0,Cluster 1
11813,0.09269855429805351,0.021864988242260776,0.07592226023784839,0.0,Cluster 1
11817,0.16976771746859445,0.027988464881093467,0.034904013961605584,0.0,Cluster 1
11821,0.10045628398735795,0.027761888820646917,0.004067173970086591,0.0,Cluster 1
11823,0.10187349272039778,0.026814690207520767,0.0009863734336755196,0.0,Cluster 1
1184,0.09677474627878406,0.02920942473865387,0.0,0.0,Cluster 1
11860,0.09624466186140046,0.02313645299048738,0.0008686465547599483,0.0,Cluster 1
11862,0.09525613865876693,0.025949719547831877,0.0,0.0,Cluster 1
11868,0.09258751745744986,0.01987902014650007,0.010261267661220302,0.0,Cluster 1
11891,0.1984921039225675,0.018604177279673968,0.16599938404681244,0.0,Cluster 1
11903,0.09486322630070401,0.03388852932500319,0.005430242272347535,0.0,Cluster 1
11904,0.1548546016631123,0.02190480913885169,0.0,0.0,Cluster 1
11905,0.11705896160986748,0.029544824054117496,0.04853705222860268,0.0,Cluster 1
11907,0.1364131994261119,0.027963452389941856,0.001771361512742732,0.0,Cluster 1
11916,0.1721469434640992,0.03191433084195491,0.01826243469862593,0.0,Cluster 1
11922,0.09141529373888943,0.031077392533699136,0.07300790102284559,0.0,Cluster 1
11932,0.07169715258515992,0.021749391430707955,0.005695687550854353,0.0,Cluster 1
11934,0.10404543455036762,0.024222333940803118,0.0005737841061802588,0.0,Cluster 1
11935,0.10551458189111951,0.022635361012005136,0.0008761784600287387,0.0,Cluster 1
11952,0.07584675737629863,0.02592248810729618,0.07892669615909373,0.0,Cluster 1
11953,0.11298882939073954,0.028596865065045555,0.09774576310697718,0.0,Cluster 1
11971,0.09397501409522258,0.020919517977352545,0.022383154242498853,0.0,Cluster 1
1198,0.11516978548448509,0.03404093295560531,0.0,0.0,Cluster 1
12010,0.09876433868730208,0.02369217725826022,0.03882860776417263,0.0,Cluster 1
12079,0.11547292757322196,0.03007188054391384,0.04362022772940388,0.0,Cluster 1
12086,0.1969860064585576,0.025664268313410007,0.0,0.0,Cluster 1
12087,0.14390154567430957,0.021165726564598444,0.006414172266340868,0.0,Cluster 1
1208,0.10625244317752229,0.027190172916643208,0.049011651849519146,0.0,Cluster 1
12098,0.1040096753186343,0.029056966539523055,0.017889087656529516,0.0,Cluster 1
1209,0.0991233508776845,0.02662896316173488,0.009363825159443086,0.0,Cluster 1
12107,0.08122817229336438,0.02018335273573923,0.39233249731279113,0.0,Cluster 1
1210,0.11294261462562435,0.027482660884270288,0.051083742468199064,0.0,Cluster 1
12113,0.12004717732938064,0.021711931401612955,0.0,0.0,Cluster 1
12121,0.129208463631564,0.035515574869024895,0.11661166116611661,0.0,Cluster 1
12126,0.11840312432197873,0.03521805163809937,0.047496884849373304,0.0,Cluster 1
12128,0.16857265661882315,0.013965516026521798,0.019561946162849023,0.0,Cluster 1
12135,0.09597237319276239,0.03194590070894697,0.058233938057532325,0.0,Cluster 1
12136,0.09195468258132214,0.026364113326337882,0.015779620219309978,0.0,Cluster 1
12139,0.10313081572489666,0.020504290255109605,0.011178537208559566,0.0,Cluster 1
1213,0.15487496557336972,0.015008021460113517,0.13986858330288637,0.0,Cluster 1
12149,0.12189595099968481,0.031093732696124785,0.004030097607566334,0.0,Cluster 1
12162,0.12839703306891934,0.024580199855774185,0.0015244513980824006,0.0,Cluster 1
12163,0.12767788396213597,0.020358711898183796,0.05465463943647697,0.0,Cluster 1
12166,0.08298492592114246,0.020140592999870845,0.04497854458945683,0.0,Cluster 1
1219,0.09523163449630442,0.023031718110323177,0.34245576833874497,0.0,Cluster 1
12201,0.11247221760232239,0.024173331922163928,0.023794160348443297,0.0,Cluster 1
12203,0.10091042076088631,0.029646196096146174,0.07857964648049368,0.0,Cluster 1
12204,0.07993401705689208,0.020443916067587324,0.04051167684889985,0.0,Cluster 1
12207,0.13934107410395297,0.022249913564596057,0.029775135693977772,0.0,Cluster 1
12208,0.09560135248259843,0.02830437401493735,0.15179757639196426,0.0,Cluster 1
12214,0.09829058349975253,0.02968895472590152,0.005246663614916018,0.0,Cluster 1
12219,0.15655178540027156,0.02593484925119604,0.028579369123164576,0.0,Cluster 1
12220,0.0837096268422703,0.03160865475070555,0.0,0.0,Cluster 1
12223,0.09589828939464069,0.028108289099199355,0.0734046704594467,0.0,Cluster 1
12225,0.09085380116959065,0.02519298245614035,0.000772399588053553,0.0,Cluster 1
12226,0.08711611593706985,0.023159417359453132,0.005713265488305659,0.0,Cluster 1
12229,0.09356298750543048,0.020106511783242766,0.02496363807930966,0.0,Cluster 1
12230,0.1146837399454896,0.02807368875889118,0.01651994348440387,0.0,Cluster 1
12232,0.12414861916671101,0.029585483956792422,0.12145727297080096,0.0,Cluster 1
12241,0.1266223620341243,0.029010613560935428,0.024843698585060876,0.0,Cluster 1
12244,0.12354219485693589,0.019449474827960885,0.019642333626502494,0.0,Cluster 1
12246,0.145041200960492,0.029868536977214227,0.04764173415912339,0.0,Cluster 1
12248,0.1067312984451681,0.029600284364536992,0.01211291059006795,0.0,Cluster 1
12258,0.09920492245338214,0.030624376930494045,0.058049503727194106,0.0,Cluster 1
12259,0.08935259348896714,0.027477982031177527,0.19236073448516308,0.0,Cluster 1
1225,0.12025052540567926,0.01723710957694259,0.04414482812411672,0.0,Cluster 1
12266,0.14898340781417405,0.030053732121542956,0.04775511320135623,0.0,Cluster 1
12283,0.12582116438618682,0.017277988578437008,0.009260387474107469,0.0,Cluster 1
12284,0.12324623167996662,0.026339122724664894,0.0,0.0,Cluster 1
12285,0.09326681946878793,0.02769673273111321,0.22776685555684054,0.0,Cluster 1
12293,0.17318435754189945,0.03542949911664996,0.0,0.0,Cluster 1
12298,0.16900848233694396,0.036611875271721536,0.04241694488533742,0.0,Cluster 1
12299,0.12987458627257636,0.03211369109540072,0.043562018023606035,0.0,Cluster 1
12303,0.12218511705984249,0.02599246388199368,0.0,0.0,Cluster 1
12305,0.1618106881264776,0.017281912018754123,0.0,0.0,Cluster 1
12315,0.17189526783569542,0.02163275110668817,7.985307035055498e-05,0.0,Cluster 1
12322,0.08670692300523165,0.030818216340957556,0.01718191006369018,0.0,Cluster 1
12325,0.11166162099192452,0.022119471031115393,0.000708397733127254,0.0,Cluster 1
12327,0.14485453906431764,0.025488458663551355,0.00025630072618539084,0.0,Cluster 1
12331,0.12235833802736995,0.030968484440788275,0.011773862356759621,0.0,Cluster 1
12349,0.08695808712010406,0.029743608207057636,0.022978987682434532,0.0,Cluster 1
12354,0.15111467603732986,0.020600180792686808,0.01626084758614879,0.0,Cluster 1
12365,0.10018584177119734,0.024688580828389057,0.021050214329454992,0.0,Cluster 1
12368,0.09189901511998891,0.023745570562049963,0.06668953687821612,0.0,Cluster 1
12372,0.13442350526117344,0.02454981531780001,0.18018907126532308,0.0,Cluster 1
1237,0.10443195692244404,0.026854911226376038,0.11673358078933414,0.0,Cluster 1
12383,0.07850714394671277,0.0218280198640701,0.019092724525043177,0.0,Cluster 1
12384,0.1364997995907432,0.020067295318861676,0.01251835252298895,0.0,Cluster 1
12386,0.10502532865089971,0.02282997171892967,0.006391667159850861,0.0,Cluster 1
12388,0.13815157645231818,0.021220294652526613,0.06833308682147611,0.0,Cluster 1
12402,0.11644657863145258,0.021357796850083318,0.0,0.0,Cluster 1
12410,0.088590157959339,0.01850273628240793,0.028920619554695062,0.0,Cluster 1
12417,0.0910846900457103,0.025098679080035033,0.3202054794520548,0.0,Cluster 1
12422,0.147503128800832,0.02421956249669493,0.07229923518164436,0.0,Cluster 1
12425,0.1361067578477466,0.030251222871254216,0.07920446615491974,0.0,Cluster 1
12432,0.21375025055121266,0.034115053116857086,0.08627156789197299,0.0,Cluster 1
12441,0.1063747411888971,0.023353018092593433,0.03632603041611113,0.0,Cluster 1
12444,0.0966762543943752,0.024645376994370284,0.04755244755244755,0.0,Cluster 1
12457,0.14308485417108038,0.03853797806765332,0.005358527814989776,0.0,Cluster 1
12484,0.09001764025968294,0.02396394128196786,0.06665334810482919,0.0,Cluster 1
12485,0.1390476256364844,0.02853110471551915,0.02933054705575043,0.0,Cluster 1
12493,0.14187656572954854,0.03278038033532523,0.1606904324595091,0.0,Cluster 1
12511,0.10058177388528343,0.02742108247747464,0.028983086239298392,0.0,Cluster 1
12512,0.10573031109055164,0.027678192822173393,0.0005468963631391851,0.0,Cluster 1
12513,0.13737399455274557,0.022144127786022733,0.0171926059601034,0.0,Cluster 1
12517,0.09040147987051513,0.020925177524789618,0.0597393315114568,0.0,Cluster 1
12531,0.1339599455649666,0.03868848130319095,0.11390773662863424,0.0,Cluster 1
12549,0.09248560823730304,0.022709843658933117,0.0006633499170812604,0.0,Cluster 1
12591,0.09827339111444755,0.016510514667888585,0.046061507936507935,0.0,Cluster 1
12592,0.10268199062109493,0.019664795961785664,0.006128546814682341,0.0,Cluster 1
12594,0.12230009927585271,0.0354054062111505,0.012980523121175926,0.0,Cluster 1
12602,0.27470568830286407,0.025056498983264484,0.009571093147885935,0.0,Cluster 1
12608,0.11859061256784946,0.03126469725724972,0.003755890449307143,0.0,Cluster 1
12609,0.0925621913814179,0.021531941519298436,0.026446914526638558,0.0,Cluster 1
12611,0.13594085294382832,0.02989631232530881,0.13379805268882816,0.0,Cluster 1
12614,0.10845305706434091,0.02547688655510973,0.08401720277018275,0.0,Cluster 1
12616,0.17941801261085072,0.03590383383349631,0.012911106934786695,0.0,Cluster 1
12627,0.12277850435963936,0.03426986821059632,0.17808754842680763,0.0,Cluster 1
12633,0.08610413357919817,0.02820300505874104,0.030732132189205924,3.074874016157577e-06,Cluster 1
12661,0.09483311196135571,0.0209873851013355,0.03630409030729566,0.0,Cluster 1
12694,0.11576545046227434,0.023769941960509813,0.04345909176796624,0.0,Cluster 1
12706,0.09060454534994197,0.020487936379565978,0.03548621190130624,0.0,Cluster 1
12717,0.08571765636602105,0.010638371697628747,0.0017001295336787564,0.0,Cluster 1
12722,0.13374171056538617,0.03469740126912206,0.02787599703971713,0.0,Cluster 1
12745,0.12435810043172006,0.0353328788911611,0.04348620500639503,0.0,Cluster 1
12757,0.1069893940772645,0.043677393915496375,0.008221508221508222,0.0,Cluster 1
12758,0.132552592406607,0.036801233881525855,0.13624678663239073,0.0,Cluster 1
12761,0.12419720836961397,0.030178896540805827,0.12367881536876321,0.0,Cluster 1
12769,0.10623085716571071,0.025962182591394014,0.056271912280288945,0.0,Cluster 1
12788,0.10972594398145467,0.023230797038503316,0.0010235578230204552,0.0,Cluster 1
12814,0.1153584019430045,0.023249717804276537,0.018355005657682392,0.0,Cluster 1
12815,0.12089257181665267,0.02585741699592778,0.006009667726342377,0.0,Cluster 1
1281,0.09257473844121246,0.024245460162534004,0.05574787176088918,0.0,Cluster 1
12828,0.09784176270676315,0.023610367135028225,0.024865419123301716,0.0,Cluster 1
12836,0.1703164071203981,0.023297269193632245,0.0,0.0,Cluster 1
12839,0.10056225771577715,0.02681346583858424,0.05289467844569592,0.0,Cluster 1
12854,0.10245161956439762,0.024836325446276068,0.007873240822753666,0.0,Cluster 1
12855,0.10473429570697065,0.017130394907310532,0.003097046874715345,0.0,Cluster 1
12857,0.10112155104663903,0.019391954410130738,0.003675344563552833,0.0,Cluster 1
12858,0.09330195569260732,0.018500365170818794,0.06836209295853048,0.0,Cluster 1
12865,0.13211815773984698,0.029741759858740436,0.05164972852568565,0.0,Cluster 1
12869,0.09023268600794537,0.026956844822916652,0.03901960784313725,0.0,Cluster 1
12874,0.09956716316497934,0.026808521578486337,0.055681587635330786,0.0,Cluster 1
12885,0.13977042538825118,0.02990403699384118,0.012540867613331381,0.0,Cluster 1
12893,0.18446200496186713,0.03177738981285797,0.04557907845579078,0.0,Cluster 1
12899,0.11850742463832771,0.024993095829881247,0.055391234202742674,0.0,Cluster 1
1291,0.09734937724691016,0.02666577144802059,0.04483018816387431,0.0,Cluster 1
12944,0.1251587928017482,0.029224725780339605,0.03695662750249337,0.0,Cluster 1
1294,0.09528554330118813,0.029601760403173624,0.09675956256614424,0.0,Cluster 1
12956,0.11211746587182685,0.022766084505861768,0.009998598327337288,0.0,Cluster 1
12959,0.11014854520532266,0.028248387422028075,0.1111578426521524,0.0,Cluster 1
12969,0.10005118049655116,0.02524486355212717,0.020286196693358297,0.0,Cluster 1
1296,0.16146782485374933,0.02509838681084914,0.013262482982741205,0.0,Cluster 1
12978,0.10352947429540574,0.026789762454871902,0.03173689491820749,3.462874362891516e-05,Cluster 0
12980,0.10839887805739168,0.017594099994115684,0.00045236587351850176,0.0,Cluster 1
12985,0.12307042451833948,0.02386830309999296,0.057985660895431314,0.0,Cluster 1
1299,0.10666199598075186,0.02042958019137521,0.028942619493746154,0.0,Cluster 1
13000,0.09259086477231908,0.027255932859668684,0.01564428769366419,0.0,Cluster 1
13006,0.12070450814668096,0.028876287121325176,0.05015594706229453,0.0,Cluster 1
13012,0.09955189002744531,0.028852191661706543,0.05258118340053848,0.0,Cluster 1
13018,0.13524779990736452,0.017630623496541112,0.02507733097657976,0.0,Cluster 1
13020,0.09059721941945556,0.023899928839229763,0.24237983587338804,0.0,Cluster 1
13025,0.10890727786308745,0.022398528882064114,0.023086296183471865,0.0,Cluster 1
13030,0.08005640196719056,0.02694225676651649,0.10722570667583126,0.0,Cluster 1
13032,0.1043184917721557,0.02587610470600251,0.033345811616321594,0.0,Cluster 1
13033,0.12042405542558121,0.027501817757132577,0.0015329266385108713,0.0,Cluster 1
13054,0.1323890223852283,0.021854053370431264,0.1323079862437906,0.0,Cluster 1
13055,0.13541057322719596,0.02484336137296252,0.017794946080798325,0.0,Cluster 1
13058,0.10029801915488906,0.022973540367407157,0.16030622303585831,0.0,Cluster 1
13063,0.10677914688668158,0.023969200892836728,0.011101435620714431,0.0,Cluster 1
13068,0.07944779667215213,0.02387776558785884,0.0016398158803222094,0.0,Cluster 1
13071,0.11566183225834385,0.028302869660400742,0.019582841032719955,0.0,Cluster 1
13083,0.09252428207702591,0.026751887373319946,0.07615407673860912,0.0,Cluster 1
13102,0.12721253362322982,0.023909062625327892,0.02135781523642732,0.0,Cluster 1
13107,0.10570996449854339,0.025191814804847754,0.009160237454699068,0.0,Cluster 1
13109,0.08670660358014116,0.023771470402799418,0.03724127261274602,0.0,Cluster 1
13111,0.0964032151461527,0.02752915591753193,0.037995399858457186,0.0,Cluster 1
13112,0.08843403103413339,0.023700351491566022,0.04465203724919949,0.0,Cluster 1
13113,0.1264404648427201,0.018516640639260146,0.1884383421018863,0.0,Cluster 1
13130,0.08426307318803022,0.020944379279303853,0.00798532426891119,0.0,Cluster 1
13167,0.12661899661291723,0.027189300292389196,0.0,0.0,Cluster 1
13179,0.0979734501621958,0.034481272668510074,0.0,0.0,Cluster 1
13195,0.09134006666915742,0.022968894645296004,0.06703631323001409,0.0,Cluster 1
13196,0.13388559274599798,0.025383409828724952,0.0,0.0,Cluster 1
13198,0.08997119386687501,0.026994613413012788,0.055858474936683146,0.0,Cluster 1
131,0.09891561615456652,0.022916167670419117,0.03732062117934788,0.0,Cluster 1
13209,0.12354612827132748,0.034465721874477606,0.022791508809910398,0.0,Cluster 1
13216,0.0945020027730704,0.021425820366661533,0.016628288468200435,0.0,Cluster 1
13220,0.11385748093610308,0.0219117319858221,0.0023721693331800655,0.0,Cluster 1
13242,0.11150022357715084,0.021785190416689304,3.747985457816424e-05,0.0,Cluster 1
13249,0.10080447626411375,0.01966038470845851,0.004449909245271971,0.0,Cluster 1
13251,0.24996101668485887,0.03792776691576005,0.009213493929651135,0.0,Cluster 1
13255,0.08975332858965236,0.02220154874773233,0.02059637532363182,0.0,Cluster 1
13264,0.09159776843256112,0.025442976681202472,0.054681228131295535,0.0,Cluster 1
13274,0.14455855124519743,0.04614931248644712,0.03000115389053425,0.0,Cluster 1
13297,0.08812215079176756,0.014608060519107865,0.005964959208238598,0.0,Cluster 1
13303,0.19333916166532772,0.02391486697226029,0.054338527344943474,0.0,Cluster 1
13305,0.09716880618491024,0.0253274396549154,0.06000807428340735,0.0,Cluster 1
1331,0.11123555182095313,0.028897689907286247,0.0017384668925024026,0.0,Cluster 1
13339,0.10211474960203072,0.024674767671987265,0.030388213375817145,0.0,Cluster 1
13341,0.10636154936868403,0.02369645389158792,0.008093953340739566,0.0,Cluster 1
13366,0.10484146994027102,0.02683465341284342,0.10111274599963214,0.0,Cluster 1
13381,0.11287788281736963,0.019095418657801788,0.11693989071038251,0.0,Cluster 1
13382,0.0912507184225651,0.031566382245015255,0.0,0.0,Cluster 1
13397,0.2458908452081041,0.013012439881354702,0.007118983862311412,0.0,Cluster 1
13407,0.15140035984478983,0.034174416336086366,0.012760854780398755,0.0,Cluster 1
13415,0.13000448114717367,0.02358363741117726,0.00039393342525113255,0.0,Cluster 1
13416,0.11379283057687742,0.044393447811980694,0.00890125173852573,0.0,Cluster 1
13421,0.10087966997457705,0.02569113709701027,0.04155082607225328,6.755433057036121e-06,Cluster 1
13430,0.09486943341199947,0.030108981369558127,0.015421175042977046,0.0,Cluster 1
13450,0.11372608211034739,0.030535946498235184,0.0,0.0,Cluster 1
13454,0.10392931816365412,0.02784760195834268,0.006338063107759476,0.0,Cluster 1
13561,0.07761079882222477,0.02299210992568799,0.04693864144002102,0.0,Cluster 1
13565,0.10580734599758428,0.017312232348742726,0.00032430889773891835,0.0,Cluster 1
13582,0.08042212518195051,0.02638282387190684,0.2756948933419522,0.0,Cluster 1
13599,0.09592709323374865,0.0288990695012392,0.008153127615345158,0.0,Cluster 1
13600,0.12098708589845461,0.029801201553553792,0.0,0.0,Cluster 1
13611,0.10375788945519845,0.02088890062587477,0.0,0.0,Cluster 1
13616,0.24852379564730603,0.02006871060259812,0.03894100222167366,0.0,Cluster 1
13622,0.10621041126886466,0.01695288111682997,0.08976139791397832,0.0,Cluster 1
13632,0.1119038746294055,0.024613410986416208,0.0,0.0,Cluster 1
13652,0.09364369627765022,0.027077478459635762,0.03264689730917079,0.0,Cluster 1
13656,0.08047378444283595,0.01918117230377861,0.1764834301183251,0.0,Cluster 1
1365,0.08527922336277552,0.022171082995146016,0.03577853586438046,0.0,Cluster 1
13662,0.09248499261063588,0.028392488362353235,0.005100978555069748,0.0,Cluster 1
13692,0.09826258967086918,0.029058128172740057,0.11684453068154256,0.0,Cluster 1
13696,0.1521531515888175,0.030951554089251605,0.12838801711840228,0.0,Cluster 1
13703,0.12782321566289265,0.028813811964925697,0.004905378170433372,0.0,Cluster 1
13712,0.10687927012811031,0.0288209403720733,0.10362932494556013,0.0,Cluster 1
13715,0.11498468889861023,0.01787977700754899,0.0,0.0,Cluster 1
13716,0.10337379582246672,0.025902365090900263,0.14642140795460104,0.0,Cluster 1
13729,0.1436054381731505,0.021305396974869047,0.0,0.0,Cluster 1
13735,0.12866494251333316,0.02306166751534318,0.047907933449631575,0.0,Cluster 1
13736,0.15186713675330474,0.016653456867728917,0.03779244151169766,0.0,Cluster 1
13737,0.10027319069837307,0.022104037777297948,0.07045220484973318,0.0,Cluster 1
1373,0.11214989471311966,0.02817110702640271,0.09570159188671544,0.0,Cluster 1
13748,0.10330909694794833,0.0123684989566561,0.0,0.0,Cluster 1
1374,0.11348041119656128,0.02730521246018799,0.0005704506560182544,0.0,Cluster 1
13753,0.14145059115069356,0.019736054650961756,0.012191299987463959,0.0,Cluster 1
1376,0.11285559972254255,0.0269833804710334,0.06760922514842442,0.0,Cluster 1
13774,0.15706034654451304,0.02652857996415057,0.0,0.0,Cluster 1
13775,0.121722782283967,0.02440622510770601,0.011680681138514584,0.0,Cluster 1
13784,0.0915631642562414,0.019432751219105572,0.011778093883357042,0.0,Cluster 1
13788,0.11250381428537896,0.030670766534438107,0.0,0.0,Cluster 1
13794,0.11900847565909962,0.026517313343839177,0.0017178441056474125,0.0,Cluster 1
13798,0.178576827338782,0.024126011549043123,0.007054176072234763,0.0,Cluster 1
13801,0.08595883322984892,0.019848979510084724,0.0,0.0,Cluster 1
13802,0.08488564846032816,0.026782703978422116,0.004137360364087712,0.0,Cluster 1
13809,0.11328004918536735,0.025811717565748328,0.0,0.0,Cluster 1
1380,0.12041741281053682,0.029824366968624044,0.03821933733772525,0.0,Cluster 1
13813,0.12556715957881456,0.027496039738801957,0.056855805457243974,0.0,Cluster 1
13816,0.15688206389748288,0.023872129727830108,0.0018400736029441178,0.0,Cluster 1
13819,0.09345177746664736,0.025507330340044095,0.014508351988978818,0.0,Cluster 1
13821,0.0952143760966982,0.0319624168956188,0.0766533893793939,0.0,Cluster 1
13838,0.09003798385070524,0.026298027894236405,0.08336069161742175,0.0,Cluster 1
13843,0.12202911522105413,0.028110151689665883,0.038836897056171216,0.0,Cluster 1
13868,0.08997122552795893,0.02262275260567795,0.010964321951421531,0.0,Cluster 1
13876,0.09917738680458803,0.02046881554122681,0.043516710720681216,0.0,Cluster 1
13883,0.10172358198421824,0.0239585804936514,0.0004186602870813397,0.0,Cluster 1
13887,0.1134438231355687,0.021317399115812423,0.03137789904502047,0.0,Cluster 1
13892,0.08200213855226492,0.025651826410040397,0.012776186242549968,0.0,Cluster 1
13897,0.0911472990049804,0.02656394354830146,0.04299070864765677,0.0,Cluster 1
13902,0.13846016194694225,0.01856574061647206,0.005169628432956382,0.0,Cluster 1
13905,0.11889420453879347,0.03370953705749469,0.19846025485436894,0.0,Cluster 1
13919,0.11004929311677257,0.02942392243808951,0.008417958311063602,0.0,Cluster 1
1391,0.11205192286172554,0.01926591816181133,0.004660452729693742,0.0,Cluster 1
13926,0.21767612280019985,0.024898684283572975,0.0,0.0,Cluster 1
13931,0.1391306620664419,0.02072714916751614,0.11647567161375165,0.0,Cluster 1
13946,0.12045510144002122,0.0320304174942055,0.07772537950500844,0.0,Cluster 1
13947,0.11785260575192812,0.02652991810784647,0.0001726689689195856,0.0,Cluster 1
13951,0.09791208630498262,0.020623205432573014,0.009596713965646004,0.0,Cluster 1
13953,0.10906410670693666,0.02281183912054441,0.03789373326977375,0.0,Cluster 1
13960,0.1339409879678336,0.03789527782816374,0.06274686829928902,0.0,Cluster 1
13962,0.09402681099780992,0.02939166097060834,0.0,0.0,Cluster 1
13983,0.10683160208611697,0.02140424981681824,0.024368595174695393,0.0,Cluster 1
13986,0.14299490287918445,0.013362722138035542,0.0,0.0,Cluster 1
13990,0.125173941898054,0.0212583759713986,0.004446724816145032,0.0,Cluster 1
13999,0.12280068573490932,0.03170020150981984,0.014205241244183198,0.0,Cluster 1
1399,0.09078111544163996,0.026516597565631187,0.12538736591179978,0.0,Cluster 1
14009,0.1295214235892386,0.02972246960777925,0.002851020218019193,0.0,Cluster 1
14017,0.0938459130348818,0.024901575433814112,0.01993698974864177,0.0,Cluster 1
14025,0.09679869948396594,0.031245448784308787,0.0,0.0,Cluster 1
14026,0.15523771436636946,0.03387517937377967,0.08667979996969238,0.0,Cluster 1
14029,0.11530577444310819,0.028672973021485883,0.08413503948856856,0.0,Cluster 1
1402,0.09607412642625159,0.026616521085295608,0.06736788132998156,0.0,Cluster 1
14036,0.12354007206362067,0.025970620216190864,0.005419025265773851,0.0,Cluster 1
14056,0.12451699555739229,0.026218765220728232,0.0017068891944431275,6.78936726049031e-05,Cluster 0
14058,0.11758100015626614,0.024245088873056275,0.2076857232959409,0.0,Cluster 1
14065,0.09614954684606744,0.029524785362874846,0.004244948930142399,0.0,Cluster 1
14069,0.21198960399425484,0.021099787976198617,0.0988062590740442,0.0,Cluster 1
14073,0.08882070713209199,0.0272003682726433,0.16088090656403678,0.0,Cluster 1
14079,0.11261614919545046,0.026870020035786184,0.08806156642244561,0.0,Cluster 1
14083,0.08483560424052015,0.023764721694864,0.07386869987127438,0.0,Cluster 1
14095,0.10465432947309722,0.032226271219410976,0.004089219330855019,0.0,Cluster 1
14096,0.1036244473878864,0.025957717647463574,0.1145418326693227,0.0,Cluster 1
1409,0.09193112250416423,0.026683539922556083,0.11412570299079935,0.0,Cluster 1
14113,0.10824947980579416,0.02405378007789575,0.021134396624805315,0.0,Cluster 1
14134,0.12528500212543958,0.020975052307896147,0.032907376399048206,0.0,Cluster 1
14136,0.1094304670512051,0.026816983824739522,0.04954954954954955,0.0,Cluster 1
1413,0.096783241066599,0.02046785578342137,0.03781135720692748,0.0,Cluster 1
14140,0.10390659254816778,0.01823836690672862,0.0545659581175957,0.0,Cluster 1
14158,0.07543777673942549,0.02053394617308909,0.11340423380300681,0.0,Cluster 1
1415,0.1096433289299868,0.025752550661907306,0.0200589592412202,0.0,Cluster 1
14168,0.11247144415402663,0.02910380950420877,0.022713236807795238,0.0,Cluster 1
14178,0.1497185137526138,0.024320411774167605,0.0,0.0,Cluster 1
1417,0.11190527515166446,0.02110060665783882,0.03756294889787831,0.0,Cluster 1
14184,0.0946499104395352,0.02510850594773343,0.0872835350134959,0.0,Cluster 1
14185,0.12064258431338294,0.029999444131216798,0.11035781048418947,0.0,Cluster 1
1418,0.08510694620923337,0.030870570379782577,0.05168481078278901,0.0,Cluster 1
14195,0.1158365944340051,0.025226840438797617,0.0014386347851969442,0.0,Cluster 1
14207,0.09096264490811035,0.019352807601677846,0.2589930284681204,0.0,Cluster 1
14208,0.12898012048520602,0.031008342539331834,0.0006328846884097717,0.0,Cluster 1
14209,0.14104277643855453,0.02232086520065474,0.01315316845068215,0.0,Cluster 1
14222,0.09435075296648457,0.024193279105040925,0.12309375201081012,0.0,Cluster 1
14225,0.09886418173092305,0.027057739727160895,0.041848008034817544,0.0,Cluster 1
14230,0.09309251859806868,0.027469923520741575,0.054691513707907154,0.0,Cluster 1
14247,0.1455081457083195,0.021664263064751672,0.0005002501250625312,0.0,Cluster 1
14260,0.2114866297204809,0.03293358771690742,0.0032218801460585666,0.0,Cluster 1
14264,0.09795172721376863,0.022006711370182896,0.0016801208891716705,0.0,Cluster 1
14266,0.08492949169306549,0.02824146812013899,0.07406076618229855,0.0,Cluster 1
14269,0.09954223527379513,0.02547935740196925,0.10474813208001928,0.0,Cluster 1
1426,0.12239397745025894,0.03068496521434325,0.017117117117117116,0.0,Cluster 1
14275,0.11399683398866364,0.023341673900832353,0.051738039777817595,0.0,Cluster 1
14276,0.11510808153715964,0.02721172034446712,0.03778531562090355,0.0,Cluster 1
1427,0.12747437440345272,0.025335103954849152,0.0,0.0,Cluster 1
14281,0.14503857479779877,0.032685312262655065,0.0574184657785944,0.0,Cluster 1
14291,0.09346355601212897,0.019880794636254907,0.06791270641958265,0.0,Cluster 1
14293,0.12797769401158046,0.024219873314421173,0.24269338799058682,0.0,Cluster 1
14311,0.11563644058829753,0.020615807851021056,0.007686113754483566,0.0,Cluster 1
14312,0.10874399184347235,0.014027285527018497,0.0,0.0,Cluster 1
14316,0.1306574322748901,0.03209008713374036,0.07038995373430271,0.0,Cluster 1
14327,0.1402649448959145,0.035128732440028045,0.03287385129490392,0.0,Cluster 1
14331,0.11155581224731904,0.03653747092705618,0.020709148406235132,0.0,Cluster 1
14333,0.1515731807824696,0.02565946467143927,0.0024521562983101444,0.0,Cluster 1
14334,0.09363627199827594,0.028104611512966948,0.23748538337323905,0.0,Cluster 1
14344,0.12092724373467882,0.02363329128686008,0.0816768352686479,0.0,Cluster 1
14349,0.09533939138690405,0.022514258792624687,0.04514824797843666,0.0,Cluster 1
1434,0.13897198323406132,0.029238914626075446,0.00031748047495079053,0.0,Cluster 1
14352,0.1011622814405552,0.025792541185190178,0.018249633675236444,0.0,Cluster 1
14355,0.1302902376104667,0.02500604831584985,0.0026705612351345712,0.0,Cluster 1
1435,0.1082903841410378,0.020925235950096717,0.11015404903194868,0.0,Cluster 1
14382,0.0918127441744311,0.020603329784944304,0.010980578927872148,0.0,Cluster 1
1438,0.15202620512285825,0.02335522886038995,0.0006858318568897525,0.0,Cluster 1
14392,0.22377463778435314,0.030775803414610992,0.005633205270228864,0.0,Cluster 1
14399,0.13547803058963412,0.024698697508512134,0.0024932681759250023,0.0,Cluster 1
1439,0.20634257287288332,0.041871267952004756,0.0,0.0,Cluster 1
14400,0.14062557027628744,0.031315011496769955,0.0,0.0,Cluster 1
14410,0.09714503962570419,0.022766024198278566,0.030596197590496785,0.0,Cluster 1
14413,0.0814628236194363,0.02168728478510394,0.002465753424657534,0.0,Cluster 1
14415,0.14561364669144636,0.02504573366113979,0.021845242858285988,0.0,Cluster 1
14420,0.11418618303157635,0.03116310325650374,0.2379422309409457,0.0,Cluster 1
14427,0.1031927023945268,0.03016197810093563,0.07394232952395369,0.0,Cluster 1
14445,0.11983336587906009,0.028850651444349076,0.0037517527127572223,0.0,Cluster 1
14488,0.12390666948786928,0.028026083300587232,0.16080814353196868,0.0,Cluster 1
14491,0.11939698213691334,0.031505418099781794,0.04715994889069578,0.0,Cluster 1
14492,0.09919361034492628,0.031921159706729055,0.053821738272054914,0.0,Cluster 1
14507,0.09155213271657435,0.020464564280754077,0.005098619880426887,0.0,Cluster 1
14513,0.09220524577306527,0.030153391351563325,0.0022573732681203276,0.0,Cluster 1
14521,0.08455197654349228,0.022277859801617835,0.1195272035061313,0.0,Cluster 1
14522,0.10886301281874822,0.019015547052544327,0.06355360755225893,0.0,Cluster 1
14523,0.09928832245602552,0.025296960129372582,0.03386763185108583,0.0,Cluster 1
14531,0.1023337270312882,0.028318344199764985,0.1202512956697212,0.0,Cluster 1
14546,0.13161598682998815,0.027897595881642704,0.03410327730076188,0.0,Cluster 1
14556,0.10753918646023657,0.02618521011635734,0.0,0.0,Cluster 1
14560,0.11794858337488301,0.02370518102535842,0.013719964402254524,0.0,Cluster 1
14561,0.1641965637892318,0.01969815656170035,0.011576871700273519,0.0,Cluster 1
14567,0.11245248478735623,0.023653744898571267,0.045992453128395595,0.0,Cluster 1
14574,0.08429632943164592,0.024727254653445663,0.13561320754716982,0.0,Cluster 1
14578,0.10541220670309556,0.025677403175449375,0.005221932114882507,0.0,Cluster 1
14581,0.1177339699303665,0.02357141879967714,0.01254938415059261,0.0,Cluster 1
14584,0.10539587852494577,0.024883792996591263,0.04866036973060384,0.0,Cluster 1
14587,0.09973479859171343,0.02837143028663646,0.04348865205537655,0.0,Cluster 1
14597,0.11403560963274777,0.03153252316708563,0.016500358703450076,0.0,Cluster 1
14604,0.0861882534074374,0.02547067801663337,0.025607930197738656,0.0,Cluster 1
14619,0.08890260594186951,0.022012291672257857,0.03894222061220794,0.0,Cluster 1
14633,0.10131267025203136,0.023104263427613087,0.07123346277891134,0.0,Cluster 1
14642,0.13358772759063275,0.02088184885445728,0.020424014037913874,0.0,Cluster 1
14644,0.09391851045822754,0.02078559388935117,0.02888168655721815,0.0,Cluster 1
14646,0.10125596458190989,0.022066314485532243,0.0011410890817524495,0.0,Cluster 1
14649,0.11285873628361269,0.026226938381767755,0.06664440734557596,0.0,Cluster 1
1464,0.0831304611142765,0.026010144275019024,0.031489647239263806,0.0,Cluster 1
14650,0.126749901758396,0.02353315418183191,0.03156514160482649,0.0,Cluster 1
14660,0.1473106559026315,0.02089404026235526,0.0022502825136343535,0.0,Cluster 1
14662,0.09334899620341004,0.027140249462724024,0.144228128004395,0.0,Cluster 1
14674,0.105781200616627,0.023068686829595515,0.0,0.0,Cluster 1
14679,0.16109024245342102,0.02627036929254133,0.18596403596403596,0.0,Cluster 1
1468,0.10382060654227057,0.025428460829619377,0.0034645461444550766,0.0,Cluster 1
14690,0.09586488845987323,0.02240739294915928,0.0,0.0,Cluster 1
14692,0.08132068344924123,0.018332501812849313,0.021510183805265773,0.0,Cluster 1
14694,0.08910899329976278,0.029955470473178245,0.10788342985241921,0.0,Cluster 1
14695,0.09770450255421942,0.023150335942553165,0.06590288848658435,0.0,Cluster 1
14701,0.13701141620336968,0.029614225692823494,0.01077933341593359,0.0,Cluster 1
14705,0.09290633741680332,0.025048712260055946,0.14356908509489597,0.0,Cluster 1
14722,0.08288051701317531,0.026711119414570994,0.14680763247293394,0.0,Cluster 1
14730,0.11162502748855042,0.024966774708621367,0.0004925158996980664,0.0,Cluster 1
14731,0.12358323404515321,0.030328720251733724,0.01013534392188369,0.0,Cluster 1
14735,0.07945071313432227,0.025530004693015567,0.08567466228363038,0.0,Cluster 1
14744,0.10358957186854245,0.027396535999259793,0.030241163710603546,0.0,Cluster 1
1475,0.13706467222898402,0.03433819595115039,0.011839903908026254,0.0,Cluster 1
14761,0.10203113261015698,0.020120207199251342,0.021670326831158764,0.0,Cluster 1
14769,0.11085965905393176,0.010313354560089196,0.0,0.0,Cluster 1
14772,0.12820075402173356,0.01915761101349392,0.1338212463960967,0.0,Cluster 1
14773,0.10319406457291962,0.028189086946042524,0.04813404417364813,0.0,Cluster 1
14779,0.10377678454496915,0.02122615373766341,0.018508930882733626,0.0,Cluster 1
14785,0.09770056077638081,0.027821166107597366,0.0,0.0,Cluster 1
147,0.1377572612259444,0.029715898966500356,0.007902502122155302,0.0,Cluster 1
14801,0.1525780381666447,0.021164968068873274,0.0,0.0,Cluster 1
14807,0.1096857698064102,0.01961016895934579,0.0846055979643766,0.0,Cluster 1
14809,0.11983499121411172,0.033337355485335486,0.06324732536186281,0.0,Cluster 1
14812,0.0886782186891928,0.01771304997371746,0.11527662229617304,0.0,Cluster 1
14820,0.0895447723861931,0.028621453583934826,0.05187549880287311,0.0,Cluster 1
14836,0.10911841698815582,0.01962305161789276,0.005992354582084926,0.0,Cluster 1
14843,0.10267589001007578,0.024655145978683048,0.04679873672121734,0.0,Cluster 1
14851,0.12864433384664598,0.02896645613408619,0.05074454243169004,0.0,Cluster 1
14853,0.08712711487088157,0.034672751558325915,0.0009581603321622484,0.0,Cluster 1
14857,0.09792191620705655,0.03168519791134371,0.02630237231202951,0.0,Cluster 1
14863,0.09302439610623724,0.025677362496494813,0.08483796176676278,0.0,Cluster 1
14864,0.11336361965284525,0.02309988358148858,0.0811520345919234,0.0,Cluster 1
14867,0.09056966007190745,0.02604320932937547,0.028645087367516472,0.0,Cluster 1
14868,0.09430237631559343,0.021698645297917398,0.04118941488461322,0.0,Cluster 1
1487,0.11060006963880177,0.022680221949301346,0.006695814985970426,0.0,Cluster 1
14883,0.09711837034179403,0.02570168570985518,0.008372926240361398,0.0,Cluster 1
14885,0.09241848281458093,0.022188461911607765,0.0005010259101970702,0.0,Cluster 1
14894,0.11457358791418878,0.024727263852393,0.0,0.0,Cluster 1
14899,0.09067735982776834,0.032059425270449166,0.12193773157108886,0.0,Cluster 1
148,0.11243379524664879,0.029868906507575163,0.003121278081235369,0.0,Cluster 1
14904,0.09242764612816097,0.025925893551742525,0.119822205409495,0.0,Cluster 1
14907,0.1445274340605666,0.028736567893194398,0.0,0.0,Cluster 1
14911,0.11964602256331332,0.021161694584529978,0.0028023429424600898,0.0,Cluster 1
14912,0.1422418792382219,0.029196854533785926,0.09926070884974994,0.0,Cluster 1
14914,0.07945962972036538,0.024432156231407272,0.0357646229739253,0.0,Cluster 1
14920,0.14763219579742906,0.018960785458670828,0.09441744829924285,0.0,Cluster 1
14922,0.12257351796191668,0.03075576082900702,0.00891680049857379,0.0,Cluster 1
14929,0.09068446973319308,0.025457827292722578,0.004982666121824868,0.0,Cluster 1
14930,0.0999369533083619,0.03230745593354137,0.10637226316068493,0.0,Cluster 1
14952,0.0913473126054471,0.025490479633646663,0.009393139841688655,0.0,Cluster 1
14960,0.09282725822472383,0.01597086355837823,0.0,0.0,Cluster 1
14966,0.09416953004518276,0.02167149157219772,0.015370913060966501,0.0,Cluster 1
14969,0.08640275280422273,0.022846578341323722,0.0036221038136861642,0.0,Cluster 1
14974,0.08733156015341435,0.02989354622688446,0.10797817360159612,0.0,Cluster 1
1497,0.13026463602067906,0.022018164035210282,0.04320479157013163,0.0,Cluster 1
14982,0.08404747249972382,0.02548016981519183,0.0,0.0,Cluster 1
14991,0.09374655639178359,0.020037704717854942,0.07268799440861581,0.0,Cluster 1
14995,0.11536290454126205,0.016380850321339492,0.017370067269377436,0.0,Cluster 1
14999,0.17879145173176123,0.02791451731761238,0.0,0.0,Cluster 1
149,0.13281336278299283,0.03319988956377692,0.034144059869036486,0.0,Cluster 1
15010,0.08775661890970603,0.024981784496867665,0.003755006675567423,0.0,Cluster 1
15019,0.10868883381358524,0.02330804606650772,0.026928248627554063,0.0,Cluster 1
15032,0.0939413111660989,0.024130583743677842,0.04541859406082976,0.0,Cluster 1
15035,0.08792184192060645,0.023179939906080763,0.0451568894952251,0.0,Cluster 1
15038,0.12857298232348083,0.029863114444196995,0.018972809667673715,0.0,Cluster 1
15046,0.1257388293130369,0.023402917699438825,0.0015163623696235733,0.0,Cluster 1
15050,0.10932710690444103,0.024267402137462,0.0,0.0,Cluster 1
15059,0.09603315414559224,0.03998843665316138,0.15207500344684957,0.0,Cluster 1
15078,0.1185036812472932,0.02241229969683846,0.0001827318410232983,0.0,Cluster 1
15085,0.07928020864359867,0.02974672662506387,0.0506582363541953,0.0,Cluster 1
15091,0.0960828431853703,0.02172790055596244,0.03306353384935759,0.0,Cluster 1
15092,0.19078561520773793,0.024939722023105782,0.0,0.0,Cluster 1
15098,0.13710102048491837,0.0240704059373668,0.0,0.0,Cluster 1
15101,0.15854104232146773,0.03210918165965312,0.137061186853718,0.0,Cluster 1
15104,0.1275136014508214,0.03209008960955835,0.007973856209150327,0.0,Cluster 1
15105,0.16687727551390644,0.023008495251917376,0.0,0.0,Cluster 1
15111,0.11617985517280092,0.032374055847663244,0.02740645299833575,0.0,Cluster 1
15113,0.10827634163960546,0.03181182951775913,0.02656191545080434,0.0,Cluster 1
15118,0.12295582426992367,0.0212470136983525,0.23201945068304042,0.0,Cluster 1
15136,0.12224977633611307,0.025193024659005456,0.008104384471999352,0.0,Cluster 1
1513,0.11699288189185238,0.028112231902929684,0.0720754376698829,0.0,Cluster 1
15146,0.0863882263686896,0.02374659718055645,0.08678682126047527,0.0,Cluster 1
15152,0.09517819291190396,0.027466867410210188,0.03475908002913935,0.0,Cluster 1
15164,0.14464240047736765,0.023391015258716223,0.10086633663366337,0.0,Cluster 1
15165,0.11969261217800044,0.022167589242457042,0.19127589028118674,0.0,Cluster 1
15194,0.12991896013182813,0.024650138960623725,0.04877067606900305,0.0,Cluster 1
15200,0.10619904142243637,0.02597380101187629,0.05265931418677306,0.0,Cluster 1
15205,0.10762895983777857,0.01968176457199611,0.01753306674869271,0.0,Cluster 1
15206,0.11195682314668903,0.029201187633997715,0.057232263676783295,0.0,Cluster 1
15214,0.19155827724075106,0.024859557669922566,0.022245706737120213,0.0,Cluster 1
15216,0.1005680993551865,0.027389023656984098,0.0006184929388722812,0.0,Cluster 1
15228,0.08448220766474174,0.02587249777453151,0.0,0.0,Cluster 1
15229,0.10210733105595018,0.02591345184117656,0.0570611089944111,0.0,Cluster 1
15237,0.16782330848141713,0.02124558551488312,0.003073017569643931,0.0,Cluster 1
15242,0.09729254066077773,0.026866820866472543,0.05090760630613655,0.0,Cluster 1
15243,0.1238689570734241,0.021210254888138613,0.0016413869120360386,0.0,Cluster 1
15249,0.09877343251061273,0.03084732709718622,0.16530379385756394,0.0,Cluster 1
15254,0.08158944425598615,0.03636725192714852,0.0,0.0,Cluster 1
15255,0.08271162936442854,0.02204798954603943,0.087296469450266,0.0,Cluster 1
15258,0.1365545940071829,0.02707502286070212,0.026979813664596272,0.0,Cluster 1
15259,0.0855082598332243,0.020068725421638733,0.0004396763981709462,0.0,Cluster 1
15261,0.14428606575022296,0.0252098902112741,0.013427825438269302,0.0,Cluster 1
15264,0.09403884610328053,0.026896117465523565,0.023369437249823405,0.0,Cluster 1
15270,0.10515152274302511,0.020513398635502,0.02050905336721728,0.0,Cluster 1
15271,0.10114304182611307,0.023916481641910643,0.005256390863711995,0.0,Cluster 1
15272,0.09344344973503305,0.02303448129631621,0.02003306428085189,0.0,Cluster 1
1527,0.10042012769785744,0.02315833835564989,0.04009741671740454,0.0,Cluster 1
15282,0.07600903849150693,0.027706352916731597,0.12831026823851016,0.0,Cluster 1
15286,0.10966337529477897,0.019835573242915787,0.024097861825310922,0.0,Cluster 1
1528,0.1284318878270121,0.025099615360133852,0.055734761442193595,0.0,Cluster 1
15305,0.1768083902348799,0.02784340753104171,0.009788659601230432,0.0,Cluster 1
15306,0.10749578430128194,0.028881313726556786,0.04124146074049085,0.0,Cluster 1
15310,0.11419190037971935,0.022863306329891555,0.11870501372776968,0.0,Cluster 1
15311,0.07974501316347359,0.02578463176784957,0.02114374034003091,0.0,Cluster 1
15321,0.12083796730641383,0.019906927038999933,0.008393855646249759,0.0,Cluster 1
15323,0.11087699364915167,0.032180316609715355,0.00028677398386418385,0.0,Cluster 1
15324,0.08320682877762658,0.02499622029071364,0.027551937998869,0.0,Cluster 1
15326,0.12492182614133833,0.012937773608505315,0.009073842302878598,0.0,Cluster 1
15334,0.11751317759907114,0.02849044198008132,0.003967140103669604,0.0,Cluster 1
15336,0.15643571111793403,0.04083171289189097,0.004884856943475227,0.0,Cluster 1
15345,0.10004554592285463,0.021255811031536627,0.06700051804524262,0.0,Cluster 1
15346,0.11757795135581381,0.019495776973391755,0.04563867134755604,0.0,Cluster 1
15347,0.08550000944542747,0.02911080745810953,0.09250257769921932,0.0,Cluster 1
15348,0.16175335158278936,0.03141012142907279,0.0006509004122369278,0.0,Cluster 1
15355,0.13889578288604335,0.023805531147079145,0.0012073211957309123,0.0,Cluster 1
15359,0.10156849245329674,0.022301586916785052,0.009591185961696358,0.0,Cluster 1
15362,0.15828318520037143,0.039616020067292965,0.08419047619047619,0.0,Cluster 1
15364,0.12361993096361097,0.02447893336143975,0.0,0.0,Cluster 1
15367,0.0919137865391937,0.032039214856804436,0.0023012311586698884,0.0,Cluster 1
15399,0.10070659651296447,0.025071235918750406,0.03590195552490069,0.0,Cluster 1
15405,0.1467724045598245,0.02802249617652951,0.024269258938677676,0.0,Cluster 1
15415,0.10571508504121145,0.026878905045085114,0.010517744452738006,0.0,Cluster 1
15423,0.09665683068332084,0.021321374866399997,0.09017818108145573,0.0,Cluster 1
15427,0.16319606450958515,0.023526726848564765,0.006525995214270176,0.0,Cluster 1
15442,0.14077820666400462,0.02564443852877235,0.08036558462023322,0.0,Cluster 1
15443,0.11545511851218768,0.03075825370000116,0.009429064295164883,0.0,Cluster 1
15444,0.12498199870548933,0.02262386868787575,0.04883762155591572,0.0,Cluster 1
1545,0.0998127167760881,0.01776927385786467,0.12736669060126224,0.0,Cluster 1
15460,0.11346344690704598,0.02451207409857757,0.0032798833819241984,0.0,Cluster 1
15463,0.11629670225522394,0.03400554637569484,0.027158700350777734,0.0,Cluster 1
15465,0.10658605016687951,0.025423667898995368,0.023546998460172417,0.0,Cluster 1
15469,0.20119045183988218,0.01824541307860664,0.00884505896705978,0.0,Cluster 1
15471,0.11395123302853977,0.023219728456636186,0.000364741641337386,0.0,Cluster 1
15472,0.10015146225752478,0.02454411807658232,0.03410732140873236,0.0,Cluster 1
15477,0.10113023338532394,0.02608388134695855,0.015483505821474773,0.0,Cluster 1
15478,0.10601069958495205,0.02403480292004152,0.012094276094276095,0.0,Cluster 1
1547,0.14743797070646397,0.02864154178666954,0.0,0.0,Cluster 1
15480,0.08133847495232897,0.03195199580353156,0.006797681816201141,0.0,Cluster 1
15489,0.08522129630822203,0.02556638889246661,0.04439966414777498,0.0,Cluster 1
15496,0.1834308896839773,0.03556340663782392,0.07252917652819718,0.0,Cluster 1
15501,0.1601430011916766,0.027683564029700247,0.005151688609044075,0.0,Cluster 1
1550,0.09676940462210011,0.019195231658948396,0.0014654363107640877,0.0,Cluster 1
15510,0.0934574139784829,0.03453510105360955,0.29699897321011853,0.0,Cluster 1
15511,0.09501746882586866,0.0233066333678504,0.02926008391096051,0.0,Cluster 1
15519,0.09850957412813138,0.02943510310185235,0.0,0.0,Cluster 1
15523,0.15188614725626767,0.02406727498515199,0.009805373700269574,0.0,Cluster 1
1552,0.09711539120664503,0.026876859005078243,0.050705852156057496,0.0,Cluster 1
15532,0.16772975500445528,0.04001799751210862,0.015306122448979591,0.0,Cluster 1
15539,0.09748973184925983,0.025164724714291032,0.0009673395616424408,0.0,Cluster 1
1553,0.09516972885894028,0.025260755585222422,0.028956545589906353,0.0,Cluster 1
15545,0.09174135398546945,0.02221096078105221,0.024914914376589353,0.0,Cluster 1
15546,0.08767483686846916,0.02749825348930541,0.05179282868525897,0.0,Cluster 1
15547,0.17121508246734674,0.038540375631614075,0.041135936521194405,0.0,Cluster 1
15555,0.09640259465886993,0.021862387105566906,0.006171907526616065,0.0,Cluster 1
15562,0.11595934333386729,0.025459506105217466,0.0069337991515453995,0.0,Cluster 1
15565,0.10348133448727027,0.02670178986497578,0.06444769843057746,0.0,Cluster 1
15566,0.08435851868014504,0.02596817212204036,0.03981894292618181,0.0,Cluster 1
1556,0.1034895626899194,0.029842119170299906,0.13763663927232106,0.0,Cluster 1
15572,0.11272803805425868,0.02588718529991939,0.0019829406094034096,0.0,Cluster 1
15578,0.11284347371531171,0.032398463601445486,0.17653575025176232,0.0,Cluster 1
15580,0.08964974563554515,0.01545858800278154,0.0005613390487854664,0.0,Cluster 1
15584,0.10270495303159692,0.030978864218616568,0.01679589248965847,0.0,Cluster 1
15585,0.10194265309385493,0.03461599957362895,0.06456672330414324,0.0,Cluster 1
15590,0.1257687022503195,0.02985469273944449,0.09712356257764469,0.0,Cluster 1
15593,0.15685607349438585,0.025178632187818985,0.0,0.0,Cluster 1
15597,0.13415591533231622,0.03131341559153323,0.0,0.0,Cluster 1
15598,0.11198366894326973,0.02561556490838983,0.07921861637484809,0.0,Cluster 1
155,0.10253780871477032,0.024364932545233045,0.003000240019201536,0.0,Cluster 1
15606,0.10013416050638838,0.027327324623405157,0.08443485298084705,0.0,Cluster 1
15610,0.1044936305237125,0.025606227932370006,0.00018606728192914558,0.0,Cluster 1
15614,0.10852067881545088,0.017445201728810106,0.0,0.0,Cluster 1
15621,0.08836012997872499,0.029901457497592005,0.05138955438428366,0.0,Cluster 1
15629,0.07688551208852028,0.03389913278449023,0.007516011221087175,0.0,Cluster 1
1562,0.09066441500870759,0.02704100480236424,0.03847497089639115,0.0,Cluster 1
15632,0.1290075405521914,0.030419503871839955,0.029408934647783835,0.0,Cluster 1
15651,0.10967344423906346,0.020363783221236737,0.05849306014540648,0.0,Cluster 1
15657,0.11811606665137965,0.02203145303065046,8.088978766430739e-06,0.0,Cluster 1
15663,0.10755836807399087,0.01822632564641316,0.06861714377259119,0.0,Cluster 1
15664,0.12091514295493219,0.02755937775678138,0.01383407088466292,0.0,Cluster 1
15669,0.09874654385995808,0.02405209305602029,0.006331230354236797,0.0,Cluster 1
1566,0.12363838630429072,0.035822994082291684,0.036053486628342915,0.0,Cluster 1
15671,0.12525410034932175,0.025401790656644767,5.641748942172073e-05,0.0,Cluster 1
15675,0.13255290631860828,0.02124201368807953,0.008829428671863692,0.0,Cluster 1
15687,0.11701494708891608,0.030073449366184193,0.15113903814556598,0.0,Cluster 1
15690,0.08092495505822074,0.02631677847304433,0.006540374233247547,0.0,Cluster 1
15699,0.09534998525992251,0.03627977888139384,0.07330637931980755,0.0,Cluster 1
15701,0.10873196659073653,0.025128411273393183,0.0,0.0,Cluster 1
15703,0.1273411300888253,0.031121314470473695,0.015423242467718794,0.0,Cluster 1
15708,0.08523969312596594,0.022488779976144395,0.03171621474463683,0.0,Cluster 1
15728,0.08727299014812824,0.02240335067557951,0.006057154690412093,0.0,Cluster 1
15729,0.12138081859323673,0.029508115071234683,0.02924554695514315,0.0,Cluster 1
15731,0.12579012314588633,0.034343599687728224,0.022822822822822823,0.0,Cluster 1
15734,0.10075552515526558,0.02216882684111756,0.005860394948068778,0.0,Cluster 1
15741,0.12227842085610509,0.022458331918938184,0.0,0.0,Cluster 1
15749,0.1883032128514056,0.0338520749665328,0.0,0.0,Cluster 1
15751,0.079561557950788,0.02698930733885859,0.018486034273377413,0.0,Cluster 1
15752,0.10193189520358359,0.02342230451646453,0.04361769968486289,0.0,Cluster 1
15760,0.1722977885100596,0.02446123976861606,0.02031935136923968,0.0,Cluster 1
15762,0.1282852677937207,0.035601647961358146,0.06445182724252492,0.0,Cluster 1
15763,0.11541292255027813,0.02856083297675082,0.0231845370507687,0.0,Cluster 1
15771,0.13614647701699636,0.033186102027875516,0.0010616317165329163,0.0,Cluster 1
15772,0.09838146259405475,0.023637768903774316,0.018831593946162437,0.0,Cluster 1
15778,0.16955691086780808,0.016147402454258213,0.004008667388949079,0.0,Cluster 1
15779,0.09332227766241225,0.022835092946703897,0.23809099118181515,0.0,Cluster 1
15784,0.08617415780537932,0.028951836297024396,0.07997407647440052,0.0,Cluster 1
15792,0.10702582412207767,0.022486060843196713,0.04558437107277505,0.0,Cluster 1
15797,0.10063257238299683,0.022440897718525945,0.007301579699932269,0.0,Cluster 1
15799,0.08815221206382336,0.02471925718350623,0.00010645999233488055,0.0,Cluster 1
15801,0.14986811984147871,0.03317548108329183,0.04262792166771952,0.0,Cluster 1
15808,0.15331269731540964,0.024294287815209304,0.0006892788420115454,0.0,Cluster 1
15809,0.11751975357973009,0.03385557728422732,0.14484172072701704,0.0,Cluster 1
15815,0.11889959150507735,0.026862353222991082,0.010683486199248087,0.0,Cluster 1
15817,0.16404675050398387,0.026399155227032733,0.11184258649696438,0.0,Cluster 1
15826,0.1401698935662246,0.028695531629776814,0.024339990659597265,0.0,Cluster 1
15839,0.24014081520125546,0.032328116384612124,0.09502278427355258,0.0,Cluster 1
15847,0.12583465156939472,0.020581133960536176,0.0,0.0,Cluster 1
15853,0.10255069198583842,0.024782748632121016,0.02314633189486073,0.0,Cluster 1
15871,0.10411997106054588,0.01608338534869205,0.0013113748999437982,0.0,Cluster 1
15873,0.10820018681480753,0.017919472985595594,0.017220228088509246,0.0,Cluster 1
15883,0.12419768654279092,0.02274684183225252,0.08326419260030093,0.0,Cluster 1
15898,0.1594396456193171,0.02258054302680018,0.034164966692542376,0.0,Cluster 1
15899,0.15065479164470277,0.0301062059671527,0.0,0.0,Cluster 1
15904,0.13557975571811592,0.031919940860393015,0.028157552083333332,0.0,Cluster 1
15908,0.10176950952385759,0.0216217307478777,0.003669906764530847,0.0,Cluster 1
15912,0.1328542766770269,0.022135309307608386,0.0972076686799275,0.0,Cluster 1
15913,0.13299519071633015,0.029376545493487023,0.09783324793206939,0.0,Cluster 1
15930,0.14757325660634513,0.020443704096312562,0.0,0.0,Cluster 1
15932,0.10140663794800867,0.029037540760804316,0.005578813768019853,0.0,Cluster 1
15939,0.10350891654988596,0.021741818481576126,0.003517387841783913,0.0,Cluster 1
15945,0.0834158637307442,0.028341092733314206,0.2519880164219403,0.0,Cluster 1
15947,0.11100990120355947,0.022225156710666025,0.24871334239658185,0.0,Cluster 1
15953,0.0978896792820955,0.0267051946925212,0.13121906142541592,0.0,Cluster 1
15966,0.30763352065728095,0.024872069748159562,0.014980228276627169,0.0,Cluster 1
15969,0.09572770991744198,0.015991491905277582,0.03539715363094514,0.0,Cluster 1
15970,0.0948978481568137,0.020178168551802256,0.11096599796504122,0.0,Cluster 1
15987,0.09974947925757233,0.025716785098771226,0.035540281430412504,0.0,Cluster 1
15990,0.1654010786477071,0.02918439649049597,0.09383282364933741,0.0,Cluster 1
1600,0.10791846208400942,0.02963647500026864,0.1915762222443493,0.0,Cluster 1
16026,0.12954064928664435,0.01294985066464093,0.08873595537939959,0.0,Cluster 1
16030,0.14224904557452447,0.033487023212080705,0.03752961554542378,0.0,Cluster 1
16032,0.10419999224883371,0.026340286838747624,0.02802654609101517,0.0,Cluster 1
16039,0.10858907491870584,0.02138908061107593,0.14989188126597208,0.0,Cluster 1
16040,0.09599090053782315,0.015907207953603977,0.08812428684279822,0.0,Cluster 1
1604,0.09486836935166994,0.02999607072691552,0.08569416832339298,0.0,Cluster 1
16068,0.07854022457388542,0.015191034475245405,0.061700060354930295,0.0,Cluster 1
16075,0.11697345564258069,0.03088143418766952,0.015876375952582556,0.0,Cluster 1
16079,0.13486313459967858,0.02752588455357378,0.017073647196718108,0.0,Cluster 1
1607,0.09083946252571987,0.023949321904805213,0.002408997763073506,0.0,Cluster 1
16094,0.09178234527187668,0.026650816780427945,0.005849174848548151,0.0,Cluster 1
1609,0.16611159132896053,0.016885307028694427,0.014208096319159248,0.0,Cluster 1
160,0.12587671352146196,0.029397111319641286,0.04194285933867466,0.0,Cluster 1
16101,0.09656449811455999,0.02296050385507215,0.02161288774416484,0.0,Cluster 1
16103,0.07815261759133277,0.023753512798667362,0.06426944354051416,0.0,Cluster 1
1610,0.08863220600613099,0.024905969792310488,0.03802081508217402,0.0,Cluster 1
16110,0.1082601298566022,0.024096385542168676,0.0,0.0,Cluster 1
16111,0.08828128209341495,0.028650433389475413,0.16732830199653914,0.0,Cluster 1
16114,0.09723788215987107,0.03073217669525794,0.04753521126760563,0.0,Cluster 1
16116,0.09119678949969562,0.027315554254612868,0.06693801604837772,0.0,Cluster 1
1611,0.09337659139956259,0.01669973784453167,0.030815366320252315,0.0,Cluster 1
16120,0.10934015479470025,0.026064213564213564,0.0,0.0,Cluster 1
16125,0.106138494103417,0.024772626828871158,0.0,0.0,Cluster 1
16126,0.08596635033844022,0.021595105503773124,0.020102231396834758,0.0,Cluster 1
16127,0.10925273471223212,0.025630039093074607,0.17491166077738515,0.0,Cluster 1
1612,0.08645677839598317,0.027249287555977744,0.2056192120546225,0.0,Cluster 1
16130,0.11422974820904605,0.02624622115246912,0.018107909585656574,0.0,Cluster 1
16151,0.08580070257293602,0.027397631868057343,0.016914321846348404,0.0,Cluster 1
16152,0.10625138386596797,0.03500258321647354,0.0016323978883023061,0.0,Cluster 1
16154,0.13972436508624425,0.0308943894798103,0.0,0.0,Cluster 1
16160,0.12029095450416977,0.02863680228717695,0.02252836826186748,0.0,Cluster 1
16161,0.14640140318648406,0.032138442521631644,0.06717837477056567,0.0,Cluster 1
16162,0.08029133248382181,0.027363432692868266,0.13298065453036667,0.0,Cluster 1
16167,0.09064312582187382,0.030295925544602902,0.004948268106162843,0.0,Cluster 1
1616,0.09269233726047933,0.02793286694470604,0.24808853640204234,0.0,Cluster 1
16175,0.11665209432811036,0.02355372160752813,0.0528713939067134,0.0,Cluster 1
16176,0.1345144261000541,0.028844888349443574,0.027395771049627655,0.0,Cluster 1
16177,0.1224829394560796,0.030288768615322554,0.0,0.0,Cluster 1
1617,0.10481118335933681,0.019718248243336463,0.021688751004541464,0.0,Cluster 1
16185,0.14822895911209183,0.027253116406211406,0.0,0.0,Cluster 1
16191,0.09631646993570765,0.026432432764214125,0.04556336855216563,0.0,Cluster 1
16198,0.162596423874018,0.0196698778334696,0.0038624107272992275,0.0,Cluster 1
16201,0.12108949590487983,0.02300428160105026,0.020420734900052362,0.0,Cluster 1
16216,0.09365728473687092,0.024143380677007203,0.016983502676718016,0.0,Cluster 1
16221,0.10388405036234262,0.02044279325912821,0.04041667203836683,0.0,Cluster 1
16222,0.12242255682363096,0.029836002685336146,0.15017626321974148,0.0,Cluster 1
16228,0.1550951984729088,0.03845259654446674,0.004220907297830374,0.0,Cluster 1
1622,0.07765858602922544,0.03135399949320044,0.005655862519034153,0.0,Cluster 1
16231,0.09096684486850622,0.02659842255411982,0.06259059164580313,0.0,Cluster 1
16243,0.10955040749196332,0.04093157343095269,0.026997482775565875,0.0,Cluster 1
16246,0.10119163846946008,0.033459496328790576,0.009013771774470672,0.0,Cluster 1
16247,0.14960768348199416,0.018551759872682188,0.059682107737027645,0.0,Cluster 1
16250,0.07857134008443233,0.018670821753826686,0.006160727841818203,0.0,Cluster 1
16265,0.10343550013904496,0.026919801135199643,0.08078245625863871,0.0,Cluster 1
16275,0.13774913533553956,0.03899574510438179,0.04194364161849711,0.0,Cluster 1
16276,0.09626254256206984,0.022771911776259517,0.015183479881119203,0.0,Cluster 1
16281,0.09067663257277735,0.02977970102281668,0.012147505422993492,0.0,Cluster 1
16282,0.14136058883544672,0.032866929019093424,0.0,0.0,Cluster 1
16283,0.09691380055224749,0.025816631290268045,0.016125906113113927,0.0,Cluster 1
16288,0.09103810323657156,0.021835840380505733,0.01086923428223474,0.0,Cluster 1
16307,0.10168301400492348,0.023689413423358428,0.1151190186042733,0.0,Cluster 1
16318,0.08598050007862872,0.014231797452429628,0.05471726870903826,0.0,Cluster 1
16330,0.2000042115016109,0.024679399439870287,0.0,0.0,Cluster 1
16332,0.0893510171036112,0.027710744415805882,0.016196104180345807,0.0,Cluster 1
16333,0.10399137841487482,0.026630829957411447,0.010030382486369501,0.0,Cluster 1
16334,0.13473765552860162,0.03900442131622193,0.002032741660314349,0.0,Cluster 1
16339,0.09500485432647314,0.025155032318443817,0.012428650340637084,0.0,Cluster 1
16344,0.1025617554367015,0.024074485752769024,0.06974372051510902,0.0,Cluster 1
16369,0.10020103692730928,0.025727843207474992,0.024449679148728778,0.0,Cluster 1
16370,0.09406310545253252,0.022437494233785403,0.0377617576381737,0.0,Cluster 1
16386,0.10564164980971646,0.03179106524496863,0.11018255578093307,0.0,Cluster 1
16389,0.09826644864564887,0.021922482803710664,0.010630954024575453,0.0,Cluster 1
16394,0.13836491750186003,0.03411527856798985,0.11023248458010439,0.0,Cluster 1
16396,0.0876160298824337,0.03289941017311698,0.007652015486221817,0.0,Cluster 1
1639,0.0787463076573506,0.022750511247443764,0.0025247971145175834,0.0,Cluster 1
16402,0.1084497406553807,0.0269005481544451,0.017933403599172424,0.0,Cluster 1
16410,0.0883840359297419,0.02788604455324808,0.0,0.0,Cluster 1
16413,0.1504669787780128,0.01973668575774139,0.05606886203901129,0.0,Cluster 1
16416,0.1689102300153935,0.024399411288977293,0.005088008800880088,0.0,Cluster 1
16417,0.114910102200808,0.030477127848289595,0.3672127882077586,0.0,Cluster 1
16418,0.11218152931967781,0.031005605249076737,0.01806237540305856,0.0,Cluster 1
16436,0.0958617793585249,0.02318523372929776,0.001360634520293366,0.0,Cluster 1
16440,0.15583871028306434,0.03198633180421436,0.007228625356411389,0.0,Cluster 1
16448,0.08319323740323883,0.025340741796077315,0.0,0.0,Cluster 1
16450,0.11677767220174473,0.023223057776211475,0.022432802863376327,0.0,Cluster 1
16453,0.09711350647471605,0.02484988786804601,0.026743146603098927,0.0,Cluster 1
16464,0.101733429288665,0.02565010681641743,0.15445886481368015,0.0,Cluster 1
16470,0.09476875470735398,0.023245997808549808,0.007229143429684103,0.0,Cluster 1
16473,0.12951386241772764,0.027820131635790703,0.011233199254390269,0.0,Cluster 1
16477,0.09045521713556089,0.024963057544151616,0.07644726407613006,0.0,Cluster 1
16501,0.09362826094822284,0.018160401062961577,0.04888144617630641,0.0,Cluster 1
16516,0.14179542343047136,0.024545276745550557,0.10689655172413794,0.0,Cluster 1
16539,0.11500856486446996,0.02808995750210624,0.023841704060117857,0.0,Cluster 1
16546,0.11869306401895839,0.028635813689455666,0.025045204212618532,0.0,Cluster 1
16547,0.09732518201228002,0.029407084222950124,0.055252759231502926,0.0,Cluster 1
1654,0.09424791336778669,0.028821335560621088,0.0,0.0,Cluster 1
16553,0.09796588125728577,0.021383347607726953,0.04926917865482746,0.0,Cluster 1
1655,0.10936778811859585,0.02586521596831178,3.8365992384350514e-05,0.0,Cluster 1
16561,0.13445766021658087,0.026060713651695367,0.08106680749933985,0.0,Cluster 1
16571,0.10625880182489089,0.02183320002337829,0.059204904564029694,1.8091583106927523e-05,Cluster 1
16581,0.17148932839325784,0.03765068099984345,0.0018257892734880182,0.0,Cluster 1
16584,0.15615721758801074,0.0290099674819737,0.016749660479855138,0.0,Cluster 1
16585,0.27423401505359996,0.023416711016498136,0.12434155808150818,0.0,Cluster 1
16595,0.10331878585497878,0.03220449258613365,0.003378669810506944,0.0,Cluster 1
16600,0.14429762170005883,0.024634228552167778,0.00031673133264708213,0.0,Cluster 1
16601,0.103531663104379,0.039324799710574045,0.005701411559152145,0.0,Cluster 1
16603,0.11348718543430361,0.029007692605048513,0.02302609169561959,0.0,Cluster 1
16604,0.08694324123888894,0.032015092240063915,0.01375143704727986,0.0,Cluster 1
16609,0.08250050989190291,0.024207118090964715,0.15945611866501855,0.0,Cluster 1
1660,0.17544601444261648,0.03210637719932143,0.011290440370992479,0.0,Cluster 1
16612,0.15102824061406414,0.03802978153487233,0.05335049703211042,0.0,Cluster 1
16620,0.09703934280431577,0.02333185105436843,0.037287154502918335,0.0,Cluster 1
16629,0.09226095987343748,0.02495466457164074,0.029745414248636668,0.0,Cluster 1
16635,0.09390634600193101,0.021201615026770825,0.3063675663044748,0.0,Cluster 1
16636,0.1889276714429013,0.020283026561518827,0.00822308074158807,0.0,Cluster 1
16643,0.10361268712830679,0.036485747487866566,0.03826488537027874,0.0,Cluster 1
16652,0.11621764977371202,0.04227762125522667,0.17877803594290861,0.0,Cluster 1
16656,0.10743029925741474,0.028004802347814488,0.052152317880794705,0.0,Cluster 1
16659,0.09900189716008609,0.02757133164130444,0.05268255602962091,0.0,Cluster 1
16664,0.11522886379116122,0.02937497429539283,0.0020022285674489867,0.0,Cluster 1
16666,0.10487214858882674,0.027449730383177287,0.01242259525040673,0.0,Cluster 1
16667,0.09889003517581693,0.015822902812822393,0.048516842634489694,0.0,Cluster 1
16689,0.16597870994861152,0.03177413307986231,0.04835784118002715,0.0,Cluster 1
16695,0.1250573023886198,0.02677907900468954,0.0,0.0,Cluster 1
16704,0.08687203403698249,0.026362297496318115,0.00037673651989639744,0.0,Cluster 1
16707,0.149653063308556,0.032651284283848496,0.030814538141071685,0.0,Cluster 1
16720,0.11754400600650705,0.04006340201885376,0.0,0.0,Cluster 1
16723,0.1272528291902683,0.027331000228499956,0.018740785544172682,0.0,Cluster 1
16733,0.10091713403710892,0.024551585986610492,0.11453189808413984,0.0,Cluster 1
16752,0.08950529649448509,0.032223071602781116,0.2749308605823979,0.0,Cluster 1
16753,0.12567376553612533,0.031618752999230976,0.09236313236313236,0.0,Cluster 1
16757,0.10210392130966804,0.020594196989968477,0.0,0.0,Cluster 1
1675,0.1413062209202137,0.020605105733487606,0.0005226480836236934,0.0,Cluster 1
16780,0.09034413435694004,0.03163756692044874,0.0002165674066053059,0.0,Cluster 1
16788,0.1019776964627984,0.03527037230644131,0.01779866154065214,0.0,Cluster 1
1678,0.10221902112442996,0.021934515879603572,0.09830006835783449,0.0,Cluster 1
16795,0.1005995363192014,0.03428875204890799,0.0077798165137614676,0.0,Cluster 1
16810,0.1074598832053277,0.016066588022689624,0.0007104346302820329,0.0,Cluster 1
16817,0.1471491751013464,0.03252703739847825,0.0016069288593528706,0.0,Cluster 1
16820,0.10294673805793385,0.023117804121395486,0.03317313004087946,0.0,Cluster 1
16825,0.1435176548967355,0.044277148567621584,0.002228205366261257,0.0,Cluster 1
16835,0.10117003190688025,0.021180829594527537,0.02726102189472567,0.0,Cluster 1
16840,0.1125304222826319,0.022025020993154096,0.005248845886296085,0.0,Cluster 1
16849,0.10763270622920194,0.02393966372818028,0.10531133202817117,0.0,Cluster 1
16852,0.13850298897027868,0.02478078879948039,0.008293530178028658,0.0,Cluster 1
16854,0.09469981107962439,0.028730482858254153,0.0,0.0,Cluster 1
16858,0.127235814233975,0.03141975144308621,0.00015465089833977712,0.0,Cluster 1
16863,0.12176140250401693,0.027607820678025422,0.11220570174292509,0.0,Cluster 1
16866,0.10874332858799668,0.03222889745125953,0.07784067933683785,0.0,Cluster 1
16868,0.0815618915530899,0.027071720054410157,0.014388489208633094,0.0,Cluster 1
1686,0.10314774613714724,0.020838654067168946,0.0,0.0,Cluster 1
1687,0.1273643640675956,0.024192113845241624,0.035381750465549346,0.0,Cluster 1
16889,0.09196716252935865,0.024024953122463846,0.0373356839681441,2.8980814878565223e-05,Cluster 0
16891,0.10167910059768827,0.01823011622409636,0.0,0.0,Cluster 1
16895,0.17999271681482035,0.03185459774408008,0.024252327964101365,0.0,Cluster 1
16897,0.1539096791138633,0.03355591136612739,0.005841524047060368,0.0,Cluster 1
16900,0.08557109536898146,0.03049483660074048,0.23366095855709798,0.0,Cluster 1
16906,0.14322277914045003,0.035427108883438196,0.03320923306031273,0.0,Cluster 1
16908,0.10217418994522884,0.02766972692801364,0.004602991944764097,0.0,Cluster 1
16916,0.09763282234973901,0.03303915446158197,0.0426019792420951,0.0,Cluster 1
1693,0.12690945849027835,0.030026146522173718,0.04156098429226183,0.0,Cluster 1
16941,0.15531106169519573,0.02928323938563376,0.041954549238325145,0.0,Cluster 1
16953,0.0932564879033571,0.029370583829898083,0.1267458100558659,0.0,Cluster 1
16959,0.10322642699126866,0.03722307125070802,0.09959623149394348,0.0,Cluster 1
16968,0.12787497340370768,0.029099203598335358,0.0,0.0,Cluster 1
1696,0.15450649038032915,0.033262084767220014,0.0030437887235561837,0.0,Cluster 1
16970,0.11461539181987618,0.03212108156709219,0.1276394064195594,0.0,Cluster 1
16971,0.10365819782473984,0.027767687343746662,0.02434499391890499,0.0,Cluster 1
16976,0.10274359793632458,0.027565573532401893,0.04471217623904487,0.0,Cluster 1
16980,0.09987913450084834,0.020833501388810464,0.017840821749272786,0.0,Cluster 1
16982,0.0971567045581778,0.026359437885204083,0.0137217591724064,0.0,Cluster 1
169,0.10863138904285265,0.031642267940399725,0.0056775548997048675,0.0,Cluster 1
17009,0.12814221786043833,0.03541312197645703,0.0,0.0,Cluster 1
1700,0.08772203882605221,0.026948693684214604,0.0022370047683522693,0.0,Cluster 1
17011,0.15771509139945214,0.03445474671070756,0.0022663143279437453,0.0,Cluster 1
17040,0.09330339923450465,0.03281665694138126,0.007393470426118295,0.0,Cluster 1
1705,0.09366487499951974,0.025933709596240955,0.047540916362443085,0.0,Cluster 1
17062,0.14631222093600132,0.014966098892012569,0.0018366770274088726,0.0,Cluster 1
17068,0.1317509363670159,0.027227594146357063,0.08056735436893205,0.0,Cluster 1
17073,0.13045438413060786,0.022589711369675112,0.029044117647058824,0.0,Cluster 1
17077,0.09025075320110469,0.024739692303400562,0.01029683077844427,0.0,Cluster 1
17094,0.11922772174075161,0.03084397336177376,0.001471704187458321,0.0,Cluster 1
17096,0.1380743203134275,0.021073251810518816,0.0,0.0,Cluster 1
170,0.09110686853438707,0.034484748923322824,0.043323586744639375,0.0,Cluster 1
17115,0.1041233889838282,0.02169717477618412,0.01350002721779681,0.0,Cluster 1
1711,0.09651259837513125,0.02557424039419364,0.03507709839393184,0.0,Cluster 1
17120,0.09095816435946807,0.02543281592129495,0.058079236672889445,0.0,Cluster 1
17122,0.11061386721625202,0.025732371558957752,0.0,0.0,Cluster 1
17123,0.1020517845975163,0.021980813901545607,0.026564530469872102,0.0,Cluster 1
1713,0.09050030649481015,0.028991529223971597,0.040094554050368214,0.0,Cluster 1
17145,0.22438115563070818,0.031425464239812635,0.0019371747635507275,0.0,Cluster 1
17159,0.1174832433339907,0.022466160453434185,0.00011450268050775069,0.0,Cluster 1
1715,0.22007932910838587,0.018975585602343196,0.04591420697700718,0.0,Cluster 1
17160,0.145220920913157,0.017968406628920085,0.0,0.0,Cluster 1
17162,0.11737918215613383,0.019396049492315375,0.0014771746965883173,0.0,Cluster 1
17169,0.10484655725285562,0.02730555972805465,0.03749844275569952,0.0,Cluster 1
17174,0.08465436414383655,0.028723951982223668,0.0,0.0,Cluster 1
17180,0.09833266911962335,0.020494236787553563,0.036086134202969584,0.0,Cluster 1
17190,0.22041902560712043,0.026473840068004156,0.013081944899553853,0.0,Cluster 1
17193,0.16939332580739572,0.01984816719527419,0.0,0.0,Cluster 1
17205,0.17925327011810524,0.026965245735088683,0.039437950171212655,0.0,Cluster 1
1720,0.09026767156420906,0.03389917517379371,0.0079221277327373,0.0,Cluster 1
17211,0.08600091355053567,0.02401423215571355,0.02594584255942091,0.0,Cluster 1
17214,0.11306885958189779,0.021769215219791326,0.0,0.0,Cluster 1
17229,0.0942926311600451,0.024882271008821382,0.026237118840783596,0.0,Cluster 1
17230,0.16533403746764697,0.021165287278548384,0.08494426884045916,0.0,Cluster 1
17232,0.08984745891925233,0.03287152866815904,0.009564949089787103,0.0,Cluster 1
17241,0.11768249274409945,0.023066766454313686,0.0019647381210899126,0.0,Cluster 1
17259,0.0959894664134001,0.019324166810568123,0.11063638407915449,0.0,Cluster 1
17262,0.12345183406864829,0.02497631896914841,0.08163134541144056,0.0,Cluster 1
17266,0.09332799418735202,0.02083312991248387,0.03139720466034942,4.591693201758925e-05,Cluster 0
17280,0.0822975123443861,0.016382944403918426,0.05458694125906857,0.0,Cluster 1
17281,0.11073112809306708,0.022517136292465916,0.028824364409476888,1.8035965830427383e-06,Cluster 1
17282,0.11903495881511272,0.026657788390889052,0.04336040609137056,0.0,Cluster 1
172,0.1304779427573909,0.037160211784661806,0.01808753821557793,0.0,Cluster 1
17308,0.1028472306880693,0.02475761305906506,0.020752502769928734,0.0,Cluster 1
1730,0.10209589329332443,0.02178228691141626,0.04489247311827957,0.0,Cluster 1
17317,0.09435384471051039,0.03267413534856185,0.23098813687169992,0.0,Cluster 1
17320,0.08672478605134767,0.03237622970487083,0.08641360483989965,0.0,Cluster 1
17323,0.11171336292235008,0.02571671229809862,0.039935637307078234,0.0,Cluster 1
17327,0.11313657307090927,0.02185904125308991,0.05463794318634511,0.0,Cluster 1
17348,0.10106476077004475,0.025593759483853562,0.04121385446456943,0.0,Cluster 1
17350,0.09354829372774899,0.03013111812208747,0.04935024752475248,0.0,Cluster 1
1735,0.12217314117620526,0.027212593960131586,0.005459004720588623,0.0,Cluster 1
17369,0.0787435707605985,0.027592152431421445,0.01663883218902703,0.0,Cluster 1
17374,0.09745170219444682,0.025081566456448743,0.03178135675939483,0.0,Cluster 1
17375,0.13233323144207482,0.02377201439018082,0.07427149964463398,0.0,Cluster 1
17388,0.1725126045856882,0.028302359678692716,0.04797936996053173,0.0,Cluster 1
17393,0.10556409999618481,0.026301576628133226,0.02673982207334138,0.0,Cluster 1
17399,0.11087750220319778,0.024178521969029334,0.04473714091063927,0.0,Cluster 1
17403,0.08074378088617137,0.03053019515872351,0.0,0.0,Cluster 1
17410,0.09755107801969018,0.026535869296728888,0.035449448363175984,0.0,Cluster 1
17411,0.10053334144408324,0.024734805315165254,0.01557188873663042,0.0,Cluster 1
17431,0.08157344559330809,0.018027425630315435,0.07842795929298339,0.0,Cluster 1
17437,0.09657793771349897,0.024502000229361585,0.12043353563842903,0.0,Cluster 1
17438,0.08050643632570774,0.034508825630099875,0.19997957906400263,0.0,Cluster 1
17441,0.0998783320429156,0.030748810972237584,0.0,0.0,Cluster 1
17446,0.08262418459834006,0.029426090942952923,0.0004912726852387007,6.685577299599821e-05,Cluster 0
17450,0.1055254437565825,0.029746461506845796,0.007789678675754625,0.0,Cluster 1
17451,0.08782014079886957,0.031202846256718226,0.0009768992069877026,0.0,Cluster 1
17453,0.09465877046326415,0.020633431931318086,0.0033468643857178363,0.0,Cluster 1
17470,0.08909533889995858,0.012993628257972808,0.04857741035001074,0.0,Cluster 1
17477,0.11165992178974173,0.025028419425245543,0.0,0.0,Cluster 1
17491,0.10467775781071952,0.021938670130635295,0.07303190351787352,0.0,Cluster 1
17509,0.104884901915294,0.02348533670163861,0.014910211036833137,0.0,Cluster 1
17513,0.09006834224218388,0.02491467483379725,0.02674121794092622,0.0,Cluster 1
17514,0.09237590354920035,0.02159193305365162,0.0303097942145539,0.0,Cluster 1
17534,0.09875509058950253,0.01975589859745229,0.04649901795919728,9.870328625363447e-06,Cluster 1
1753,0.1019057821628872,0.027859048339229826,0.12273262661955242,0.0,Cluster 1
17543,0.10697646950747385,0.03635874486541818,0.005765809973624486,0.0,Cluster 1
17551,0.1996124031007752,0.018566369987558617,0.0,0.0,Cluster 1
17563,0.15350284171900241,0.022460333470598337,0.006038686694253473,0.0,Cluster 1
17569,0.19487128317701058,0.021552584314508082,0.0629800307219662,0.0,Cluster 1
1756,0.0973281454490674,0.024804865877656318,0.14556755384113088,0.0,Cluster 1
17572,0.1482507154066279,0.019200590787408843,0.001141552511415525,0.0,Cluster 1
17580,0.11200113268898086,0.026240628056510763,0.0,0.0,Cluster 1
17587,0.10867763646379727,0.030073531172906037,0.24097500771366862,0.0,Cluster 1
17588,0.10865057221223873,0.03621134020618557,0.07055418330594879,0.0,Cluster 1
17589,0.19088268943060813,0.03608202059315321,0.0,0.0,Cluster 1
175,0.10597457529711961,0.035769292659938855,0.009913232104121475,0.0,Cluster 1
17603,0.10564919394374528,0.03761279568838185,0.17178097775648893,0.0,Cluster 1
17607,0.09380078517301196,0.026677622569159135,0.0,0.0,Cluster 1
17612,0.10038149013084231,0.035403403819699926,0.005067204193987874,0.0,Cluster 1
17614,0.2275964932760778,0.02537136175463545,0.0012080929510955496,0.0,Cluster 1
17621,0.10290743550834598,0.037644916540212445,0.19605992686091778,0.0,Cluster 1
17622,0.11437500186370779,0.026730042671453663,0.011601835436437585,0.0,Cluster 1
17629,0.09227697210512516,0.03723350612154339,0.003934426229508197,0.0,Cluster 1
17632,0.1025628719523901,0.02346899596851603,0.17828731867103417,0.0,Cluster 1
17636,0.08338975427022544,0.024092716193706936,0.011799410029498525,0.0,Cluster 1
17639,0.0923773960308249,0.02886230437070625,0.005423543641968083,0.0,Cluster 1
17643,0.10771358696956408,0.026912579929446106,0.08966439146902153,0.0,Cluster 1
17650,0.1324600096838533,0.025306840442969655,0.0,0.0,Cluster 1
17658,0.1370674545856244,0.022721861076793946,0.027784643770996886,0.0,Cluster 1
17661,0.1573092146439937,0.020504412062870795,0.018044270103670497,0.0,Cluster 1
17671,0.10562075747002474,0.030317832899828714,0.005225539071415701,0.0,Cluster 1
17672,0.13851594912602871,0.027570337119408737,0.0056302988641199385,0.0,Cluster 1
17676,0.10059357915370203,0.02790026331887543,0.0012305707219746479,0.0,Cluster 1
17685,0.09715631312829462,0.03155155367111044,0.1778683914510686,0.0,Cluster 1
1768,0.089246077706803,0.01786853520903766,0.031512409158115075,0.0,Cluster 1
17734,0.15074140541971448,0.037516009607711086,0.06629306337482568,0.0,Cluster 1
17735,0.10034745921016575,0.026363253248161557,0.020673147540295627,0.0,Cluster 1
17736,0.08469375953353075,0.01806651813089333,0.05838550926283786,0.0,Cluster 1
17739,0.16947584133422205,0.03570972728433055,0.0835617107034023,1.299996690917514e-05,Cluster 1
17741,0.09633281475311527,0.025266927228629082,0.050956199415593637,0.0,Cluster 1
17743,0.10101542568703498,0.015000370593316437,0.0020160599057800575,0.0,Cluster 1
17749,0.1578647188857793,0.018796076488331828,0.00557878853201121,0.0,Cluster 1
17751,0.10397688416062631,0.019990345922781993,0.02511443904600801,0.0,Cluster 1
17759,0.08214157384117858,0.03346209126841538,0.0,0.0,Cluster 1
17764,0.13430917190943711,0.020409798995489045,0.09493106749519416,0.0,Cluster 1
17767,0.1433325952318645,0.0357576611577457,0.16799307148541734,0.0,Cluster 1
17769,0.10200096525631994,0.02387899901810133,0.00804916517104476,0.0,Cluster 1
17773,0.09010932739329698,0.03298256394500346,0.014604762175370802,0.0,Cluster 1
17775,0.14069072195615315,0.027956093643097243,0.058947902571041946,0.0,Cluster 1
17782,0.14741920181868629,0.030251769907544145,0.0,0.0,Cluster 1
1778,0.1708881246206757,0.02990761346011194,0.015982005445720374,0.0,Cluster 1
17797,0.09711593495108514,0.011017168264014266,0.007520422326893758,0.0,Cluster 1
17798,0.0860636521133707,0.013732283768748405,0.06233116517452726,1.7559566989857814e-06,Cluster 1
1779,0.07958421600660659,0.025232487163836127,0.0003383713061132416,0.0,Cluster 1
17809,0.132940510504229,0.023479554658980387,0.008711730611954628,0.0,Cluster 1
1780,0.09019231236780044,0.020478471226082515,0.024179852818287193,0.0,Cluster 1
17811,0.13164261034177882,0.021894781377638194,0.0,0.0,Cluster 1
17813,0.1201398922895048,0.029883094706423224,0.016400164001640016,0.0,Cluster 1
1781,0.10037743761794926,0.020706647095827216,0.06752663463547107,0.0,Cluster 1
17825,0.14928477439619678,0.022326923893204297,0.0,0.0,Cluster 1
17830,0.19874969288307717,0.033954846987524226,0.026619416515576068,0.0,Cluster 1
17832,0.10715417619454942,0.021813881684995415,0.004007251216486977,0.0,Cluster 1
17841,0.12116340049682583,0.03166574661882418,0.06031095164872715,0.0,Cluster 1
17842,0.1186424201709206,0.022957285369747955,0.018768163747324124,4.56384580681834e-06,Cluster 1
17863,0.08079739166260595,0.021105950112828578,0.006419216234404928,0.0,Cluster 1
1786,0.08112643643808186,0.028323794438051973,0.10644882020298771,0.0,Cluster 1
17870,0.09922234776474441,0.019239515420891737,0.03994356336723108,0.0,Cluster 1
17872,0.10175591596594903,0.02692447869210944,0.03479373201151263,0.0,Cluster 1
17878,0.11162431094554838,0.03347624833070598,0.14437348205451112,0.0,Cluster 1
17881,0.12309341633742231,0.026073481329089616,0.006864367691347641,0.0,Cluster 1
17897,0.13401629463219306,0.02030162735222782,0.022512570312920997,0.0,Cluster 1
178,0.08638753651411879,0.024946445959104186,0.1670423805229937,0.0,Cluster 1
17903,0.16221248906161823,0.021195899277781205,0.030198459089820696,0.0,Cluster 1
17906,0.11768743171123269,0.029358746287260522,0.004323635876122805,0.0,Cluster 1
17910,0.12259787737612123,0.032131223840159026,0.02387037253051399,0.0,Cluster 1
17913,0.09216482653664589,0.02335139536461716,0.0,0.0,Cluster 1
17922,0.08942657005800533,0.02217851193224013,0.0,0.0,Cluster 1
17927,0.11487060877823134,0.029278641066683004,0.005967064470964731,0.0,Cluster 1
17933,0.09578715682285485,0.02661867810922508,0.011180296460623173,0.0,Cluster 1
17937,0.1288760338234613,0.026135726159657854,0.02861307455772533,0.0,Cluster 1
17943,0.13274063927981994,0.02327353294745677,0.024940540287263516,0.0,Cluster 1
17950,0.0975090029619212,0.02978021171462327,0.14648892773892774,0.0,Cluster 1
17951,0.0922776363060134,0.019791271893956016,0.0028580692421313033,0.0,Cluster 1
17959,0.14856688829966821,0.03003749904339175,0.06060146958563745,0.0,Cluster 1
17960,0.09791091834911163,0.021470684414678223,0.05667936474276929,0.0,Cluster 1
17964,0.11706001274182662,0.026710132906082644,0.03511312582933122,0.0,Cluster 1
17975,0.09319172447664067,0.021530743797304054,0.06070016939582157,0.0,Cluster 1
17979,0.10544088113351999,0.023781432729612875,0.016310638745659266,0.0,Cluster 1
17982,0.13349588540079244,0.02758305394696739,0.0,0.0,Cluster 1
17985,0.0876674173176153,0.020472415527703635,0.01739804954049764,2.7425396697368174e-05,Cluster 0
17993,0.10836199989444949,0.022357518795188814,0.07951828566368548,0.0,Cluster 1
17995,0.13062962587448038,0.023866977593024436,0.018627755355479666,0.0,Cluster 1
18012,0.11379507076488447,0.02045660090072737,0.0032693119936032396,0.0,Cluster 1
18013,0.08790748023956442,0.02018141366656789,0.0060462912003913655,0.0,Cluster 1
18019,0.09261763965777554,0.033105812783090084,0.018763796909492272,0.0,Cluster 1
18028,0.1418115324510123,0.024412483012380155,0.018010126316158306,0.0,Cluster 1
18030,0.08548430202687943,0.02647061336014849,0.023126668474924696,0.0,Cluster 1
18033,0.07615446418323492,0.032500988356522514,0.048564012392196265,0.0,Cluster 1
18038,0.12595518244315176,0.019774590163934427,0.026188039570705084,0.0,Cluster 1
18059,0.15307972672693876,0.031627163767695234,0.011303939294713914,0.0,Cluster 1
18063,0.10879516502134037,0.030259342521096015,0.0,0.0,Cluster 1
18071,0.16393503137689183,0.012858373323489602,0.0014261052315544546,0.0,Cluster 1
1808,0.09212857908480336,0.02452991550452125,0.09599722751689482,0.0,Cluster 1
18094,0.183301683349963,0.020502751939232032,0.08498683055311677,0.0,Cluster 1
18100,0.08437441694582884,0.02279391496833944,0.022813722813722813,0.0,Cluster 1
18101,0.10620312121945318,0.024906242438906365,0.0,0.0,Cluster 1
18109,0.10908248956783251,0.02815904762895824,0.0,0.0,Cluster 1
18118,0.08973993871529953,0.028712679553920286,0.05915206905305915,0.0,Cluster 1
18120,0.19268331217048865,0.03163308893661094,0.030034316256187556,0.0,Cluster 1
18129,0.10653281929025372,0.02279064658373764,0.06938891341363436,0.0,Cluster 1
18136,0.12005150802745519,0.03746145758266684,0.06849045463491439,0.0,Cluster 1
18143,0.09941116450673235,0.02936775294744313,0.08481158658549048,0.0,Cluster 1
18145,0.11713355691457882,0.04287088183073585,0.04410526315789474,0.0,Cluster 1
18155,0.11376439922643572,0.02307698187627558,0.008398844319021702,0.0,Cluster 1
18164,0.1670348669676304,0.02929593698972241,0.19870934764551787,0.0,Cluster 1
18165,0.11704639308566996,0.02991649077727815,0.0,0.0,Cluster 1
18171,0.13294415101333015,0.0222760546973247,0.03152444488698596,0.0,Cluster 1
18185,0.1002070225588283,0.02921952740900094,0.0027019078778075948,0.0,Cluster 1
18190,0.11449246090864396,0.019562045869497006,0.020677954215028067,0.0,Cluster 1
18194,0.09356465955107778,0.01829017130293205,0.024822826887181813,0.0,Cluster 1
18198,0.11963640331039027,0.02516354697884258,0.03641195210701937,0.0,Cluster 1
18199,0.08776388731936213,0.022593264213135515,0.0352529196926576,0.0,Cluster 1
18200,0.11421209002788474,0.019497742663656885,0.024712798192136374,0.0,Cluster 1
18204,0.09509597869003673,0.014485119244088645,0.014216631254074793,0.0,Cluster 1
18213,0.13937312352777312,0.021875677077607635,0.0046445555700206,0.0,Cluster 1
18216,0.11655128264915486,0.03399624383688247,0.001636839807944129,0.0,Cluster 1
1821,0.15656932832505352,0.030953390686215113,0.027505481749000388,0.0,Cluster 1
18229,0.08900952880051761,0.02006839842037469,0.05147381056723129,0.0,Cluster 1
18237,0.13993184088371818,0.029620256352144242,0.08549533607270328,0.0,Cluster 1
18238,0.15934112324558397,0.023915986357359437,0.02507476911368817,0.0,Cluster 1
18258,0.10401405884080048,0.021146768135942205,0.042816375186421785,0.0,Cluster 1
18266,0.14807966212952528,0.03601299216011692,0.18872165672752822,0.0,Cluster 1
18272,0.11453022230913418,0.022342401854404448,0.00066110712017574,0.0,Cluster 1
18284,0.12587969209563285,0.0206029955639251,0.1610502776064158,0.0,Cluster 1
18296,0.10512348334910937,0.02798496973869145,0.0010041146873601607,0.0,Cluster 1
18297,0.11183422246142428,0.02041369169708295,0.008492371811090365,0.0,Cluster 1
1829,0.12512803291075478,0.02978759130215767,0.19940955448201825,0.0,Cluster 1
18301,0.15785510896944474,0.03677034278830358,0.023848755528575145,0.0,Cluster 1
18302,0.21139603490603015,0.0281187465186805,0.08363423441007124,0.0,Cluster 1
1833,0.09009040893517477,0.024734304591002034,0.016562963338444578,0.0,Cluster 1
18344,0.09426555948217458,0.030208009082086682,0.051547893650600946,0.0,Cluster 1
18355,0.0951349103776719,0.016525958647059705,0.004629733931105954,0.0,Cluster 1
18356,0.11804782588437505,0.021826578104048994,0.0002192790106131041,0.0,Cluster 1
18361,0.09035940117021198,0.023527827581881634,0.18080676111542074,0.0,Cluster 1
18374,0.09837632783101292,0.02287486081648908,0.021242758150630467,0.0,Cluster 1
18378,0.11673390381095662,0.029149937234684783,0.0,0.0,Cluster 1
18380,0.11500121046410618,0.026060580168325714,0.06668317751222834,0.0,Cluster 1
18384,0.10469515035159667,0.020673202540129734,0.026822916666666665,0.0,Cluster 1
18385,0.11240742420926976,0.02767088828283583,0.0023106750019783176,0.0,Cluster 1
18389,0.09481003497768664,0.038120853938005066,0.1481293014617019,0.0,Cluster 1
18394,0.15721227285608633,0.02515258126723667,0.027170806770718838,0.0,Cluster 1
1839,0.1029787284582586,0.021414064634131858,0.049766449455048725,0.0,Cluster 1
183,0.13398531629158858,0.022603328495131265,0.00704669751787968,0.0,Cluster 1
18400,0.10512146865168175,0.023608781841042342,0.021725320797865582,0.0,Cluster 1
18402,0.10607641532366856,0.019321007936444333,0.1012651852448778,0.0,Cluster 1
18408,0.07795035886496456,0.016758553544990003,0.02082717457099821,0.0,Cluster 1
18409,0.10765128939762501,0.02082898552058039,0.048863507773095415,1.4906582995303763e-06,Cluster 1
18429,0.1046433678111827,0.02254275686616776,0.04137245681126501,0.0,Cluster 1
18431,0.08201360282565134,0.030361671694892844,0.003014885999623139,0.0,Cluster 1
1843,0.08980088011475529,0.0226252704772556,0.0007580680095299979,0.0,Cluster 1
18443,0.11989848618207632,0.02278802417401081,0.03445971346226139,0.0,Cluster 1
18448,0.08330985975604552,0.018659359982245438,0.12633196721311477,0.0,Cluster 1
18454,0.15540864807793828,0.02723520660363776,0.0,0.0,Cluster 1
18463,0.08882855910486388,0.018648669220815466,0.05027135104255927,0.0,Cluster 1
18474,0.08409131281199812,0.02300221502811382,0.0,0.0,Cluster 1
1847,0.12824656864761289,0.030966246573486466,0.073160148659611,0.0,Cluster 1
18483,0.14744256783798929,0.03229808692868006,0.0,0.0,Cluster 1
18489,0.13499709826389747,0.03518509371990221,0.035449275693721916,0.0,Cluster 1
1849,0.09482134551998868,0.02507835722807514,0.014117546703062357,0.0,Cluster 1
18503,0.11015072271515107,0.023028595091356716,0.062480166359202,0.0,Cluster 1
18508,0.14937371897062174,0.026952858118879527,0.13477664278091173,0.0,Cluster 1
18514,0.14675599969717618,0.027689454160042395,0.02406499871034305,0.0,Cluster 1
18518,0.077092528754148,0.026378104964721802,0.01243274303923105,0.0,Cluster 1
18519,0.09071387407228167,0.029510473324846662,0.06461173681090694,0.0,Cluster 1
1852,0.09697416214845694,0.023386902673077595,0.010420416437733275,0.0,Cluster 1
18561,0.10626485988168982,0.03247139850238109,0.08570139993986639,0.0,Cluster 1
18564,0.12393193221081016,0.029081293795443407,0.01505359078318815,0.0,Cluster 1
18566,0.07882181655280547,0.016648000895956996,0.0,0.0,Cluster 1
18569,0.09798263189481296,0.022655793667872747,0.11301939813930646,0.0,Cluster 1
18576,0.12208261850430933,0.03029949716751891,0.007609980899251129,0.0,Cluster 1
1857,0.10471282118071706,0.024461830427744805,0.0,0.0,Cluster 1
18584,0.11005422119396276,0.028031644563352175,0.02377868553020491,0.0,Cluster 1
18592,0.16131748348505429,0.03667794379434569,0.0008890841387389649,0.0,Cluster 1
18609,0.10186581606495808,0.02106962127924068,0.008679872444634982,0.0,Cluster 1
1860,0.14555545277957635,0.024789566182591805,0.09761057447890188,0.0,Cluster 1
18610,0.09284563696612666,0.02806286818851252,0.0793367536619823,0.0,Cluster 1
18618,0.12146926078085107,0.022890230341286916,0.029934306865585198,0.0,Cluster 1
18620,0.09860703985348193,0.03161656069596084,0.08405935854475825,0.0,Cluster 1
1865,0.1340277850921079,0.027637635212706572,0.03662082514734774,0.0,Cluster 1
18660,0.11365800097526348,0.039524708333195116,0.07407407407407407,0.0,Cluster 1
18677,0.12154011402131702,0.026171197223828803,0.0018014955812372536,0.0,Cluster 1
1867,0.12212563468644495,0.018286944732434803,0.045145842403134524,0.0,Cluster 1
1868,0.10974012013061181,0.02235652185597764,0.018428383383843023,0.0,Cluster 1
18698,0.1383267774320437,0.028932073034697352,0.0,0.0,Cluster 1
1869,0.0972740045719439,0.027760150626290617,0.012080186651930988,0.0,Cluster 1
18710,0.13012672499671796,0.041106469075548484,0.10578321118067713,0.0,Cluster 1
18714,0.09177267245090738,0.019823069444583747,0.035703351021417265,0.0,Cluster 1
18719,0.10589854751431917,0.04110629410461694,0.24577917226953533,0.0,Cluster 1
18724,0.10359662708655998,0.029484311363505995,0.0,0.0,Cluster 1
18740,0.09812651555086979,0.02575962045334739,0.010282251565975094,0.0,Cluster 1
18748,0.0910709010449372,0.022895391973920362,0.0,0.0,Cluster 1
1874,0.07675026921451218,0.024817407424416092,0.005763688760806916,0.0,Cluster 1
18761,0.10228281302543013,0.021262520741569688,0.0192950307211383,0.0,Cluster 1
18780,0.10833209368440191,0.03097469463314656,0.0,0.0,Cluster 1
18820,0.09697600475787452,0.024281172084086283,0.09954004009906829,0.0,Cluster 1
18841,0.0924684598735547,0.03057363159993165,0.0063713884237069545,0.0,Cluster 1
18856,0.11072413465195892,0.031006323697223278,0.0249597423510467,0.0,Cluster 1
18858,0.1138288380634487,0.024875334582634332,0.017426817513063773,0.0,Cluster 1
18879,0.11238606644898717,0.023088469692514817,0.2130120481927711,0.0,Cluster 1
18880,0.15248181639473166,0.0206539545246052,0.012988687272375673,0.0,Cluster 1
18885,0.11075954501939023,0.024014668419088416,0.020685613829475535,0.0,Cluster 1
18892,0.10051512566441367,0.02337751820985629,0.0,0.0,Cluster 1
18895,0.13407972364135806,0.013573412966797423,0.0,0.0,Cluster 1
18922,0.11160358681128564,0.02348161669108163,0.01539121648742543,0.0,Cluster 1
18930,0.09648861872736679,0.026713657527159856,0.0,0.0,Cluster 1
18937,0.1508710078805475,0.025127886077699432,0.0,0.0,Cluster 1
18942,0.17407202980543673,0.037624764270272754,0.0,0.0,Cluster 1
1895,0.09043137904231001,0.020898587519949958,0.016250031788012105,0.0,Cluster 1
18983,0.09521682937271594,0.019142253453211234,0.0,0.0,Cluster 1
19001,0.09505189391100669,0.02424311889532022,0.007358738501971091,0.0,Cluster 1
19008,0.10635784422829249,0.020031181511892548,0.0796072145300332,0.0,Cluster 1
19011,0.20516666062672312,0.02081271621836347,0.05025951792168266,0.0,Cluster 1
19024,0.09921503381559005,0.02977191839808867,0.0022089477941633997,0.0,Cluster 1
1903,0.10783300138354644,0.02425767412160005,0.0004934790271413465,0.0,Cluster 1
1905,0.09940659421453545,0.022532780494034017,0.019054848378683483,0.0,Cluster 1
19070,0.1315461509862754,0.02314225720135518,0.0327806858666879,0.0,Cluster 1
19080,0.1001005809266297,0.016711837696017733,0.0418286697686277,0.0,Cluster 1
19087,0.09705370822808398,0.021812497411901114,0.0,0.0,Cluster 1
1908,0.11804717162703621,0.02063758682833797,0.03764775632712047,0.0,Cluster 1
19101,0.09454567706491881,0.024534254399086186,0.0831475541875818,0.0,Cluster 1
19105,0.12677878395860284,0.021224126778783957,0.0,0.0,Cluster 1
1913,0.14059325048158022,0.01819616074038336,0.0003506750494702302,0.0,Cluster 1
19143,0.15295466219198262,0.03738610568428473,0.027328054833372726,0.0,Cluster 1
19163,0.09686624070050162,0.029572606767530714,0.016094398232117915,0.0,Cluster 1
19184,0.12483682532526383,0.023840824663788573,0.02936496777105982,0.0,Cluster 1
19212,0.10674228889172051,0.030195119438472445,0.077301127704968,0.0,Cluster 1
19213,0.10110813734600466,0.029163560359605965,0.0090584698069362,0.0,Cluster 1
19215,0.07822073806215156,0.025112729887207218,0.016631400761743548,2.3833656963499417e-05,Cluster 1
19220,0.0867304684062929,0.023992243271493373,0.0062528619475454355,0.0,Cluster 1
19222,0.07941226002433507,0.02808334559778975,0.04513703194806691,0.0,Cluster 1
19230,0.13364377182770665,0.02871556072953046,0.04819976771196283,0.0,Cluster 1
19234,0.10282347676933402,0.04049220672682527,0.14853926716759988,0.0,Cluster 1
19254,0.0996255038880327,0.02704303693254552,0.18359325791741202,0.0,Cluster 1
19274,0.1066627070473822,0.03131522270083041,0.11389243058988838,0.0,Cluster 1
19278,0.10430857896746866,0.016109433045168906,0.03221941152975636,0.0,Cluster 1
19285,0.10726867956031724,0.02321413663559204,0.011959426155083405,0.0,Cluster 1
19288,0.09293608097018327,0.03612291419713687,0.04150191811465518,0.0,Cluster 1
1929,0.17929747111401786,0.023245040331371265,0.10563112698533324,0.0,Cluster 1
19300,0.09951438296188998,0.023478861526727728,0.053521561984984437,0.0,Cluster 1
1931,0.08678315873988922,0.0291646097009217,0.0,0.0,Cluster 1
19333,0.1410646471416952,0.026551194718917003,0.0394013789935862,0.0,Cluster 1
1933,0.0770722700141706,0.02672373073014328,0.22564769245055252,0.0,Cluster 1
19349,0.0868200553786765,0.03021925987390979,0.012777893205900686,0.0,Cluster 1
19351,0.10774876215849398,0.02969562922562646,0.03953813855843247,0.0,Cluster 1
19354,0.1667298464269534,0.034024612369056094,0.11201685798258748,0.0,Cluster 1
19358,0.11904505304086895,0.020320358395672204,0.0,0.0,Cluster 1
1936,0.11407640961157092,0.021948839217011053,0.01488894982177132,0.0,Cluster 1
19371,0.1241882778373448,0.02541075462077928,0.026681110358835476,0.0,Cluster 1
1937,0.1251237598055846,0.02310413825095373,0.06916777335104028,0.0,Cluster 1
19381,0.11273947928606518,0.03247849252434155,0.01966370593821574,0.0,Cluster 1
19396,0.0924717682850481,0.02550752789330662,0.045195879306874534,0.0,Cluster 1
19401,0.10378483750656471,0.0320387859798415,0.0016867504324084796,0.0,Cluster 1
19416,0.1386365175128961,0.020573741543652775,0.015739976901501404,0.0,Cluster 1
1941,0.11191341435836484,0.021462342293067996,0.025234962406015037,0.0,Cluster 1
19420,0.12519851120028305,0.03457043410525276,0.01404285150944223,0.0,Cluster 1
19434,0.11175774414665181,0.022690851278352454,0.0,0.0,Cluster 1
19440,0.10512397786950611,0.023812180035451762,0.08470246049838849,0.0,Cluster 1
19448,0.12347939352254814,0.02387198480763027,0.025366248003627974,0.0,Cluster 1
19459,0.09955114404452313,0.020948291703184893,0.01367552963875434,0.0,Cluster 1
1945,0.115316129615402,0.02446784471460207,0.0,0.0,Cluster 1
1946,0.08428946012307133,0.02792976446694353,0.04045853000674309,0.0,Cluster 1
19482,0.08279358330567904,0.022966819902331216,0.009806813904515814,0.0,Cluster 1
19502,0.1200340473868039,0.029344055351407633,0.0074608474931305985,0.0,Cluster 1
19506,0.08765427668000281,0.027818949175003764,0.15698065241569806,0.0,Cluster 1
19512,0.100619704931595,0.023900579106215434,0.009906360625785086,0.0,Cluster 1
19525,0.18797556833641388,0.025132213079634338,0.022177855419682223,0.0,Cluster 1
19531,0.1169274654062902,0.02342868982368848,0.03825418880261545,0.0,Cluster 1
19532,0.15340612204182066,0.025860021470848097,0.017440915319053407,0.0,Cluster 1
19540,0.09831211983268158,0.022868285129521236,0.0,0.0,Cluster 1
19544,0.08803189651095533,0.02388964272851951,0.05665523368734245,0.0,Cluster 1
19559,0.11858352192659714,0.030703078683738186,0.04088425201733773,0.0,Cluster 1
1956,0.11088137228175393,0.03339274854782226,0.0757999848702625,0.0,Cluster 1
19573,0.10388519790919239,0.024688761821027347,0.006160992811609928,0.0,Cluster 1
19581,0.09990092275193511,0.016184928161036432,0.06488223926330407,0.0,Cluster 1
19589,0.09425947298489948,0.027116934506202173,0.005453235929622389,0.0,Cluster 1
19590,0.09885132352850795,0.034325083431156235,0.14253295200198957,0.0,Cluster 1
19595,0.10298659269533056,0.02600092464170134,0.0,0.0,Cluster 1
19600,0.1363211043039583,0.022946877182875226,0.04733650527101409,7.94856704822968e-06,Cluster 1
19603,0.11287339252392765,0.02294869660513718,0.004153319941364895,0.0,Cluster 1
19608,0.1036679587412128,0.018420603114118653,0.01846723238673452,0.0,Cluster 1
19629,0.1776511773340274,0.03333851930491462,0.03968513929499327,0.0,Cluster 1
19638,0.08338907916800457,0.02851733918441614,0.24977939406904298,0.0,Cluster 1
19644,0.1259614997750557,0.020186466033408804,0.0,0.0,Cluster 1
1964,0.10104530949884832,0.029098018809449108,0.0049982960354424625,0.0,Cluster 1
19674,0.10470887867469116,0.02855302203396054,0.04845548152634767,0.0,Cluster 1
19679,0.09920880151237942,0.0314348425670266,0.0,0.0,Cluster 1
19680,0.14844636667586883,0.03998343609091746,0.020250025829114577,0.0,Cluster 1
19681,0.09364447386957613,0.02750141331325975,0.030701188016528925,0.0,Cluster 1
19687,0.1525536022297614,0.023879693407811018,0.0,0.0,Cluster 1
19689,0.11246876024833483,0.02947562451232062,0.14257704489467599,0.0,Cluster 1
19690,0.12309181555813234,0.03549734276349241,0.06581299783823787,0.0,Cluster 1
19700,0.12810066339775023,0.03374675511970003,0.0,0.0,Cluster 1
19716,0.13008142892598124,0.022243582925269494,0.028326266908944076,0.0,Cluster 1
19720,0.13372242011121646,0.03731132921610333,0.009246394864178603,0.0,Cluster 1
1972,0.09481896759007327,0.02685430086434908,0.11751751751751752,0.0,Cluster 1
19742,0.11161326790164693,0.027501862747616967,0.0,0.0,Cluster 1
19755,0.12506841981798825,0.028637077225674122,0.1148944356273746,0.0,Cluster 1
19772,0.08094177873805719,0.026200365890396475,0.0801178166939847,0.0,Cluster 1
19788,0.10371106406129259,0.030709535904748373,0.049859251401221216,0.0,Cluster 1
1978,0.13017988089494703,0.03021130481122331,0.005937802836754471,0.0,Cluster 1
19795,0.09198861888649647,0.02205475238388188,0.11153466753607195,0.0,Cluster 1
19796,0.16509622172431784,0.02664129400570885,0.012084030488938465,0.0,Cluster 1
197,0.12089661904033407,0.028862376346426084,0.0004633920296570899,0.0,Cluster 1
19800,0.12310304321565979,0.02468243362137432,0.0,0.0,Cluster 1
19809,0.11454616330324748,0.026560016792107708,0.14522251308900525,0.0,Cluster 1
1980,0.09754183596834139,0.027556856477112982,0.04071862198312028,0.0,Cluster 1
19819,0.12431814564553702,0.023758193104046997,0.0,0.0,Cluster 1
19827,0.1436206884688689,0.030176761595464334,0.05183630841166269,0.0,Cluster 1
1982,0.1531734349294311,0.019551476318295957,0.07966836254004145,0.0,Cluster 1
19836,0.18080601695839327,0.027354885273821454,0.06384750691029185,0.0,Cluster 1
1983,0.09086827506128242,0.026432718358921428,0.0007950931394820536,0.0,Cluster 1
19850,0.11805021130260028,0.02164330831123561,0.01244202723090391,0.0,Cluster 1
1986,0.2708054454070164,0.016568585355997274,0.0,0.0,Cluster 1
19899,0.1165775835349935,0.021458554364800268,0.1691991090915482,0.0,Cluster 1
19904,0.09005643781612616,0.02361183427551324,0.0,0.0,Cluster 1
1992,0.11791155417028011,0.022470655916471325,0.06434934582615238,0.0,Cluster 1
1993,0.1368888308636334,0.019831581695933156,0.02536957558416786,0.0,Cluster 1
19977,0.1032173713488037,0.018939168279757407,0.06233386996637757,0.0,Cluster 1
19978,0.0964188784322019,0.02889922808501639,0.025881922866020837,0.0,Cluster 1
20026,0.09788079052712315,0.035544301669520995,0.004186346071275226,0.0,Cluster 1
20099,0.07863994957824827,0.01758184747937601,0.0,0.0,Cluster 1
20100,0.09933045305749354,0.031203856340382977,0.020948036285459597,0.0,Cluster 1
20130,0.13840091155459072,0.02772087073221577,0.09951485675571041,0.0,Cluster 1
20156,0.10862742404019785,0.023077451519196043,0.0006143449546920596,0.0,Cluster 1
20161,0.10430860268675586,0.031093287979937254,0.02940261087576727,0.0,Cluster 1
20162,0.0910507467582763,0.030526421301063412,0.024919935948759006,0.0,Cluster 1
20164,0.09708547898877158,0.0333278628675298,0.04638378520088261,0.0,Cluster 1
20179,0.10459200811909918,0.019021276899876354,0.021210588894507387,0.0,Cluster 1
20198,0.1359417451875831,0.03518447598127059,0.005767211938394482,0.0,Cluster 1
20215,0.10784477765621983,0.02497801231310466,0.019015793451883676,0.0,Cluster 1
20231,0.10206333613789641,0.022923265098754392,0.006409288072681758,0.0,Cluster 1
20234,0.10914939721838195,0.01816819622399473,0.06873789239206744,0.0,Cluster 1
20239,0.0963059294928122,0.02333837123475449,0.026569343065693432,0.0,Cluster 1
20241,0.09505375393504706,0.02810008425527526,0.020322251682643278,0.0,Cluster 1
20268,0.15012212394496474,0.03914469880911088,0.014452814748850755,1.2645970632443057e-05,Cluster 1
20279,0.09277459327090366,0.03113120592518257,0.017136474530437082,0.0,Cluster 1
20296,0.11807341161306348,0.023677149937695062,0.022165062082780237,0.0,Cluster 1
20311,0.10458974919324865,0.028674566954380067,0.00019827047142617475,0.0,Cluster 1
20353,0.1598124148496267,0.0336592070119026,0.03592246339728147,0.0,Cluster 1
20369,0.11861118005855709,0.030261646780324294,0.012803822716816368,0.0,Cluster 1
2036,0.14647294318364176,0.03604126724043277,0.02516253657974023,0.0,Cluster 1
20387,0.12634374352255245,0.0249941524693694,0.05992670023103726,0.0,Cluster 1
20429,0.11553101493607773,0.03240398698655882,0.016230366492146597,0.0,Cluster 1
20454,0.10342704067493919,0.023555131323706006,0.0,0.0,Cluster 1
20468,0.11481963260255719,0.02592664165049076,0.039965836871059306,0.0,Cluster 1
20479,0.13593791811613593,0.031913532128771044,0.1421602191030469,0.0,Cluster 1
20484,0.09607892340781365,0.031580280064986116,0.016175739546921482,0.0,Cluster 1
20488,0.1026634191310161,0.020329528219508237,0.0002392636309898008,0.0,Cluster 1
20537,0.1424023629799803,0.030217501566369306,0.0846236040981374,0.0,Cluster 1
20568,0.11097524146198212,0.019794972699464366,0.021136283954121243,0.0,Cluster 1
2057,0.09127739568032496,0.01830532561950164,0.0,0.0,Cluster 1
20657,0.10123949245659329,0.03177652428206101,0.0,0.0,Cluster 1
2068,0.16353674559024964,0.027498392642495737,0.22047109500529896,0.0,Cluster 1
20698,0.1041509094857605,0.030308703455471767,0.05812002684306394,0.0,Cluster 1
20720,0.08925510042065532,0.028356550103807204,0.0017563809545254956,0.0,Cluster 1
20727,0.10192959595563741,0.019621722773053258,0.0,0.0,Cluster 1
20741,0.10515445170158504,0.025571243538327,0.04826513398268949,0.0,Cluster 1
20776,0.08665166572187709,0.024554888418422238,0.2131818738109278,0.0,Cluster 1
20818,0.09580211144703064,0.026044496882065105,0.03508487950954009,0.0,Cluster 1
20845,0.09481621567132499,0.0337419480329561,0.03462759426192687,0.0,Cluster 1
20856,0.11544641753533023,0.028548115213539865,0.03591378828786891,0.0,Cluster 1
20872,0.08302078436351533,0.036613696336228345,0.2594858229313053,0.0,Cluster 1
20884,0.09621347720686073,0.03399631810145271,0.20407838501409475,0.0,Cluster 1
2093,0.1156426264563865,0.026114848640384856,0.08125989124097145,0.0,Cluster 1
20954,0.10658122852367456,0.02300601077579495,0.0030876673501093344,0.0,Cluster 1
20989,0.12974458914539622,0.029140669046817922,0.023177693717945744,0.0,Cluster 1
20993,0.10894700351336403,0.02780932794253975,0.028244143809169692,0.0,Cluster 1
2102,0.10010111011682381,0.022075621570646964,0.002102807404811349,0.0,Cluster 1
21031,0.10449608543924517,0.025110550775937907,0.012344868548563568,0.0,Cluster 1
21050,0.16431199817194728,0.02590791972327064,0.010741859684457872,0.0,Cluster 1
21074,0.10107463796380767,0.02811723987496763,0.015946589556046945,0.0,Cluster 1
2107,0.11894072335285671,0.02666423573919187,0.025264829058659295,0.0,Cluster 1
21083,0.1100553906714278,0.029168031075604714,0.015113112199115254,0.0,Cluster 1
210,0.09654887799845241,0.019052532026480957,0.032271852960034195,0.0,Cluster 1
21121,0.1069272062694756,0.03286512112975507,0.03867175536551464,0.0,Cluster 1
21161,0.10137390952712066,0.023503419979386427,0.00350254177510763,0.0,Cluster 1
21219,0.09550878271111794,0.034004199313770675,0.04332439678284182,0.0,Cluster 1
21227,0.14937229071665822,0.02506521045619171,0.0005778967072450658,0.0,Cluster 1
21247,0.09157889757287623,0.023048045764951158,0.01680656765980998,0.0,Cluster 1
21255,0.11997476949334916,0.04257647997328535,0.24060615432194216,0.0,Cluster 1
21265,0.10324075790858821,0.018887501454847588,0.0132133915616376,0.0,Cluster 1
21284,0.09442401142061477,0.019852460284530835,0.0,0.0,Cluster 1
21292,0.10574014513738506,0.02760343921784703,0.098173386868744,0.0,Cluster 1
21329,0.09687084209881992,0.02845333324742351,0.1691276730187236,0.0,Cluster 1
21342,0.08593734789634562,0.02300878063976014,0.03828726778432261,0.0,Cluster 1
21379,0.15062876666824848,0.026602761827931476,0.04177430533677777,0.0,Cluster 1
2138,0.09713260504582678,0.025852309659594293,0.025734331016941888,0.0,Cluster 1
21448,0.19925221782260177,0.03541617803286379,0.0013156072566126574,0.0,Cluster 1
21455,0.10826280216769166,0.03327311967633468,0.3151481064866892,0.0,Cluster 1
2145,0.14554889849155642,0.04198589645025318,0.08838395337188652,0.0,Cluster 1
21486,0.16097491977333203,0.020483216492658045,0.0,0.0,Cluster 1
214,0.12968926872966094,0.022717342344242133,0.04680325203252032,0.0,Cluster 1
21525,0.1063849849772623,0.02118613193435428,0.02606663712179203,0.0,Cluster 1
21526,0.22739905594383558,0.029884608355338203,0.0,0.0,Cluster 1
21529,0.12307373752657944,0.027228491562273527,0.0,0.0,Cluster 1
2154,0.1265623189573961,0.04041248746870325,0.061378020140906736,0.0,Cluster 1
21557,0.10717147111008754,0.0317265181273537,0.05650726392251816,0.0,Cluster 1
21567,0.10581152121505819,0.03391280877923703,0.010217687469202007,0.0,Cluster 1
21573,0.0945534582101596,0.025503555023241,0.025742093462965066,0.0,Cluster 1
2157,0.0946994951900181,0.01881131536336794,0.15489062107115917,0.0,Cluster 1
21591,0.09194247655884154,0.0170899141174383,0.012695749838282021,0.0,Cluster 1
21606,0.11532727263600175,0.02798496036785856,0.0,0.0,Cluster 1
2160,0.18904109589041096,0.03628455485057059,0.003913755070091796,0.0,Cluster 1
21635,0.1193465242424631,0.026416013746585795,0.0,0.0,Cluster 1
21692,0.10310370040424584,0.01594291813391379,0.0,0.0,Cluster 1
21693,0.12701876478162125,0.02186876762364664,0.0,0.0,Cluster 1
21714,0.10806237722372931,0.028646420848167365,0.005609729188413915,0.0,Cluster 1
21716,0.11121435237996474,0.021545609010920636,0.015954415954415956,0.0,Cluster 1
21721,0.09957050144295257,0.023473383283428403,0.0,0.0,Cluster 1
21728,0.14535208961536888,0.02102577396951877,0.04393128696141932,0.0,Cluster 1
21752,0.13477521380924234,0.03395616458185064,0.03893314239684955,0.0,Cluster 1
21784,0.10115720284254616,0.03110973992131927,0.05448436288446627,0.0,Cluster 1
21805,0.09263266929323197,0.021871602472013103,0.07925097621583245,0.0,Cluster 1
21807,0.12170566670922323,0.03147969140418392,0.029971527049303164,0.0,Cluster 1
21843,0.1998799428796181,0.01622757420024339,0.0,0.0,Cluster 1
21848,0.09269453968937767,0.03124757365445834,0.09557005633688648,0.0,Cluster 1
21874,0.10884142359844544,0.025403387418545687,0.005461541644255038,0.0,Cluster 1
21883,0.10646424280638372,0.026337539727848264,0.003181336161187699,0.0,Cluster 1
21897,0.08221479144099593,0.027671810651135286,0.007256062631277449,0.0,Cluster 1
21906,0.11875631364083443,0.0329927921392012,0.037266616878267364,0.0,Cluster 1
21928,0.09244353744598863,0.024731225702005404,0.0,0.0,Cluster 1
21943,0.11447897917391152,0.026659406454351702,0.058071050722714644,0.0,Cluster 1
21955,0.0877179714341278,0.028342588791172383,0.0,0.0,Cluster 1
21956,0.110023808669227,0.023901511072825815,0.013784074153012357,0.0,Cluster 1
21978,0.11860807451917275,0.024817890668900586,0.025795669234122947,0.0,Cluster 1
21988,0.12146760641290975,0.023646253572529908,0.20299413735343383,0.0,Cluster 1
21998,0.14319483414690395,0.03082599838567091,0.06556166957455375,0.0,Cluster 1
22015,0.1042074602293207,0.02799777888184236,0.06129444392508803,0.0,Cluster 1
22020,0.08571849291859085,0.028696428159578753,0.13759417170295554,0.0,Cluster 1
22046,0.14384408306779475,0.035852287294436506,0.0011139756198478628,0.0,Cluster 1
2205,0.08894424583555184,0.03305316802312314,0.06435199042202933,0.0,Cluster 1
22065,0.10464751911472416,0.028055819172620435,0.0032795767920035363,0.0,Cluster 1
22086,0.10447551236825589,0.027769962704063598,0.0,0.0,Cluster 1
2208,0.08314487652863142,0.02792348058501293,0.019924900583336798,0.0,Cluster 1
22090,0.09103955382555232,0.03145683444604966,0.022854280894137494,0.0,Cluster 1
22092,0.12675397041831019,0.035468789096214995,0.028412682569784076,0.0,Cluster 1
22134,0.10595655033198191,0.02795913013685455,0.013923531083257033,0.0,Cluster 1
22138,0.10229409336879758,0.02718001926075392,0.004258896049313533,0.0,Cluster 1
22139,0.10264501456160335,0.025425317118623565,0.0013208671104089507,0.0,Cluster 1
22180,0.12514681427302668,0.018258995750841354,0.02549487575459778,0.0,Cluster 1
22205,0.08166279147507373,0.024653647013378698,0.017137867045082415,0.0,Cluster 1
22229,0.15595806674476587,0.026448589708930343,0.0587442218798151,0.0,Cluster 1
22242,0.08297587399308401,0.02492154550360791,0.12536134129890153,0.0,Cluster 1
2224,0.09931234825701639,0.020507158771868473,0.04061922307876105,0.0,Cluster 1
22257,0.0956588729075975,0.021873948046347902,0.04782799765620838,0.0,Cluster 1
22263,0.10451457080471828,0.02559191988192098,0.0029178338001867414,0.0,Cluster 1
22271,0.1884874599491769,0.03355982764335433,0.003956623681125439,0.0,Cluster 1
22273,0.1400475879640353,0.03289044239961256,0.10043602465794617,0.0,Cluster 1
22282,0.13431573815572476,0.02351334778120989,0.0,0.0,Cluster 1
2228,0.08876276636097118,0.025832272793338273,0.005471464515356045,0.0,Cluster 1
2229,0.13358037859503089,0.02132414794125894,0.00707935462627593,0.0,Cluster 1
22308,0.09473360942952717,0.026354717843557196,0.07374075295669792,0.0,Cluster 1
22319,0.12390200158104145,0.024418972715321556,0.0015785631996904433,0.0,Cluster 1
2232,0.1047989188670989,0.02438811310456157,0.03399408349501671,0.0,Cluster 1
22334,0.12364562284480463,0.02214235742417086,0.024451656757714144,0.0,Cluster 1
22340,0.13020857993014556,0.0323650349090035,0.09806581542033202,0.0,Cluster 1
22354,0.11776363887936266,0.028009083681567005,0.020896830382417037,0.0,Cluster 1
22355,0.15382094186648265,0.028066241159220285,0.09151059773466412,0.0,Cluster 1
22358,0.12334919154472564,0.020628737587096067,0.049752192146397256,0.0,Cluster 1
22366,0.15081146666189685,0.022105162740503573,0.02661672119157516,0.0,Cluster 1
22373,0.1024728999457082,0.021092770745716898,0.09105929946061131,1.2368124868588674e-05,Cluster 1
22381,0.10360308914977492,0.024751792880462822,0.0017485840270650397,0.0,Cluster 1
22394,0.18658758929901603,0.0313041380827049,0.05689474244521162,0.0,Cluster 1
22396,0.09803889039958627,0.026922791182111484,0.0004340724827474581,0.0,Cluster 1
2240,0.11750704496573122,0.03437780544232078,0.04219715084985182,0.0,Cluster 1
2241,0.08976795666313978,0.030249011414445293,0.01036359488555506,0.0,Cluster 1
22430,0.14408885623527887,0.032067765844804114,0.17531493701259748,0.0,Cluster 1
22434,0.11846096228954289,0.03073466044949647,0.00027793218454697053,0.0,Cluster 1
22447,0.09613457933485302,0.02694937915193236,0.11743345800501108,0.0,Cluster 1
22448,0.1129625061667489,0.024851998026640357,0.05022382356152418,0.0,Cluster 1
2244,0.09597645166387958,0.031605338943674094,0.07239752285461516,0.0,Cluster 1
22451,0.09017308276828494,0.025179575713665036,0.034947227341263196,0.0,Cluster 1
22460,0.09800813529295213,0.022230251323830504,0.0,0.0,Cluster 1
2249,0.11773770460679739,0.026133346834033153,0.019914536805611546,0.0,Cluster 1
22502,0.13307195571955718,0.033109432656826566,0.0,0.0,Cluster 1
22514,0.15647471883742325,0.04484206705344123,0.028677705783537316,0.0,Cluster 1
22526,0.15060462733987978,0.03206405608508799,0.02351409517230385,0.0,Cluster 1
22536,0.10321084447895917,0.021249604395662848,0.3560606060606061,0.0,Cluster 1
22537,0.10579271716547813,0.03199997192430793,0.008697959860673413,0.0,Cluster 1
22549,0.2779229776112353,0.021979406115187203,0.010083843190573306,0.0,Cluster 1
22559,0.09585632542787598,0.023392561509524897,0.0917521007260762,0.0,Cluster 1
22567,0.1151422147089235,0.025636396461455137,0.015679566673793742,0.0,Cluster 1
22578,0.1084692861691346,0.033657108860926,0.02105727357918527,0.0,Cluster 1
22597,0.11679517875943066,0.025898572849331374,0.032355835647324624,0.0,Cluster 1
22598,0.0918131965627086,0.016164057152996646,0.012424075096631695,0.0,Cluster 1
22600,0.15147400433167624,0.04484668933502411,0.1587148713389638,2.6184571302457983e-05,Cluster 0
22601,0.0897588147895687,0.0461015757717767,0.014357757342035005,0.0,Cluster 1
22636,0.10021173001422963,0.021734471703612267,0.0025661862195800007,0.0,Cluster 1
22639,0.11494319192618556,0.02803140671503647,0.00020915251401321843,0.0,Cluster 1
22653,0.08540202728938712,0.03790339432067552,0.004785698215089246,0.0,Cluster 1
22657,0.11331606612325741,0.025684974987938345,0.022184873949579832,0.0,Cluster 1
22669,0.12299856569973364,0.025739347637307418,0.0011105822624147231,0.0,Cluster 1
226,0.11848554373069775,0.019492862337808354,0.0035584022773774574,0.0,Cluster 1
2270,0.08810282086766688,0.02212004848492844,0.04159851507958832,9.826835458868431e-07,Cluster 1
22717,0.1061212427968273,0.024873541681730584,0.0,0.0,Cluster 1
22739,0.10064406502391827,0.02979691239290869,0.07096791107382551,0.0,Cluster 1
2273,0.11300402152457553,0.020189527655148126,0.0025367833587011668,0.0,Cluster 1
22756,0.10659175128266025,0.03446020906467471,0.06830876293379727,0.0,Cluster 1
22811,0.13238499668997142,0.026426407031254207,0.0035370167093547993,0.0,Cluster 1
22835,0.12149338947099819,0.028658915841347304,0.030191651352060908,0.0,Cluster 1
22839,0.24401491515105395,0.029982497526824442,0.008794361629139899,0.0,Cluster 1
2284,0.09410063566284518,0.027870106945344263,0.07211634404310517,0.0,Cluster 1
22855,0.07339380410108602,0.023538387634575716,0.056724845995893225,0.0,Cluster 1
22858,0.10812911870753339,0.02496272305083749,0.03246321787164491,0.0,Cluster 1
2285,0.0715441618376,0.023317362033887092,0.0016762036876481127,0.0,Cluster 1
22867,0.09531294774884055,0.019102095777563246,0.0025686680872179573,0.0,Cluster 1
2286,0.0837547781220997,0.02230576835349452,0.014180068083108345,0.0,Cluster 1
22874,0.10576393694519524,0.02570424927921319,0.004694158526191569,0.0,Cluster 1
22876,0.08831566423138976,0.025214844456229586,0.013160203544481488,0.0,Cluster 1
22888,0.13526417679942576,0.03476497074369739,0.006070595802846346,0.0,Cluster 1
22895,0.14332533918971718,0.026282992684011262,0.017860919837371626,0.0,Cluster 1
228,0.10196420788732623,0.021846870855051794,0.1329945611179483,0.0,Cluster 1
2290,0.2740843840401725,0.022433273292942525,0.017661555312157722,0.0,Cluster 1
22918,0.09647082863036625,0.02730023741875219,0.033872106510666196,0.0,Cluster 1
22925,0.1512804052413808,0.021864261400111128,0.004742716542452662,0.0,Cluster 1
22942,0.12954235827286123,0.03471237523285234,0.0194773836990932,0.0,Cluster 1
22953,0.0941308321454655,0.026534621589882235,0.1271226398208918,0.0,Cluster 1
22954,0.1785358183770517,0.03184921000153398,0.03297175383954463,0.0,Cluster 1
22957,0.09720282468565074,0.028091110158519218,0.07595865513123365,0.0,Cluster 1
22964,0.09840495658196691,0.02944831405815733,0.0038461538461538464,0.0,Cluster 1
22971,0.11911357340720222,0.02460856799325083,0.07389437287379398,0.0,Cluster 1
22993,0.12940894286363522,0.039809882091549474,0.01268168959125939,0.0,Cluster 1
23007,0.10934723416451705,0.026722078914684245,0.005810207179756015,0.0,Cluster 1
2300,0.12574702612457075,0.034927621468819364,0.0024140012070006035,0.0,Cluster 1
2301,0.09739939846504875,0.03065365069487658,0.025888460002662053,0.0,Cluster 1
23030,0.1109729984706912,0.028783320944768064,0.017661940665669354,0.0,Cluster 1
23041,0.10540269298981436,0.0286162842000122,0.0027354640895188138,0.0,Cluster 1
23086,0.2504985196629855,0.03157988872736683,0.134902127594929,0.0,Cluster 1
23091,0.09882558436534154,0.024982978154674988,0.013506151103220069,0.0,Cluster 1
23099,0.16746968472109944,0.030762597682565347,0.003861749372465727,0.0,Cluster 1
230,0.10766438005149515,0.022993757602326543,0.03916958192349601,0.0,Cluster 1
23123,0.07910837969022688,0.02456574498254799,0.05306245556584872,0.0,Cluster 1
23126,0.12068805302881687,0.022683861109103486,0.10214731799127384,0.0,Cluster 1
23144,0.14873670607467887,0.0318277920097173,0.013252691473249008,0.0,Cluster 1
23152,0.13709909657360567,0.02829037067240918,0.06342361098202502,0.0,Cluster 1
2315,0.10724147747491282,0.024815157481871596,0.01788499187045824,0.0,Cluster 1
2317,0.09457041934908124,0.025340256764665597,0.04266151685393258,0.0,Cluster 1
23189,0.08845047928917406,0.025069433013340244,0.013937834092258959,0.0,Cluster 1
231,0.08737252767767023,0.022721160326405084,0.029007025421887447,0.0,Cluster 1
2320,0.11896732106591175,0.036833035879131025,0.13196420257617297,0.0,Cluster 1
23210,0.13888093562710796,0.02705214374105258,0.0,0.0,Cluster 1
23220,0.08908746422284632,0.031200956744917293,0.085927177290416,0.0,Cluster 1
23257,0.10097535866538203,0.02678210830572677,0.08694742895982015,0.0,Cluster 1
2326,0.1002270889538794,0.03024703953085916,0.03588999264858344,0.0,Cluster 1
23270,0.11295477728663719,0.024277456647398842,0.0004013646397752358,0.0,Cluster 1
23275,0.10710623190447266,0.028320761979272743,0.06294737282988838,0.0,Cluster 1
2327,0.11810557809010966,0.02316870043374639,0.012419682630919878,0.0,Cluster 1
23286,0.08539023994510068,0.015435643590691588,0.03388426148009245,0.0,Cluster 1
23287,0.10224053345449857,0.018514597282027576,0.02861741410314486,0.0,Cluster 1
2328,0.12082196993721063,0.025813407750364687,0.0,0.0,Cluster 1
23293,0.12234538946567042,0.019126395992067634,0.013097642675231154,0.0,Cluster 1
23296,0.09931885066195953,0.016863062589644432,0.029434994832087658,0.0,Cluster 1
23298,0.11326817630953832,0.018544342040994834,0.010753528877555317,0.0,Cluster 1
232,0.2361753179236983,0.03449572102695353,0.15218937315858985,0.0,Cluster 1
23373,0.1319870646068822,0.03194801814158849,0.047940529469771676,0.0,Cluster 1
23376,0.1389443026764479,0.02508913123861608,0.014456089627755691,0.0,Cluster 1
23404,0.12625011062925923,0.03698704900138655,0.0209136581376329,0.0,Cluster 1
23430,0.119568270422704,0.03283286957107921,0.0,0.0,Cluster 1
23473,0.10255255296747753,0.022487861763657416,0.034733636927056666,0.0,Cluster 1
23474,0.09044383771545454,0.018855378254969527,0.005981575787604113,0.0,Cluster 1
23498,0.0990091090546866,0.041857439113811304,0.10797809236954178,0.0,Cluster 1
234,0.25076462419022083,0.017789052026555136,0.0,0.0,Cluster 1
23523,0.1039856891790108,0.02390158172231986,0.009959558157783545,0.0,Cluster 1
23546,0.16927358577271265,0.033865056752906575,0.0007465598859799447,0.0,Cluster 1
23551,0.1596752167201045,0.027943534022087636,0.003532583434042949,0.0,Cluster 1
23597,0.10825006440066706,0.029092831866805863,0.0339169860474437,0.0,Cluster 1
2359,0.08300813566042195,0.017094799124673085,0.04271306009222347,0.0,Cluster 1
235,0.10709385950348227,0.028166152555554585,0.029231773489453716,0.0,Cluster 1
23620,0.1090946679786229,0.01895027578880846,0.04304039164172248,0.0,Cluster 1
23622,0.144127969399972,0.022782450661369115,0.03518698909623059,0.0,Cluster 1
23623,0.08385222516242324,0.016886125235500878,0.02489583111508621,0.0,Cluster 1
23627,0.1408458339961437,0.0364597295448401,0.02199791335352451,1.6549453261704635e-05,Cluster 1
23647,0.1370772198840975,0.01878892188783514,0.03962658294496947,0.0,Cluster 1
23737,0.11421108598196658,0.022253599589369146,0.01885113889101925,0.0,Cluster 1
23749,0.1548227144743727,0.019485211671193284,0.0,0.0,Cluster 1
23764,0.10136908729479913,0.03773985571790077,0.07410532441082339,0.0,Cluster 1
23772,0.11299117447386287,0.022051595383570943,0.005263284385589656,0.0,Cluster 1
23798,0.15672788687114433,0.026275632113997742,0.03317683338819494,0.0,Cluster 1
23799,0.1025614058529794,0.025289060631073505,0.009199643613623373,0.0,Cluster 1
2379,0.2212208505816924,0.024141531580233567,0.006192883205570247,0.0,Cluster 1
23805,0.17029375391484508,0.02700908511743197,0.007136345059574335,0.0,Cluster 1
23806,0.08507697612308388,0.02728303408455588,0.024763300399555793,0.0,Cluster 1
2380,0.08018064117871618,0.025535060146039946,0.08422140281210747,0.0,Cluster 1
23815,0.13423867925083754,0.03966604452347168,0.05971622184697033,0.0,Cluster 1
23826,0.33191964852578915,0.015542067704497549,0.0,0.0,Cluster 1
23864,0.1703532299062144,0.03560697694802349,0.15954228323283048,0.0,Cluster 1
23886,0.10069461402367265,0.025070067948974463,0.02816240319173903,0.0,Cluster 1
2391,0.10800939449141185,0.019797482385328604,0.02140814266487214,0.0,Cluster 1
23966,0.11118983242000549,0.017693015813343742,0.002326253431585031,0.0,Cluster 1
23986,0.10161621082240538,0.03847634612211545,0.1542565530039434,0.0,Cluster 1
23989,0.13172764360669328,0.033837293016558675,0.1023517721099702,0.0,Cluster 1
23992,0.14655477660621039,0.021775852408060757,0.06265275559416283,0.0,Cluster 1
23998,0.14201221973714007,0.020070846300488592,0.04849014943840599,0.0,Cluster 1
24015,0.11948942235712748,0.030594665545494632,0.11776695487995881,0.0,Cluster 1
24045,0.10273361809160471,0.022557731879203555,0.0943545052656527,0.0,Cluster 1
24064,0.14976217440543602,0.02276330690826727,0.0,0.0,Cluster 1
24085,0.12947053143904313,0.028621253620761,0.0,0.0,Cluster 1
24156,0.09596781161171931,0.023275142547437053,0.020530478715760227,0.0,Cluster 1
24170,0.1132500924874582,0.022614047596798206,0.021893420896467144,0.0,Cluster 1
24199,0.15355639482277036,0.03747688736771706,0.0004803689233331198,0.0,Cluster 1
24211,0.14812114983598526,0.01678985199835089,0.0,0.0,Cluster 1
24303,0.157613582981008,0.043124622508556476,0.009367282636464276,0.0,Cluster 1
24305,0.12777575168165978,0.025647000027014616,0.031924733740320836,0.0,Cluster 1
24347,0.1252485406743033,0.02532877464206075,0.02778756330402672,0.0,Cluster 1
24353,0.11834127746374593,0.033662695097039314,0.0322495540088947,0.0,Cluster 1
24367,0.12250834525512637,0.02540136703226832,0.004541326067211626,0.0,Cluster 1
24387,0.1646123607685569,0.02109922582933992,0.24628882260045623,0.0,Cluster 1
2443,0.13236968724939854,0.030010024057738574,0.018666888801381273,0.0,Cluster 1
24443,0.10857742502352774,0.02995727527879338,0.10316790672700775,0.0,Cluster 1
2444,0.14614286034739304,0.02607317237305498,0.017088769506267587,0.0,Cluster 1
24472,0.10009864317991607,0.02549479155215703,0.0032360564040238384,0.0,Cluster 1
2448,0.1404223053719485,0.026884467667760068,0.020933599405251007,0.0,Cluster 1
24498,0.10320509938332878,0.026157512286733096,0.008411528150134049,0.0,Cluster 1
24516,0.10310465676558565,0.021442495126705652,0.13639337915013067,0.0,Cluster 1
2452,0.08666903301049643,0.023102276760813348,0.0066307824323270145,0.0,Cluster 1
2453,0.0853531994146601,0.025367262775803416,0.00022265764161026006,0.0,Cluster 1
24540,0.16201967070730794,0.02953320290429862,0.03928231987911029,0.0,Cluster 1
2455,0.08946910269247606,0.02050931120716115,0.010516843822057252,0.0,Cluster 1
24563,0.13579306292816457,0.03177732961177272,0.003517399173581942,0.0,Cluster 1
245,0.09259524009755277,0.024812883693549743,0.06829844239589483,0.0,Cluster 1
24603,0.10078164505589443,0.0275898873154812,0.018218511044046582,0.0,Cluster 1
24677,0.11461206180428643,0.033469014786509384,0.28031456113647896,0.0,Cluster 1
2467,0.08117792932424055,0.02836123165943377,0.12209154320044804,0.0,Cluster 1
2468,0.10585376141361041,0.027017578127764497,0.00565613884951729,0.0,Cluster 1
2469,0.12223200312989045,0.024374021909233178,0.007841882051692407,0.0,Cluster 1
2477,0.10212277908278286,0.027833393766454887,0.010150129288719077,0.0,Cluster 1
24823,0.08574052435369889,0.02663930505667779,0.01938858998834701,0.0,Cluster 1
24829,0.15106248024400099,0.019982080916385286,0.02251153638291091,0.0,Cluster 1
2482,0.14677322921994193,0.02080346916577224,0.003754509091801428,0.0,Cluster 1
24865,0.13321462239446946,0.03719842184281275,0.007076584368611417,0.0,Cluster 1
24867,0.23429445078490063,0.021525011305152997,0.003510900334546524,0.0,Cluster 1
24897,0.12549715359389504,0.038145219949173914,0.053853204444550454,0.0,Cluster 1
248,0.08992675872186938,0.027456927515079645,0.013186813186813187,0.0,Cluster 1
24902,0.12763625098300885,0.03579343707551891,0.05031740104555638,0.0,Cluster 1
24919,0.09331634809735968,0.024551686177440232,0.003558530318148505,0.0,Cluster 1
24920,0.12909495233652996,0.020095861371099123,0.017227908278491934,0.0,Cluster 1
24922,0.11335171447804122,0.025965350069014285,0.0007198236432074142,0.0,Cluster 1
24961,0.13457308498632453,0.02216836213547751,0.01352984524686809,0.0,Cluster 1
24966,0.09437643689751139,0.03261001089017061,0.022490517655857686,0.0,Cluster 1
2496,0.0826061535753354,0.01877255409840188,0.0,0.0,Cluster 1
24998,0.11079665738995113,0.02551788258596397,0.010631515808995642,0.0,Cluster 1
25093,0.0897993527703118,0.014036115898709156,0.03440176496741018,0.0,Cluster 1
25103,0.10919527266043391,0.028742639076151155,0.01985376080175896,0.0,Cluster 1
25158,0.11020312734064044,0.01723691376363084,0.060648406931246505,0.0,Cluster 1
25161,0.17468396252389456,0.01836832624035368,0.0,0.0,Cluster 1
25173,0.0888771539366358,0.02302669600908376,0.0025755450720387606,0.0,Cluster 1
25178,0.124009324009324,0.011588411588411588,0.03920515574650913,0.0,Cluster 1
251,0.13323429056536007,0.025174277178260658,0.0,0.0,Cluster 1
25247,0.16990576374304064,0.023819312660629983,0.02878088029323241,0.0,Cluster 1
25249,0.09545074468347071,0.02657220769126176,0.0,0.0,Cluster 1
25258,0.09772768007084903,0.01465854955290106,0.0013947538760287273,0.0,Cluster 1
25267,0.09785028866426278,0.024840233033175046,0.10679285810175862,0.0,Cluster 1
25291,0.09518182987559493,0.025384516437273748,0.010251558970596753,0.0,Cluster 1
252,0.1392481451367009,0.023468467323915033,0.09787418457187172,0.0,Cluster 1
25328,0.11690020332870246,0.029643668749022457,0.0,0.0,Cluster 1
253,0.10193462338886781,0.011954974532326124,0.002549190350073769,0.0,Cluster 1
254,0.11770881980971601,0.018237537966463383,0.00023168259484506227,0.0,Cluster 1
25591,0.18013140692568133,0.03192987161007006,0.0466176607425328,0.0,Cluster 1
25621,0.10403966177195903,0.028299379289857565,0.001161249777996366,0.0,Cluster 1
25644,0.11137325181765594,0.023734446423102663,0.0,0.0,Cluster 1
25665,0.0954406960783626,0.021575903828571295,0.05936470213521824,0.0,Cluster 1
25679,0.1403996978280009,0.024832923146485414,0.1551069567721834,0.0,Cluster 1
25703,0.12167943432859901,0.03558255586895205,0.16893745427944404,0.0,Cluster 1
25738,0.10141926482735457,0.028899748701141294,0.0003821255169933465,0.0,Cluster 1
25744,0.07362626054743775,0.01772484050216094,0.3867924528301887,0.0,Cluster 1
25749,0.23920338199352664,0.02128938503203646,0.0,0.0,Cluster 1
25750,0.08032523445182645,0.017109186993819907,0.10480740519558077,0.0,Cluster 1
25752,0.12141160972734993,0.03241641100306796,0.0,0.0,Cluster 1
25795,0.10367446086919191,0.02528584307608649,0.008040166324470747,0.0,Cluster 1
25803,0.23680237624734574,0.03465565279294981,0.007774840615767377,0.0,Cluster 1
25849,0.1423286350728187,0.025972146233720367,0.0,0.0,Cluster 1
25858,0.09681350297858897,0.026397746650483802,0.08386083920970816,0.0,Cluster 1
25869,0.12416467980791833,0.026776419624567647,0.052163624070317785,0.0,Cluster 1
25883,0.20970149132799978,0.02842484455542934,0.0,0.0,Cluster 1
25886,0.09227966867872213,0.021885145518993607,0.03207350241122649,0.0,Cluster 1
258,0.09712735576476578,0.023894308327858476,0.020649875109148074,0.0,Cluster 1
26021,0.19551747537719036,0.02774624395131882,0.03159362937493918,0.0,Cluster 1
2608,0.10185410088251963,0.01601759641594473,0.0,0.0,Cluster 1
2616,0.08968625882218476,0.031388404720404606,0.1511748307447232,0.0,Cluster 1
26181,0.10778502781471518,0.027647494728547394,0.1332525741974561,0.0,Cluster 1
26185,0.09186647879036566,0.02697754000758731,0.03853528011293007,0.0,Cluster 1
26189,0.2065734341840344,0.015405125972683245,0.0,0.0,Cluster 1
26217,0.09493838454501426,0.025085293009740085,9.069060898743935e-05,0.0,Cluster 1
26223,0.12800088077814054,0.026579277896737752,0.1034366541333586,0.0,Cluster 1
26228,0.11695714608527047,0.04258420987411344,0.009660330320972266,0.0,Cluster 1
26260,0.07506366753453697,0.03121487615063952,0.11296436694465505,0.0,Cluster 1
26271,0.12232849214783327,0.030589994883299877,0.0,0.0,Cluster 1
26299,0.1086332587304253,0.02268042650471095,0.0,0.0,Cluster 1
262,0.07917615862844705,0.028002810026760225,0.1405785208739358,0.0,Cluster 1
26312,0.07483316303673053,0.018140757320632788,0.0,0.0,Cluster 1
26323,0.10255218698231795,0.028359520100537425,0.0163793752352277,0.0,Cluster 1
26333,0.09735624747516167,0.020156183082292264,0.04770298728648311,0.0,Cluster 1
26336,0.09245982475956789,0.015520073611598545,0.011530732672004083,0.0,Cluster 1
26340,0.13975715862606325,0.02019349392896565,0.0,0.0,Cluster 1
26342,0.11090556675495343,0.028583704772793844,0.02362162634970309,0.0,Cluster 1
26351,0.13853937791815435,0.018320001373249108,0.058606697023201065,0.0,Cluster 1
26358,0.07523562305163693,0.028668987518346453,0.009351068117694478,0.0,Cluster 1
26363,0.1555477466397259,0.02129491346745146,0.0,0.0,Cluster 1
26379,0.12365839705673963,0.025367776337404283,0.0291577361373427,0.0,Cluster 1
26381,0.10178466455721448,0.020723111840853407,0.0029294616471797507,0.0,Cluster 1
26393,0.14856026624222254,0.019427965079824434,0.0240576604655693,0.0,Cluster 1
26395,0.20849170854354043,0.025894552550951567,0.3435708225637788,0.0,Cluster 1
26397,0.12713982353820846,0.02153551667414386,0.037469536006323335,0.0,Cluster 1
26411,0.10342816195136943,0.016600626894364066,0.004821030608996225,0.0,Cluster 1
26416,0.12716179315052906,0.03369268403686426,0.022928084106923163,0.0,Cluster 1
26442,0.09863290530177728,0.023914834751751723,0.0022440119030196597,0.0,Cluster 1
26444,0.09768007251021527,0.014415721369061921,0.0075775561886673,0.0,Cluster 1
26450,0.14361463778939507,0.019075180482947474,0.03553475472352227,0.0,Cluster 1
26451,0.08866943087489135,0.029587951532858068,0.1942417313956402,0.0,Cluster 1
26455,0.1117570360227247,0.0195065407763349,0.0956338615043301,0.0,Cluster 1
26483,0.12202734661944661,0.024726511409852905,0.017369586629226542,0.0,Cluster 1
26484,0.11051145071226831,0.027715568047112806,0.0463207395278614,0.0,Cluster 1
26487,0.18435988370437628,0.022707068534061393,0.018155453929248642,0.0,Cluster 1
26499,0.10169826388600045,0.028574756053938492,0.0860923089507372,0.0,Cluster 1
26512,0.09139083183178923,0.021473263056339828,0.08973065279826127,0.0,Cluster 1
26513,0.09578336900891025,0.01890929021649767,0.0,0.0,Cluster 1
26517,0.09307781081362866,0.01902577395568562,0.08965668192381725,0.0,Cluster 1
26519,0.16965363543504502,0.03155353328999907,0.022660098522167486,0.0,Cluster 1
26520,0.1198492283621364,0.03426498826541498,0.19261808687396154,0.0,Cluster 1
26522,0.10780008897310771,0.03549585527946725,0.1831999747983871,0.0,Cluster 1
26523,0.10995069853176934,0.025575529572708033,0.025095774486820287,0.0,Cluster 1
26530,0.12678898361980137,0.03748800798906366,0.12311572612761439,0.0,Cluster 1
26536,0.08031366406618673,0.023986666265048143,0.26665833229153646,0.0,Cluster 1
26539,0.12718306733420348,0.03153622490624518,0.026174139358807524,0.0,Cluster 1
26542,0.10184621472710115,0.03660086450945177,0.03769707838302324,0.0,Cluster 1
26543,0.10812878303981507,0.021899047966663625,0.04445210199862164,0.0,Cluster 1
26554,0.10114957826614983,0.013388178143040145,0.00012335526315789474,0.0,Cluster 1
26555,0.13213947808537693,0.023142082138558097,0.0029681201905459877,0.0,Cluster 1
26559,0.09133139268365062,0.018778730140768307,0.0015803580459188833,0.0,Cluster 1
26564,0.09902384674227559,0.028935377656567,0.14884041177557222,0.0,Cluster 1
26567,0.27524484971293484,0.02098545458780235,0.0,0.0,Cluster 1
26576,0.08905619406913494,0.012436392349535006,0.0,0.0,Cluster 1
26588,0.08662805824026519,0.03039209073301406,0.04649610678531702,0.0,Cluster 1
26591,0.11388171346352874,0.019131740809612358,0.09111899220510547,0.0,Cluster 1
26602,0.0800161034059933,0.021545988438737913,0.04512808695318201,0.0,Cluster 1
26610,0.10514786513122619,0.01905024024408384,0.0710218160134885,0.0,Cluster 1
26626,0.16090823363388984,0.022878929611515036,0.10730534557552815,0.0,Cluster 1
26627,0.0925739247311828,0.030910272375079064,0.0,0.0,Cluster 1
26634,0.12730921428521044,0.02855584319091856,2.7703133224367677e-05,0.0,Cluster 1
26653,0.11560724002815333,0.03416217579023668,0.0,0.0,Cluster 1
26658,0.14006072378222414,0.03692458558847379,0.0,0.0,Cluster 1
26677,0.13007573098625771,0.026289856637598207,0.0,0.0,Cluster 1
26687,0.10285207432480907,0.03555146843021777,0.004565630944831959,0.0,Cluster 1
26703,0.10988647440504909,0.02210844500457844,0.0,0.0,Cluster 1
26704,0.1087955861600253,0.03438519154800617,0.0331648699650782,0.0,Cluster 1
26708,0.09940367143978764,0.022591318652559166,0.01777150916784203,0.0,Cluster 1
26725,0.10567781392330822,0.027531440427277377,0.048374390341054944,0.0,Cluster 1
26738,0.1210368673135585,0.0302649680004785,0.0,0.0,Cluster 1
26755,0.14900744859047008,0.029936918635731852,0.016264051662281752,0.0,Cluster 1
26760,0.09001060964661715,0.02233874697353029,0.0037174721189591076,0.0,Cluster 1
26790,0.14177585389276293,0.017844664631528614,0.0004099544391543758,0.0,Cluster 1
26798,0.1450066293144006,0.027689149309268208,0.0,0.0,Cluster 1
26799,0.27389429790002684,0.042134659380168867,0.05380308195406377,0.0,Cluster 1
267,0.16221594556425728,0.029926819874181537,0.003739612188365651,0.0,Cluster 1
26829,0.09509639325364512,0.02554848481802066,0.024984142645711468,0.0,Cluster 1
2682,0.1186550365785031,0.02941755768148565,0.014228124258951862,0.0,Cluster 1
26847,0.09495596245219608,0.03176063275002897,0.005263157894736842,0.0,Cluster 1
26856,0.13549224506937302,0.02706676589707354,0.012799325232465644,0.0,Cluster 1
26871,0.15222073982424889,0.021040941513188787,0.0,0.0,Cluster 1
26876,0.086849618963333,0.0131656052562162,0.002266109140715912,0.0,Cluster 1
26881,0.13514123370114173,0.03847033094222241,0.005026536366464118,0.0,Cluster 1
26891,0.14075079640891977,0.02176730379380249,0.0,0.0,Cluster 1
26906,0.08776758711519493,0.02238717357850804,0.009160157385691857,0.0,Cluster 1
26912,0.1112230260804329,0.03100199015688549,0.01692533491552946,0.0,Cluster 1
2691,0.09592014106937419,0.026347518977548466,0.019339548525637667,0.0,Cluster 1
26922,0.0921363908778349,0.019022137448487898,0.047546166703586606,0.0,Cluster 1
26941,0.10027480558966263,0.03174881599719347,0.11836734693877551,0.0,Cluster 1
26944,0.11163201623002852,0.028268687884295603,0.00482319396701042,0.0,Cluster 1
2695,0.1282566739491005,0.031895952572803574,0.07258360500010795,0.0,Cluster 1
26962,0.10366351583933814,0.024312674126810332,0.06466400835846162,0.0,Cluster 1
2700,0.09955359136464839,0.030266154601884518,0.026746020938633944,0.0,Cluster 1
27010,0.1419387369217194,0.027417118366317914,0.0004440497335701599,0.0,Cluster 1
27015,0.08869063089735911,0.016611483394166772,0.010001911193221635,0.0,Cluster 1
27026,0.1152192358712669,0.035204416984356515,0.04827199933618222,0.0,Cluster 1
27043,0.16254048892807704,0.0277449094738381,0.0056214514587666535,0.0,Cluster 1
27046,0.08914591931415398,0.024608458985134394,0.0654037558685446,0.0,Cluster 1
27052,0.09198800746248093,0.02132033586614773,0.06027059055895714,0.0,Cluster 1
27054,0.12231970367517513,0.016006807437350504,0.0,0.0,Cluster 1
27074,0.15438352770295946,0.036934198472794,0.12508461931669038,0.0,Cluster 1
2708,0.0965058309358048,0.031076362198844795,0.12648491192936143,0.0,Cluster 1
27118,0.09159267933983332,0.02903480581731031,0.0013083167315869287,0.0,Cluster 1
2711,0.10439804940068421,0.020234122104840532,0.013744782110551154,0.0,Cluster 1
27132,0.12084860170455328,0.03002354708648313,0.04179616332654592,0.0,Cluster 1
27153,0.12541623875766347,0.0382706252139545,0.0032258064516129032,0.0,Cluster 1
2718,0.12517547597635903,0.02204762115146445,0.02782616616001184,0.0,Cluster 1
27201,0.0819807292371682,0.02530056729384837,0.06799759831882318,0.0,Cluster 1
2720,0.1299891987785495,0.02466031325664254,0.0287864494846611,0.0,Cluster 1
27210,0.10359057913181541,0.03578930221874188,0.05011988624746752,0.0,Cluster 1
27211,0.11444891182465292,0.03409058525434124,0.11020894229728266,0.0,Cluster 1
27219,0.14051194327376065,0.022334577208798636,0.04236414510824211,0.0,Cluster 1
27233,0.09339666640056134,0.025871740034705736,0.0067705873090851834,0.0,Cluster 1
27235,0.10507890227437115,0.021418552041274474,0.026329272979023197,0.0,Cluster 1
27237,0.10124075078574207,0.028499192949044055,0.09730987084292242,0.0,Cluster 1
27238,0.1189346912691451,0.014519790065040304,0.05124839465135605,0.0,Cluster 1
2723,0.14305616292871867,0.029368401324420566,0.01096117734398882,0.0,Cluster 1
27254,0.11890979650404383,0.02321125750065223,0.005862187178608159,0.0,Cluster 1
2725,0.08764463927356571,0.021518338765460214,0.008363104904189672,0.0,Cluster 1
27267,0.15516309788891897,0.03326655605317095,0.03755941611708785,0.0,Cluster 1
27269,0.08277930871913403,0.020743849753113976,0.007131696991079079,0.0,Cluster 1
2733,0.0902362000015293,0.020546112143386936,0.08151851538005254,0.0,Cluster 1
27351,0.18458274398868457,0.03638334028675221,0.09641941619118498,0.0,Cluster 1
2735,0.09101246112527737,0.029165057935534786,0.06932077758612652,0.0,Cluster 1
27362,0.12162160476657907,0.025834768736849065,0.016921341400881963,0.0,Cluster 1
27381,0.12779265946723106,0.027311135296645396,0.004635376565421662,0.0,Cluster 1
27385,0.21938765171931673,0.034376203116451544,0.029463378590560637,0.0,Cluster 1
27389,0.17166423255358826,0.012295832418769213,0.029671913928435486,0.0,Cluster 1
2738,0.11743471605189763,0.02832590897244249,0.05645264151424709,0.0,Cluster 1
27394,0.14005450446444917,0.03285541670807681,0.3052302130329559,0.0,Cluster 1
27398,0.10075342544418794,0.027219791200082694,0.02103163294385865,0.0,Cluster 1
27409,0.08264691027872349,0.02371565916597328,0.05425129693132859,0.0,Cluster 1
2740,0.10394551200155934,0.02882252720006706,0.03085802007325865,0.0,Cluster 1
27417,0.10948902182803805,0.03455638241567898,0.08463031457135534,0.0,Cluster 1
27496,0.09131339056553678,0.024997295729218907,0.016396090784266213,0.0,Cluster 1
27503,0.2292174490428887,0.026982587651473454,0.0814148498246684,0.0,Cluster 1
2750,0.14582805141540442,0.030886038460589228,0.026955504954151024,0.0,Cluster 1
27510,0.14555592470894382,0.02621201658059208,0.004839952915025963,0.0,Cluster 1
2753,0.11848627886240203,0.020240314766201292,0.004788969582149248,0.0,Cluster 1
2754,0.11619931410127093,0.026107281239348048,0.0023946360153256703,0.0,Cluster 1
27556,0.14856328421266957,0.03815632078593062,0.021757006784074558,0.0,Cluster 1
27560,0.10331730530360327,0.03577875798411182,0.022762489981298425,0.0,Cluster 1
27589,0.09020817846279698,0.023234746401863748,0.02601638304023069,0.0,Cluster 1
2759,0.08704354303477434,0.023834053311786566,0.012923358181904147,0.0,Cluster 1
275,0.08018099246102643,0.023249728202041638,0.030678851174934726,0.0,Cluster 1
27619,0.1902916530947474,0.014642125008842802,0.003733919430679418,0.0,Cluster 1
27643,0.1408180846538529,0.020268024064257144,0.030715337361019446,0.0,Cluster 1
27654,0.0917461525004534,0.024284707744110987,0.033780001399482194,0.0,Cluster 1
2765,0.09417180714406813,0.02505683868247282,0.008770715044084384,0.0,Cluster 1
27678,0.12691503003307011,0.026189512046973073,0.029021536825312416,0.0,Cluster 1
2767,0.1028213251948514,0.02258611211853717,0.0009982696659124185,0.0,Cluster 1
27683,0.2433276526378186,0.02049125666864256,0.0043392865299410775,0.0,Cluster 1
27686,0.16147738860454736,0.01471752452377772,0.034863310803994754,0.0,Cluster 1
27697,0.21224179350901115,0.01744348906883342,0.001739358447688139,0.0,Cluster 1
27711,0.13648859453677853,0.02472945928634256,0.10234646906927136,0.0,Cluster 1
27723,0.12178368307511277,0.028794861737595608,0.027698377551431216,0.0,Cluster 1
27727,0.12605826240996038,0.027795628922206887,0.0039010550580725243,0.0,Cluster 1
27742,0.09608496054011612,0.019615316280855794,0.0,0.0,Cluster 1
27752,0.11529683663151813,0.015649697695053755,0.16512152342771236,0.0,Cluster 1
27760,0.09514722530459442,0.012646132463543944,0.0,0.0,Cluster 1
27763,0.08958659506630647,0.024360449916309316,0.033107473500603786,0.0,Cluster 1
27767,0.1636992292698382,0.022316047580017494,0.01514705263600791,0.0,Cluster 1
27774,0.09696623574860035,0.0235860991024428,0.057082862741821144,0.0,Cluster 1
2777,0.09166180342646096,0.023558631497905384,0.019145120310865342,0.0,Cluster 1
2779,0.11791023298608537,0.02377391236095183,0.0,0.0,Cluster 1
27806,0.11786263194524997,0.021723842941654102,0.011932954021220975,0.0,Cluster 1
27811,0.09219933254976306,0.02510091854143661,0.04467031967802895,0.0,Cluster 1
27824,0.1160998804374643,0.013854071596047709,0.01812967173405852,0.0,Cluster 1
27841,0.2736588737160697,0.015395247968351565,0.0,0.0,Cluster 1
27847,0.11345637232669295,0.011129330495761086,0.0,0.0,Cluster 1
2784,0.21013318642859458,0.019030104669626364,0.00011566042100393245,0.0,Cluster 1
27872,0.11560667827773419,0.033944600443480806,0.09232382318856575,0.0,Cluster 1
2787,0.11998430812288848,0.0333452388619876,0.034354870193246144,0.0,Cluster 1
27897,0.12014918326881315,0.01461146256255311,0.0,0.0,Cluster 1
27898,0.14561289401462632,0.02094008280850929,0.03317354831681011,0.0,Cluster 1
27910,0.2207274462419382,0.026113257499961517,0.02109483960948396,0.0,Cluster 1
27943,0.09728392791115147,0.015519180331323627,0.062230449595305146,0.0,Cluster 1
2794,0.27698769990016764,0.023206313925671986,0.0027881672900374023,0.0,Cluster 1
27965,0.07583124600952802,0.020937463400996625,0.00607811877241929,0.0,Cluster 1
27969,0.10631876515306482,0.03281613107673529,0.04989749250906797,0.0,Cluster 1
27981,0.09552142100047942,0.014046510810845592,0.05128476543621721,0.0,Cluster 1
27989,0.11482888875086812,0.022116573596752245,0.08887741554801593,0.0,Cluster 1
27998,0.11403706716865503,0.018932938235241722,0.024943369698232094,0.0,Cluster 1
28035,0.1357208951643305,0.01619657973199904,0.042624109893439725,0.0,Cluster 1
2804,0.13009659410515875,0.028857262098457036,0.03570598354177321,0.0,Cluster 1
2805,0.0906421914753219,0.0262748377671681,0.03632187487834313,0.0,Cluster 1
28060,0.1092762883733852,0.016774552021114043,0.003762648090710327,0.0,Cluster 1
28063,0.18450679722643337,0.02674155627904665,0.0,0.0,Cluster 1
28080,0.1728004264423463,0.02080001752502793,0.01419848295970758,0.0,Cluster 1
28088,0.09392897777942012,0.019029812191889647,0.051322483212104045,0.0,Cluster 1
28094,0.11524873588345787,0.029203273614064416,0.07352743393688825,0.0,Cluster 1
28103,0.29505201856029095,0.01708507371797621,0.002470858405278916,0.0,Cluster 1
28105,0.08427434619071016,0.022842046763372183,0.028600100351229302,0.0,Cluster 1
28116,0.27225312143605346,0.014088623759017125,0.004174447585069356,0.0,Cluster 1
28155,0.088556345763946,0.01898487863361601,0.004855401190813723,0.0,Cluster 1
28157,0.15732291037598695,0.023921358115815607,0.003341034298915941,0.0,Cluster 1
28178,0.09312402755971363,0.024208633381079793,0.08454719939818367,0.0,Cluster 1
28186,0.11866513079596021,0.029070017541427882,0.03387441092359125,0.0,Cluster 1
281,0.09134466236944608,0.02721726241770363,0.02158490566037736,0.0,Cluster 1
28208,0.17871089372585727,0.031066169200142383,0.008616492320403677,0.0,Cluster 1
28213,0.09894914011786607,0.01883735061778408,0.012769586937979773,0.0,Cluster 1
28217,0.12089164963044503,0.013877968233999057,0.04203252032520325,0.0,Cluster 1
28222,0.08771642760405392,0.011018361418365446,0.013947481704692209,0.0,Cluster 1
28246,0.1640567411589148,0.026815411445317416,0.004602739726027397,0.0,Cluster 1
28263,0.1114620882963289,0.02054402623441122,0.04270950386488235,0.0,Cluster 1
28277,0.1372359967928875,0.02113717171922204,0.05018981413005966,0.0,Cluster 1
28288,0.08154730274940465,0.02008423372891697,0.011825751176541572,0.0,Cluster 1
2828,0.13725903840384038,0.031371887188718875,0.035691109669046074,0.0,Cluster 1
2829,0.10433290493057902,0.02366896193020402,0.004228518015712283,0.0,Cluster 1
28302,0.16388363067226447,0.02742145281881537,0.09634122733432277,0.0,Cluster 1
28314,0.18803317279657905,0.01998790575124722,0.00045942686498593,0.0,Cluster 1
28315,0.11447890292270992,0.028180660646596512,0.11934287905906418,0.0,Cluster 1
28316,0.2029224989089253,0.03150517707035376,0.056885037676596875,0.0,Cluster 1
2832,0.1079593135720991,0.027664779677410177,0.05595217509448877,0.0,Cluster 1
28332,0.10125134585668692,0.024744909011262674,0.051564363339579956,0.0,Cluster 1
28348,0.1515215653073703,0.01568237979977785,0.053152497045093665,0.0,Cluster 1
28349,0.1010232675293599,0.015534775353420863,0.0541669263853394,0.0,Cluster 1
28359,0.0823612891955482,0.01912089878090111,0.035279252131046,0.0,Cluster 1
28362,0.10069537338846282,0.031810382297774026,0.062425843833482556,0.0,Cluster 1
28368,0.0973738091482529,0.02781474397357423,0.0,0.0,Cluster 1
28369,0.09221495446966782,0.024614167842332522,0.012980992118683357,0.0,Cluster 1
28380,0.08191401787095197,0.02558310092448001,0.07714421448844604,0.0,Cluster 1
2838,0.09256934750303958,0.030269171882739677,0.009729105226353714,0.0,Cluster 1
28396,0.09132135921770648,0.02331149411378291,0.006593891973750631,0.0,Cluster 1
28400,0.09697780679661423,0.027340874644833025,0.0,0.0,Cluster 1
28401,0.21847804998083484,0.021585644588091105,0.025753211029045462,0.0,Cluster 1
28405,0.09551054179800175,0.021044082411071804,0.06743958848393014,0.0,Cluster 1
28425,0.10411929015710829,0.018587167585641152,0.05260795851201755,0.0,Cluster 1
28445,0.12768833063382926,0.04189773348922522,0.004956317204301075,0.0,Cluster 1
28453,0.12283258108345849,0.026442386538818977,0.017972018352335715,0.0,Cluster 1
28463,0.16447936739982724,0.02425410326267526,0.022118977881022118,0.0,Cluster 1
28471,0.18773898993151591,0.02149974986918446,0.007258916675599933,0.0,Cluster 1
28481,0.18062527349095703,0.015744717617973896,0.0,0.0,Cluster 1
28489,0.10689599395216894,0.026566170681863236,0.022610822185004622,0.0,Cluster 1
284,0.08740884646788862,0.029415491173240983,0.04139152842647769,0.0,Cluster 1
28507,0.11757090909090909,0.017643636363636365,0.010392181120870965,0.0,Cluster 1
2850,0.1592774778292331,0.027264202572481046,0.037212666773830574,0.0,Cluster 1
28513,0.15236349112864261,0.01840308513752279,0.017348282097649187,0.0,Cluster 1
28515,0.09053563528548622,0.018583601476136434,0.017907004977540365,0.0,Cluster 1
28530,0.0878211683834305,0.02805511918944849,0.03296417459507588,0.0,Cluster 1
28543,0.12118315153000776,0.02382644931976958,0.0,0.0,Cluster 1
28555,0.20592260861948142,0.023924754730203224,0.007710100231303007,0.0,Cluster 1
28585,0.08909981384274905,0.02046131844075326,0.08240674318507892,0.0,Cluster 1
28593,0.07862050726721036,0.02485547222091438,0.1332135621726998,0.0,Cluster 1
28599,0.11616923748402413,0.016703951836563737,0.01886983185631971,0.0,Cluster 1
28614,0.09497536825152858,0.019702337030902205,0.030335267569310122,0.0,Cluster 1
28635,0.11804183716664315,0.03446451248765345,0.1212551363466567,0.0,Cluster 1
28637,0.17918056664943852,0.019628341869097402,0.0,0.0,Cluster 1
28652,0.22246729930751474,0.030247071898777466,0.003996618246099455,0.0,Cluster 1
28663,0.20446139093109275,0.02226129046988447,0.0,0.0,Cluster 1
28667,0.09132701687503504,0.031563603745024385,0.047268262737875995,0.0,Cluster 1
28677,0.15596317964682518,0.02298588374215018,0.03820012045083025,0.0,Cluster 1
28679,0.13808136113478114,0.026557005051527464,0.005239231730878509,0.0,Cluster 1
28701,0.13019593380752773,0.01717250646296756,0.0019912217968673313,0.0,Cluster 1
28703,0.20026730218028405,0.025603040159737207,0.0,0.0,Cluster 1
28706,0.15738730755898228,0.018676930853598474,0.027616980221900626,0.0,Cluster 1
28710,0.12430632843683503,0.017826400562780825,0.029763218064512504,0.0,Cluster 1
28729,0.0911612203062824,0.015342342041865608,0.010638297872340425,0.0,Cluster 1
28735,0.1095458995952456,0.025080267455905202,0.051819408723994806,0.0,Cluster 1
28747,0.19759629658137515,0.02180706596439528,0.009348914858096828,0.0,Cluster 1
28765,0.08697001478470995,0.01396425417125059,0.09727349820979649,0.0,Cluster 1
28769,0.23481707760564405,0.025783693359517055,0.0,0.0,Cluster 1
28778,0.1475972467880245,0.0200417901464277,0.0,0.0,Cluster 1
28780,0.15394814411589985,0.0183860482870934,0.032571856155640656,0.0,Cluster 1
28788,0.09050741528137086,0.020890004525157314,0.0033111645677090704,0.0,Cluster 1
28790,0.17822087239755272,0.026937805361151458,0.05717461101506545,0.0,Cluster 1
28793,0.09638453149903532,0.025303486045034573,0.020017406440382943,0.0,Cluster 1
287,0.10680957320008251,0.023360676874412633,0.045871252003514114,0.0,Cluster 1
28805,0.10903204852853356,0.022933713291915053,0.012972038051311616,0.0,Cluster 1
28808,0.1134249492627475,0.024380812168930364,0.0699274303526203,0.0,Cluster 1
28812,0.08859600500913552,0.02419987271868777,0.013740847159143572,0.0,Cluster 1
28818,0.07907601422707207,0.01854646532070568,0.0,0.0,Cluster 1
28834,0.09570918403574177,0.015151776087872068,0.03260357067939902,0.0,Cluster 1
28836,0.17240110558711597,0.020305299858366044,0.0,0.0,Cluster 1
28837,0.10020526413332727,0.028719494497732305,0.004536571747627024,0.0,Cluster 1
28841,0.13956636279394713,0.013584517531305036,0.004188827475927278,0.0,Cluster 1
28845,0.0928944788277298,0.02412767972089588,0.023542948178961808,0.0,Cluster 1
28859,0.2846535471847174,0.03453826302884975,0.022117483081776,0.0,Cluster 1
28860,0.17544444148298197,0.016258429062608278,0.022028104823395366,0.0,Cluster 1
28865,0.12927562316813598,0.026212612777860574,0.1080188295804728,0.0,Cluster 1
28868,0.11567596674241802,0.022453887504677417,0.043335042802477415,0.0,Cluster 1
28870,0.08866278444183334,0.022469129426145193,0.009466019417475728,0.0,Cluster 1
28894,0.0966752148288118,0.022875331803662212,0.03169210722263589,0.0,Cluster 1
288,0.09255065554231227,0.026921930870083433,0.01883451384417257,0.0,Cluster 1
28905,0.10877761690135236,0.029063086091944808,0.15546777146160518,0.0,Cluster 1
28908,0.09253663512814439,0.01634620498266751,0.0,0.0,Cluster 1
28914,0.12619966958354156,0.02390107878745436,0.048895839376474,0.0,Cluster 1
28924,0.10569428087517588,0.019352002923941684,0.06497909368290203,0.0,Cluster 1
28925,0.12281741377678465,0.024361839154249124,0.01008544144747864,0.0,Cluster 1
28930,0.10302033876555884,0.02709643269600924,0.007769318199511109,0.0,Cluster 1
28942,0.12100716227519866,0.019068904224173986,0.0075876221850191715,0.0,Cluster 1
28949,0.13155797582680304,0.017067339620135475,0.04906612821807168,0.0,Cluster 1
28983,0.08833498855736431,0.021579083725549463,0.12159354759868019,0.0,Cluster 1
28989,0.09293892118235304,0.01764607148536193,0.18121762273656195,0.0,Cluster 1
289,0.0962310667284631,0.012404725090260442,0.08479035130322163,0.0,Cluster 1
29005,0.21587085232355072,0.016399028836733824,0.0,0.0,Cluster 1
29009,0.24095864196245312,0.017769169715355443,0.0007634614091865054,0.0,Cluster 1
29011,0.08535833492782277,0.021897655037523653,0.03600387436003875,0.0,Cluster 1
29012,0.10084708882707408,0.02390058221032107,0.02965078592274095,0.0,Cluster 1
29024,0.09681203028963394,0.025957959585300117,0.1422574111581661,0.0,Cluster 1
29035,0.18496787101916115,0.02485844983893999,0.03302326103300082,0.0,Cluster 1
29047,0.11235829287919827,0.01678502064219721,0.05475628472191059,0.0,Cluster 1
29056,0.08832982779019324,0.019541212041540686,0.02446329575473453,0.0,Cluster 1
29059,0.15861465229523444,0.025359741751928653,0.04294584339427389,0.0,Cluster 1
29061,0.11135523470740043,0.011107623631164121,0.043532727842154714,0.0,Cluster 1
29066,0.10372009496969982,0.031322513603131576,0.060372219700408535,0.0,Cluster 1
29087,0.12682967677106013,0.027643610785463072,0.10498701527355958,0.0,Cluster 1
29089,0.10340005914416207,0.018009762437615685,0.030117929524751078,0.0,Cluster 1
29090,0.1374734842165118,0.01946249995743855,0.04047058823529412,0.0,Cluster 1
29093,0.09566899159002004,0.01731003159212035,0.018020490303695572,0.0,Cluster 1
29120,0.10628894834194247,0.01831973967797828,0.020491489914822688,0.0,Cluster 1
29121,0.09474273556911707,0.022697497340574437,0.02990190284836308,0.0,Cluster 1
29135,0.13873820043922408,0.017395998763044377,0.058972421609369094,0.0,Cluster 1
29140,0.09908521944090398,0.027701704700321107,0.00142780419433856,0.0,Cluster 1
29143,0.17868717036283918,0.02178421438763308,0.06520755204965731,0.0,Cluster 1
29147,0.15731308026095955,0.03630133044895459,0.0,0.0,Cluster 1
29164,0.126055822906641,0.029016361886429257,0.0876217817548789,0.0,Cluster 1
29170,0.07457732894587542,0.018486894360603655,0.005477367820464055,0.0,Cluster 1
29173,0.08008555133079848,0.023922686945500635,0.2088229475766568,0.0,Cluster 1
29177,0.09496679940277039,0.024851976873095337,0.07382913380330844,0.0,Cluster 1
29186,0.19301442339355887,0.023468200478584444,0.014046860782529572,0.0,Cluster 1
29188,0.15577022956268827,0.015272151241300509,0.013336889837289943,0.0,Cluster 1
291,0.28114194880839116,0.03316083818717657,0.007346113369513629,0.0,Cluster 1
29206,0.10605379205236792,0.023098352259241214,0.019671358737263677,0.0,Cluster 1
29208,0.1113153832429623,0.018764593175242216,0.027665505226480838,0.0,Cluster 1
29209,0.08992778957044162,0.015296613613757632,0.09316517211989532,0.0,Cluster 1
29227,0.12117046075522077,0.016675659036986312,0.027201758266851245,0.0,Cluster 1
29231,0.07716550783026838,0.02399982671605259,0.0,0.0,Cluster 1
29238,0.3387532765399738,0.015727391874180863,0.014689880304679,0.0,Cluster 1
29241,0.25580975626525493,0.02584310220358211,0.12669242398790526,0.0,Cluster 1
29268,0.2011137357175686,0.012131382336279781,0.02040816326530612,0.0,Cluster 1
29293,0.09676128563601553,0.019914922956642718,0.02058149891843746,0.0,Cluster 1
29294,0.12761033215160475,0.016250812693973184,0.009420661368879774,0.0,Cluster 1
292,0.09809768288801582,0.02379374694556187,0.029687347640702428,0.0,Cluster 1
29331,0.10329235097201296,0.023241806655478287,0.09381759036561521,0.0,Cluster 1
29345,0.16570689857797627,0.024902204388630524,0.0009371833839918947,0.0,Cluster 1
29357,0.13828163385633332,0.036116479413017134,0.08892363085086223,0.0,Cluster 1
29379,0.14312723344136957,0.014210919970082274,0.0,0.0,Cluster 1
29384,0.1619481164307801,0.020381777334244434,0.006799623592265428,0.0,Cluster 1
29399,0.1511128775834658,0.029809220985691574,0.264281956864808,0.0,Cluster 1
29426,0.14699454375546378,0.0146278600066319,0.015483209433478595,0.0,Cluster 1
29449,0.08997219041387207,0.02428080671169171,0.13610389610389612,0.0,Cluster 1
2945,0.13194114011019553,0.042810831002388014,0.0,0.0,Cluster 1
29476,0.13766871358100213,0.025813864119395492,0.007063917055941666,0.0,Cluster 1
29486,0.1559944037882049,0.011111708996986654,0.1507416350465678,0.0,Cluster 1
29488,0.08130812998574014,0.015732732100281647,0.040532119192664286,0.0,Cluster 1
29490,0.1027742988348704,0.015901931762116208,0.03803545051698671,0.0,Cluster 1
29495,0.08237606409614422,0.017150726089133702,0.01899638308865992,0.0,Cluster 1
29496,0.08533642456900636,0.02071422705420823,0.03990080319798645,0.0,Cluster 1
29510,0.10685978889464301,0.02453453787863226,0.05142706826252795,0.0,Cluster 1
29517,0.15916681388755688,0.022167259756538712,0.024207188160676532,0.0,Cluster 1
29520,0.1378419988885809,0.02077273561369466,0.03730786661127686,0.0,Cluster 1
29521,0.16769830006944655,0.017422023611824027,0.0014854159164566078,0.0,Cluster 1
29523,0.08988282505576281,0.020308375622157072,0.08402687472908539,0.0,Cluster 1
29535,0.10413406137330597,0.017070682479509384,0.040244920679098246,0.0,Cluster 1
29537,0.11152562340467308,0.0228876235355717,0.22822769953051644,0.0,Cluster 1
29546,0.11549109111926982,0.02702365133460754,0.0026063977411219575,0.0,Cluster 1
29548,0.12225239130679706,0.024513007131671153,0.002580407335729426,0.0,Cluster 1
29571,0.17199850413911505,0.023746791548386,0.0744922666403123,0.0,Cluster 1
29577,0.10698944460034106,0.019950568782783257,0.03414707959245435,0.0,Cluster 1
29578,0.09647514193491633,0.018893076824176642,0.04355755067686049,0.0,Cluster 1
29582,0.19986541049798115,0.030363391655450874,0.0036363636363636364,0.0,Cluster 1
29613,0.1898408529875838,0.01639830981863148,0.02563968205343179,0.0,Cluster 1
29617,0.09412074635271889,0.01943096964081321,0.03262233375156838,0.0,Cluster 1
29624,0.11890820404026188,0.019352414260839883,0.009229180831507642,0.0,Cluster 1
29627,0.16294196905635833,0.024415741300004647,0.0,0.0,Cluster 1
29632,0.10092804297662841,0.02310556298422245,0.053238429205081164,0.0,Cluster 1
29636,0.14608887887275576,0.024274814075528797,0.1252111951810769,0.0,Cluster 1
29637,0.10556371639583408,0.01945470903074632,0.03856802368972242,0.0,Cluster 1
29645,0.10559627365566453,0.028199849540738873,0.030118169020093,0.0,Cluster 1
29657,0.1655416313062705,0.017792651634874798,0.03720789807378781,0.0,Cluster 1
29672,0.10880975216859107,0.014038215952987806,0.018213472612829785,0.0,Cluster 1
29675,0.10815903851416855,0.01978472328523121,0.010903944504604959,0.0,Cluster 1
29676,0.14988303416328894,0.0252507237984945,0.037303745827667205,0.0,Cluster 1
29677,0.12818316943763597,0.023486794830148934,0.0,0.0,Cluster 1
29679,0.11151956966468322,0.03081092868936727,0.016714777912282337,0.0,Cluster 1
29683,0.16908325494837637,0.014624332040518427,0.014263630029611566,0.0,Cluster 1
29685,0.19453105512596658,0.022106510351708655,0.03862798525404712,0.0,Cluster 1
29690,0.10033107842084542,0.02415619743011561,0.09064802097640155,0.0,Cluster 1
29691,0.09288606589916634,0.020770146883684,0.0006838191298401573,0.0,Cluster 1
29692,0.12060726769962188,0.013427159948145613,0.015620111731843576,0.0,Cluster 1
29695,0.11109009400949553,0.03475027629982517,0.07397047019045998,0.0,Cluster 1
29696,0.10246159673629844,0.029453166189771757,0.0352700204825898,0.0,Cluster 1
296,0.1058847042570574,0.02579971037563509,0.05275183787005762,0.0,Cluster 1
29700,0.10946617894058992,0.03224214581770463,0.014181171285907778,0.0,Cluster 1
29705,0.07713682955621268,0.025473649762152432,0.012235311943634228,0.0,Cluster 1
29708,0.14538888708915665,0.020884661223139707,0.03972952307685091,0.0,Cluster 1
29710,0.10384880088940654,0.021875165440203292,0.138152528548124,0.0,Cluster 1
29743,0.10093049846724034,0.019423169806113295,0.0471214414766346,0.0,Cluster 1
29744,0.08512676342796784,0.016644824571618835,0.0037379576107899807,0.0,Cluster 1
29745,0.15013257413765715,0.020739401196629235,0.005154499335340875,0.0,Cluster 1
29749,0.1374996898801697,0.02763787927655246,0.012052975352748007,0.0,Cluster 1
29771,0.09061869884564148,0.027389449567439522,0.009981552717756581,0.0,Cluster 1
29774,0.1564586357039187,0.02559264634736333,0.02427334570191713,0.0,Cluster 1
29782,0.10420316229286075,0.02304255886071285,0.021345084917893057,0.0,Cluster 1
29783,0.0856939343691001,0.03230994879886032,0.15124905036421327,0.0,Cluster 1
29787,0.093755362409638,0.02585933874075362,0.008070360770922134,0.0,Cluster 1
297,0.08989782612578819,0.028053158994694818,0.028960309969698474,0.0,Cluster 1
29800,0.27104365836335986,0.012960669916595086,0.027486058045176735,0.0,Cluster 1
29804,0.26509223776846985,0.025769539256750736,0.02451422039938143,0.0,Cluster 1
29809,0.1458043050839438,0.011552776314691749,0.0016567744139374012,0.0,Cluster 1
29813,0.20187204907288392,0.0173969482163992,0.041386918833727346,0.0,Cluster 1
29835,0.11010493001876208,0.017406519681583972,0.03142890919223819,0.0,Cluster 1
29838,0.10579218896563486,0.012444572354395838,0.030780856423173804,0.0,Cluster 1
29839,0.09913843399450005,0.02286537312756994,0.12918979692221208,0.0,Cluster 1
29842,0.1630453505253574,0.01981840104333276,0.009689103531542408,0.0,Cluster 1
29846,0.13793940406771432,0.022371831983463347,0.08329246834165056,0.0,Cluster 1
29847,0.08733023427873539,0.025540679851702348,0.039034759857970475,0.0,Cluster 1
29857,0.24307550448629286,0.023477674929957087,0.0,0.0,Cluster 1
29874,0.2656223785801106,0.018697892592402378,0.0,0.0,Cluster 1
29878,0.0904949286106394,0.023733178737616524,0.10601508021996711,0.0,Cluster 1
2987,0.09099151892571115,0.024249341834815846,0.07018583787247677,0.0,Cluster 1
29881,0.12687423867273626,0.022442934064675117,0.015958721090942596,0.0,Cluster 1
29907,0.10508916308496499,0.02175675525593896,0.12498678972769225,0.0,Cluster 1
29910,0.19267671822988056,0.015312316428431564,0.011856368563685637,0.0,Cluster 1
29922,0.11052139593543238,0.020046851396419735,0.004658114784111987,0.0,Cluster 1
29933,0.09731767051228639,0.02748521389718451,0.06101464351444347,0.0,Cluster 1
29937,0.10287873597226115,0.018752097888788535,0.051664984863773966,0.0,Cluster 1
29941,0.14222445473372428,0.011940809095367334,0.15572098404579224,0.0,Cluster 1
29950,0.12970746701947383,0.01851758790885233,0.07702923626607261,0.0,Cluster 1
29961,0.09341485504224807,0.021453447062316323,0.06592450084587263,0.0,Cluster 1
29966,0.25999555752998665,0.027876499333629498,0.005553182400683468,0.0,Cluster 1
29975,0.09046383026746417,0.024444193657600723,0.0500249500998004,0.0,Cluster 1
29980,0.09680296034537363,0.025669661460503725,0.048041325871717604,0.0,Cluster 1
29988,0.24187466379061343,0.026342916349779658,0.03463122836232964,0.0,Cluster 1
29995,0.12295173581977006,0.021708569926310504,0.04961397129431648,0.0,Cluster 1
30012,0.10089578551366742,0.01259644454722665,0.02199225787976361,0.0,Cluster 1
30031,0.22453011232149914,0.016820003386577864,0.07767722473604827,0.0,Cluster 1
30043,0.11057284396639024,0.023168295152858745,0.07599009900990099,0.0,Cluster 1
30052,0.13318003965741793,0.015896433342350608,0.039741455430029285,0.0,Cluster 1
30058,0.13646106541940875,0.018777349394290096,0.04797510914839163,0.0,Cluster 1
30065,0.31844821449756794,0.02747656898801756,0.025855003352954327,0.0,Cluster 1
30067,0.14009703879375993,0.025717456104088248,0.020965988507532226,0.0,Cluster 1
30072,0.1499776001849791,0.016857667239909245,0.029726344189631913,0.0,Cluster 1
30076,0.108737313667339,0.016833549411085964,0.048869715271786025,0.0,Cluster 1
30084,0.125103440457972,0.02972283625233804,0.07230880753896339,0.0,Cluster 1
30085,0.09920165811168832,0.02120588735711934,0.019534469317295914,0.0,Cluster 1
30103,0.1375753444316877,0.025536380597014924,0.03683661494327813,0.0,Cluster 1
30111,0.14054737671149886,0.01888101296498243,0.013125707204051942,0.0,Cluster 1
30117,0.12142361164689,0.02242504667705649,0.041936180757647,0.0,Cluster 1
30119,0.14028404656055926,0.02040418094817932,0.020078621106743272,0.0,Cluster 1
30121,0.22069805116996905,0.016995945129842118,0.009251617947270122,0.0,Cluster 1
30128,0.08785049443129511,0.023392916781622548,0.08,0.0,Cluster 1
30150,0.19914938806956903,0.019167399803224412,0.009096612296110414,0.0,Cluster 1
30152,0.11848512173128944,0.017421100090171327,0.25844748858447486,0.0,Cluster 1
30154,0.2500573778175741,0.016010835518000473,0.0,0.0,Cluster 1
30155,0.24528896593646576,0.017562575659700635,0.015391675786352244,0.0,Cluster 1
30166,0.14102459160166983,0.02896500111089023,0.0,0.0,Cluster 1
30167,0.19161475337709016,0.02661284681875512,0.00010597586105387107,0.0,Cluster 1
30176,0.12861478693699163,0.02593177127594998,0.0,0.0,Cluster 1
3017,0.09444051904938147,0.031396431255117034,0.20616108115811224,0.0,Cluster 1
30182,0.10348947584663118,0.026538245391993426,0.018809893218946792,0.0,Cluster 1
30183,0.13835642436895046,0.021189060787686956,0.008274702420461083,0.0,Cluster 1
3018,0.13491796664873587,0.028106508875739646,0.17219038126090208,0.0,Cluster 1
3019,0.131510993373056,0.028596976509029523,0.09887526212111585,0.0,Cluster 1
30219,0.08077462453403865,0.02329706858871145,0.16708710491170797,0.0,Cluster 1
30260,0.12630747751253119,0.026279248968132263,0.050647820965842166,0.0,Cluster 1
30270,0.14234147440068065,0.0314736499674691,0.04957588010372259,0.0,Cluster 1
30291,0.17515231947879592,0.031429088496109064,0.025400378853108318,0.0,Cluster 1
3029,0.11279331250897111,0.020067941190542914,0.0,0.0,Cluster 1
30303,0.3545151513036844,0.025958310944249437,0.03795807224172435,0.0,Cluster 1
30315,0.17663596313883062,0.021567975747670772,0.014046526121504848,0.0,Cluster 1
3031,0.09800089485908484,0.026436047739223985,0.01141391471625521,0.0,Cluster 1
30332,0.2938142779815962,0.023155109159800326,0.05296555959265135,0.0,Cluster 1
30339,0.09636151115781798,0.029532561955111364,0.3248386378811485,0.0,Cluster 1
3034,0.11731172479844147,0.029255201787345735,0.0013931845412243305,0.0,Cluster 1
30350,0.11020424890687902,0.019348320203271638,0.028119457634876138,0.0,Cluster 1
30358,0.23361738089369344,0.013609634142047255,0.006104453990504182,0.0,Cluster 1
30367,0.09625309238658519,0.022972950833101233,0.0030638297872340424,0.0,Cluster 1
30388,0.12546743533811155,0.015366936740417576,0.06620614715926731,0.0,Cluster 1
30395,0.21212348973111106,0.015295289276386253,0.011869961909823722,0.0,Cluster 1
30397,0.15436082878464422,0.011459895810641755,0.006763840167735172,0.0,Cluster 1
303,0.11507338915326386,0.029355661305543842,0.08144787607359584,0.0,Cluster 1
30401,0.12677691992659557,0.016634959607239007,0.031817918968789265,0.0,Cluster 1
30402,0.10064274449152413,0.02499595806145577,0.0072744907856450046,0.0,Cluster 1
30422,0.2249703356157673,0.030459063149758873,0.000596793444949837,0.0,Cluster 1
30428,0.13237921810987072,0.021527360565824792,0.0,0.0,Cluster 1
30429,0.14870378087491576,0.02301760018109511,0.09175200664267921,0.0,Cluster 1
30431,0.07571472934684331,0.019657633444084433,0.18645421218830532,0.0,Cluster 1
30434,0.2802922557795811,0.024940275337665116,0.006102212051868803,0.0,Cluster 1
30441,0.11943580000313464,0.018634551720655,0.13563758046760518,0.0,Cluster 1
30447,0.29431598306480966,0.017682331079139448,0.017509600989390094,0.0,Cluster 1
30470,0.09218254802316679,0.020915794118921582,0.07651866917379792,0.0,Cluster 1
304,0.1821655867944316,0.02554340799057566,0.03588328075709779,0.0,Cluster 1
30516,0.12323872950341162,0.028549278211852176,0.033803243898741855,0.0,Cluster 1
30530,0.1648694207410514,0.02417208394496153,0.014953240548231132,0.0,Cluster 1
30544,0.13946552603696583,0.0173189821701334,0.030781155434747985,0.0,Cluster 1
30551,0.2709012596701036,0.014852557238591383,0.022405791308595917,0.0,Cluster 1
30585,0.1410146757354838,0.026283278350235546,0.014729950900163666,0.0,Cluster 1
30595,0.09927780296651338,0.02242697065872142,0.0587179905398793,0.0,Cluster 1
30619,0.10347825435250207,0.025684071678570626,0.024914898240023176,0.0,Cluster 1
30637,0.12448035255233199,0.016611090708777084,0.00741090394146802,0.0,Cluster 1
3063,0.12584787728978886,0.019433555550007073,0.12056080947027313,0.0,Cluster 1
30656,0.08116679226325044,0.014286611404169806,0.0,0.0,Cluster 1
3066,0.11365712645602233,0.024921042542909836,0.03366248103188905,0.0,Cluster 1
3067,0.09959926627093908,0.032314529886201565,0.06940443630993855,0.0,Cluster 1
30680,0.1689476037738974,0.023211456395364885,0.024883181387445677,0.0,Cluster 1
30688,0.0964670337702841,0.02516446566931436,0.06455849666599313,0.0,Cluster 1
30692,0.12302733233409915,0.04113449730611867,0.15485206265581636,0.0,Cluster 1
306,0.12203200533022723,0.02736055488048931,0.016163560304024195,0.0,Cluster 1
30704,0.11550012940348005,0.024998946715860053,0.003916970644432864,0.0,Cluster 1
30707,0.1592581477702419,0.0232699117700018,0.00866812391648451,0.0,Cluster 1
30722,0.18493139316144738,0.021024676330640698,0.14857365106433904,0.0,Cluster 1
3075,0.12079564515907876,0.028977425945308537,0.0015513261947103561,0.0,Cluster 1
30788,0.0909605871722683,0.021896122694734555,0.02005537511274253,0.0,Cluster 1
3078,0.08029603938934134,0.03354700193024288,0.018125723100655612,0.0,Cluster 1
3079,0.08586799870217085,0.017452783918991317,0.01616871704745167,0.0,Cluster 1
307,0.09886692792639291,0.03182919672100112,0.1484992101105845,0.0,Cluster 1
30812,0.09387501017811037,0.016539757669041998,0.008477895914941242,0.0,Cluster 1
30819,0.11681025633764928,0.021818078848073397,0.0700281809642132,0.0,Cluster 1
30878,0.11698923867651782,0.010771362030195953,0.13995194782907155,0.0,Cluster 1
30879,0.09483591419812819,0.022219893092967194,0.016089373987988657,0.0,Cluster 1
3087,0.10680872889002033,0.028808032555510215,0.002278303540133193,0.0,Cluster 1
30889,0.08917269333132706,0.019514167756011773,0.0,0.0,Cluster 1
30895,0.09502749909298232,0.02422541290721487,0.05600665525825502,0.0,Cluster 1
3091,0.12245890868831515,0.025905579530675064,0.01675217418507164,0.0,Cluster 1
30943,0.13814964291504195,0.03493203866927192,0.05966277561608301,0.0,Cluster 1
30953,0.127500519473407,0.019315551503573492,0.003834249257785358,0.0,Cluster 1
30969,0.10413907881923154,0.020120879856963987,0.17485527682944932,0.0,Cluster 1
30976,0.13645713366090154,0.027353788743656928,0.025872553716876127,0.0,Cluster 1
30987,0.20654102143438305,0.019487015325517186,0.0038747174685179204,0.0,Cluster 1
3098,0.1083416619944909,0.02792336006630427,0.01623729703378708,0.0,Cluster 1
30996,0.16311284605697637,0.01856973217833228,0.05744935593966751,0.0,Cluster 1
31028,0.08118129498176083,0.024858584738243122,0.02461147270346686,0.0,Cluster 1
3103,0.10570619834439046,0.0177642696052969,0.01999782294306996,0.0,Cluster 1
31043,0.10286298794240908,0.02692260991467332,0.23315209615109458,0.0,Cluster 1
31077,0.09640174525670708,0.02239262162926285,0.06412492073557387,0.0,Cluster 1
31083,0.12462608481565828,0.017283190742906383,0.02736072698538127,0.0,Cluster 1
31089,0.1091230711328566,0.020338727888596163,0.008829412981996274,0.0,Cluster 1
3108,0.10090986393159244,0.02985922766828453,0.004368128957598181,0.0,Cluster 1
31090,0.16151477942092432,0.01893474276155393,0.0,0.0,Cluster 1
3109,0.10287396644088469,0.022097346351315023,0.0,0.0,Cluster 1
31100,0.10395304941489591,0.021449397566210168,0.03500849086532181,0.0,Cluster 1
3110,0.10414592624368345,0.04512846247028892,0.001424796642661002,0.0,Cluster 1
31121,0.10377362778204494,0.02533325455512278,0.06429290938553847,0.0,Cluster 1
31127,0.0772606246214675,0.01668971191534585,0.03335305428191096,0.0,Cluster 1
3113,0.11655552511826252,0.026980615987210885,0.08043497325265281,0.0,Cluster 1
31146,0.10848019087486087,0.025366544707003894,0.00039275369433943737,0.0,Cluster 1
31158,0.11207523185133422,0.03195878822781654,0.03189622759744329,0.0,Cluster 1
31184,0.15389821176632523,0.0182149780342047,0.015055526570768429,0.0,Cluster 1
31189,0.16031487190802468,0.022793208488022843,0.05532142750899878,0.0,Cluster 1
31197,0.2138162195571298,0.017781369973732065,0.095447217744177,0.0,Cluster 1
31198,0.14831510713048643,0.031109901529021725,0.1162379474860708,0.0,Cluster 1
31217,0.11341322582368582,0.024828728418958848,0.055695468628268074,0.0,Cluster 1
3121,0.13206020742350194,0.03435677477979853,0.053920120770568736,0.0,Cluster 1
31223,0.10938650585369177,0.02506593310344604,0.028662302325753813,0.0,Cluster 1
31232,0.22588388780169602,0.02574037834311807,0.0,0.0,Cluster 1
31236,0.09833120921042503,0.024290272087314282,0.018893528183716077,0.0,Cluster 1
31266,0.22872340425531915,0.018600902643455836,0.04256518675123326,0.0,Cluster 1
31267,0.2565588499550764,0.020080862533692723,0.0,0.0,Cluster 1
3126,0.11364008186271635,0.026233419867451545,0.0038435942359668065,0.0,Cluster 1
31272,0.08393632839544402,0.02770807346364064,0.009814499008109143,0.0,Cluster 1
3127,0.12361744466278018,0.024429746974286688,0.0,0.0,Cluster 1
31313,0.11398622745611735,0.020995715219303393,0.11521389541572472,0.0,Cluster 1
31329,0.20581586416372055,0.018752178459393518,0.1662553829776939,0.0,Cluster 1
3133,0.07774555365316747,0.025938479098966887,0.0,0.0,Cluster 1
31345,0.11644444444444445,0.019869281045751634,0.0,0.0,Cluster 1
31361,0.2701570401063665,0.016753792510559227,0.13033509769894572,0.0,Cluster 1
31390,0.11610777829051941,0.03057350151258781,0.09409569652675043,0.0,Cluster 1
31406,0.17981694808268897,0.018870653831992004,0.0,0.0,Cluster 1
31409,0.25503679575340815,0.02598624683315237,0.06423841059602649,0.0,Cluster 1
3140,0.09928782033664825,0.030662065829965834,3.417284625636469e-05,0.0,Cluster 1
31410,0.09278232074069068,0.029762789754680004,0.0,0.0,Cluster 1
3144,0.1098037013114662,0.019863892087206417,0.01884057971014493,0.0,Cluster 1
31461,0.09760395706856362,0.022675373021788868,0.008817816624729616,0.0,Cluster 1
31479,0.10741733801215836,0.024366134532694112,0.00707425087709208,0.0,Cluster 1
31485,0.10118491110195545,0.024326133806611097,0.002016326370808292,0.0,Cluster 1
31488,0.09273149998947966,0.036495044921833905,0.15610641556526178,0.0,Cluster 1
3149,0.1405713218820015,0.021788648244958925,0.05711249833975295,0.0,Cluster 1
314,0.13065830721003135,0.03341692789968652,0.13067818298144593,0.0,Cluster 1
31516,0.09474702095851291,0.02099170137626512,0.08981625959303251,0.0,Cluster 1
31539,0.14461486144440966,0.01610266754773415,0.041952809769393154,0.0,Cluster 1
31545,0.12918104455656526,0.027873630377101694,0.0053211302080561915,0.0,Cluster 1
3158,0.17106575719177158,0.025046507238952846,0.0,0.0,Cluster 1
3161,0.09263710868507205,0.026395051640426805,0.04824041573597119,0.0,Cluster 1
31628,0.09999317669886668,0.02399439892457895,0.023171215338654082,0.0,Cluster 1
31694,0.11154373982701944,0.020981606187299866,0.02088698140200286,0.0,Cluster 1
3170,0.11874503895935591,0.028182760687498986,0.0,0.0,Cluster 1
31711,0.11152674036450552,0.02484015536301165,0.09022717531075868,0.0,Cluster 1
31762,0.10430801697338266,0.038388663232657876,0.002719312557785392,0.0,Cluster 1
31774,0.14033552516438733,0.026026952021401605,0.04133262070194192,0.0,Cluster 1
3178,0.12133244662577959,0.026641413650370174,0.013088305999252097,0.0,Cluster 1
3179,0.10688137989868123,0.030103480714957668,0.20582768423354472,0.0,Cluster 1
31823,0.12451641628601111,0.030339209445754522,0.02071303702918896,0.0,Cluster 1
3182,0.11053872356106526,0.026099486457501642,0.0025814834126868798,0.0,Cluster 1
3183,0.12137637421858159,0.03881763311058418,0.010700363190750625,0.0,Cluster 1
31840,0.09796797225491799,0.015885118704645092,0.0512368808605037,0.0,Cluster 1
3184,0.15586337866897534,0.04178884948008304,0.03231201098966732,0.0,Cluster 1
31864,0.10537976036131018,0.027675276752767528,0.03329277360913946,0.0,Cluster 1
31900,0.16274053349849432,0.013049142515430451,0.0019356955380577428,0.0,Cluster 1
31905,0.11407511558898627,0.02556759367883514,0.0988695224772203,0.0,Cluster 1
3190,0.09641365892049057,0.031458365214349734,0.00946658352701094,0.0,Cluster 1
31928,0.09541551599241482,0.028610067915534537,0.012567045837328013,0.0,Cluster 1
31936,0.10756862228515915,0.023772867234196703,0.0006314339290497877,0.0,Cluster 1
3193,0.1571714258739518,0.026323694758434827,0.03873920118827885,0.0,Cluster 1
31945,0.10589432290252233,0.01969851820440424,0.02735022900945045,0.0,Cluster 1
31972,0.1755571109989745,0.03519281168101834,0.0,0.0,Cluster 1
3197,0.10240145725772551,0.030169115190187223,0.03731382558812694,0.0,Cluster 1
31994,0.10012581837616354,0.013834454193203581,0.06060606060606061,0.0,Cluster 1
31999,0.14494481531438227,0.01734725332437374,0.007572944446319864,0.0,Cluster 1
32018,0.10162156117199732,0.032710802952359654,0.010894684714427203,0.0,Cluster 1
32025,0.10044543212129309,0.027416721789027446,0.011386491922403166,0.0,Cluster 1
3206,0.11925519613877847,0.02672135579959846,0.0063675064217749424,0.0,Cluster 1
32082,0.08797802676541462,0.025308700801873307,0.02758327208015784,0.0,Cluster 1
32084,0.11456821814109193,0.03597705283896521,0.04901173784294838,0.0,Cluster 1
3210,0.1460570470318935,0.021549695217056682,0.054409348183312035,0.0,Cluster 1
32135,0.11681280330683795,0.03195704317730825,0.07084842707340325,0.0,Cluster 1
3217,0.10741776094653341,0.022775399991036616,0.12477509191895486,0.0,Cluster 1
32188,0.08999742619372182,0.034736852139595625,0.05147759771210677,0.0,Cluster 1
3218,0.09734685554804073,0.028402692583312496,0.06396000344797863,0.0,Cluster 1
3219,0.09714068007521064,0.023314201764051287,0.21187325414068453,0.0,Cluster 1
321,0.10910215821655883,0.02306310101295983,0.029922779922779922,0.0,Cluster 1
32203,0.10293267310600265,0.025807682296065063,0.22722095671981776,0.0,Cluster 1
32242,0.09295049473536704,0.011643268787561242,0.10216562683708494,0.0,Cluster 1
32245,0.10899333617805677,0.0215613014167803,0.07432936727831915,0.0,Cluster 1
32257,0.1563897501865864,0.030533424755617312,0.03629697169573399,0.0,Cluster 1
3225,0.2214570487963041,0.028485158151428467,0.0063488664650303795,0.0,Cluster 1
3226,0.11092608700208545,0.02933255085251983,0.09665655792685807,0.0,Cluster 1
32277,0.19253369616055105,0.027271567668693396,0.0,0.0,Cluster 1
32282,0.16260639776884236,0.023734065286014152,0.0,0.0,Cluster 1
32286,0.14121678597699913,0.022812494393311445,0.006670054630923644,0.0,Cluster 1
3228,0.11881978699852769,0.026146951671663927,0.038982299684342865,0.0,Cluster 1
32292,0.0891744652109384,0.029025692981754517,0.047239386087303166,0.0,Cluster 1
32293,0.212168741869541,0.02569782568295856,0.015976455749421904,0.0,Cluster 1
32296,0.10090146562349941,0.01769332903666928,0.04578377090857829,0.0,Cluster 1
32306,0.1487993845815704,0.023627671850101655,0.0,0.0,Cluster 1
32307,0.10982275118761813,0.024084384737191603,0.02395348837209302,0.0,Cluster 1
3230,0.10480523315744605,0.032548434008837085,0.012506977856933997,0.0,Cluster 1
3232,0.15592985600521395,0.024644086437605652,0.005094043887147335,0.0,Cluster 1
32348,0.08026722879235308,0.019765165421758584,0.0503012224366848,0.0,Cluster 1
32360,0.2667495297136078,0.041338881554737215,0.1194420058462043,0.0,Cluster 1
32363,0.08917417155564376,0.021857075824831217,0.1234225084276947,0.0,Cluster 1
3237,0.11816831763957113,0.02901578079866834,0.022372600469548407,0.0,Cluster 1
32441,0.12846071935636535,0.031152389966871745,0.10266328958477243,0.0,Cluster 1
32459,0.08886662644490285,0.02577180176965092,0.10149468755627589,0.0,Cluster 1
3248,0.18325465299256607,0.021715774051766237,0.007461802676773659,0.0,Cluster 1
324,0.1333370765954615,0.03364984694217076,0.021601135424302448,0.0,Cluster 1
3250,0.10622742010830055,0.028603729983884833,0.05101266371758175,0.0,Cluster 1
32526,0.08985613631030022,0.02377591702186881,0.014534015619701272,0.0,Cluster 1
32527,0.1966521906924957,0.031135912984460876,0.019726379662316863,0.0,Cluster 1
32532,0.10782394631831808,0.02952889559468742,0.050891147444395345,0.0,Cluster 1
32541,0.09642961696464894,0.014330005025030276,0.3928501717101864,5.604110807976961e-05,Cluster 0
32551,0.10361137241889984,0.04212688826600528,0.050566118764377374,0.0,Cluster 1
3255,0.13035100632439603,0.01584615168236436,7.193209610128039e-05,0.0,Cluster 1
3256,0.09501556256757762,0.026078077365789938,0.0,0.0,Cluster 1
32574,0.2596885235808947,0.013959736214476083,0.017547777731011953,0.0,Cluster 1
32612,0.10982877452914461,0.024318688291089668,0.14919049043686383,0.0,Cluster 1
32647,0.09921247125208828,0.021957600300139133,0.02693527326991233,0.0,Cluster 1
3268,0.12234042553191489,0.04598305987370984,0.12242835673938954,0.0,Cluster 1
3269,0.13303697160791922,0.031470936399277435,0.004489795918367347,0.0,Cluster 1
32718,0.11837909371411856,0.027606870319264377,0.07918587187321974,0.0,Cluster 1
3275,0.11257392424051348,0.024853810873417804,0.0003832434185312933,0.0,Cluster 1
3276,0.14137621865591174,0.03336825947719047,0.029548455241616055,0.0,Cluster 1
32773,0.1087610503218131,0.023266509530809852,0.025003956207850127,0.0,Cluster 1
32779,0.09170621957278209,0.020719071057715623,0.08875641242460117,0.0,Cluster 1
3279,0.12074180563542265,0.023151236342725704,0.16548395802574972,0.0,Cluster 1
327,0.16122934215216086,0.028671716738778327,8.3948959032908e-05,0.0,Cluster 1
3285,0.09362999153227874,0.024985783190302913,0.06878823761594632,0.0,Cluster 1
3286,0.0948190457214649,0.027663395708458553,0.0367878823254728,0.0,Cluster 1
3289,0.11564328237857498,0.019485477036045775,0.010459164750389436,0.0,Cluster 1
32908,0.16171033998771883,0.03924959584946802,0.0,0.0,Cluster 1
32912,0.13398113352410082,0.027702614372303716,0.0062996333280416926,0.0,Cluster 1
3292,0.11303601817739795,0.021964355843135788,0.021900527349808706,0.0,Cluster 1
3293,0.09838841575734547,0.02490480005947415,0.0,0.0,Cluster 1
32941,0.11844279500165242,0.024820434886353052,0.000751426093607761,0.0,Cluster 1
32968,0.15737046794630535,0.023384769790490527,0.03515625,0.0,Cluster 1
32992,0.10392460779955223,0.013717503534510034,0.036727300755356865,0.0,Cluster 1
33005,0.08011203387968226,0.021577930428277683,0.036653317913771515,0.0,Cluster 1
33009,0.14297586576396668,0.035537723442599,0.003278897949624204,0.0,Cluster 1
33010,0.11036258803799555,0.03182477810401269,0.005480805419646217,0.0,Cluster 1
33013,0.19007611291514184,0.02166554988574472,0.0,0.0,Cluster 1
3301,0.09765056584826053,0.03005101530946769,0.01633676958789906,0.0,Cluster 1
33026,0.1329513735860144,0.017805200528867342,0.010239410681399632,0.0,Cluster 1
3302,0.08853707625725148,0.027532590536576383,0.046207562588217815,0.0,Cluster 1
3303,0.09731641508058048,0.02698169620068548,0.0,0.0,Cluster 1
3305,0.14971813631952546,0.025711201491642223,0.0006845923034346142,0.0,Cluster 1
33103,0.11142866951610965,0.015212764131349022,0.155549564815528,0.0,Cluster 1
33111,0.09821230665070542,0.010568547333107133,0.03009329039013787,0.0,Cluster 1
33119,0.08767605280673686,0.023473355674834565,0.021968032268745673,0.0,Cluster 1
33124,0.0997655352318251,0.012518244775006987,0.038972156075391826,0.0,Cluster 1
33131,0.10512786420245535,0.027751924241752723,0.015247329960652051,0.0,Cluster 1
33136,0.08513507303879081,0.02120889933972743,0.2214818812931564,0.0,Cluster 1
33183,0.11032886488571704,0.03990741633715884,0.002797202797202797,0.0,Cluster 1
33188,0.12900799879842093,0.025332416744172366,0.030144269128686108,0.0,Cluster 1
33204,0.10972502880155621,0.028859942553533868,0.01301735214338555,0.0,Cluster 1
3320,0.1510751203950799,0.02453912456673108,0.0,0.0,Cluster 1
33216,0.07670560006761686,0.036296323546625375,0.05427398194170294,0.0,Cluster 1
3325,0.1205399317813423,0.02981147883332173,0.007935362118571532,0.0,Cluster 1
3327,0.20121925405359636,0.027651948125255774,0.08671716109124061,0.0,Cluster 1
33306,0.1314470501963721,0.02158753870507425,0.07263999330883288,0.0,Cluster 1
3330,0.09024429977253393,0.02897427079122395,0.05348666176372267,0.0,Cluster 1
3335,0.148165803716796,0.020974815553632457,0.0,0.0,Cluster 1
3336,0.12066522658119062,0.01743200241562725,0.0,0.0,Cluster 1
3337,0.10538667922945667,0.029287961744772367,0.021978720891142185,0.0,Cluster 1
33380,0.11414588656990436,0.020043967412388466,0.0,0.0,Cluster 1
3339,0.13396956447219194,0.024383795433576813,0.0014426872090807633,0.0,Cluster 1
33418,0.07975863630092936,0.017528110846210792,0.014884831358027699,0.0,Cluster 1
3342,0.09337406067045165,0.030095436251019105,0.02220378491564932,0.0,Cluster 1
33440,0.13780975841248605,0.020623786385673564,0.001870853952000457,0.0,Cluster 1
33450,0.08809106830122591,0.02795956616585246,0.11523839419622615,0.0,Cluster 1
33457,0.10847338872399992,0.027847692707096038,0.0,0.0,Cluster 1
33470,0.09494117716855426,0.02553438896041102,0.018121602199587576,0.0,Cluster 1
33497,0.1310177448874035,0.016630858597915174,0.0,0.0,Cluster 1
33503,0.11671225152935208,0.030556337691546268,0.062393313144418504,0.0,Cluster 1
33506,0.09443211713612512,0.02650382505496813,8.55230805413611e-05,0.0,Cluster 1
3351,0.1923478591094655,0.02669704737491693,0.0,0.0,Cluster 1
33539,0.10586356792380702,0.026892087400187857,0.022268261340294852,0.0,Cluster 1
33552,0.08807829685103107,0.015628803188026785,0.0,0.0,Cluster 1
33555,0.0972604453197913,0.026799495928396717,0.04697811630660995,0.0,Cluster 1
33565,0.193522335022344,0.03312415125718627,0.0005100621348418808,0.0,Cluster 1
33568,0.17588746963404123,0.04327638899772745,0.2831365560258409,0.0,Cluster 1
33645,0.09294955214314422,0.023383457182264197,0.0356204045868414,0.0,Cluster 1
3368,0.14727923408680757,0.028238460832594132,0.062388369678089306,0.0,Cluster 1
33708,0.11805754376812953,0.021646922654483692,0.006757514822518145,0.0,Cluster 1
33739,0.1385234174955942,0.028436032278283552,0.006269783296810324,0.0,Cluster 1
33753,0.10621151230249926,0.018224130647930336,0.1945706310546768,0.0,Cluster 1
33758,0.09740579822405622,0.01874327884651174,0.011220985773669671,3.5209036047011103e-06,Cluster 1
33761,0.08851313306090096,0.02427483609350343,0.1579981980506184,0.0,Cluster 1
3376,0.12230283781310695,0.026314857341889476,0.2144856880822513,0.0,Cluster 1
33785,0.09628814642699812,0.031369038878475614,0.0,0.0,Cluster 1
33794,0.10682348837885232,0.027945977891238847,0.05700163250498821,0.0,Cluster 1
33803,0.08758904477902042,0.0201773147105688,0.030383080345459303,0.0,Cluster 1
33805,0.09913567796744405,0.02547030839981626,0.0,0.0,Cluster 1
33812,0.13261242371269244,0.02135688821315142,0.003952851955856838,0.0,Cluster 1
33818,0.09951640493369861,0.030166814574732158,0.17667205169628433,0.0,Cluster 1
33831,0.26264613629883093,0.02671799258625606,0.0,0.0,Cluster 1
33849,0.09366766135751274,0.02234382688183032,0.01216626323205318,0.0,Cluster 1
3384,0.12847889946727326,0.02421280212459448,0.01058098931372721,0.0,Cluster 1
33851,0.07652816346120882,0.021084027563509206,0.0,0.0,Cluster 1
33860,0.09178777669125844,0.022646758862367958,0.014590998158596843,0.0,Cluster 1
33867,0.11109491924396214,0.020571587303129385,0.04255195108047883,7.700132377509425e-05,Cluster 0
3387,0.11152123096182605,0.02636454026335502,0.019133311152579477,0.0,Cluster 1
3388,0.1667314517065389,0.02347910808668743,0.0011808162770982197,0.0,Cluster 1
33893,0.08011748740473049,0.022364303354196337,0.03606568453622179,0.0,Cluster 1
3389,0.09333463230279714,0.021798790855500065,0.006587757995903576,0.0,Cluster 1
33905,0.09885295058500018,0.02467529741052776,0.006590823600979805,0.0,Cluster 1
33922,0.08736459556573356,0.019365872372077767,0.00013407971038782555,0.0,Cluster 1
33926,0.10074078217647717,0.027669452923971934,0.029349938523777416,0.0,Cluster 1
33928,0.1191398450602987,0.015554920365365134,0.22907570585589163,0.0,Cluster 1
33935,0.10837955609560972,0.027986400162129665,0.035753318486397394,1.5098644120492283e-05,Cluster 1
33947,0.12932332944737795,0.046227707654865585,0.0466597452606969,0.0,Cluster 1
33959,0.1733111977065031,0.027123828848563104,0.010421748192824515,0.0,Cluster 1
3400,0.13147506563828243,0.036323601336708526,0.09832365713574175,0.0,Cluster 1
34010,0.20103691604650523,0.024554722556135698,0.012547698599623888,0.0,Cluster 1
34011,0.09037051097696445,0.024855830156254383,0.040367645116119316,0.0,Cluster 1
34014,0.11451253640984636,0.01811211377006111,0.0,0.0,Cluster 1
3401,0.10755017647368699,0.028762577042617078,0.06208289965101329,0.0,Cluster 1
34020,0.10415789501042202,0.030980190351438033,0.0037927936919852283,0.0,Cluster 1
34023,0.10582452235206827,0.02861912711662294,0.09812820833855014,0.0,Cluster 1
34038,0.10748305072800823,0.03017604690825546,0.07872167436005036,0.0,Cluster 1
34040,0.08892197696801411,0.01929951642219495,0.09861970131241514,0.0,Cluster 1
34047,0.08495422606981341,0.022510054578191864,0.003920875814237111,0.0,Cluster 1
34052,0.10630811183756612,0.027972533429707264,0.09456995395123158,0.0,Cluster 1
34058,0.1543122350903668,0.01586546008821459,0.00721962425137419,0.0,Cluster 1
3405,0.08611686353232463,0.025105861721735366,0.06712160566706021,0.0,Cluster 1
34068,0.09849564760622127,0.02949667042254374,0.025948144694846745,0.0,Cluster 1
34073,0.09023275570129696,0.022685343157383363,0.02375043174510481,0.0,Cluster 1
34074,0.11199472002132799,0.020617601446141942,0.0004789967195982234,0.0,Cluster 1
340,0.15403406848803433,0.020744111525664865,0.0076512470761611814,0.0,Cluster 1
34108,0.08815534498052667,0.027428264684943294,0.026430005830148345,0.0,Cluster 1
34146,0.10421820543726311,0.026063814715440597,0.01875980340897208,0.0,Cluster 1
34148,0.11039230259731724,0.031014101455650443,0.00906863306386974,0.0,Cluster 1
34150,0.09119267081566675,0.02501606310639286,0.011637634548530423,0.0,Cluster 1
34160,0.11506520113282316,0.028657306815724832,0.035671379724609556,0.0,Cluster 1
34162,0.18583815267339313,0.027480550766006945,0.18023617153511498,0.0,Cluster 1
34171,0.10362423600475215,0.025675250132401985,0.08211893086539125,0.0,Cluster 1
34193,0.17986905667589842,0.036427278485044956,0.0,0.0,Cluster 1
34207,0.09107082215875448,0.03598250670474731,0.08913429303884836,0.0,Cluster 1
34211,0.09962819033471712,0.028745617641727568,0.04558242733525627,0.0,Cluster 1
34221,0.07332608940012739,0.012002447949842007,0.02520865269971044,0.0,Cluster 1
34229,0.10489191931964452,0.026769705635369147,0.0,0.0,Cluster 1
34233,0.09930122120962104,0.020689394559665442,0.0,0.0,Cluster 1
34240,0.11983214617175979,0.03044770510564884,0.0032310177705977385,0.0,Cluster 1
34252,0.1200638597288026,0.018121402299087867,0.026572574867459522,0.0,Cluster 1
34254,0.12148216872995724,0.021816601796902098,0.0838063395796076,0.0,Cluster 1
34259,0.2509723264525732,0.03957345307454451,0.2564627496231226,0.0,Cluster 1
34294,0.11325486697308626,0.03020152924823805,0.27710616004735644,0.0,Cluster 1
342,0.0944845810639654,0.026988951107488026,0.024566076521084557,0.0,Cluster 1
3430,0.1027032701856215,0.02778018355074053,0.004380427903524555,0.0,Cluster 1
34313,0.1966538888407862,0.04480766354698803,0.0,0.0,Cluster 1
34319,0.11608994277387899,0.026201655136340145,0.014864828622002897,0.0,Cluster 1
34334,0.11900481201417165,0.027682301306118134,0.0,0.0,Cluster 1
34352,0.14254876279761192,0.01823434915002278,0.02307502273336522,0.0,Cluster 1
34363,0.08997285069527258,0.01895151231039578,0.017438730842279527,0.0,Cluster 1
34383,0.10883372861169255,0.024004329899758963,0.0274141303158509,0.0,Cluster 1
34384,0.09219013342107207,0.026317591840297597,0.044225614730217924,0.0,Cluster 1
34386,0.33461286315644195,0.03953315851217997,0.0052073934675569075,0.0,Cluster 1
34393,0.1599704860284667,0.028101743863156725,0.01725933640827258,0.0,Cluster 1
34394,0.14438757537454153,0.018562340703288507,0.0,0.0,Cluster 1
34395,0.10558900847845058,0.02061157631904071,0.35068664291640234,0.0,Cluster 1
34401,0.08552300130988233,0.023474882726346548,0.029445389885238035,0.0,Cluster 1
34407,0.09953970080552359,0.0219947587780797,0.0,0.0,Cluster 1
34409,0.12725947421307868,0.036381530084549925,0.029632841861809773,0.0,Cluster 1
3440,0.11439173191303559,0.0260739114641238,0.031177686234437504,0.0,Cluster 1
34415,0.10308288633218977,0.0266276843761254,0.0049185904331117665,0.0,Cluster 1
34422,0.10793630862402867,0.0207552363796176,0.0028188676206072644,0.0,Cluster 1
34441,0.09558332538395498,0.028245731183821426,0.0,0.0,Cluster 1
34444,0.0874561210616637,0.022702647894151006,0.02479305345828361,4.4103060195937115e-06,Cluster 1
34455,0.10196701256613047,0.021226136692886345,0.08956009261208167,0.0,Cluster 1
34456,0.09493549647421187,0.02492043743290761,0.009539411253508606,0.0,Cluster 1
34457,0.11371324089593174,0.01743105287216212,0.007235696100763768,0.0,Cluster 1
34460,0.0855412725958825,0.029095742716833437,0.0025282111364617376,0.0,Cluster 1
34488,0.11063088326379483,0.026640167164666724,0.007998031253845208,0.0,Cluster 1
34489,0.09172407539475393,0.024242780714588557,0.0,0.0,Cluster 1
34496,0.2306489320984795,0.026453143245806283,0.00917964518055416,0.0,Cluster 1
34507,0.0757880312570896,0.017517293645004456,0.016938454215941128,0.0,Cluster 1
34517,0.10794090169890315,0.033708176187675166,0.014147112877719366,0.0,Cluster 1
34526,0.08357490934405619,0.026656484107935124,0.013551314726176416,0.0,Cluster 1
34533,0.08706664833413161,0.026189738716047666,0.10585025891629993,0.0,Cluster 1
34535,0.19428151337726784,0.04163887940767191,0.04027244715930591,0.0,Cluster 1
34548,0.11480230705016316,0.02076060560066783,0.06672450834572798,0.0,Cluster 1
34562,0.09296540286543511,0.015412148852974393,0.027669159383728263,0.0,Cluster 1
34566,0.14079934869029553,0.029190423067905737,0.008051235132662397,0.0,Cluster 1
34585,0.11268913109182534,0.016783553228104587,0.03374476586660828,0.0,Cluster 1
34589,0.10494462980683894,0.023139637365663327,0.03844974843045954,7.074655211258071e-05,Cluster 0
34598,0.1174574028066694,0.024909908674414834,0.01344414568565143,0.0,Cluster 1
34603,0.1126503737504109,0.02560698140462591,0.07305857171523489,0.0,Cluster 1
34606,0.0933894304010428,0.03549428917367218,0.2347868024624812,0.0,Cluster 1
34607,0.07440663861695836,0.015708643939006756,0.1274438708473043,0.0,Cluster 1
34610,0.10505261413538819,0.023269533515618526,0.0005678770861595735,0.0,Cluster 1
34618,0.09560894417804452,0.0274080375498357,0.010146202828926637,0.0,Cluster 1
34643,0.10715293812381549,0.022700615904106203,0.0,0.0,Cluster 1
34644,0.09237756387272343,0.03158010866867088,0.0,0.0,Cluster 1
34656,0.13379444672615715,0.02884707131804171,0.0878610058164022,0.0,Cluster 1
34662,0.08888774398681072,0.027375835369623458,0.06673842841765339,0.0,Cluster 1
34666,0.1263314212503276,0.026421687097807414,0.004655879776886553,0.0,Cluster 1
34681,0.09735528633106356,0.02426389174434187,0.007546420920327503,0.0,Cluster 1
34685,0.14223222559918458,0.029064910481704554,0.03552713770127707,0.0,Cluster 1
34686,0.11401902341487115,0.023980154355016537,0.0005326559042858314,0.0,Cluster 1
34699,0.09129784506662825,0.026586078427419207,0.10850599056515921,0.0,Cluster 1
34711,0.20892569002123143,0.010658174097664544,0.05142067395634324,0.0,Cluster 1
34717,0.08952370476584466,0.020818579572146768,0.013598682229929339,0.0,Cluster 1
34719,0.11171510536758003,0.023161429567269024,0.08278334433311334,0.0,Cluster 1
34728,0.09971484594161571,0.02591605018248703,0.05241420914638391,0.0,Cluster 1
34742,0.11479348455325386,0.01913350166102586,0.19423543379926722,0.0,Cluster 1
34748,0.19864643929888598,0.01685107030150945,0.0,0.0,Cluster 1
34752,0.10609580864007778,0.018050799596805903,0.03416211845562967,0.0,Cluster 1
34755,0.12501090492154687,0.023919166490110794,0.033741245669566086,0.0,Cluster 1
34759,0.19823538393998968,0.0232069121286735,0.02900609007534362,0.0,Cluster 1
34760,0.11041569698680727,0.022890803238285632,0.020472332118238516,0.0,Cluster 1
34778,0.10246344625733321,0.017681870113865388,0.06903204790899296,0.0,Cluster 1
34784,0.10196365271023694,0.02942145674878236,0.1911264711376798,0.0,Cluster 1
34786,0.0796643408940832,0.02386966656854399,0.38014630614435874,0.0,Cluster 1
34788,0.10172064890890331,0.024993817799441785,0.025883406647224147,0.0,Cluster 1
34803,0.12356235238797517,0.0299306423861584,0.002845503844457322,0.0,Cluster 1
34805,0.11303662051563154,0.028686933741361744,0.003252541473306025,0.0,Cluster 1
34811,0.09723942900555145,0.01757480940572264,0.022701427789243146,0.0,Cluster 1
34836,0.0908402655185246,0.01574781859412367,0.027352409001543076,7.044252850254126e-05,Cluster 0
34847,0.09073601270077977,0.026306364422736574,0.0035316929042980474,0.0,Cluster 1
34849,0.09521793347446568,0.02179914740596816,0.021075714198696475,0.0,Cluster 1
34857,0.1305411791179118,0.018545604560456046,0.0001436472024707319,0.0,Cluster 1
34860,0.08632238427957299,0.01835642002599336,0.0070132544074121735,0.0,Cluster 1
34876,0.1292998394943402,0.03325088048545788,0.0008877315499792863,0.0,Cluster 1
34885,0.09433234510578044,0.026215406230453295,0.06196217438958979,0.0,Cluster 1
34888,0.15051726019474787,0.025970988119615183,0.03811149555039571,0.0,Cluster 1
34890,0.10855349805078496,0.027462420538756013,0.02984621917558919,0.0,Cluster 1
34908,0.08319255412021642,0.029571285424151054,0.029572444784681386,0.0,Cluster 1
34918,0.11827432562620424,0.0331888246628131,0.002545436033192486,0.0,Cluster 1
34936,0.09873996988252448,0.024970598573976592,0.0,0.0,Cluster 1
34938,0.12667116897409922,0.03810077664803212,0.05242632176531569,0.0,Cluster 1
34953,0.09408189419155237,0.015978074212270457,0.13038897099618163,0.0,Cluster 1
34955,0.09846688886802492,0.020925265233311428,0.03800083431000576,0.0,Cluster 1
34966,0.09112695762864036,0.022275498285269316,0.0024777103615115986,0.0,Cluster 1
34967,0.1064298993405077,0.02010345071786707,0.031019579529417092,3.4003419351720795e-05,Cluster 0
34969,0.0987559064477105,0.02344750199189944,0.08527977805430326,0.0,Cluster 1
34973,0.10330307302322933,0.020950604592289482,0.05922300199354933,0.0,Cluster 1
34978,0.11191879258847412,0.03142576837042113,0.129185290018846,0.0,Cluster 1
34980,0.12064314045240167,0.02407093030674121,0.006294142835769304,0.0,Cluster 1
34998,0.12176063470763755,0.03087297239243815,0.045648554363338444,0.0,Cluster 1
35019,0.11595358984688159,0.025642048332608757,0.048328288387451845,0.0,Cluster 1
35020,0.10037993784344126,0.030399176778287528,0.018642526455026454,0.0,Cluster 1
35029,0.11694213933110724,0.03379832814841296,0.0451071579563563,0.0,Cluster 1
35031,0.09179052853964514,0.0220876100734758,0.0,0.0,Cluster 1
35033,0.1340638851400243,0.030993480902105835,0.0,0.0,Cluster 1
35056,0.08714570231636368,0.024591128945225506,0.014579228820714888,0.0,Cluster 1
35060,0.16507408639101356,0.033425710379484906,0.005103639700944621,0.0,Cluster 1
35084,0.1694971185731303,0.027534528830366053,0.02018139512797379,0.0,Cluster 1
35094,0.12745278750607436,0.022102317475744423,0.0,0.0,Cluster 1
35095,0.0902527125334853,0.020566520896051838,0.005382230701288729,0.0,Cluster 1
35101,0.1276811335406951,0.02773636541072993,0.0009757366811943016,0.0,Cluster 1
35103,0.1004591439022092,0.0273901609573493,0.0,0.0,Cluster 1
3510,0.0741566676348219,0.016748205455114688,0.04882093226718753,5.658050085059353e-06,Cluster 1
35118,0.08672258138713414,0.02778211331356329,0.046130529506488584,0.0,Cluster 1
3511,0.0852297967579742,0.02176667487217794,0.07369364584024965,1.5279227889683975e-05,Cluster 1
35131,0.08742661267240116,0.02441382578221613,0.10233556290042137,0.0,Cluster 1
35138,0.10415287069492858,0.03145967045024226,0.269050770980553,0.0,Cluster 1
35139,0.09435868154787572,0.02832009468778902,0.3630499642812119,0.0,Cluster 1
35141,0.1470139313939478,0.02249175241460814,0.004947816087439421,0.0,Cluster 1
35151,0.13022809082285194,0.02468480438974964,0.03125413414472814,0.0,Cluster 1
35154,0.11686009067144859,0.02026342707767689,0.01419957206769111,0.0,Cluster 1
35157,0.09981897050423649,0.029083337439345082,0.040704955346124665,0.0,Cluster 1
35161,0.0921787087896804,0.02448604162107832,0.05492184199408534,0.0,Cluster 1
35207,0.09015978484417023,0.02472611137478247,0.02078215476399368,0.0,Cluster 1
35212,0.09871600272597733,0.020986927699646864,0.0,0.0,Cluster 1
35214,0.09901295468460995,0.025736907756842113,0.003400670918273307,0.0,Cluster 1
35220,0.0934949344173786,0.027697938831898878,0.011931552800305719,0.0,Cluster 1
35221,0.12409017079807319,0.022232822267988114,0.012878787878787878,0.0,Cluster 1
35223,0.09030117257821242,0.022009439011336545,0.1889049332959762,0.0,Cluster 1
35229,0.1601293947620784,0.025710117914015965,0.16178145164691493,0.0,Cluster 1
35237,0.16082848305242486,0.040504777779404415,0.017842583188882228,0.0,Cluster 1
35241,0.1222199772064873,0.02083506661754044,0.1117354050286875,0.0,Cluster 1
35261,0.10534291312867407,0.029026779882429785,0.0,0.0,Cluster 1
35274,0.14002043782085263,0.025179234045297788,0.08227483676313092,0.0,Cluster 1
35276,0.08780078929906053,0.024647809895600906,0.01434927369692684,0.0,Cluster 1
35278,0.09266284898357043,0.043175796313846486,0.18381952371069835,0.0,Cluster 1
35292,0.10349751025364168,0.03215708143982091,0.0,0.0,Cluster 1
35295,0.08819541314609534,0.017825256768989075,0.02981035446427411,0.0,Cluster 1
352,0.11278578663388096,0.02966638849782455,0.04326461451567354,0.0,Cluster 1
35314,0.14862732723256547,0.02661197012727464,0.37119603680113233,0.0,Cluster 1
35320,0.13744281163740601,0.035445204079686314,0.02597145122918319,0.0,Cluster 1
35331,0.13627068003596948,0.021562351940128215,0.0,0.0,Cluster 1
35333,0.11158409207362736,0.023985113546548174,0.02892784770120285,0.0,Cluster 1
35361,0.10684161159226378,0.0247401603178079,0.00429676310512747,0.0,Cluster 1
35365,0.11395922454479189,0.030504281496425336,0.07436553470822349,0.0,Cluster 1
35366,0.11194622281755841,0.024457787086173546,0.015154013889652393,0.0,Cluster 1
35377,0.1534291740405828,0.027966738587602125,0.0,0.0,Cluster 1
35393,0.08877302390567227,0.01661299391708838,0.013307741522712732,0.0,Cluster 1
35394,0.3016157780081779,0.012395009377803148,0.0,0.0,Cluster 1
35406,0.09535737401170095,0.025196073454573142,0.1887674468899203,0.0,Cluster 1
35407,0.09286559470331028,0.030918797953007737,0.0075547680412371135,0.0,Cluster 1
35412,0.1053351785624569,0.025396564402607073,0.010718745663937839,0.0,Cluster 1
35417,0.09849051504441285,0.025153641625318083,0.04359588776377831,0.0,Cluster 1
35420,0.09061768348817946,0.029957149121569816,0.06873814981464188,0.0,Cluster 1
35427,0.14556754883589598,0.034833277716456605,0.04814071902484184,0.0,Cluster 1
35430,0.11173547612450356,0.02836981620024014,0.02459165454304986,0.0,Cluster 1
35439,0.12274585187350015,0.026841908117608802,0.00023474178403755868,0.0,Cluster 1
35441,0.0977038077145453,0.028434789791029983,0.16946487446107025,0.0,Cluster 1
35442,0.1233591978531755,0.03376255954733623,0.02715008431703204,0.0,Cluster 1
35450,0.09773919497688041,0.024965145086711,0.005336343578428857,0.0,Cluster 1
35455,0.08591119563975565,0.02370311628438363,0.04009074197207337,0.0,Cluster 1
35456,0.10182042579450787,0.02451047872214179,0.05118881118881119,0.0,Cluster 1
35477,0.08149395944404889,0.01849214756670082,0.12995453899701662,0.0,Cluster 1
35480,0.07837998620919658,0.018574770040606255,0.22844492999453755,0.0,Cluster 1
35497,0.09799201762847459,0.02085416685103408,0.09526174779493664,0.0,Cluster 1
35506,0.13383140550713668,0.023258345992523733,0.0,0.0,Cluster 1
35513,0.1308083913893814,0.03680408183904596,0.06788622448343372,0.0,Cluster 1
35518,0.13924628686188265,0.022965519465858144,0.14442724080756852,0.0,Cluster 1
35521,0.11115787592152657,0.02306960058695033,0.06362013032543964,0.0,Cluster 1
35530,0.09062509509942529,0.021650957308143752,0.07004076662597326,0.0,Cluster 1
35541,0.10684993371936385,0.021715707973840925,0.26095950642788346,0.0,Cluster 1
35543,0.09322367064757238,0.02494498487383677,0.024479930057342694,0.0,Cluster 1
35546,0.08933161270692572,0.03145306642013701,0.053255581838136785,0.0,Cluster 1
35558,0.10430764491451455,0.03155516763361914,0.029730261862571373,0.0,Cluster 1
35568,0.09350867356626888,0.022034757186211732,0.028790118116386095,0.0,Cluster 1
35583,0.09389476149421065,0.020764705388541662,0.029036107600305772,6.558319200161423e-05,Cluster 0
35585,0.10596795268550993,0.02670792930334915,0.10783448419085198,0.0,Cluster 1
35597,0.09424217722693926,0.024514033093944676,0.0,0.0,Cluster 1
3579,0.11551627309924317,0.01936726125210601,0.0035883782845236717,0.0,Cluster 1
3599,0.09141198378792859,0.028295815532917077,0.011009586578789695,0.0,Cluster 1
35,0.10823499844656274,0.0217807733940724,0.0009507354487197068,0.0,Cluster 1
3600,0.10659237870592542,0.02513318963764285,0.041968714231209465,0.0,Cluster 1
3601,0.1241747919615807,0.023377035733657903,0.023119539740038355,0.0,Cluster 1
3612,0.09998470996622567,0.02771583547923659,0.3284528964660994,0.0,Cluster 1
3614,0.10959606357572264,0.028691427159680476,0.02180977964796273,0.0,Cluster 1
363,0.09267138387963823,0.022947115222338485,0.012709671235502732,0.0,Cluster 1
3657,0.07318284672179479,0.025854982092095705,0.02100023702299123,0.0,Cluster 1
3661,0.11186377608377204,0.02962209812713079,2.3425787106446776e-05,0.0,Cluster 1
3664,0.09659274875488985,0.021646317213652785,0.08947315888410161,0.0,Cluster 1
3674,0.11852086727386042,0.03358007413157808,0.025812284359490026,0.0,Cluster 1
3677,0.11844271316123152,0.025799771206066448,0.11519434628975266,0.0,Cluster 1
3688,0.08155233398096946,0.026473372191501022,0.12852779474648748,0.0,Cluster 1
3691,0.10186561255192408,0.02179288837996857,0.008849292953451523,0.0,Cluster 1
3698,0.09014719949743721,0.024585599862937423,0.0,0.0,Cluster 1
3701,0.0829299346925901,0.022741898162804593,0.18308392792692746,0.0,Cluster 1
3702,0.08826460605185239,0.02068318047230447,0.0012272950417280314,0.0,Cluster 1
3705,0.10729401145722027,0.024938370102738593,0.02493884362564021,0.0,Cluster 1
3711,0.08597541306763198,0.020281710332962975,0.01730865432716358,0.0,Cluster 1
3713,0.11012690447620087,0.032214586136261714,0.0002641484514297035,0.0,Cluster 1
3719,0.08838285800379592,0.025897288094281906,0.05004654410053526,0.0,Cluster 1
3720,0.1028371762145876,0.0247677532744696,0.013072227873855544,0.0,Cluster 1
3722,0.08575518969219757,0.017210854943762094,0.01851270268930065,0.0,Cluster 1
3732,0.15242595765650502,0.02098186635080089,0.00025211143325349803,0.0,Cluster 1
3745,0.08946007680915685,0.021561786189412385,0.003460531238309016,0.0,Cluster 1
3747,0.10287425555144912,0.02874255551449118,0.2597594921087633,0.0,Cluster 1
3749,0.09710144927536232,0.026323910288201906,0.039441575392996996,0.0,Cluster 1
3759,0.14393898370038363,0.022389582908104822,0.10577340471711764,0.0,Cluster 1
3761,0.1288854598475239,0.028389847131592368,0.012073863636363636,0.0,Cluster 1
3762,0.10969909129974531,0.028020878095817044,0.001672001146515072,0.0,Cluster 1
3770,0.11191613445678814,0.024884166085260916,0.03516624040920716,0.0,Cluster 1
3775,0.09060370992744278,0.024841945975050045,0.03435592377597661,0.0,Cluster 1
3777,0.11256718267931468,0.030766026476833616,0.03816357537193315,0.0,Cluster 1
3787,0.08141260439054496,0.02045754987594,0.05104286338408764,0.0,Cluster 1
3799,0.09280924691050714,0.022172609614572913,0.04706137136003199,0.0,Cluster 1
3805,0.1297040403480574,0.03161891038075708,0.021578891144108537,0.0,Cluster 1
3807,0.12264564489968877,0.026126218273740814,0.011377851909215465,0.0,Cluster 1
3808,0.08903984648050725,0.020058226499624226,0.0539211669261657,0.0,Cluster 1
3809,0.08959482253910936,0.026793134930870294,0.1110305079711428,0.0,Cluster 1
3814,0.13775019450541812,0.019136642578637363,0.06727216498201409,0.0,Cluster 1
3818,0.09499510272191924,0.027968899261176072,0.20086558044806518,0.0,Cluster 1
3821,0.10851102276834117,0.026486614217008146,0.0,0.0,Cluster 1
3826,0.12779676817899316,0.021100062150403977,0.0,0.0,Cluster 1
3827,0.11597659294763661,0.017974103330735135,0.010332029290801485,0.0,Cluster 1
3830,0.11290571019914182,0.02484321707558587,0.02036640031183005,0.0,Cluster 1
3834,0.07861611454003443,0.02468824789016249,0.0858790856654561,0.0,Cluster 1
3837,0.1274740420839842,0.025176881374620968,0.019390182368629712,0.0,Cluster 1
3840,0.12183834841441829,0.02265884766174257,0.004463528054037541,0.0,Cluster 1
3842,0.08909533814768204,0.021141724415445526,0.0892380813812503,0.0,Cluster 1
3846,0.10264177581947025,0.03172768492624671,0.08147224426557835,0.0,Cluster 1
384,0.09986513489404697,0.026372977586152563,0.030016937254876707,0.0,Cluster 1
3850,0.11568660052836742,0.029189528718431893,0.07681251996167358,0.0,Cluster 1
3854,0.11576230683447507,0.042810259678190216,0.07753495541120775,0.0,Cluster 1
3863,0.11286987254201601,0.02706901325166543,0.003921628005572043,0.0,Cluster 1
3864,0.11940135078871067,0.029468422212204606,0.014702402082593775,0.0,Cluster 1
3869,0.0971537217040167,0.02466716379509587,0.013986265092688181,0.0,Cluster 1
3873,0.1655658419692631,0.024075630514985746,0.02427349566049857,0.0,Cluster 1
3887,0.10651272187706057,0.024022129628688108,0.02402825817159055,0.0,Cluster 1
3890,0.08400061263628975,0.022416181411189732,0.0758385201490177,0.0,Cluster 1
3896,0.10593871835703696,0.02360180660040635,0.01626279642348063,0.0,Cluster 1
389,0.11137580858315364,0.026935382903248244,0.02544886807181889,0.0,Cluster 1
3902,0.1533659708446321,0.027899612353722677,0.01036351410149915,0.0,Cluster 1
3919,0.1102168793076045,0.024100911731133233,0.13765076035658103,0.0,Cluster 1
3931,0.09177074198184906,0.02429295712822972,0.12239519879109786,0.0,Cluster 1
3934,0.10075308078502966,0.02777596661667862,0.07943698430674648,0.0,Cluster 1
3973,0.10138924432574965,0.02286676649867524,0.025734367678450564,0.0,Cluster 1
3977,0.09511360478043357,0.01921206225680934,0.0,0.0,Cluster 1
3985,0.13892312432598983,0.01783238329995378,0.0,0.0,Cluster 1
3999,0.12908504452794903,0.02480185622234878,0.0,0.0,Cluster 1
399,0.1412172406324453,0.03440700516723909,0.0,0.0,Cluster 1
39,0.10875883243606999,0.02950664535666218,0.006864280604056693,0.0,Cluster 1
4009,0.09123166844806502,0.025554774522044937,0.27260893274930953,0.0,Cluster 1
4016,0.10818043582327314,0.02255146085676242,0.048764049121958926,0.0,Cluster 1
4028,0.10201097008332433,0.025366252057685095,0.032087027495155795,0.0,Cluster 1
4029,0.09864279575205841,0.02974361573402429,0.09160387052577496,0.0,Cluster 1
402,0.12676712135739426,0.033643846358849316,0.07002875576927724,0.0,Cluster 1
4031,0.12128050617655921,0.021931304609822237,0.0,0.0,Cluster 1
4037,0.09849031088346433,0.027023913882497957,0.037804340892176366,0.0,Cluster 1
4042,0.09168396879569429,0.03172065602850626,0.2928054390474902,0.0,Cluster 1
4048,0.0875723360338786,0.024105433269508727,0.1077153576300916,0.0,Cluster 1
404,0.08750781139758501,0.034153446086237826,0.04664823773324119,0.0,Cluster 1
4050,0.14851240955123754,0.039571689300200726,0.037506387327542155,0.0,Cluster 1
4054,0.1047025297193607,0.030231206942664,0.02792213511847089,0.0,Cluster 1
4059,0.1654378862135095,0.022276338619828924,0.004011187164201075,0.0,Cluster 1
4061,0.12104462012219502,0.02916687126032029,0.13299721835883171,0.0,Cluster 1
4062,0.1354923464876875,0.024945991035665138,0.08721957032108887,0.0,Cluster 1
4067,0.149429352194181,0.01999678508278412,0.019076305220883535,0.0,Cluster 1
406,0.16968968048321056,0.02897140886298717,0.06775067750677506,0.0,Cluster 1
4071,0.10705524482386419,0.03029633990776175,0.0,0.0,Cluster 1
4076,0.14391009084151243,0.030351900616109564,0.1602171248467869,0.0,Cluster 1
4084,0.08358456235135785,0.028546580410695677,0.06783503356875055,0.0,Cluster 1
4086,0.13676651245900862,0.029229514465851522,0.006656273971246876,0.0,Cluster 1
4087,0.07894867613243645,0.03664183520886885,0.09624628061341269,0.0,Cluster 1
4091,0.08918668120565271,0.024454866134056532,0.05827056694108717,0.0,Cluster 1
4092,0.13983413590155164,0.04215266630996968,0.005356801224411708,0.0,Cluster 1
4094,0.11529324586448139,0.02435542575681625,0.0499054820415879,0.0,Cluster 1
4097,0.12602392911102944,0.02009065294622075,0.06266606182360183,0.0,Cluster 1
4098,0.10188434048083171,0.027766948234784494,0.0,0.0,Cluster 1
4111,0.10138662933676365,0.04120161931065794,0.07808564231738035,0.0,Cluster 1
4122,0.09374707698063792,0.03180245065943317,0.002993265153404839,0.0,Cluster 1
4123,0.15980806855319102,0.02983900055743188,0.09185418234046919,0.0,Cluster 1
4132,0.13484688394606847,0.026374251578120345,0.029266005893383337,0.0,Cluster 1
4144,0.09099533886070206,0.04182650662046777,0.21668177697189483,0.0,Cluster 1
4145,0.1087877150878063,0.025427076045661048,0.09760505364614708,0.0,Cluster 1
4146,0.11492337851412286,0.027635066664896606,0.05371479178298454,0.0,Cluster 1
4147,0.12310683905136575,0.03470546010072878,0.02284680565820457,0.0,Cluster 1
4148,0.12833851004975314,0.040132926748675926,0.010776813299985288,0.0,Cluster 1
414,0.18470698353376877,0.025829647325969204,0.011068018001536716,0.0,Cluster 1
4160,0.08995137138453518,0.027211255064516843,0.25158742405797596,0.0,Cluster 1
4170,0.11543912959242981,0.02741607099763092,0.05685599034243147,0.0,Cluster 1
4173,0.08963869846933985,0.027578880646070055,0.3918025273358214,0.0,Cluster 1
4178,0.11191050119981064,0.03008940085646347,0.0408619717214151,0.0,Cluster 1
4185,0.0989697825994895,0.029272264591859127,0.21717397646601186,0.0,Cluster 1
4187,0.10253822111831694,0.036168118846859575,0.056672760511883,0.0,Cluster 1
418,0.10723785855016041,0.025225489130691562,0.0487729655901661,0.0,Cluster 1
4190,0.1002539143395803,0.019844936327481622,0.0047462451466707195,0.0,Cluster 1
4193,0.08751184385067273,0.02452150843282168,0.010827197921177999,0.0,Cluster 1
4196,0.11658619397226448,0.02702265728920931,0.22547907211296017,0.0,Cluster 1
41,0.1318593671214876,0.019307225694073067,0.026396903752114766,0.0,Cluster 1
4208,0.10134887558553643,0.025696383052196767,0.0,0.0,Cluster 1
4209,0.15217757166632384,0.025917684238083664,0.06807569427377734,0.0,Cluster 1
420,0.09213622695777225,0.02647404889528043,0.2781128059595601,0.0,Cluster 1
4211,0.10253954860901844,0.029836403693807717,0.0955765504930666,0.0,Cluster 1
4214,0.09470790681458148,0.019650175460766056,0.028623063945430887,0.0,Cluster 1
4217,0.12825648284793542,0.02930458091136343,0.1841023834683574,0.0,Cluster 1
421,0.10703395600817076,0.02877897510287457,0.05320840824229014,0.0,Cluster 1
4222,0.20694315089756934,0.023302105589948684,0.0005294740557712672,0.0,Cluster 1
4228,0.09368396183075853,0.019409479307493406,0.010858143607705779,0.0,Cluster 1
4232,0.15776839740570311,0.02173991811297511,0.0,0.0,Cluster 1
4235,0.09144432696892427,0.024993262433401747,0.006891861255951031,0.0,Cluster 1
4236,0.10224264877918769,0.025630853052895423,0.002964938114378955,0.0,Cluster 1
4239,0.09022304758612659,0.023896193270310406,0.14279440421334258,0.0,Cluster 1
4255,0.08281344575960399,0.021870642646318494,0.014430964379944945,0.0,Cluster 1
4256,0.08718371393731077,0.018016445784522852,0.04024122250346313,0.0,Cluster 1
4288,0.11490917391845713,0.030976328495731936,0.0,0.0,Cluster 1
428,0.14462470803610883,0.03836037287208299,0.03542848828750182,0.0,Cluster 1
4290,0.09565880505511155,0.03317396052303715,0.025646404783133164,0.0,Cluster 1
4318,0.08481721633423299,0.02384635639523402,0.09614203020405523,0.0,Cluster 1
4319,0.09720358230527022,0.01990399008929954,0.001553269166943246,0.0,Cluster 1
4324,0.09729708972740495,0.02169864302480188,0.011124814997533301,0.0,Cluster 1
432,0.11442150864582026,0.04583059653576779,0.2052373581011352,0.0,Cluster 1
4360,0.09150256961266769,0.025826886263070354,0.05057283543332163,0.0,Cluster 1
4364,0.13408294504986715,0.019388501675074128,0.016316053991958644,0.0,Cluster 1
4365,0.0976071266593194,0.021255321211084397,0.0368766891256685,0.0,Cluster 1
4382,0.10554306306459053,0.02795038844464602,0.03699012034967001,0.0,Cluster 1
4398,0.09915058756576438,0.02752265806154759,0.004335348354399463,0.0,Cluster 1
4419,0.1172086944364592,0.02380806514700962,0.015988956496099927,0.0,Cluster 1
4432,0.14018275529099977,0.026596078201875206,0.07316127685586915,0.0,Cluster 1
4433,0.11067656610678403,0.021639851455924,0.04664416165677331,0.0,Cluster 1
4439,0.13138376113701317,0.018947019851658465,0.022902854638102023,0.0,Cluster 1
444,0.1086257049380673,0.02546369966774025,0.01582116226945783,0.0,Cluster 1
4457,0.09975498774938747,0.027695134756737835,0.0,0.0,Cluster 1
445,0.10069939510884418,0.024198939053182347,0.09548256298742704,0.0,Cluster 1
4464,0.1108878532954064,0.028441162823538906,0.05017647272859586,0.0,Cluster 1
4465,0.11630048194119198,0.02523517611234105,0.041824154376898445,0.0,Cluster 1
4476,0.09043279911610612,0.028880995093438513,0.051497635312664214,0.0,Cluster 1
4477,0.15974795211090106,0.01776937618147448,0.0,0.0,Cluster 1
4482,0.09336918423200653,0.028040524319393096,0.0,0.0,Cluster 1
4494,0.13967518651189098,0.020873171914137196,0.0,0.0,Cluster 1
4506,0.12404347002418195,0.02204527765835714,0.025310530372163617,0.0,Cluster 1
4511,0.14616427173696525,0.02848527694344737,0.012666345999679333,0.0,Cluster 1
4514,0.09974718284124723,0.029830933186167398,0.17465420560747663,0.0,Cluster 1
4519,0.11918887746386155,0.024317626640987557,0.0453150140931862,0.0,Cluster 1
4526,0.09732382893117116,0.035716981181179615,0.008824473205690448,0.0,Cluster 1
4539,0.13349573013726543,0.025219050441805755,0.008783736904183723,0.0,Cluster 1
4540,0.11891626490605853,0.028039843509237446,0.00320647972450629,0.0,Cluster 1
4549,0.08411214953271028,0.02245748130727176,0.07369476279498226,0.0,Cluster 1
4556,0.15061369597601879,0.022235626353741125,0.0,0.0,Cluster 1
4598,0.1520397197624145,0.021092793295623996,0.011725384910415868,0.0,Cluster 1
4611,0.1974527816838154,0.02676065935291239,0.01339607843137255,0.0,Cluster 1
4619,0.12940273454962592,0.02952672554130081,0.0024899619335662514,0.0,Cluster 1
4621,0.09593372850419081,0.02387507554437736,0.025198854597518295,0.0,Cluster 1
4624,0.09983517379882202,0.026135922548561848,0.00016904265509663606,0.0,Cluster 1
4636,0.09895584350232733,0.024071311755297163,0.027169372707130143,0.0,Cluster 1
4638,0.09382702099561444,0.028410816307794438,0.006774047869938281,0.0,Cluster 1
4649,0.08376213843180608,0.03178857456436848,0.25370300037979493,0.0,Cluster 1
4652,0.12363241097379428,0.028970438809990784,0.1393348623853211,0.0,Cluster 1
4654,0.1639780736100235,0.023335943617854345,0.124458158842113,0.0,Cluster 1
4660,0.09987897917296984,0.035709321056806194,0.0,0.0,Cluster 1
4664,0.07858102096193913,0.0261015656518207,0.020817216400590758,0.0,Cluster 1
4666,0.14149873536522178,0.026847127931320068,0.0035433867473387585,0.0,Cluster 1
4668,0.10510545119280858,0.022193318954872487,0.03258145363408521,0.0,Cluster 1
4673,0.1224226699060788,0.028110120988781632,0.02769568872942802,0.0,Cluster 1
4678,0.1108314281187043,0.020612535934988796,0.0,0.0,Cluster 1
4683,0.173132633886627,0.02319527090510492,0.0,0.0,Cluster 1
4690,0.1431055185870816,0.02615450042527643,0.2325845642863386,0.0,Cluster 1
4693,0.11732849646952127,0.03260996307572715,0.030697879858657243,0.0,Cluster 1
4697,0.11372097168358533,0.023446508323611823,0.027625294340491595,0.0,Cluster 1
4702,0.11518044534642607,0.02568415446575446,0.000636119262101656,0.0,Cluster 1
4705,0.13034692708543313,0.021847555773581353,0.00025325126885113186,0.0,Cluster 1
4707,0.09248023170010347,0.022374728229152034,0.0022675251887821677,0.0,Cluster 1
4722,0.11536212697887363,0.022295769209553753,0.0,0.0,Cluster 1
4728,0.1342305592136961,0.02553560530626666,0.0,0.0,Cluster 1
4735,0.10647381273587322,0.02481258218207278,0.054317027532745255,0.0,Cluster 1
4746,0.0821137616469096,0.01999555533874281,0.043302473719821113,0.0,Cluster 1
4752,0.08899697384321911,0.02988204979675812,0.029065200314218383,0.0,Cluster 1
4756,0.14697107149758137,0.03197429742024439,0.11313396915946163,0.0,Cluster 1
4766,0.09971812529924437,0.027996673662535145,0.08884476534296029,0.0,Cluster 1
4767,0.11940905218646305,0.028046018043822868,0.0701975404203559,0.0,Cluster 1
4769,0.13951392976849794,0.0299318828914331,0.03328166709721864,0.0,Cluster 1
4770,0.12450819527514599,0.04105577021471797,0.0046762080204052715,0.0,Cluster 1
4773,0.1854947410587172,0.02835984907948228,0.0029182595500043774,0.0,Cluster 1
4774,0.12714794914082034,0.02431239027504389,0.019246861924686193,0.0,Cluster 1
4778,0.09181667785949452,0.027042964079212462,0.002452947997502453,0.0,Cluster 1
4779,0.09616156497287892,0.029434056188517882,0.1514416630717392,0.0,Cluster 1
4789,0.0777318292977652,0.025629091800132453,0.02229216722729457,0.0,Cluster 1
4791,0.08671626016095232,0.027599651885316902,0.04243671922519066,0.0,Cluster 1
4792,0.2679526470764978,0.026837329487410612,0.058084772370486655,0.0,Cluster 1
4794,0.09280408830405727,0.019448409989034406,0.006688217590012262,0.0,Cluster 1
4796,0.09118773946360154,0.02243715540603682,0.13763066202090593,0.0,Cluster 1
4799,0.10768552910256254,0.022765694687818413,0.04888927102824146,0.0,Cluster 1
4801,0.10223913270900574,0.0303032651274163,0.012809337931557207,0.0,Cluster 1
4832,0.08909923277838172,0.023280339653262927,0.04386708439733053,0.0,Cluster 1
4857,0.10955839181683173,0.025249054361748614,0.021134675304501967,0.0,Cluster 1
485,0.09567316239728318,0.0227054260996387,0.0,0.0,Cluster 1
492,0.09680157413480459,0.023521998019470917,0.0,0.0,Cluster 1
4931,0.09172643600448291,0.016530031212722222,0.04636118272151822,0.0,Cluster 1
4945,0.12014758774649634,0.03927995606031077,0.04899539170506913,0.0,Cluster 1
4952,0.10216102393913812,0.021631803268436844,0.08849417426545086,0.0,Cluster 1
4958,0.11141160646540822,0.0305106568873152,0.041196956017025665,0.0,Cluster 1
4960,0.09525670287120008,0.027477553485315404,0.020837217975013984,0.0,Cluster 1
496,0.09226396885873399,0.024660388439483774,0.02888398426254678,0.0,Cluster 1
4972,0.0984132572543222,0.01879030366249331,0.01781688376753507,0.0,Cluster 1
4977,0.10119756634238987,0.023993167146273756,0.07428872133050356,0.0,Cluster 1
4988,0.10045262660672073,0.02551449107300539,0.08825714550485193,0.0,Cluster 1
4993,0.11755794771424577,0.024097301831399413,0.07271801848513246,0.0,Cluster 1
49,0.1368228212509814,0.023122219314315625,0.0,0.0,Cluster 1
5005,0.12081441108886892,0.020915368274002196,0.005532635851097434,0.0,Cluster 1
5006,0.1063341977738319,0.025963276643672817,0.027969391986128387,0.0,Cluster 1
5015,0.13576899957760666,0.030696624102414142,0.03547870828783822,0.0,Cluster 1
5018,0.07696224616071247,0.024427403485281884,0.10767851965100034,0.0,Cluster 1
5019,0.08658776172309171,0.02178377241731503,0.08741959880933382,0.0,Cluster 1
501,0.11731781861030305,0.03524567023848977,0.04959196484620213,0.0,Cluster 1
5033,0.08311874688298337,0.028417740568253032,0.12286256570833808,0.0,Cluster 1
5058,0.11214181137672778,0.024838317968897104,0.04812733440701778,0.0,Cluster 1
505,0.17174124025300358,0.03817141327264817,0.002961923691492264,0.0,Cluster 1
5062,0.08867078899434379,0.02287652190585754,0.19261021163878153,0.0,Cluster 1
5072,0.09628748020314798,0.023115481374428922,0.0027795036133546973,0.0,Cluster 1
5076,0.09718712533431707,0.02811030157705432,0.033972290757259445,0.0,Cluster 1
5087,0.07784189084222373,0.024103165670624416,0.037776193870277974,0.0,Cluster 1
5093,0.11347594539276275,0.01653220197523995,0.10084143981647681,0.0,Cluster 1
5095,0.08943053741728033,0.03298910240230024,0.37678242729169226,0.0,Cluster 1
5097,0.098912211117438,0.018257443368873007,0.018560794044665013,0.0,Cluster 1
50,0.09866822744649917,0.03182411497744766,0.0003295513393908008,0.0,Cluster 1
5105,0.15138642044879852,0.03707717427427861,0.01985301135821323,0.0,Cluster 1
5107,0.1301149085898477,0.027287714377106864,0.028555219364599094,0.0,Cluster 1
5110,0.0985811409991132,0.03100798108187999,0.0,0.0,Cluster 1
5113,0.09922513990529487,0.02729735889189942,0.14712262345285185,0.0,Cluster 1
5115,0.08632508890784159,0.028410279516598812,0.03728213253798117,0.0,Cluster 1
5116,0.08054826651029832,0.028674045297954996,0.05674662395806792,0.0,Cluster 1
5117,0.07235951024801543,0.01600215275597614,0.0,0.0,Cluster 1
5123,0.08128669617085657,0.02832007932688973,0.03263447235097553,0.0,Cluster 1
5131,0.0912646167509329,0.027702686911337378,0.0036705078958600085,0.0,Cluster 1
5136,0.10174830504168948,0.02234353036812067,0.01478584110075455,0.0,Cluster 1
5141,0.09869167359903198,0.029375222826028242,0.003284072249589491,0.0,Cluster 1
5146,0.2324761166461527,0.01581816364092285,0.03229441318989138,0.0,Cluster 1
5150,0.07202142225345627,0.02428178502623257,0.0,0.0,Cluster 1
5162,0.08704261601691872,0.025891823949563065,0.0756403644490287,0.0,Cluster 1
5170,0.09736808600724228,0.02503930549921685,0.0377603770716132,0.0,Cluster 1
5175,0.08882707270141386,0.015906048690705263,0.0588650812338121,0.0,Cluster 1
5180,0.09593887894879156,0.022546441988505285,0.1434396737826817,0.0,Cluster 1
5186,0.11132333218457144,0.027013897250860532,0.0,0.0,Cluster 1
5193,0.10132247250555249,0.02812025508654722,0.03394372487717731,0.0,Cluster 1
5196,0.21810960306050342,0.023806622968395915,0.0034633001899229137,0.0,Cluster 1
5197,0.12440831446799754,0.0249576519385122,0.051981930393841067,0.0,Cluster 1
5198,0.10197508759905162,0.029003853658877754,0.0640924522478653,0.0,Cluster 1
51,0.17389592362116615,0.031879340980852953,0.0010175126830806271,0.0,Cluster 1
5214,0.15300391403669591,0.03038834810191046,0.002852931387000143,0.0,Cluster 1
5219,0.1049838106222312,0.026439873447013804,0.10726692412139166,0.0,Cluster 1
5221,0.08637523460070433,0.025136542881845594,0.0406494140625,0.0,Cluster 1
5223,0.11704732683367114,0.02883724407913886,0.035658879357546996,0.0,Cluster 1
5229,0.09769707705934455,0.022113188196354484,0.17204275421100348,0.0,Cluster 1
5232,0.08371309976488346,0.02539839191895736,0.0024271844660194173,0.0,Cluster 1
5247,0.09321612815328569,0.026950474781728632,0.11375583394743306,0.0,Cluster 1
5249,0.09079991610454456,0.027885090289101033,0.007376774337766849,0.0,Cluster 1
5252,0.13825026089014641,0.02639024862561995,0.03548500058363488,0.0,Cluster 1
5269,0.11827595302453556,0.031699726791163424,0.006260741468205254,0.0,Cluster 1
526,0.11741135315630466,0.03587215773572905,0.0,0.0,Cluster 1
5270,0.08432959109886572,0.03370122295589019,0.0,0.0,Cluster 1
5278,0.13533872428950106,0.026222192396738585,0.04016362960208256,0.0,Cluster 1
5280,0.10402094319212599,0.02231718813765622,0.0006167551824567415,0.0,Cluster 1
5285,0.08410082768507586,0.02005145016410603,0.01007699539270758,0.0,Cluster 1
5286,0.13141431071947643,0.03043005256800861,0.07841731308258915,0.0,Cluster 1
5295,0.0966603477147448,0.023381311001218017,0.019187483856684256,0.0,Cluster 1
5296,0.08113117087462778,0.020029423936520126,0.030812500694112812,0.0,Cluster 1
5297,0.10228115377364419,0.02445799032237793,0.0009093143278446793,0.0,Cluster 1
529,0.08645337317025095,0.031418256512402355,0.0015599688006239876,0.0,Cluster 1
52,0.2012153974015642,0.015442863535946923,0.0018710394859936808,0.0,Cluster 1
5304,0.09342279509137459,0.025351723700801125,0.03359114897576436,0.0,Cluster 1
5306,0.09969979115906717,0.02536257106392853,0.03144955996799767,0.0,Cluster 1
5317,0.08903397041759473,0.02118649719247236,0.0009362594562205078,0.0,Cluster 1
5335,0.1044591298201632,0.025385882252246406,0.13904160279114025,0.0,Cluster 1
5336,0.09061468099189625,0.025522892070888197,0.07304692336263464,0.0,Cluster 1
5337,0.28930864258577066,0.035398862159808586,0.017898684897687887,0.0,Cluster 1
5357,0.09231503405847541,0.023611444620402256,0.015178953607059367,0.0,Cluster 1
5364,0.10337534232839712,0.021727277854721155,0.00121245188081598,0.0,Cluster 1
5369,0.16030260209697944,0.026715799170888992,0.0,0.0,Cluster 1
5377,0.09633546363566972,0.02526524692771544,7.203054094936253e-05,0.0,Cluster 1
5380,0.15272278126929922,0.0221237330620845,0.008325404376784015,0.0,Cluster 1
5384,0.08488964346349745,0.022744869297724818,0.009284253578732107,0.0,Cluster 1
5394,0.11326934023689403,0.025701207863197212,0.04534398090779751,0.0,Cluster 1
5396,0.10450329121118425,0.025301089451135322,0.027991250886734452,0.0,Cluster 1
5401,0.12451163447507571,0.025771578303233802,0.0,0.0,Cluster 1
5405,0.13512588080520463,0.021427670349078196,6.668444918644971e-05,0.0,Cluster 1
5408,0.13323225483557571,0.02944033915270704,0.0,0.0,Cluster 1
5410,0.13094525269852572,0.03247670987544436,0.02842489031699932,0.0,Cluster 1
5415,0.08418442429950554,0.02254875990895534,0.036576056871485595,0.0,Cluster 1
5422,0.15643386775738752,0.013582974255779872,0.0,0.0,Cluster 1
5424,0.13158164737567732,0.028013081535156626,0.014595872219108652,0.0,Cluster 1
5425,0.11041865004760114,0.023272558541404992,0.2507607593102449,0.0,Cluster 1
5432,0.1302061628220528,0.021878753707743975,0.006934638677084314,0.0,Cluster 1
5434,0.10645005423195056,0.021446117769495628,0.09027425088877603,0.0,Cluster 1
5438,0.1058442733786906,0.023647533565443298,0.06367568655064883,0.0,Cluster 1
5439,0.19695660740538656,0.02750370067243618,0.05378991919969219,0.0,Cluster 1
5442,0.09092833130077366,0.035534305090432775,0.030485814445280233,0.0,Cluster 1
5452,0.11083329738782023,0.04505047291153863,0.049375672529172805,0.0,Cluster 1
5460,0.11459942547079477,0.02954356846473029,0.0,0.0,Cluster 1
5469,0.10824492282534198,0.02141090745854693,0.04239641574406635,0.0,Cluster 1
5472,0.12113254640944308,0.0245673415555377,0.030088391968623777,0.0,Cluster 1
5473,0.11746871935441947,0.02165010574571405,0.012210577135845186,0.0,Cluster 1
5478,0.0948692334146701,0.023827849925486793,0.06128085620576558,0.0,Cluster 1
5486,0.11295254506445018,0.019725727704289358,0.01878926114268621,0.0,Cluster 1
5495,0.10552284566741008,0.023793644212917065,0.013976240391334731,0.0,Cluster 1
5496,0.09092278942071157,0.02256253010067685,0.12145252991412327,0.0,Cluster 1
54,0.15145254437076186,0.025958282069337296,0.000698252665281515,0.0,Cluster 1
5510,0.08809297314216875,0.024692982252679484,0.01182890240475694,1.2490829601737598e-05,Cluster 1
55130,0.1830535586410855,0.0304128265458908,0.019625873841651764,0.0,Cluster 1
5518,0.12881258512326474,0.01785558096237708,0.0,0.0,Cluster 1
5531,0.07983928314348909,0.027885508871273824,0.14687721982405333,0.0,Cluster 1
5536,0.15995843452490852,0.027815256138955562,0.0009322698551282241,0.0,Cluster 1
5538,0.11440504157810344,0.019709719788028324,0.0,0.0,Cluster 1
5544,0.09755367164214507,0.030319854301032626,0.05517141815087229,0.0,Cluster 1
5548,0.1349892962438017,0.032691668734517405,0.026701146560319043,0.0,Cluster 1
5551,0.08099486713899445,0.019278531585039203,0.004426012236334382,0.0,Cluster 1
5557,0.11328860131536073,0.03702693896008033,0.07754167644987087,0.0,Cluster 1
5559,0.09622602953355058,0.0277482012067241,0.0,0.0,Cluster 1
5564,0.11684449236031079,0.030447228521506376,0.06822417162856234,0.0,Cluster 1
5568,0.13084527115556532,0.03787594972338346,0.018285108316921678,0.0,Cluster 1
5569,0.15276961385205687,0.02382225320411521,0.045108275328692965,0.0,Cluster 1
5574,0.11669081849016225,0.03490596582944733,0.07566490711602883,0.0,Cluster 1
5575,0.10321037208172452,0.030463736356098024,0.3426718573102667,0.0,Cluster 1
5589,0.08681479510377861,0.024095263437998934,0.0062835249042145595,0.0,Cluster 1
5590,0.21725459928638308,0.03571880456512387,0.00011647884452986227,0.0,Cluster 1
5595,0.09782844066373846,0.02713179330754445,0.07025741924905722,0.0,Cluster 1
5598,0.12348239038277453,0.025784134561593258,0.03914807506443299,0.0,Cluster 1
5602,0.08691327997586659,0.020546395542860377,0.011171972449699008,0.0,Cluster 1
5605,0.21118089929703424,0.028451395532631756,0.0,0.0,Cluster 1
5615,0.12925633960986593,0.03116475966871358,0.012659642995938055,0.0,Cluster 1
5619,0.10759292866479689,0.029150855997055726,0.00754895022410946,0.0,Cluster 1
5623,0.10502617189780311,0.018871008542351773,0.007966798829065846,0.0,Cluster 1
5624,0.1019593510791659,0.03094353414143875,0.13019754659869365,0.0,Cluster 1
5632,0.16742909423604757,0.020472229450128842,0.005614879430490801,0.0,Cluster 1
5633,0.15475625235731444,0.023336807177086485,0.004927079076907801,0.0,Cluster 1
5634,0.1611036032368888,0.03460768191217416,0.00955076052352317,0.0,Cluster 1
5635,0.11439445697817492,0.03264504311439446,0.04097621059566606,0.0,Cluster 1
5673,0.0789497390645383,0.02166290397891336,0.023273639467632917,0.0,Cluster 1
5685,0.13222433050867102,0.03361944215402854,0.013573924041122478,0.0,Cluster 1
5686,0.08321544572831906,0.028055363791718066,0.13640690874473005,0.0,Cluster 1
5694,0.11106222343421347,0.032034878146143024,0.04702539861373044,0.0,Cluster 1
5699,0.11001712328767123,0.028844585779517287,0.0021308134148601073,0.0,Cluster 1
57022,0.11189711219521428,0.029190345277921047,0.004292117726657645,0.0,Cluster 1
57025,0.12419142439546764,0.03482482670795769,0.021498485201584712,0.0,Cluster 1
57033,0.16686318056103447,0.026275469617353667,0.011572320472296962,0.0,Cluster 1
57038,0.09235906636754637,0.025654538244600168,0.03298276460492862,0.0,Cluster 1
57044,0.10912560988373327,0.03174481579004508,0.034876000169908716,0.0,Cluster 1
5704,0.08935462861253414,0.03394542679666767,0.08119379170293009,0.0,Cluster 1
57056,0.17542584266697167,0.04335434685061193,0.1299541712902882,0.0,Cluster 1
57058,0.134236166389166,0.029751083642986995,0.0003107359262520068,0.0,Cluster 1
57061,0.10309814590178736,0.027005727565725682,0.006349357448833888,0.0,Cluster 1
57069,0.11111709050173799,0.025175309021619158,0.0008994227880129675,0.0,Cluster 1
57071,0.08836694336878866,0.028194605869316543,0.05278511943350122,0.0,Cluster 1
57073,0.10720517368881499,0.02883374497928881,0.0001127141568981064,0.0,Cluster 1
57074,0.1310535670662365,0.028721011532208473,0.01934758155230596,0.0,Cluster 1
57077,0.10284798848721613,0.022944594242735296,0.01784889257663332,0.0,Cluster 1
57082,0.09127444758512412,0.019629737110319564,0.018078971788624002,0.0,Cluster 1
57083,0.19239741845436886,0.0276168353516456,0.1730823682899467,0.0,Cluster 1
57092,0.0968797910310375,0.025014706465053476,0.0,0.0,Cluster 1
57095,0.09961142570355176,0.02852907652247411,0.06460933543832474,0.0,Cluster 1
57097,0.0907820003259902,0.027159282033462358,0.10863496009549459,0.0,Cluster 1
5709,0.11287092898575064,0.025081710956373456,0.03994506123383312,0.0,Cluster 1
57101,0.10668756384601391,0.03269335721582402,0.11722193074501575,0.0,Cluster 1
57103,0.0964127593345321,0.022065156620680277,0.010052329580579718,0.0,Cluster 1
57123,0.17461296040170188,0.02923262665060508,0.0,0.0,Cluster 1
57124,0.0844664163847898,0.03284392075233245,0.030822038373525786,0.0,Cluster 1
57127,0.1158571473155305,0.02310658469177928,0.08738140133488971,0.0,Cluster 1
57129,0.10967428032707315,0.03181939103162454,0.025351872932114855,0.0,Cluster 1
57134,0.10984722734145111,0.015422102041422756,0.0021623074166965245,0.0,Cluster 1
57137,0.08803490815286359,0.02238968982088248,0.0,0.0,Cluster 1
57141,0.13988061718662012,0.038619213875436424,0.06239935587761675,0.0,Cluster 1
5716,0.09690745971135584,0.03376572082179689,0.1411866075824717,0.0,Cluster 1
57176,0.1243858274292802,0.023906750611729206,0.06114460413154662,0.0,Cluster 1
57184,0.11704099396008276,0.021292625786300912,0.12715885524678558,0.0,Cluster 1
57192,0.10707027489571078,0.02430072735051877,0.06043956043956044,0.0,Cluster 1
57197,0.11743609240892476,0.02575562986535424,0.06849699194452942,0.0,Cluster 1
57228,0.09208427352628445,0.017486042597839577,0.0030286932043696226,0.0,Cluster 1
5722,0.10985881311653271,0.02534654313409185,0.008251575596127606,0.0,Cluster 1
57230,0.10709511169666557,0.03759711700540561,0.005698778833107192,0.0,Cluster 1
57244,0.16271572002512483,0.02177652996467138,0.0213455984692258,0.0,Cluster 1
57250,0.08697145795834405,0.019147338647467215,0.011684287707845502,0.0,Cluster 1
57265,0.12124898104009861,0.023696108181943624,0.0753120068856692,0.0,Cluster 1
57269,0.11696202416035462,0.02585380184612387,0.010157800553115342,0.0,Cluster 1
57273,0.10875990238945463,0.02669977601099192,0.012370048690617187,0.0,Cluster 1
57280,0.08669255824193194,0.026957532924261497,0.0,0.0,Cluster 1
57295,0.1368005972895394,0.01737544752355513,0.0011074970566519666,0.0,Cluster 1
57298,0.12844305263671468,0.03343169550973352,0.012084974676420935,0.0,Cluster 1
57301,0.10931001594796586,0.02012648925857594,0.003003754693366708,0.0,Cluster 1
5730,0.15173874427819908,0.02846667122133406,0.06663665015758667,0.0,Cluster 1
57312,0.15311760805466337,0.03291840468005662,0.0,0.0,Cluster 1
57335,0.1300323314957571,0.029274933298229954,0.25135802469135804,0.0,Cluster 1
57336,0.08385756567457764,0.028255234663676305,0.2945019291476675,0.0,Cluster 1
57348,0.081594708351392,0.023174523760351614,0.3552147501711157,0.0,Cluster 1
57359,0.08797117164391732,0.016697652776553593,0.00177086003215509,0.0,Cluster 1
57363,0.21147248977437658,0.04007784668162027,0.13414443924504757,0.0,Cluster 1
57368,0.10642966687928486,0.023037824931310937,0.04935612975501876,0.0,Cluster 1
57369,0.09884494928348964,0.02235438572894453,0.004791829747386441,0.0,Cluster 1
57373,0.10241683278160109,0.02257451733659536,0.07669841546609708,0.0,Cluster 1
57391,0.10354232524000567,0.023604380572677303,0.08691799581118093,0.0,Cluster 1
57396,0.1271518381728267,0.03452330915822326,0.0,0.0,Cluster 1
57408,0.11531190926275993,0.029549298577255995,0.006902502157031924,0.0,Cluster 1
57414,0.09251694881915577,0.029391612793244076,0.009177562807838135,0.0,Cluster 1
57415,0.08521242213352065,0.020426354521670225,0.007745506927213352,0.0,Cluster 1
57416,0.10436937223395962,0.024029074190532046,0.03380574110850334,0.0,Cluster 1
57417,0.0873274956581424,0.025460444897407366,0.031081974241260427,0.0,Cluster 1
57420,0.12429602392197885,0.02333026912226202,0.05959110808857908,0.0,Cluster 1
57425,0.08538635347034715,0.033631185280896835,0.1417786552397191,0.0,Cluster 1
57429,0.10264731290351914,0.02383604619441666,0.1395825258845025,0.0,Cluster 1
57444,0.15409925599500962,0.028175273546994933,0.2010632568321201,0.0,Cluster 1
5744,0.09387722155444193,0.022302327974082877,0.009725520246278863,0.0,Cluster 1
57450,0.12962749679160224,0.011546118661357728,0.0012692771466649743,0.0,Cluster 1
57451,0.10744224123621109,0.025343496763094754,0.023824154216190593,0.0,Cluster 1
57463,0.1125031933759791,0.02297476021055017,0.021565807700034894,0.0,Cluster 1
57465,0.10198687061924001,0.03080947882776788,0.004091798612346558,0.0,Cluster 1
57468,0.07581076125111333,0.021061455440875988,0.0,0.0,Cluster 1
57483,0.09306236694644714,0.018536898060718857,0.013766449782300278,0.0,Cluster 1
57491,0.09553521713948354,0.02368514565035521,0.207825679475164,0.0,Cluster 1
57495,0.1092576548081616,0.025829420644619405,0.0,0.0,Cluster 1
57497,0.09637186426290058,0.024271867885363403,0.16528251572683883,0.0,Cluster 1
5749,0.11362740047473385,0.02365227100746609,0.12681471840342742,0.0,Cluster 1
57505,0.08956777182794662,0.025066873257513164,0.0,0.0,Cluster 1
57510,0.11628755057793959,0.02700631664390456,0.010032199417343877,0.0,Cluster 1
57512,0.08381497059943113,0.023202505454143846,0.165690786746776,1.0791017953060614e-06,Cluster 1
57522,0.08817328513745241,0.016611499520262685,0.0,0.0,Cluster 1
5753,0.07792611623414028,0.024794441640796645,0.0732648655720547,0.0,Cluster 1
57540,0.11643157028162582,0.024493530174872522,0.059048653050145894,0.0,Cluster 1
57543,0.11615592930444697,0.027284064994298744,0.005230382232038776,0.0,Cluster 1
57548,0.09625193598347961,0.018261917053863364,0.10198097690052206,0.0,Cluster 1
57554,0.09724617355570542,0.03513398097220505,0.10277637799054544,0.0,Cluster 1
57565,0.08653783922166577,0.014745836261903403,0.019266260032411654,0.0,Cluster 1
57569,0.10747474125500941,0.0255897128020402,0.07319169252804965,0.0,Cluster 1
57571,0.14630168713611832,0.04035102630572436,0.09818089393994409,0.0,Cluster 1
57576,0.09074514702915792,0.026508753211212082,0.017167956718536572,0.0,Cluster 1
57579,0.10484262480783235,0.032441945141192655,0.02716573413081227,0.0,Cluster 1
57585,0.09677422832452198,0.0281912737496658,0.13059364799982176,0.0,Cluster 1
57587,0.08110490481153107,0.027917190160473632,0.07591349328637464,0.0,Cluster 1
57591,0.1125589056040888,0.0357678105210263,0.04494083025483689,0.0,Cluster 1
57598,0.08799786337672631,0.023713933712986017,0.1557176424515371,0.0,Cluster 1
57603,0.0977641807751807,0.030833585029440325,0.1041878903308677,0.0,Cluster 1
57607,0.08299908990192882,0.01756597438437042,0.07195302668126205,0.0,Cluster 1
57610,0.10697058024537265,0.027490620480025846,0.02627063385840283,0.0,Cluster 1
57614,0.10451284644518527,0.02623172024524884,0.041814733045181754,0.0,Cluster 1
57624,0.07806412260302695,0.021802447485799244,0.07344825902231772,0.0,Cluster 1
57626,0.12025707041070202,0.0295505381978654,0.034445504798602734,0.0,Cluster 1
57632,0.08018734151875083,0.022641965834779128,0.0281895251469288,0.0,Cluster 1
57633,0.10898427614544284,0.03061682438724589,0.0525465412222254,0.0,Cluster 1
57640,0.10924335378323108,0.03586912065439673,0.00177836016473231,0.0,Cluster 1
57644,0.10206994766070293,0.02468897547406493,0.0015647411657321686,0.0,Cluster 1
57656,0.09564478505360806,0.02673637608447396,0.009563150746944318,0.0,Cluster 1
57665,0.10760727845169392,0.023432740574799556,0.0828436445707403,0.0,Cluster 1
57672,0.09950742088149125,0.02082515051028621,0.09644752167723566,0.0,Cluster 1
57684,0.08782374291834212,0.020625590720721225,0.006622727417454707,0.0,Cluster 1
57686,0.15751776971419115,0.0321267552764245,0.15682054041588192,0.0,Cluster 1
5768,0.1074668309958497,0.02709649637312624,0.038412115015268124,0.0,Cluster 1
57694,0.07622801875732708,0.022359320046893318,0.04436925679572456,0.0,Cluster 1
57701,0.09906311694263176,0.026426188418703433,0.03686660127315516,0.0,Cluster 1
57703,0.09490954977280545,0.029567598693275004,0.3329095041198202,0.0,Cluster 1
57706,0.10700506119158897,0.03299075344323792,0.03339152101637705,0.0,Cluster 1
57716,0.10970565116815863,0.028072769282340346,0.048652839697615816,0.0,Cluster 1
57740,0.12802177724586228,0.025412932921657565,0.0031816277364617156,0.0,Cluster 1
57741,0.1629527931641285,0.02128641953036254,0.001679426555580575,0.0,Cluster 1
57742,0.13437263278667352,0.025839186699154203,0.08203829342388673,0.0,Cluster 1
57754,0.10133466141697754,0.0249992952386322,0.027095864835959667,0.0,Cluster 1
57756,0.11030407129764012,0.024508563794610957,0.057104919022231165,0.0,Cluster 1
57784,0.08153739730716568,0.028918016887266088,0.03135522805790003,0.0,Cluster 1
57785,0.09330467232612444,0.029466643388691267,0.09338089112384516,0.0,Cluster 1
5779,0.09421266386453557,0.02289709106720489,0.04893456842656541,0.0,Cluster 1
57803,0.09869009212111789,0.027253191477547213,0.07697068587182805,3.886966999650173e-05,Cluster 0
57807,0.10528093620276205,0.028929715001968104,0.2542226818338504,0.0,Cluster 1
57813,0.11209999237053966,0.030334070847832073,0.02134106646150204,0.0,Cluster 1
57815,0.11300426667669816,0.021379009425573206,0.07004062260528506,0.0,Cluster 1
57825,0.08807699251969493,0.018962447634436372,0.000942792395384642,0.0,Cluster 1
57833,0.18673345402429456,0.015880114455788453,0.03034047119525653,0.0,Cluster 1
57841,0.10415071140227233,0.04135604531010466,0.030510569597901216,0.0,Cluster 1
57857,0.08601144737801812,0.028586454831737874,0.007051787494235089,0.0,Cluster 1
57867,0.11815863053630388,0.032953835628662366,0.037886654709084616,0.0,Cluster 1
57869,0.09507611509312301,0.02201060969949568,0.005274883690452788,0.0,Cluster 1
5786,0.14188983797914703,0.02631698939112989,0.10015532108617642,0.0,Cluster 1
57872,0.10110276774168485,0.02190550717881265,0.22868748970741615,0.0,Cluster 1
57873,0.13360864626653546,0.023237172545688307,0.09708608261184637,0.0,Cluster 1
57874,0.08985062134710321,0.029171158902192212,0.02874810867706072,0.0,Cluster 1
57882,0.12258092139064908,0.027632085973625622,0.003318197694725812,0.0,Cluster 1
57884,0.09403760113127942,0.017177828778079142,0.025637865154690003,0.0,Cluster 1
57890,0.10798710341549553,0.012107912695064971,0.04665489561189355,0.0,Cluster 1
57892,0.07648940529536953,0.02427264675946121,0.13687030156398514,0.0,Cluster 1
57897,0.10222070404598094,0.02571204734729643,0.15092078021139807,0.0,Cluster 1
57899,0.09029430781388444,0.024813812591297685,0.11976873707102317,0.0,Cluster 1
57901,0.13828083854982204,0.03397816320687693,0.0057256786462859775,0.0,Cluster 1
57903,0.09199394841391864,0.019761817881152208,0.21020370568450578,0.0,Cluster 1
57910,0.11488786239591564,0.026727648453169633,0.0,0.0,Cluster 1
57915,0.1085258427526803,0.024917792900466012,0.009193288899103653,0.0,Cluster 1
57919,0.10208011339832396,0.01835565437059727,0.02822138382717784,0.0,Cluster 1
5791,0.11338206332932577,0.014257580563074858,0.03669008587041374,0.0,Cluster 1
57922,0.09880472217617917,0.032410630421570254,0.00585296749179839,0.0,Cluster 1
57923,0.10867370403328734,0.026523470134733187,0.0007637602043371563,0.0,Cluster 1
5792,0.11645489973207762,0.020885767638223595,0.0,0.0,Cluster 1
57931,0.08173497868264842,0.02016303396123923,0.021555681867867604,0.0,Cluster 1
57933,0.10178444525332363,0.02743400412528383,0.03563370088126357,0.0,Cluster 1
57944,0.08804417794950271,0.021987235118379418,0.1300256741082483,0.0,Cluster 1
57952,0.10377976627059801,0.028996137108209866,0.0,0.0,Cluster 1
57953,0.08419644777665904,0.024109454210366414,0.031710371975585995,0.0,Cluster 1
57957,0.0937519134606491,0.020029030034470745,0.09380963122125846,0.0,Cluster 1
57967,0.08085180939136961,0.02503666240375688,0.0,0.0,Cluster 1
57968,0.08875120799373912,0.021723452632049233,0.2479399356453343,0.0,Cluster 1
5796,0.09580302817434157,0.026058834336600705,0.015228855861699428,0.0,Cluster 1
57974,0.13364848403571708,0.040310233457382015,0.0,0.0,Cluster 1
57990,0.11033135414671519,0.02912085807316606,0.14523296993264356,0.0,Cluster 1
57993,0.10415352067313705,0.02222108223136376,0.09153238356822638,0.0,Cluster 1
57997,0.09886483268650055,0.02737261218866904,0.003915007781030864,0.0,Cluster 1
5800,0.101439630306078,0.023105870124820304,0.008772091480382582,0.0,Cluster 1
58010,0.1164852908796114,0.0410614320124372,0.023943177912704776,0.0,Cluster 1
58013,0.11575952102152336,0.023244082469053195,0.0812623244471874,0.0,Cluster 1
58018,0.09239726446952168,0.024359736880064653,0.17270987264892376,0.0,Cluster 1
58025,0.19666813861552696,0.029007906468163848,0.0,0.0,Cluster 1
58029,0.09542855264887604,0.02460726962008676,0.0,0.0,Cluster 1
58030,0.09007462975312323,0.03667987500256049,0.009197493430361836,0.0,Cluster 1
58037,0.1320296065446046,0.02415270744059213,0.08780833234981707,0.0,Cluster 1
58039,0.07662381420034269,0.02378912616490451,0.009646685869139127,0.0,Cluster 1
58049,0.0926251349786703,0.01672503767085323,0.02127706731088898,0.0,Cluster 1
58054,0.09996028471008131,0.017025517804908435,0.07233512191411301,0.0,Cluster 1
58057,0.08128509585880385,0.01827094786232011,0.02509805699775546,0.0,Cluster 1
58060,0.25719781110483125,0.039869787901490955,0.030018601925605924,0.0,Cluster 1
58063,0.09612612922587575,0.02840507238896981,0.1346643334393891,0.0,Cluster 1
58069,0.11528075279779156,0.0296101991958855,0.012780544756747357,0.0,Cluster 1
58074,0.09135377466936098,0.030879808332224146,0.17119772177886686,0.0,Cluster 1
58079,0.12430365375138022,0.02706782864735716,0.004014854963364448,0.0,Cluster 1
58090,0.15199800037526115,0.037403458104347795,0.12176344348675716,0.0,Cluster 1
58095,0.0950550004884306,0.01844345975411923,0.001979547483868794,0.0,Cluster 1
58103,0.13166166784843533,0.032726776349965306,0.00630705872188463,0.0,Cluster 1
58106,0.12038972929392312,0.0249843989851369,0.06674233825198637,0.0,Cluster 1
58111,0.10481173805156975,0.02860340921350739,0.03497598215817464,0.0,Cluster 1
58113,0.11599318471444851,0.02488084478102948,0.009195736082374437,0.0,Cluster 1
58114,0.07679352875940414,0.018958127266732606,0.14224379772156223,0.0,Cluster 1
58121,0.10123318668138226,0.026645298822248763,0.011539457177562277,0.0,Cluster 1
58140,0.11721876564003406,0.04062345908151563,0.034054654451210385,0.0,Cluster 1
5814,0.09866935237746445,0.027131782945736434,0.003587998762759047,0.0,Cluster 1
58158,0.09213143405512339,0.019278710320757852,0.11981379109688682,0.0,Cluster 1
58164,0.09941721344006536,0.026514351496190188,0.0,0.0,Cluster 1
58165,0.11871800058979058,0.028117712538484843,0.019278538425670805,0.0,Cluster 1
58177,0.10342286834252262,0.039203116945694644,0.04741181755148356,0.0,Cluster 1
5817,0.08775894078561657,0.017737443814735198,0.08100208768267224,1.9542700801250734e-05,Cluster 1
58181,0.1212993739687831,0.026052782310405698,0.029628080290460677,0.0,Cluster 1
58184,0.10846782877165864,0.023940489919634825,0.10131185868294584,0.0,Cluster 1
58201,0.12042812690870441,0.026064185370967975,0.020626584932409497,0.0,Cluster 1
58203,0.1381575329011982,0.031800432135140444,0.08334849863512284,0.0,Cluster 1
58208,0.12086595422680806,0.028077736095209114,0.0065372760220844765,0.0,Cluster 1
58210,0.10492158499347928,0.018944483962087484,0.01779667508020171,2.8034061010340085e-06,Cluster 1
58214,0.11398421566019332,0.028181253879577903,0.15663088014107152,0.0,Cluster 1
58218,0.08244203471330237,0.023830402134176466,0.02868842226161644,0.0,Cluster 1
5821,0.09645247222402703,0.025740151170597535,0.019142247670371617,0.0,Cluster 1
58220,0.08217775918233167,0.027205801779185718,0.04285238051944116,0.0,Cluster 1
58228,0.10840582190272585,0.02592098127272018,0.05721359541093362,0.0,Cluster 1
58230,0.09689726934476887,0.026522761466319517,0.0,0.0,Cluster 1
58234,0.13091962935417292,0.020345282042123776,0.05145560658908036,0.0,Cluster 1
58239,0.11816762028244085,0.027964504075476633,0.006228142201137366,0.0,Cluster 1
58243,0.12497840356572748,0.019676559736491187,0.0,0.0,Cluster 1
58255,0.08646529415543897,0.023478749190744483,0.022660886882074946,0.0,Cluster 1
58257,0.09644727852425415,0.03157377577731775,0.004390910417468129,0.0,Cluster 1
58259,0.09305171209016709,0.020466045834804113,0.05655890907884405,0.0,Cluster 1
58264,0.12560348279388625,0.03102328748606857,0.1623098946171496,0.0,Cluster 1
5826,0.09268122927359414,0.026153265917073287,0.06692367929642792,0.0,Cluster 1
58276,0.0972310536479676,0.02178271160096086,0.0,0.0,Cluster 1
58278,0.09189161003250308,0.02349608051031582,0.0,0.0,Cluster 1
58281,0.10135530973233495,0.02491404040681094,0.06802159371617308,0.0,Cluster 1
58282,0.10765314976571991,0.036032857060218665,0.0,0.0,Cluster 1
58289,0.09047164462621692,0.02963467288225118,0.0,0.0,Cluster 1
58291,0.10690259674217434,0.03426260270473597,0.1367629062889222,0.0,Cluster 1
58297,0.11795860369446624,0.029252550144468623,0.12837072604573235,0.0,Cluster 1
58300,0.08015463286927162,0.021378238849061683,0.0036884411884411886,0.0,Cluster 1
58303,0.07702668247380802,0.03282182373281349,0.0014453492348465418,0.0,Cluster 1
58307,0.08957140604152011,0.020213082867506615,0.0,0.0,Cluster 1
58309,0.17734700549644078,0.033273787053109384,0.07010861151624284,0.0,Cluster 1
5830,0.18445230390044987,0.03302307407147652,0.0004888647474198805,0.0,Cluster 1
58310,0.09134443548057677,0.021463073403864222,0.13282838516738055,0.0,Cluster 1
58311,0.08206865138225436,0.01899300405274407,0.0032731826720555587,0.0,Cluster 1
58314,0.08709229115738397,0.02191290648088484,0.03506545692955185,0.0,Cluster 1
58316,0.10954371187044645,0.02160191708561771,0.025083038574969872,0.0,Cluster 1
58322,0.10733686830429608,0.03207805793023843,0.03720133077931243,0.0,Cluster 1
58324,0.12731344847939893,0.02999828990991687,0.0,0.0,Cluster 1
58341,0.10853805973439519,0.030392791588639743,0.05726533186526559,0.0,Cluster 1
58348,0.09504650659744754,0.02123172955100275,0.21331686065413877,0.0,Cluster 1
58357,0.13357557575679205,0.021419057840766555,0.002304013630467192,0.0,Cluster 1
58359,0.11132637853949329,0.017446597118728268,0.36581883087907185,0.0,Cluster 1
5835,0.12093272833024239,0.02596395440151499,0.010088742065034332,0.0,Cluster 1
58371,0.08908043764484859,0.024477005166426695,0.1276200354380051,0.0,Cluster 1
58377,0.08551096336738288,0.023376959316660798,0.02603462701937311,0.0,Cluster 1
5838,0.11911474485480687,0.03015067506186762,0.0190664036817883,0.0,Cluster 1
58396,0.09959311178549396,0.0313938685048552,0.009596104268118019,0.0,Cluster 1
58401,0.13819072305539912,0.02856195389194885,0.08707011615028541,0.0,Cluster 1
58405,0.12340377086403512,0.02704286759388684,0.24666427485350145,0.0,Cluster 1
58407,0.07525915197674596,0.020081429678281873,0.17975978198701342,0.0,Cluster 1
58410,0.13113432582173384,0.04024528559799909,0.18988518613819358,0.0,Cluster 1
58413,0.11239833113530845,0.034220550960675784,0.0,0.0,Cluster 1
58423,0.09456714630861003,0.020974535502768808,0.0011304544426859599,0.0,Cluster 1
58424,0.09972722807515215,0.023542173927889452,0.12199008382003385,0.0,Cluster 1
58426,0.11995396103531525,0.04269833249115715,0.0,0.0,Cluster 1
58428,0.11252571616149325,0.017692153139564827,0.0,0.0,Cluster 1
58433,0.0979646942207416,0.022308234318636905,0.0383311467415913,0.0,Cluster 1
58443,0.2498536598646864,0.03032303734055732,0.215130216846464,0.0,Cluster 1
58446,0.09671164722307674,0.02756809200407014,0.0,0.0,Cluster 1
58450,0.11600187351612677,0.023801191943880654,0.061539889543788,0.0,Cluster 1
58457,0.07439331887567709,0.014416761448582291,0.03786985097623805,0.0,Cluster 1
58463,0.09187091887880282,0.021503770277530088,0.019025496689989336,7.424940600475197e-05,Cluster 0
58469,0.15808269406828818,0.026412342843298724,0.0,0.0,Cluster 1
58470,0.08041623067085223,0.023229856993372863,0.0044241390278460515,0.0,Cluster 1
58479,0.08231311997065646,0.02568926740904952,0.0,0.0,Cluster 1
5847,0.10624644291759117,0.03464288954692049,0.0,0.0,Cluster 1
58481,0.09333671573630747,0.025205597529754733,0.026923986365314977,0.0,Cluster 1
58482,0.08718033875788775,0.027182150297394403,0.0,0.0,Cluster 1
58483,0.10198682124847841,0.02483802769760491,0.0,0.0,Cluster 1
58484,0.10283434250881854,0.034504548624354266,0.03164640301979546,0.0,Cluster 1
58486,0.10835640211941848,0.013773064226198218,0.0019424408048798246,0.0,Cluster 1
58490,0.12323500355801387,0.028052788935489167,0.13630441220017767,0.0,Cluster 1
58504,0.10709971700257288,0.019829035363745452,0.08537754817954032,0.0,Cluster 1
58508,0.11992203637596263,0.0295965170598392,0.02870771133292112,0.0,Cluster 1
58509,0.09507701541292167,0.029180748852517084,0.021038579352595413,0.0,Cluster 1
58511,0.07888479306197169,0.026271782036573543,0.11668280658508672,0.0,Cluster 1
58513,0.11066456440233534,0.025985010149378027,0.06775084232420664,0.0,Cluster 1
58517,0.1078495302384542,0.030590579729045924,0.007835929186417723,0.0,Cluster 1
58534,0.11028554167689952,0.026268567824812322,0.08218370292205274,0.0,Cluster 1
58536,0.1682633787621015,0.019240446945438285,0.007125699448771886,0.0,Cluster 1
58537,0.10684718976126752,0.024713837803591338,0.0,0.0,Cluster 1
5854,0.09969658775202851,0.025508885924544526,0.026234135355353287,0.0,Cluster 1
58556,0.1451935271814554,0.026427798325354086,0.02888807585597122,0.0,Cluster 1
58563,0.08903789547150988,0.021677368984505462,0.08440911405859038,0.0,Cluster 1
58564,0.10093059276808264,0.01937187946872027,0.06938182955224381,0.0,Cluster 1
58581,0.08973196995574631,0.023475247776204595,0.0004333866959128981,0.0,Cluster 1
58584,0.14472837106876613,0.020377434552138675,0.00013511266317452398,0.0,Cluster 1
58586,0.11291605610215616,0.03747121624450492,0.0,0.0,Cluster 1
58588,0.07993743914657941,0.02041330807233084,0.0,0.0,Cluster 1
58595,0.10134106796591112,0.024714758265573823,0.0,0.0,Cluster 1
58597,0.11715289794860458,0.023391701415622926,0.02469416970327954,0.0,Cluster 1
58602,0.0878623016700472,0.025989043277159594,0.1133764832793959,0.0,Cluster 1
58615,0.09923596904558589,0.023682707016347518,0.0,0.0,Cluster 1
58619,0.11195594463445653,0.027829705268616726,0.23362228692429857,0.0,Cluster 1
58626,0.13171727170681766,0.02938314892252279,0.20363942850788114,0.0,Cluster 1
58629,0.107532824443572,0.028464131101284974,0.04047427979847747,0.0,Cluster 1
58636,0.09974647709810804,0.033214893379804454,0.004811196967487972,0.0,Cluster 1
58644,0.09590340868657637,0.027868613583915906,0.0,0.0,Cluster 1
58657,0.10326509127643564,0.022651046484912066,0.061709065652701095,0.0,Cluster 1
58658,0.214520182742786,0.024255111747918306,0.02276117870878557,0.0,Cluster 1
58668,0.16043399371851197,0.030278245972755656,0.0596711598962041,0.0,Cluster 1
58675,0.08816414184438558,0.019580444189618525,0.08357428663220304,0.0,Cluster 1
58678,0.12650522165387895,0.0247140522875817,0.0,0.0,Cluster 1
5867,0.10023220241645131,0.021443520420559716,0.0,0.0,Cluster 1
58680,0.09266736074079716,0.02661181788171961,0.0,0.0,Cluster 1
58687,0.1302903452022795,0.018046350879460427,0.30304755956426693,0.0,Cluster 1
58689,0.08841308263040028,0.022003318158205082,0.0,0.0,Cluster 1
58691,0.11487184868438312,0.02794581879552629,0.0,0.0,Cluster 1
58692,0.09498839939282665,0.02491623704656494,0.12969805070709645,0.0,Cluster 1
58694,0.102032352986019,0.025082457932478514,0.05502923801838957,0.0,Cluster 1
58696,0.11822902940096347,0.0205370374370828,0.04050473785570461,0.0,Cluster 1
58712,0.09637515232517001,0.019631520500019654,0.02463864175185459,0.0,Cluster 1
58716,0.11756803106037618,0.029298403589181454,0.03655321309788439,7.907427743407923e-06,Cluster 1
58722,0.13358563793202766,0.03220249699656661,0.056708074211464225,0.0,Cluster 1
58723,0.11096233867559573,0.023491596502064303,0.0,0.0,Cluster 1
58724,0.09676222368034029,0.021503721972079552,0.003367160828695693,0.0,Cluster 1
58727,0.10968002899753626,0.025102830937009157,0.006590417073778186,0.0,Cluster 1
58732,0.1265467956672418,0.030958160505851002,0.0618822518263859,0.0,Cluster 1
58739,0.10054735926930092,0.023144967887553314,0.0007662773440020649,0.0,Cluster 1
5873,0.08560819758322262,0.027981212053780822,0.0,0.0,Cluster 1
58745,0.1348406259145563,0.03734191796857974,0.0,0.0,Cluster 1
5874,0.12871589229306288,0.025753645413153406,0.010272186080765926,0.0,Cluster 1
58752,0.15523807148024477,0.035348830579204515,0.10259129684214392,0.0,Cluster 1
58764,0.1652191451629169,0.0359801946590515,0.09239106161885337,0.0,Cluster 1
58768,0.10060868840156759,0.036663053447844575,0.0,0.0,Cluster 1
58778,0.09098416647125394,0.019656821263623666,0.01316674137158225,0.0,Cluster 1
58780,0.11389876702227947,0.023266504260820057,0.20886257477669426,0.0,Cluster 1
58783,0.09545475815382695,0.025922748566288678,0.0029522144331693818,0.0,Cluster 1
58789,0.09647335873331929,0.019731577032796616,0.009128976562344956,0.0,Cluster 1
58796,0.11412171585659811,0.0273283368580967,0.0,0.0,Cluster 1
58806,0.15451819399842623,0.023521405329533614,0.013763488218454085,0.0,Cluster 1
58811,0.0952293839157103,0.024175351616418088,0.0055841223559628,0.0,Cluster 1
58816,0.1267682660836326,0.020862570910917776,0.0855631337166844,0.0,Cluster 1
58826,0.11241695179130687,0.024392186679700938,0.06599246352539534,0.0,Cluster 1
58827,0.07831213708097325,0.019251184496455416,0.00043973373364266326,0.0,Cluster 1
58852,0.10808173722531611,0.02724640688632731,0.0,0.0,Cluster 1
58857,0.13342178907976435,0.02571913120260882,0.011485398137124448,0.0,Cluster 1
58859,0.10552759374087801,0.02699224243925308,0.09895222129086337,0.0,Cluster 1
5885,0.11321627120119238,0.029912856163712916,0.007671487371674755,0.0,Cluster 1
58864,0.08634339947660137,0.02402040642408527,0.0,0.0,Cluster 1
58892,0.11482280970353399,0.017785018123336754,0.06886416124291413,0.0,Cluster 1
588,0.092358135407539,0.025387124643777605,0.10433106537168384,2.8513545457282108e-05,Cluster 0
5892,0.11315962373603833,0.026793583641812092,0.011683070169227502,0.0,Cluster 1
58935,0.0911873105273687,0.025290268223997044,0.16540449319692016,0.0,Cluster 1
58952,0.08306169574179018,0.019878189266397697,0.03296224889607563,0.0,Cluster 1
58961,0.09311372507648485,0.01802141576115624,0.07069820138790539,0.0,Cluster 1
58979,0.09480665956242312,0.02159255040584562,0.1633052944920582,0.0,Cluster 1
58,0.15436943419196167,0.031860611583565845,0.03661866535381025,0.0,Cluster 1
5902,0.09096671486366092,0.02289795381851641,0.0753644595722818,0.0,Cluster 1
5903,0.10667167794731207,0.025734652689825943,0.03547433135510217,0.0,Cluster 1
59043,0.11942804417269633,0.02209802787948866,0.0,0.0,Cluster 1
59052,0.09904300917808816,0.02604633766973922,0.0387963588266087,0.0,Cluster 1
59070,0.09346436136098406,0.017402104388457976,0.10743389955546429,0.0,Cluster 1
59074,0.09503552434442808,0.0191789117236427,0.018627474915163204,0.0,Cluster 1
5907,0.13506692513615803,0.02812701929290132,0.016293279022403257,0.0,Cluster 1
59086,0.1493522589221022,0.028485081253643203,0.057805418517066234,0.0,Cluster 1
59093,0.14519039219946164,0.023348712982363115,0.0036732226716882877,0.0,Cluster 1
59098,0.11352221506761108,0.03796147241897403,0.07392701833995084,0.0,Cluster 1
59099,0.10125126034270791,0.031015619035584443,0.0172122409713736,0.0,Cluster 1
59105,0.07448320710153582,0.020597983353357975,0.04186884341377128,0.0,Cluster 1
59106,0.08236395044502143,0.016629033235089536,0.0007101011894194922,0.0,Cluster 1
59108,0.12199739409005106,0.017607317975928374,0.0,0.0,Cluster 1
59112,0.09653378931993872,0.01891631933311959,0.02277330840324419,0.0,Cluster 1
59113,0.09031830069709254,0.01908756348951246,0.13021188533264352,0.0,Cluster 1
59114,0.10270361757691121,0.026054038977957942,0.0,0.0,Cluster 1
59117,0.09159832438491947,0.02618942801254442,0.04427102687972253,0.0,Cluster 1
59138,0.08547831000679731,0.024396635737508904,0.23947305389221557,0.0,Cluster 1
59140,0.09887335060249186,0.025428984294560808,0.004171418282215953,0.0,Cluster 1
59143,0.07835845365219198,0.022283125485009783,0.3017749415908219,0.0,Cluster 1
59144,0.10794385608895089,0.013805567886359312,0.0,0.0,Cluster 1
59148,0.12709777398700192,0.02775248369232248,0.0,0.0,Cluster 1
59154,0.1358208564178942,0.015865114282432088,0.1013028252611586,0.0,Cluster 1
59157,0.12856701913694565,0.03262341438158393,0.0,0.0,Cluster 1
59176,0.09705517333970784,0.017699086065694553,0.0,0.0,Cluster 1
59178,0.1282586285685946,0.02672792776197443,0.01557752858642214,0.0,Cluster 1
59181,0.08901543246799856,0.028821629381504964,0.005322008386195033,0.0,Cluster 1
59182,0.10520732635829348,0.016818800099236055,0.06618962432915922,0.0,Cluster 1
59183,0.09693593789017275,0.020328709904428956,0.0026248255808280396,0.0,Cluster 1
59185,0.13375766586136406,0.020390675008775734,0.049502785174893545,0.0,Cluster 1
59188,0.11076789475488386,0.017531965461685246,0.043171033629048894,0.0,Cluster 1
59190,0.15641604483028948,0.04068189076972213,0.01633524375246537,0.0,Cluster 1
59193,0.13896953992486447,0.02576410352471044,0.0,0.0,Cluster 1
59195,0.12813221686330573,0.035525950596724955,0.07614026483570378,0.0,Cluster 1
59199,0.10049290858631434,0.018813954676246743,0.0,0.0,Cluster 1
59203,0.1355864197530864,0.020864197530864197,0.0,0.0,Cluster 1
59204,0.10606741573033708,0.02444044943820225,0.05805084745762712,0.0,Cluster 1
59205,0.11904127244646642,0.021181317831082572,0.055388757034191834,0.0,Cluster 1
59206,0.12233078267371238,0.019855386797295253,0.0,0.0,Cluster 1
59209,0.12441233969204973,0.03891476621870178,0.049667431525748644,0.0,Cluster 1
59219,0.11513603931097624,0.034033972162451374,0.0,0.0,Cluster 1
59239,0.22147157498046785,0.033227629946229145,0.003078093657051947,0.0,Cluster 1
59245,0.09808515313043312,0.015733363902103514,0.010104453263860145,0.0,Cluster 1
59249,0.11062961464329378,0.022341726164837126,0.012073779840327212,0.0,Cluster 1
59257,0.08534008685155192,0.021022056140543175,0.0,0.0,Cluster 1
59262,0.20597532064920065,0.022713918100216807,0.0,0.0,Cluster 1
59265,0.13593882752761258,0.01985367982584129,0.0,0.0,Cluster 1
59273,0.10434332727639814,0.02739501312335958,0.03132180432942314,0.0,Cluster 1
59278,0.12187625100766096,0.02291708938158407,0.06276856622196225,0.0,Cluster 1
59281,0.15302321076928044,0.027517190173354425,0.0,0.0,Cluster 1
59285,0.1317619335814265,0.022772634208527022,0.0005863669679941363,0.0,Cluster 1
59286,0.29562423500611995,0.017425604345165237,0.0037974847324293553,0.0,Cluster 1
59287,0.09630706910025849,0.027107389098778734,0.0,0.0,Cluster 1
59290,0.09421882587471567,0.02664400541825338,0.0,0.0,Cluster 1
59292,0.20077368202308257,0.03255645427709752,0.0,0.0,Cluster 1
59296,0.27225440264339495,0.027201723673579314,0.0,0.0,Cluster 1
59298,0.0858220318665725,0.015525072733281065,0.0,0.0,Cluster 1
59304,0.11530543514867082,0.03414757357494378,0.0,0.0,Cluster 1
59305,0.25573934211347604,0.023069720991199052,0.0,0.0,Cluster 1
59306,0.1470704270012573,0.023387177057485335,0.0,0.0,Cluster 1
59314,0.07824950772005373,0.02147628774913046,0.003841329570398244,0.0,Cluster 1
59318,0.18567129170511285,0.022498555573760595,0.0,0.0,Cluster 1
59324,0.22920260050417937,0.017320899435799262,0.0,0.0,Cluster 1
59326,0.2826059027575011,0.028474322888076522,0.0,0.0,Cluster 1
59342,0.23739441943011141,0.021586091300489697,0.0,0.0,Cluster 1
59352,0.2670573513560393,0.02553492002527474,0.0,0.0,Cluster 1
59358,0.32416907394494804,0.01796327655476973,0.0,0.0,Cluster 1
5956,0.11057492260756814,0.025531589176397192,0.026611912643391,0.0,Cluster 1
5962,0.13028743771720155,0.040198315309514655,0.00011579059502470971,0.0,Cluster 1
5969,0.09104428630137391,0.022817246201560473,0.01674027407936611,0.0,Cluster 1
597,0.10926325003801886,0.023892167372024792,0.026251200874474245,0.0,Cluster 1
5981,0.09823233550741006,0.025045249580386987,0.02823502015747573,0.0,Cluster 1
5994,0.0934555830700481,0.025688099507585462,0.05493585106787985,0.0,Cluster 1
5999,0.22901388526970182,0.023154524811078436,0.0,0.0,Cluster 1
6051,0.10603577248168018,0.028049094252961187,0.0020669512469108065,0.0,Cluster 1
6063,0.10262171981637781,0.02585515852549413,0.029793384357652004,0.0,Cluster 1
6078,0.08430111029671254,0.010462306919673155,0.0464030398660398,0.0,Cluster 1
6084,0.1087458131745441,0.02406649299094405,0.06297056810403832,0.0,Cluster 1
6085,0.1472992045532823,0.024558010136005518,0.007105377549149476,0.0,Cluster 1
6088,0.10701830041825938,0.019569012798988473,0.0213997887406596,0.0,Cluster 1
6091,0.10404560874078354,0.022895331043265167,0.0034969530225502045,0.0,Cluster 1
609,0.08743568001713657,0.021428785771327997,0.07185645800607181,0.0,Cluster 1
6101,0.0821602787456446,0.0275725900116144,0.021244799870754068,0.0,Cluster 1
6110,0.10573567437571199,0.028642207475182178,0.025138948268490807,0.0,Cluster 1
6123,0.1127943609806693,0.024478432635011795,0.06083576911958372,0.0,Cluster 1
6137,0.10396202085203864,0.026278108029625873,0.017015902913036965,0.0,Cluster 1
6156,0.10957606378779505,0.02222309939212126,0.0,0.0,Cluster 1
6158,0.1259226300808029,0.02860508147211972,0.005085952271285145,0.0,Cluster 1
6176,0.0833246439849848,0.028322310274285487,0.06668156424581005,0.0,Cluster 1
6180,0.12658770651599915,0.023918334610513108,0.017596135750580263,0.0,Cluster 1
618,0.11209380867932402,0.028459472146880868,0.039552130289370366,0.0,Cluster 1
6194,0.09567659143906011,0.025867328176447955,0.0282159520106643,0.0,Cluster 1
6195,0.09306254266358437,0.0231516270958934,0.0027121151416155576,0.0,Cluster 1
6198,0.11788691967743405,0.023919085151943142,0.0,0.0,Cluster 1
622,0.09223136826934777,0.0255086410170299,0.028712768706302655,0.0,Cluster 1
623,0.23986796714069442,0.021021021021021023,0.022969477496120022,0.0,Cluster 1
6271,0.09983778817485586,0.024925788905951412,0.0703923764067442,0.0,Cluster 1
6275,0.09478496346737632,0.02260017213005542,0.019394791330281328,0.0,Cluster 1
6280,0.11401641162120205,0.032047017076957195,0.14043960319004084,0.0,Cluster 1
628,0.0763858058530494,0.01903797394000311,0.04709363799898384,0.0,Cluster 1
6354,0.09470290515383832,0.026056443073251348,0.0,0.0,Cluster 1
6384,0.0905216520840499,0.019881887503302668,0.05812523904272235,1.6988998498378933e-05,Cluster 1
6423,0.1185889908580548,0.024585125998770743,0.019098062777443987,0.0,Cluster 1
6442,0.10254047040408618,0.027860732380442396,0.004770273663068039,0.0,Cluster 1
6464,0.09551779544684286,0.028997910433932406,0.012712188895979578,0.0,Cluster 1
6528,0.08800869371988324,0.022775354399978083,0.10113447703375761,0.0,Cluster 1
6530,0.0988261928784113,0.02581391342864877,0.00199203187250996,0.0,Cluster 1
6531,0.11418030762701281,0.03121434829026724,0.030312250721622355,0.0,Cluster 1
6540,0.09105317384626581,0.020741745088801816,0.07433705747745323,0.0,Cluster 1
6560,0.08946631433760256,0.022083932033206605,0.055778123341054454,3.278119677425197e-05,Cluster 0
6574,0.10487182292236444,0.03335885935163913,0.01582113425362495,0.0,Cluster 1
6584,0.09055254155292167,0.022409205570337605,0.0,0.0,Cluster 1
6592,0.0852191487760565,0.02060869284769778,0.03418695597325596,0.0,Cluster 1
659,0.10180496,0.02432176,0.05335850041098194,0.0,Cluster 1
6605,0.08594741477858361,0.023493562714341935,0.04237894222718393,0.0,Cluster 1
660,0.09751308862709387,0.01852428582406782,0.034935946813931716,0.0,Cluster 1
6616,0.08990682987748795,0.02171024940631977,0.015528069972642854,0.0,Cluster 1
6623,0.08359021006063674,0.023360711190179875,0.010465190820120518,0.0,Cluster 1
6636,0.10204300999138152,0.02455654112699282,0.015056327189695845,0.0,Cluster 1
6637,0.07963810845761705,0.025763801858388963,0.054858934169279,0.0,Cluster 1
6638,0.11502820306204674,0.028972236466192954,0.1264129915618532,0.0,Cluster 1
6646,0.09218945611350675,0.01992241232747562,0.028375036673791862,0.0,Cluster 1
6653,0.10481997780792171,0.03332321016563264,0.08820953218855716,0.0,Cluster 1
6659,0.07900275042143554,0.025889450802945614,0.012083913570818922,0.0,Cluster 1
6662,0.10051486996980791,0.028998993596942867,0.011927910148881215,0.0,Cluster 1
6671,0.07916172622096246,0.02448940932148094,0.010812727111583799,0.0,Cluster 1
6672,0.10117479630737912,0.022468627330860906,0.04471355379599441,0.0,Cluster 1
6680,0.11174986604750849,0.03205929630291123,0.08690440515433023,0.0,Cluster 1
6700,0.09815767137650407,0.021843327175595388,0.12073099840139515,0.0,Cluster 1
6706,0.09507071791688337,0.02314061372749694,0.0034412776846377835,0.0,Cluster 1
6725,0.08550841124131027,0.015741406620885447,0.15138522427440634,0.0,Cluster 1
6728,0.11327978580990629,0.0285586791610888,0.11266052154730954,0.0,Cluster 1
6732,0.09185943675206588,0.02197855346433408,0.020383602858217376,0.0,Cluster 1
6760,0.10307714522836102,0.029117433850201938,0.02622046129899533,0.0,Cluster 1
6762,0.09413666110272104,0.01973213576027343,0.014283703912186885,0.0,Cluster 1
6786,0.13417368492333004,0.031355179799459273,0.030244121275561704,0.0,Cluster 1
6787,0.13717456452519197,0.023365798838733846,0.030721966205837174,0.0,Cluster 1
6794,0.10298174464483938,0.024827722641696068,0.03528993240839559,0.0,Cluster 1
6800,0.10745714710617689,0.019016274724066806,0.00012034418436729045,0.0,Cluster 1
6803,0.11953454793946809,0.02245974275038852,0.011456628477905073,0.0,Cluster 1
6805,0.20081307627829004,0.01934618608549874,0.10126476603915348,0.0,Cluster 1
6811,0.08803519814018221,0.02893719421761501,0.014395955001600777,0.0,Cluster 1
6813,0.1249525266967517,0.026135449711809124,0.03727790814616158,0.0,Cluster 1
6821,0.1108366306197935,0.018342325595874048,0.011585335272581373,0.0,Cluster 1
6861,0.08099324769181301,0.02841634640412794,0.021182475542322415,0.0,Cluster 1
6862,0.10824010233395709,0.02773792062743906,0.025878275838637343,0.0,Cluster 1
6863,0.09773099405544808,0.02434396222246541,0.01907800219724499,0.0,Cluster 1
686,0.09389739852201959,0.026793237706902732,0.09970538367812683,0.0,Cluster 1
6913,0.11262841103105015,0.029247330497439016,0.0,0.0,Cluster 1
6917,0.08853434398002213,0.027531126778804982,0.0338743589458344,0.0,Cluster 1
6954,0.0995399506021503,0.020944834203450554,0.14623955431754876,0.0,Cluster 1
6959,0.08115667458245233,0.021411999689348253,0.01252122813165485,0.0,Cluster 1
6976,0.10464526738683456,0.02122929168561797,0.0473935020899999,0.0,Cluster 1
6985,0.08499730536747219,0.023235262908278664,0.0936064631169639,0.0,Cluster 1
6989,0.07833880360830454,0.02228010040862888,0.04295371233111836,0.0,Cluster 1
698,0.08408843483569005,0.023753113822408415,0.032477773177992,0.0,Cluster 1
6990,0.23702134751124898,0.027454479966884746,0.028237695622590157,0.0,Cluster 1
7018,0.08769008097907735,0.01776593016012605,0.050498297223324905,0.0,Cluster 1
7025,0.10348413796084194,0.01723700133984527,0.04756062544049701,0.0,Cluster 1
7031,0.12488796355080853,0.030347873174739515,0.047546069599671066,0.0,Cluster 1
7074,0.08854666498524641,0.02152749745000379,0.015549988275802491,0.0,Cluster 1
7085,0.14917121573271894,0.03192722821300079,0.06091336691463455,0.0,Cluster 1
70,0.13221541100905915,0.02841182500993786,0.10166943587309123,0.0,Cluster 1
7123,0.14236355702629003,0.03238114527656444,0.013986379755839863,0.0,Cluster 1
7151,0.08538756665958572,0.02039216288027912,0.02703461598939731,0.0,Cluster 1
7213,0.08723509358314142,0.019941556966232853,0.03546787006302913,0.0,Cluster 1
7230,0.08931646670693044,0.023479883682891844,0.0373717741517959,0.0,Cluster 1
7274,0.14339635005406115,0.015857933881589726,0.0,0.0,Cluster 1
72,0.0962978391743711,0.030055364437755323,0.0046608336473116475,0.0,Cluster 1
7356,0.10403533253163336,0.023177133050048516,0.013999508125390189,0.0,Cluster 1
737,0.08762073984462129,0.031998185358108236,0.0,0.0,Cluster 1
7404,0.0956650867798845,0.018110804666645153,0.04101906109869178,0.0,Cluster 1
7468,0.09668086105838344,0.025742917110377142,0.07648757904454967,1.066859689545459e-05,Cluster 1
7493,0.0966602869994809,0.02349491405008016,0.045911855943808394,0.0,Cluster 1
7506,0.10825837915927639,0.028133480273199306,0.028608560289056142,0.0,Cluster 1
7514,0.09982059056624319,0.0246765127371381,0.029696693928822827,0.0,Cluster 1
7526,0.1348498526357856,0.028723533315730507,0.01615389195017563,0.0,Cluster 1
7542,0.0916364789205013,0.021953393642491537,0.11008020128951093,0.0,Cluster 1
7551,0.0982939425075904,0.02458216907595477,0.0634963995585793,3.2378430299980036e-05,Cluster 0
7590,0.16320075436805653,0.031300781375165364,0.0063669256444058,0.0,Cluster 1
7593,0.0907448598939341,0.023918565724936496,0.07424392886160512,0.0,Cluster 1
7599,0.09647630619684083,0.021164594821945975,0.0,0.0,Cluster 1
7613,0.0936285161323724,0.02059924808480897,0.13677465521727816,0.0,Cluster 1
7614,0.0831161921392614,0.02106042209519652,0.007659690876761045,0.0,Cluster 1
7631,0.09270170900250302,0.017185834560892944,0.0036173373813061173,0.0,Cluster 1
763,0.09759102668296224,0.024630713013915343,0.005161913722299213,0.0,Cluster 1
7646,0.1648378621235761,0.017292714734238167,0.005762009581768743,0.0,Cluster 1
7658,0.12381012584878129,0.021591134570574176,0.0004254775986044335,0.0,Cluster 1
7659,0.1046649771497312,0.018887665033864964,0.0758338443110357,0.0,Cluster 1
7675,0.142208012341033,0.02666115135285879,0.024888461201994574,0.0,Cluster 1
769,0.09147039439453328,0.024922820770751673,0.08248009101251422,0.0,Cluster 1
7714,0.10043748147502861,0.02089776128044602,0.04731784454445931,0.0,Cluster 1
7759,0.09181558707199122,0.021623218277030867,0.03589172956864665,6.48340780085031e-05,Cluster 0
7789,0.17436461840109505,0.024966704894380527,0.05102636185222511,0.0,Cluster 1
7799,0.10363122834502533,0.024195869021888142,0.09748490616163417,0.0,Cluster 1
77,0.1978040830331103,0.02752044375822039,0.0008913944299893997,0.0,Cluster 1
7848,0.09812923463392369,0.024208914541728847,0.014389770792921896,0.0,Cluster 1
7886,0.08573593234017672,0.01862786273686291,0.05686293343578907,0.0,Cluster 1
7888,0.0851515833045239,0.021839698156242683,0.032106907159696295,4.349101578301044e-06,Cluster 1
7900,0.08895870864870072,0.023981584525973702,0.11227969127980647,0.0,Cluster 1
7909,0.07659702868438621,0.021965306932198597,0.08455597257979466,0.0,Cluster 1
8011,0.17176543354192036,0.023246677724887064,0.0006374804017849451,0.0,Cluster 1
8018,0.09819212469103801,0.017221376661489915,0.0,0.0,Cluster 1
8021,0.10801421845108405,0.026306274495642223,0.001919298651125163,0.0,Cluster 1
8028,0.09603742713978934,0.03120973514674302,0.0293882766331257,0.0,Cluster 1
8033,0.13482270492433474,0.03175426411239091,0.03909647986700431,0.0,Cluster 1
8035,0.08470338753305902,0.020208926990017532,0.055085348506401136,0.0,Cluster 1
803,0.09127351726587118,0.02211762680692239,0.04543175384129342,0.0,Cluster 1
8056,0.11250015287607047,0.020027438922641392,0.13739503675700027,0.0,Cluster 1
8063,0.08996746637135718,0.029789895016377004,0.04822560396827827,0.0,Cluster 1
8067,0.0952319822711088,0.0218232921415879,0.032210003547357216,0.0,Cluster 1
8074,0.10252139990307457,0.023176423023270134,0.01854270044398015,0.0,Cluster 1
8083,0.10194250715307582,0.018027986409155938,0.018747944304352594,0.0,Cluster 1
8094,0.08247236009628699,0.0198283024093049,0.059485987343406946,0.0,Cluster 1
8101,0.10559963868274944,0.024292874626547993,0.1579529533220264,0.0,Cluster 1
8108,0.12900278991679628,0.045465767967804854,0.07339712918660288,0.0,Cluster 1
8110,0.07980194381498425,0.03431120826521815,0.26441938721294056,0.0,Cluster 1
8117,0.08639983726928825,0.026104718343084934,0.15489503629586032,0.0,Cluster 1
8118,0.12753418198962754,0.024554156095881696,0.002083149957456797,0.0,Cluster 1
8120,0.10545872636348808,0.02456446755437442,0.14546551984306624,0.0,Cluster 1
8121,0.16780125541508267,0.025653493649249993,0.0035124692658939235,0.0,Cluster 1
8126,0.1503294017638933,0.01152906173626607,0.0019438063262060435,0.0,Cluster 1
8136,0.0884286942652165,0.01630865567013016,0.013319279701904663,0.0,Cluster 1
8140,0.10923099078341014,0.026792260159195645,0.007730568706178462,0.0,Cluster 1
8141,0.10530139295938805,0.03768722724512389,0.07213422453380329,0.0,Cluster 1
8144,0.2204488567651939,0.02342717327108586,0.10512215347324105,0.0,Cluster 1
8149,0.14196148780255974,0.02679302899956699,0.031107686585009432,0.0,Cluster 1
8162,0.08133535591684567,0.028724893329756997,0.03793820146875433,0.0,Cluster 1
8165,0.09374117472766078,0.027083458719716295,0.014643421572500988,0.0,Cluster 1
8172,0.12226116764201782,0.02912597801654825,0.01033810846894959,0.0,Cluster 1
8183,0.08634212204658068,0.028091745037018393,0.10998295412436078,0.0,Cluster 1
8191,0.09499923101494197,0.017556520401765117,0.0460772104607721,0.0,Cluster 1
8197,0.0866434153587806,0.03232577665827036,0.17940116784693752,0.0,Cluster 1
81,0.15881095247948135,0.020408304020966963,0.046556067054633894,0.0,Cluster 1
8200,0.09030076906013212,0.018877082141493053,0.0,0.0,Cluster 1
8205,0.11206978393562186,0.027660037862922815,0.02277257325094678,0.0,Cluster 1
8207,0.09046881053855095,0.026223098869360008,0.06336383102978392,0.0,Cluster 1
8210,0.09753331278245343,0.029209392139870064,0.0028624247122666824,0.0,Cluster 1
8214,0.08787392649234375,0.016479663394109396,0.0,0.0,Cluster 1
8218,0.17923422148546475,0.04083612986697934,0.043537108053237086,0.0,Cluster 1
8231,0.11549213854178393,0.027718363415762944,0.005388135271978989,0.0,Cluster 1
8232,0.13957890009303123,0.030338512427330502,0.11249010444597667,0.0,Cluster 1
8234,0.1284151402890948,0.025350341484701815,0.04635144517119158,0.0,Cluster 1
8235,0.10477825536781862,0.01963521090109058,0.03913374035249395,0.0,Cluster 1
823,0.14843151181024844,0.02938673904941388,0.003991377676710252,0.0,Cluster 1
8243,0.15751055441566672,0.030723286317395182,0.335311167945439,0.0,Cluster 1
8250,0.13889934336077078,0.01879591050578489,0.05718839655722027,0.0,Cluster 1
8251,0.12767750469363373,0.03259941969619389,0.14144874258501128,0.0,Cluster 1
8252,0.08800687970487063,0.025496784485766987,0.0875360414200178,0.0,Cluster 1
8255,0.08899369036550137,0.03012034214892196,0.027218295760352357,0.0,Cluster 1
8268,0.1702897655690324,0.019144783972727945,0.0005077246681656633,0.0,Cluster 1
8273,0.07548909601635713,0.01913300491866953,0.02557847271164669,0.0,Cluster 1
8274,0.09461300156596995,0.02970401005680116,0.1076325411334552,0.0,Cluster 1
8276,0.08201577196560254,0.019966967269682,0.03025432542308783,0.0,Cluster 1
8282,0.08705653724553455,0.029904636414829756,0.003044011330486619,0.0,Cluster 1
8295,0.0929431462753271,0.028505296722082962,0.09155414714797465,0.0,Cluster 1
8296,0.09091335486082297,0.03673263218660365,0.131835859988888,0.0,Cluster 1
8317,0.11644280694228015,0.025544613171658036,0.07558108034891911,0.0,Cluster 1
8321,0.10980304636500586,0.031209897896557495,0.02305640243902439,0.0,Cluster 1
8322,0.12393537764533095,0.02993922539944453,0.00031562939370462825,0.0,Cluster 1
8323,0.09712618593645908,0.023638326709701132,0.001892147587511826,0.0,Cluster 1
8333,0.0957139283431081,0.025432915473774912,0.0,0.0,Cluster 1
8383,0.10588100495812675,0.018488812966126412,0.03413674372848008,0.0,Cluster 1
8386,0.10755447514678639,0.025806957527519384,0.016222226272715672,0.0,Cluster 1
8387,0.0961244839594332,0.03209287849336708,0.028911798396334478,0.0,Cluster 1
8390,0.0975284330667524,0.023510026926013745,0.0335421130707104,0.0,Cluster 1
8397,0.12669697953881132,0.027833712244235143,0.0007690335811330429,0.0,Cluster 1
8403,0.2072505953956073,0.02366763694098968,0.0,0.0,Cluster 1
8405,0.08394201571227591,0.023482661475672437,0.055403155967869905,0.0,Cluster 1
8421,0.08504294461813006,0.02208191149526281,0.04507138137476723,0.0,Cluster 1
8426,0.0859664696953269,0.015136750515016806,0.03301303021464776,0.0,Cluster 1
8432,0.08504941214054822,0.02651567695263076,0.0010167265640996675,0.0,Cluster 1
8439,0.10240162781651156,0.03052754421137676,0.013243097926455805,0.0,Cluster 1
845,0.15887034829459265,0.030864996269550447,0.07967975600457491,0.0,Cluster 1
8468,0.11982764744199122,0.020159989843833832,0.007123577933052494,1.8136011014604024e-05,Cluster 1
847,0.09776874179684485,0.02190081581182284,0.029349828902342723,0.0,Cluster 1
8487,0.16851239763292103,0.029719108142797105,0.19162847128606092,0.0,Cluster 1
8491,0.1322796023887572,0.02418206307902499,0.018686131386861315,0.0,Cluster 1
8499,0.08516802569804793,0.02612428959723252,0.010807282222383405,0.0,Cluster 1
8503,0.13488224565855206,0.022057463061348558,0.001665686850872036,0.0,Cluster 1
8506,0.15991241535783784,0.012406845925582406,0.0008259608678095518,0.0,Cluster 1
8507,0.12297739209218704,0.02474553716785345,0.04788764820996892,0.0,Cluster 1
8510,0.09353764441067662,0.0259175891671578,0.0033401654900174597,0.0,Cluster 1
8511,0.09676760510389457,0.024788502262783924,0.01714433829519366,0.0,Cluster 1
8513,0.1501986884126868,0.026402398888320047,0.0261321214088622,0.0,Cluster 1
8519,0.11540344293057028,0.024587990536020232,0.0,0.0,Cluster 1
8522,0.16972994008577705,0.021168611108859037,0.003964652495820397,0.0,Cluster 1
8527,0.1155661844282178,0.02405957282712809,0.11579343935846721,0.0,Cluster 1
8531,0.09642480120535087,0.01848880115305799,0.28990272175710946,0.0,Cluster 1
8532,0.14164914783392146,0.029929048727381936,0.09984761147551845,0.0,Cluster 1
8533,0.1371371803731859,0.024511921216309605,0.11137795275590551,0.0,Cluster 1
8534,0.11565058449049942,0.020957563626760073,0.027613352964153723,0.0,Cluster 1
8536,0.0724428618668558,0.01442051940707655,0.0,0.0,Cluster 1
8537,0.09206901695589478,0.026480533041619014,0.036157917476776845,0.0,Cluster 1
8541,0.1128778538327452,0.029817326360840668,0.06346516007532957,0.0,Cluster 1
8544,0.10579313562070122,0.024221030055126665,0.052457517745751775,0.0,Cluster 1
8546,0.08527518668102431,0.024492984373855706,0.001494958491046153,0.0,Cluster 1
8552,0.10088960592788108,0.02105814372326869,0.0271218985328973,0.0,Cluster 1
855,0.12053501303760485,0.02660142628255474,0.20499120349253927,0.0,Cluster 1
8560,0.10513075140681893,0.034838183994092636,0.024365433055609377,0.0,Cluster 1
8564,0.238431612453043,0.03455461349493868,0.0,0.0,Cluster 1
8569,0.104051436111969,0.029087233624392847,0.0,0.0,Cluster 1
8572,0.10895608430928144,0.02884805218393891,0.025585272160614625,0.0,Cluster 1
8576,0.14812143302159927,0.026840002798610024,0.012056187230788263,0.0,Cluster 1
8584,0.09102148703956343,0.0343906321055025,0.04277907884465262,0.0,Cluster 1
8594,0.1416461896201989,0.02948694691360061,0.005239259517988124,0.0,Cluster 1
8595,0.09153820787798002,0.031419959221398085,0.13699325181389213,0.0,Cluster 1
8604,0.12817355482917656,0.026373527963103927,0.0,0.0,Cluster 1
861,0.09592250883909705,0.020390070921985817,0.08751363140676117,0.0,Cluster 1
8632,0.11991404196926742,0.027237303714060093,0.042426859548742306,0.0,Cluster 1
8637,0.113605824621024,0.026130625395488844,0.03100104298426647,0.0,Cluster 1
8640,0.11873845318670158,0.02366713656541954,0.019541331760194677,0.0,Cluster 1
8647,0.09076740106766011,0.029656621827838448,0.0,0.0,Cluster 1
8660,0.11580399512400412,0.022662134118910448,0.002631599558267217,0.0,Cluster 1
8661,0.10719154963135531,0.03583199862337353,0.00012348728081007656,0.0,Cluster 1
8663,0.10418689356719905,0.022811468651830282,0.08141476211691771,0.0,Cluster 1
8668,0.08661848590329348,0.022706732775155947,0.06341965737045012,0.0,Cluster 1
8672,0.1008246695443323,0.02227111641109189,0.03881392637014826,0.0,Cluster 1
8681,0.09117671244141107,0.024011183290847792,0.25,0.0,Cluster 1
8693,0.14129548862356667,0.024140312455281317,0.0,0.0,Cluster 1
8695,0.10564079728173009,0.034019031761551195,0.06993622168462722,0.0,Cluster 1
8698,0.08924306562129398,0.019293961655027014,0.014096204867920176,0.0,Cluster 1
8700,0.10144639856021809,0.024104437122024164,0.1873858596399687,0.0,Cluster 1
8725,0.11555371058739174,0.040058871256863596,0.1562704114957544,0.0,Cluster 1
8728,0.09002519980314025,0.026460597701889108,0.06545655258013669,0.0,Cluster 1
872,0.08129374593720237,0.04544664318432629,0.10404463040446305,0.0,Cluster 1
8730,0.10210306249962985,0.031519286463052784,0.39153132250580047,0.0,Cluster 1
8735,0.10646836385927771,0.03344488757257263,0.0536270210558029,0.0,Cluster 1
8738,0.12209393952316412,0.026183514509212066,0.017190323609360528,0.0,Cluster 1
873,0.09873254991404437,0.023881841256380498,0.03577883359874349,0.0,Cluster 1
8745,0.13278929117435012,0.028762342849378987,0.022556113748444486,0.0,Cluster 1
8751,0.0911463982787133,0.022750146700570798,0.026844590112762887,0.0,Cluster 1
8752,0.10370040518858946,0.027234655861637615,0.15816042219818402,0.0,Cluster 1
8760,0.13268860737762964,0.02753199190277609,0.032129380053908356,0.0,Cluster 1
8761,0.1031720735990182,0.021658509849245333,0.0562998036724795,0.0,Cluster 1
8762,0.10493052875337708,0.028677565198213597,0.030804597701149426,0.0,Cluster 1
876,0.18080252546427603,0.030766764495523714,0.10544264084026736,0.0,Cluster 1
8772,0.14292248482432812,0.020295215007743023,0.006933967296057544,0.0,Cluster 1
8774,0.11301645007083298,0.024741734534798724,0.027651378562311476,0.0,Cluster 1
8775,0.09262548108649149,0.03272052473304959,0.08071148512957828,0.0,Cluster 1
877,0.16077797278834985,0.04233719317815495,0.013748766748353012,0.0,Cluster 1
8785,0.09508907751911158,0.02646865436999758,0.010952636777983814,0.0,Cluster 1
8798,0.13439504938610022,0.030260519964955844,0.0381800487915428,0.0,Cluster 1
8799,0.22105263157894736,0.030953947368421053,0.05163690476190476,0.0,Cluster 1
879,0.1630452820586576,0.04032017170230891,0.006344359626802375,0.0,Cluster 1
8811,0.13275416699282122,0.031771663186281815,0.011783278966038669,0.0,Cluster 1
8816,0.11719473436531824,0.020805301515408704,0.01284708320576529,0.0,Cluster 1
8821,0.09904486923344634,0.02528540063503521,0.012927294811730002,0.0,Cluster 1
8822,0.11727533250055111,0.030384304504372107,0.049968671679197996,0.0,Cluster 1
8824,0.1399287391544801,0.02875366050462833,0.0009070882467280031,0.0,Cluster 1
8833,0.10437034450651769,0.032190797641216636,0.23157699098596785,0.0,Cluster 1
8840,0.11391926277422461,0.028918231208307544,0.0,0.0,Cluster 1
8842,0.08065976869625154,0.024893605084514832,0.0006955484896661367,0.0,Cluster 1
8843,0.12174540106676424,0.024617636245117768,0.0,0.0,Cluster 1
8845,0.13122560236909409,0.03573832278906986,0.10180792409283242,0.0,Cluster 1
8848,0.07853966708100003,0.02996014710970437,0.0,0.0,Cluster 1
8850,0.08791438174420661,0.02775694321599151,0.011368666747152803,0.0,Cluster 1
8851,0.10428826354361381,0.023440557583053228,0.029724164092559475,0.0,Cluster 1
8853,0.09625196861942713,0.02618470096235468,0.15931732032991106,0.0,Cluster 1
8857,0.09044235855416688,0.028142232363567218,0.018922018348623854,0.0,Cluster 1
8858,0.12193783735690136,0.027863455720979893,0.0767359844339049,0.0,Cluster 1
8863,0.08492337584636073,0.028037272452624534,0.08816964285714286,0.0,Cluster 1
8865,0.07557216417975912,0.024597138521189155,0.126523505513639,0.0,Cluster 1
8866,0.10995979816502706,0.023247101820902474,0.060070329698665284,4.00494344700875e-05,Cluster 0
8867,0.10759362519779972,0.03596187175043328,0.022936181388426857,0.0,Cluster 1
8870,0.09653127249308634,0.02288078190703489,0.0468546419814327,0.0,Cluster 1
8879,0.08122739237651055,0.024739667955291957,0.021990200073549144,0.0,Cluster 1
8888,0.10417359535448548,0.02785858449313786,0.030356935689701846,0.0,Cluster 1
8892,0.08350845653314354,0.02214988909716193,0.13353906063444831,0.0,Cluster 1
8893,0.09202249750319766,0.030995391866556865,0.0,0.0,Cluster 1
8896,0.09281711448722593,0.0339079357638519,0.0,0.0,Cluster 1
8898,0.11630025864095932,0.033038770018549,0.11973155870047454,0.0,Cluster 1
889,0.0978383116026899,0.03898330062748687,0.05505787220548597,0.0,Cluster 1
88,0.10708649249046216,0.026925194378712512,0.09131250450970488,0.0,Cluster 1
8903,0.1021767943649907,0.024124738825190853,0.07121412953585064,0.0,Cluster 1
8904,0.12099941996637273,0.029941482683426456,0.00023168578993821714,0.0,Cluster 1
893,0.1707391562422263,0.024715713874049607,0.016596223475614152,0.0,Cluster 1
8941,0.10954019951992064,0.025330553459669343,0.04917065722812131,0.0,Cluster 1
8942,0.11638333349153164,0.02091698069031415,0.024467159634623748,0.0,Cluster 1
8943,0.1022846944763773,0.0306970649473845,0.08574684638660746,0.0,Cluster 1
8946,0.09781477627471384,0.028954214360041624,0.036170212765957444,0.0,Cluster 1
8975,0.11424253120107156,0.045188382974487074,0.014655787055375109,0.0,Cluster 1
8980,0.119663117895968,0.032932319690697695,0.06963443522055528,0.0,Cluster 1
898,0.11578075975002679,0.02466101726234252,0.08171342845287115,0.0,Cluster 1
899,0.12381152125279642,0.020953179929689997,0.08372993466161167,0.0,Cluster 1
89,0.08868599706094904,0.024680371491742986,0.00276418823743241,0.0,Cluster 1
90040,0.08867148554336989,0.023094179001457167,0.07103086653332613,0.0,Cluster 1
9005,0.14096067734724826,0.02456677519747576,0.0,0.0,Cluster 1
9007,0.09681542572324135,0.03377267355223267,0.0,0.0,Cluster 1
90140,0.09806429161773021,0.017964147104170592,0.019615960886365427,0.0,Cluster 1
90141,0.14495134097253695,0.02636021356874881,0.15910457425650987,0.0,Cluster 1
90146,0.12386322432520115,0.017621766198915742,0.04549872001517019,0.0,Cluster 1
90169,0.09718866660466917,0.017298566655848738,0.010011261041353407,0.0,Cluster 1
90173,0.09438114567960801,0.016891272319532875,0.012056441621783754,0.0,Cluster 1
90175,0.14542398840514162,0.02633513046785459,0.0012546386287329916,0.0,Cluster 1
90181,0.10315747503682762,0.01858707708445667,0.22237354085603112,0.0,Cluster 1
90183,0.12958409493316322,0.016088423273672978,0.009287495834637638,0.0,Cluster 1
90188,0.1002996873707978,0.020492056333519887,0.1760444420367297,0.0,Cluster 1
90190,0.11619246319157676,0.01964119701888063,0.04017836375839818,0.0,Cluster 1
90191,0.11022760177496942,0.02216437720677302,0.0039335423887330145,0.0,Cluster 1
90196,0.08145694763110378,0.021279708082609382,0.027738371270727702,0.0,Cluster 1
90203,0.20139961352507044,0.016559053834871214,0.01460402477674916,0.0,Cluster 1
90206,0.10261044698818633,0.019339949810718526,0.027770929213236907,0.0,Cluster 1
90208,0.11331971772998403,0.01752070493630186,0.04940175696625194,0.0,Cluster 1
90211,0.10189600810547714,0.011805774865561587,0.06946462876610565,0.0,Cluster 1
90213,0.09492352869484834,0.019504494456951404,0.06527242467774405,0.0,Cluster 1
90215,0.11524184282840426,0.02317016353887014,0.054976900593004356,0.0,Cluster 1
90227,0.12891848041985268,0.024525407467560986,0.037012290542085,0.0,Cluster 1
90229,0.09677278071821548,0.016562282064153576,0.031297869377524025,0.0,Cluster 1
90234,0.10222971618578217,0.028381421783065477,0.008381391772395233,0.0,Cluster 1
90235,0.11752197899724334,0.020003574115195183,0.03348950466972845,0.0,Cluster 1
9023,0.09670305654133148,0.024435679422202334,0.023008792415062256,0.0,Cluster 1
90245,0.09795942384046623,0.023148550574434424,0.0077677060012013325,0.0,Cluster 1
9024,0.10338591428460009,0.028555551222555865,0.036022443302371636,0.0,Cluster 1
90251,0.0955129161383357,0.0192063847243977,0.25559496306901375,0.0,Cluster 1
90253,0.14277094471251003,0.023882632606267946,0.014986449137306464,0.0,Cluster 1
90258,0.10536670424926851,0.019121480054593673,0.009249231035827232,0.0,Cluster 1
90259,0.08822543591739691,0.0197169360901079,0.04411233519956655,0.0,Cluster 1
90268,0.11545607540918887,0.024941035696043338,0.025363532211157135,0.0,Cluster 1
90282,0.0927857582464371,0.016621682754997064,0.0427698822897661,0.0,Cluster 1
90290,0.09220207859863525,0.020827858650672413,0.0452883373135497,0.0,Cluster 1
90291,0.09747637785998728,0.017697165343198474,0.01089005994971959,0.0,Cluster 1
90297,0.11736150019365343,0.023767104486367173,0.05684534298804909,0.0,Cluster 1
902,0.09432707555373676,0.02190985674324437,0.054800776344331545,0.0,Cluster 1
90300,0.0926364960938358,0.019045387651103026,0.0221344904443496,0.0,Cluster 1
90303,0.09763157496151008,0.01935528504241158,0.02223070117694414,0.0,Cluster 1
90308,0.10001593381215447,0.01550622124602411,0.019551101072840204,0.0,Cluster 1
9030,0.10769320759376848,0.024300839058123136,0.025467712733856368,0.0,Cluster 1
90311,0.08276903548497509,0.019662848877108913,0.044470304642367314,0.0,Cluster 1
9036,0.19856879633200497,0.03362328776906486,0.015717162998129766,0.0,Cluster 1
9037,0.12863238666876045,0.02283006760228068,0.02479276563677468,0.0,Cluster 1
90384,0.1655475181801589,0.024854222504010683,0.03464283641849939,0.0,Cluster 1
903,0.10157013511288136,0.023898312127839348,0.05882976869635051,0.0,Cluster 1
9047,0.11216293444686364,0.017174522033945844,0.07997561814260261,0.0,Cluster 1
9057,0.15654532663170798,0.017965287901535426,0.0025481838398813935,0.0,Cluster 1
9064,0.10949083171832437,0.03217143037843161,0.11668110739778026,0.0,Cluster 1
9068,0.09404512569519898,0.029275461063818207,0.08957431302782183,0.0,Cluster 1
9069,0.10541127175886855,0.02059232065044281,0.05844054702345721,0.0,Cluster 1
9070,0.09493319130213278,0.03855683949702429,0.079643859007196,0.0,Cluster 1
9079,0.08923800297418873,0.01989682897180691,0.011478357073710414,0.0,Cluster 1
9080,0.08990837936616546,0.025840690242152166,0.004491962727846456,0.0,Cluster 1
9096,0.11950748430709802,0.019139304683727668,0.06813131313131313,0.0,Cluster 1
9099,0.12888762866783005,0.022248187850750074,0.027182258445546892,0.0,Cluster 1
90,0.11235028676879491,0.020202467345984545,0.20981087470449172,0.0,Cluster 1
91005,0.16361037976499032,0.035569032813252334,0.08196362042515888,0.0,Cluster 1
9100,0.08217461881168932,0.024402180819853427,0.012646426534462334,0.0,Cluster 1
9105,0.17102750779161585,0.025136430269657662,0.0,0.0,Cluster 1
9106,0.10879036729951679,0.022193763037680548,0.0,0.0,Cluster 1
9120,0.10621443015280702,0.03352164939856991,0.11324828263002944,0.0,Cluster 1
9121,0.08148672271705652,0.027453591942062764,0.0046991521095106755,0.0,Cluster 1
9123,0.12488817945951981,0.03712546108395197,0.09496960678992987,8.249824691225312e-05,Cluster 0
91280,0.08637015038122993,0.022296118823760307,0.052135139770193795,0.0,Cluster 1
9137,0.09048304180866029,0.02506158337819098,0.04365614702434925,0.0,Cluster 1
9139,0.100107937622151,0.024805620128483433,0.005971391750514292,0.0,Cluster 1
9155,0.08726489076102677,0.025143499639468613,0.049950982680547124,0.0,Cluster 1
9168,0.13058363622928842,0.028858096910285326,0.0349752101746066,0.0,Cluster 1
9172,0.11326234591766811,0.02342531389733977,0.003266377499073055,0.0,Cluster 1
9176,0.1540416773099662,0.03787089585114929,0.1410279210385915,0.0,Cluster 1
9179,0.13940298191591802,0.040009311873697134,0.03415819037498102,0.0,Cluster 1
9189,0.10070781075375636,0.023611431409767434,0.004403734366742998,0.0,Cluster 1
9196,0.10414243166761544,0.024503130955622107,0.033747920462647546,0.0,Cluster 1
9204,0.1490299296997028,0.034784056850066976,0.03936587161702086,0.0,Cluster 1
9244,0.11028458800010311,0.028339274456451683,0.03036742673778609,0.0,Cluster 1
9245,0.10792776932092851,0.020793311902110215,0.03395367700072098,0.0,Cluster 1
9259,0.1191987964675778,0.01944832037233148,0.006939678181956837,0.0,Cluster 1
925,0.11735867933966984,0.023486743371685843,0.007033248081841432,0.0,Cluster 1
9263,0.09716893032095286,0.017473008175369037,0.022981335041899205,0.0,Cluster 1
9265,0.14712056565595324,0.022159405242775838,0.008344923504867872,0.0,Cluster 1
926,0.10469741308276846,0.019102632355284886,0.08888780930172302,0.0,Cluster 1
9273,0.12422315708958792,0.027751219045797876,0.0,0.0,Cluster 1
9274,0.15895034599587682,0.025474246080577884,0.00020108586366378444,0.0,Cluster 1
9288,0.09554715026865064,0.023941812397695432,0.06621305096885344,0.0,Cluster 1
9295,0.14459835383865324,0.025237316814362327,0.0,0.0,Cluster 1
9298,0.12060266788352834,0.028831909198124575,0.043658988262566784,0.0,Cluster 1
9299,0.09223493674381678,0.019945114689587325,0.11429640718562874,0.0,Cluster 1
9300,0.19811005417751842,0.023704405231124916,0.04552005342894302,0.0,Cluster 1
9306,0.12169911635919557,0.02420609308178437,0.004654889541760464,0.0,Cluster 1
9309,0.11883786634840819,0.027534637476632606,0.026249405045216563,0.0,Cluster 1
9310,0.1021978021978022,0.025012859480944588,0.05065202470830474,0.0,Cluster 1
9313,0.153213333574055,0.037552582642763004,0.02022860285164382,0.0,Cluster 1
9315,0.1660304519693877,0.024951127610895612,0.002488578538795825,0.0,Cluster 1
9319,0.11548683019016497,0.0251525650616166,0.029932668541719935,0.0,Cluster 1
931,0.09291056375372575,0.029513412694058917,0.010037394213737453,0.0,Cluster 1
9320,0.12170396119430603,0.03139084576851399,0.08040110049232552,0.0,Cluster 1
9322,0.1309372856341073,0.02379151602757315,0.046380988435282766,0.0,Cluster 1
9323,0.14303969846975984,0.02578367528704104,0.0010377656454451112,0.0,Cluster 1
9325,0.07204583290863996,0.019463697210613938,0.012308272715483194,0.0,Cluster 1
9326,0.1104846068230662,0.030251578423147754,0.08597531461761859,0.0,Cluster 1
9327,0.14228830488190097,0.030337813488514876,0.04030392095553749,0.0,Cluster 1
9328,0.10368298682481383,0.03225842684008941,0.15935434947459648,0.0,Cluster 1
9330,0.10715024415687191,0.030710707830106387,0.073185060847671,0.0,Cluster 1
9332,0.14214828829472032,0.02058568045788265,0.050728277247614265,0.0,Cluster 1
9336,0.29890755531075003,0.02933076287524098,0.010851760851760851,0.0,Cluster 1
9337,0.09449099358865633,0.019284914685030023,0.17196194579070184,0.0,Cluster 1
9340,0.1417090604675124,0.02109601390945972,0.010542579296555485,0.0,Cluster 1
9349,0.0932084428677165,0.015696383451162553,0.0,0.0,Cluster 1
9351,0.10890757054062514,0.0252649465635201,0.08376103469513448,0.0,Cluster 1
9354,0.1411260745826365,0.02499779948948156,0.0,0.0,Cluster 1
9356,0.11163185950093993,0.024018599791782395,0.009128357225243038,0.0,Cluster 1
9359,0.13016597263166976,0.02085186547157059,0.016737557310942938,0.0,Cluster 1
9366,0.12234177390459676,0.04627651302938188,0.2605516088591726,0.0,Cluster 1
9369,0.13331171976000927,0.03225425567256237,0.043339237998018434,0.0,Cluster 1
9378,0.1074327746622192,0.03612121322740941,0.009216785592932382,0.0,Cluster 1
9385,0.11892157397806036,0.019238116029034545,0.0008413645403090103,0.0,Cluster 1
9388,0.12399195066015627,0.03854048004978145,0.09110409583940424,0.0,Cluster 1
9392,0.1428577602039714,0.025258745489509734,0.12783592473833869,0.0,Cluster 1
9396,0.0985122063886355,0.02112434618970637,0.06876939820226531,3.5340345715621594e-05,Cluster 0
93,0.1088536709838485,0.02937890511855009,0.0036746071971616827,0.0,Cluster 1
9406,0.10346965985550835,0.03906855601376701,0.07521726101288582,0.0,Cluster 1
9410,0.11867294846032694,0.02923206430239505,0.036310851781934675,0.0,Cluster 1
9417,0.14998711249619232,0.036155306136795,0.0,0.0,Cluster 1
9420,0.09237371650189147,0.027799853768636553,0.17699084589441805,0.0,Cluster 1
9422,0.10470185603317286,0.03310186171345802,0.036213210362132105,0.0,Cluster 1
9423,0.10628924624248653,0.021660724563145783,0.07985045431703489,0.0,Cluster 1
9437,0.0892812200463729,0.022990106043649074,0.027109698314640437,0.0,Cluster 1
9438,0.11162250116225012,0.03500697350069735,0.0,0.0,Cluster 1
9439,0.13716814159292035,0.026976401179941004,0.035376344086021506,0.0,Cluster 1
9450,0.3250095771921689,0.04017044041642304,0.004549355335670048,0.0,Cluster 1
9457,0.11461040098370934,0.01925023600221676,0.009004702194357367,0.0,Cluster 1
9462,0.11313283626328406,0.03081700014100598,0.011420867884214274,0.0,Cluster 1
9463,0.09079156976002709,0.02418859288081121,0.031299084396429526,0.0,Cluster 1
9465,0.15362598657645246,0.02452444130760826,0.009089001535080453,0.0,Cluster 1
9467,0.08875211911255251,0.03341195548020933,0.007765135786064281,0.0,Cluster 1
9472,0.10198226878158026,0.030307797664217366,0.020485480943738657,0.0,Cluster 1
9486,0.12658494258390873,0.024893844847321198,0.0,0.0,Cluster 1
9489,0.13011095155993024,0.03595864035894047,0.013251355686244559,0.0,Cluster 1
9499,0.08908282942125915,0.020354849640085937,0.005698704839809134,0.0,Cluster 1
9502,0.09087241991336618,0.024370415420322953,0.017209588199139522,0.0,Cluster 1
9507,0.11485508584707033,0.027379389315540452,0.07829608081044337,0.0,Cluster 1
950,0.1110776851029933,0.020702468746093924,0.0163643645934657,0.0,Cluster 1
9517,0.0992505907505345,0.025362889614042983,0.030928302571311957,0.0,Cluster 1
951,0.12899338320562087,0.018967385949354616,0.0,0.0,Cluster 1
9523,0.1076930736337838,0.0284832358814646,0.03400452023833984,0.0,Cluster 1
9526,0.10733367364301515,0.022719074357665476,0.0049461001902346225,0.0,Cluster 1
9529,0.1611666140419179,0.026731328688049685,0.01164073496405067,0.0,Cluster 1
9536,0.10305408160938635,0.026423538838888726,0.014919004346108258,0.0,Cluster 1
953,0.10104027434574958,0.020390952035538423,0.0036641358504123805,0.0,Cluster 1
954,0.13444153025232883,0.027374513882608302,0.001130156338293464,0.0,Cluster 1
955,0.09637111224278089,0.02422904996322073,0.03659849300322928,0.0,Cluster 1
956,0.11531342603145657,0.02645087759288808,0.028728815792941672,0.0,Cluster 1
958,0.10193333005959544,0.017991738910279994,0.017323145570494976,0.0,Cluster 1
9614,0.15015085757776186,0.02309525319609673,0.005068790731354091,0.0,Cluster 1
9615,0.10062092663420254,0.03666615313511015,0.025495939289042736,0.0,Cluster 1
9620,0.09578532378414983,0.028801282710972032,0.0014855884654667003,0.0,Cluster 1
9622,0.09864881797581161,0.029998756226381595,0.019205080733987953,0.0,Cluster 1
9631,0.08722626771456546,0.02344541231545699,0.019471027882732563,0.0,Cluster 1
9632,0.09105990194040918,0.02374630923818741,0.171321305099395,0.0,Cluster 1
963,0.10645136840944795,0.01642642559876526,0.03307550406162012,0.0,Cluster 1
9647,0.09713650614506096,0.023441606524177067,0.0013712566904056265,0.0,Cluster 1
9658,0.11063342575235444,0.03155342530335515,0.0,0.0,Cluster 1
9659,0.13709923664122137,0.027701047399254393,0.0,0.0,Cluster 1
9661,0.1777114489414021,0.027450859095900157,0.08467496301453312,0.0,Cluster 1
9665,0.12060042408657037,0.03304072648994245,0.0006145788798631894,0.0,Cluster 1
9669,0.12199991166467912,0.02536107062408904,0.11382231554557962,0.0,Cluster 1
966,0.26391807186368854,0.026503045819722786,0.0,0.0,Cluster 1
9672,0.09737154110483692,0.030514639390711976,0.039521205241977095,0.0,Cluster 1
9678,0.10830149660057488,0.03198758122923426,0.01407907266935934,0.0,Cluster 1
968,0.09724119866626078,0.017100037520264483,0.021112405358182876,0.0,Cluster 1
969,0.1480664368536509,0.026480727044813537,0.014561462919065358,0.0,Cluster 1
9712,0.10735364465777054,0.02066861950627823,0.032274655653645914,0.0,Cluster 1
9727,0.1100353101176588,0.03370057519308271,0.20954756775144573,0.0,Cluster 1
9728,0.07866774291725662,0.023825276891929443,0.015559293523969722,0.0,Cluster 1
9733,0.08625315340567813,0.031180341435416918,0.0,0.0,Cluster 1
9735,0.09910698511106471,0.023835145596762017,0.015557896442751802,0.0,Cluster 1
9737,0.10204267230433986,0.029224564035030737,0.001319474987846941,0.0,Cluster 1
9745,0.12169448623349333,0.02740406428349691,0.008123700011773479,0.0,Cluster 1
9746,0.1107420914473306,0.037599555473235784,0.20231847280696696,0.0,Cluster 1
9747,0.14473171805421514,0.026193257818187977,0.02105755732335049,0.0,Cluster 1
9751,0.10488578702220412,0.022160174607232044,0.016254783251177202,0.0,Cluster 1
9752,0.16835265275033917,0.02201699473972342,0.0,0.0,Cluster 1
9760,0.08814792032276157,0.02223689685741682,0.2343705102417799,0.0,Cluster 1
976,0.11686539610627046,0.027637810022384933,0.029609279609279608,0.0,Cluster 1
9770,0.10401889422332353,0.020954003407155027,0.027990769001712202,0.0,Cluster 1
9773,0.15354782023736796,0.02367501595952801,0.10527962805668559,0.0,Cluster 1
9775,0.09213390562162561,0.024590768776672284,0.07191483681505706,0.0,Cluster 1
9777,0.14242700163483227,0.03925666866709435,0.27351979658554304,0.0,Cluster 1
977,0.1313276976628543,0.03193933366484336,0.03188186293070806,0.0,Cluster 1
9788,0.08827613678485872,0.027853234560251395,0.03675733266482828,0.0,Cluster 1
9791,0.10588725301493743,0.025690863998081546,0.029501162166994457,0.0,Cluster 1
9794,0.10967246445165361,0.02733924371729584,0.04245241900334157,0.0,Cluster 1
9797,0.10892372950314064,0.025636112445413892,0.0,0.0,Cluster 1
9803,0.13819420891142994,0.029420812266822315,0.12554507887947763,0.0,Cluster 1
9812,0.15309396057774477,0.024334206581583334,0.005490483162518302,0.0,Cluster 1
9818,0.14329755761295201,0.023954733022489877,0.012026458208057728,0.0,Cluster 1
9819,0.18038926570333236,0.035181362429961664,0.03302272355729933,0.0,Cluster 1
9822,0.09625142310989922,0.030739173823211098,0.02526285046728972,0.0,Cluster 1
982,0.10277753970974746,0.026745157696263285,0.018275945936555366,0.0,Cluster 1
9831,0.14974778966127916,0.03046897913583536,0.04763399865440682,0.0,Cluster 1
983,0.1081353566166016,0.022917043662590803,0.03251255080086063,1.2925574541788383e-05,Cluster 1
9846,0.0954737274526646,0.020549352055868844,0.04214746724036769,0.0,Cluster 1
9871,0.11606088150850315,0.02482270923513701,0.045870135247032845,0.0,Cluster 1
9875,0.08791382610208633,0.03449803071764129,0.37729399064411656,0.0,Cluster 1
9879,0.11504165200046931,0.02858930736438656,0.013938466768655448,0.0,Cluster 1
9881,0.08251425557862817,0.0297175252974719,0.10353918670607973,0.0,Cluster 1
9888,0.1143475451172635,0.029241480589319767,0.08763608925299127,0.0,Cluster 1
9889,0.10122756734797625,0.02330252303409472,0.028394239876537157,0.0,Cluster 1
9923,0.09009459035396133,0.042563372060576615,0.04474694341768553,0.0,Cluster 1
9932,0.11626693236543069,0.028961956048996117,0.08195606338842414,0.0,Cluster 1
9935,0.08112382089258355,0.025132755342518014,0.00769872572815534,0.0,Cluster 1
9963,0.08748491785530271,0.024956465593144066,0.016177369574617184,0.0,Cluster 1
9967,0.10749147970485727,0.018229054614461282,0.08609052134663961,0.0,Cluster 1
9978,0.15147328263853807,0.016622450902659524,0.039261735084516164,0.0,Cluster 1
9986,0.16949040370615487,0.02417824840061769,0.0,0.0,Cluster 1
9997,0.08018923202016359,0.02045386117336112,0.00656504339223886,0.0,Cluster 1
9998,0.0952936021407027,0.030051518103657318,0.09607142857142857,0.0,Cluster 1
999,0.09251029991184355,0.024180055052803916,0.0,0.0,Cluster 1
99,0.1411939234454777,0.03025172200496944,0.08056432151475774,0.0,Cluster 1
